-- phpMyAdmin SQL Dump
-- version 5.2.1
-- https://www.phpmyadmin.net/
--
-- Host: 127.0.0.1
-- Generation Time: Dec 07, 2025 at 07:49 AM
-- Server version: 10.4.32-MariaDB
-- PHP Version: 8.0.30

SET SQL_MODE = "NO_AUTO_VALUE_ON_ZERO";
START TRANSACTION;
SET time_zone = "+00:00";


/*!40101 SET @OLD_CHARACTER_SET_CLIENT=@@CHARACTER_SET_CLIENT */;
/*!40101 SET @OLD_CHARACTER_SET_RESULTS=@@CHARACTER_SET_RESULTS */;
/*!40101 SET @OLD_COLLATION_CONNECTION=@@COLLATION_CONNECTION */;
/*!40101 SET NAMES utf8mb4 */;

--
-- Database: `store_v1_db`
--

-- --------------------------------------------------------

--
-- Table structure for table `batches`
--

CREATE TABLE `batches` (
  `id` bigint(20) UNSIGNED NOT NULL,
  `product_id` int(11) NOT NULL,
  `qty` decimal(13,4) NOT NULL DEFAULT 0.0000,
  `remaining` decimal(13,4) NOT NULL DEFAULT 0.0000,
  `original_qty` decimal(13,4) NOT NULL DEFAULT 0.0000,
  `unit_cost` decimal(13,4) NOT NULL DEFAULT 0.0000,
  `sale_price` decimal(13,4) DEFAULT NULL,
  `received_at` date DEFAULT NULL,
  `expiry` date DEFAULT NULL,
  `notes` text DEFAULT NULL,
  `source_invoice_id` int(11) DEFAULT NULL,
  `source_item_id` int(11) DEFAULT NULL,
  `created_by` int(11) DEFAULT NULL,
  `adjusted_by` int(11) DEFAULT NULL,
  `adjusted_at` datetime DEFAULT NULL,
  `created_at` datetime NOT NULL DEFAULT current_timestamp(),
  `updated_at` datetime NOT NULL DEFAULT current_timestamp() ON UPDATE current_timestamp(),
  `revert_reason` varchar(255) DEFAULT NULL,
  `cancel_reason` varchar(255) DEFAULT NULL,
  `status` enum('active','consumed','cancelled','reverted') NOT NULL DEFAULT 'active'
) ENGINE=InnoDB DEFAULT CHARSET=utf8mb4 COLLATE=utf8mb4_unicode_ci;

--
-- Dumping data for table `batches`
--

INSERT INTO `batches` (`id`, `product_id`, `qty`, `remaining`, `original_qty`, `unit_cost`, `sale_price`, `received_at`, `expiry`, `notes`, `source_invoice_id`, `source_item_id`, `created_by`, `adjusted_by`, `adjusted_at`, `created_at`, `updated_at`, `revert_reason`, `cancel_reason`, `status`) VALUES
(1, 34, 2.0000, 0.0000, 2.0000, 80.0000, 95.0000, '2025-10-01', NULL, NULL, 1, 1, 5, 5, '2025-10-11 18:12:51', '2025-10-01 16:14:31', '2025-10-25 19:28:34', NULL, NULL, 'consumed'),
(2, 35, 1.0000, 0.0000, 1.0000, 75.0000, 100.0000, '2025-10-01', NULL, NULL, 2, 2, 5, 5, '2025-10-11 17:51:23', '2025-10-01 16:19:24', '2025-10-11 17:51:23', NULL, NULL, 'consumed'),
(3, 18, 1.0000, 0.0000, 1.0000, 0.0000, 0.0000, '2025-10-02', NULL, NULL, 3, 3, 5, 5, '2025-10-12 19:55:43', '2025-10-02 18:25:26', '2025-10-12 19:55:43', NULL, NULL, 'consumed'),
(4, 19, 2.0000, 0.0000, 2.0000, 0.0000, 0.0000, '2025-10-11', NULL, NULL, 4, 4, 5, 5, '2025-10-12 20:08:50', '2025-10-11 18:33:40', '2025-10-12 20:08:50', NULL, NULL, 'consumed'),
(5, 20, 5.0000, 2.0000, 5.0000, 0.0000, 0.0000, '2025-10-11', NULL, NULL, 4, 5, 5, 5, '2025-10-23 16:13:11', '2025-10-11 18:33:40', '2025-10-23 16:13:11', NULL, NULL, 'active'),
(6, 25, 52.0000, 5.0000, 52.0000, 0.0000, 0.0000, '2025-10-11', NULL, NULL, 4, 6, 5, 5, '2025-10-25 08:12:48', '2025-10-11 18:33:40', '2025-10-25 08:12:48', NULL, NULL, 'active'),
(7, 18, 1.0000, 0.0000, 1.0000, 0.0000, 0.0000, '2025-10-12', NULL, NULL, 5, 7, 5, 5, '2025-10-12 20:08:50', '2025-10-12 20:08:04', '2025-10-12 20:08:50', NULL, NULL, 'consumed'),
(8, 10, 3.0000, 2.0000, 3.0000, 0.0000, 0.0000, '2025-10-12', NULL, NULL, 5, 8, 5, 5, '2025-10-22 23:57:20', '2025-10-12 20:08:04', '2025-10-22 23:57:20', NULL, NULL, 'active'),
(9, 11, 4.0000, 3.0000, 4.0000, 0.0000, 0.0000, '2025-10-12', NULL, NULL, 5, 9, 5, 5, '2025-10-22 23:58:32', '2025-10-12 20:08:04', '2025-10-22 23:58:32', NULL, NULL, 'active'),
(10, 12, 3.0000, 2.0000, 3.0000, 0.0000, 0.0000, '2025-10-12', NULL, NULL, 5, 10, 5, 5, '2025-10-22 23:57:32', '2025-10-12 20:08:04', '2025-10-22 23:57:32', NULL, NULL, 'active'),
(11, 13, 2.0000, 1.0000, 2.0000, 0.0000, 0.0000, '2025-10-12', NULL, NULL, 5, 11, 5, 5, '2025-10-22 23:58:32', '2025-10-12 20:08:04', '2025-10-22 23:58:32', NULL, NULL, 'active'),
(12, 18, 1.0000, 0.0000, 1.0000, 0.0000, 0.0000, '2025-10-12', NULL, NULL, 6, 12, 5, 5, '2025-10-24 14:19:05', '2025-10-12 22:56:13', '2025-10-24 14:19:05', NULL, NULL, 'consumed'),
(13, 18, 1.0000, 1.0000, 1.0000, 0.5200, 0.0000, '2025-10-12', NULL, NULL, 7, 13, 5, 5, '2025-10-22 11:44:52', '2025-10-12 22:56:36', '2025-10-22 21:06:58', NULL, NULL, 'active'),
(14, 36, 5.0000, 0.0000, 5.0000, 10.0000, 20.0000, '2025-10-23', NULL, NULL, 9, 15, 5, 5, '2025-11-09 23:18:16', '2025-10-23 15:21:49', '2025-11-09 23:18:16', NULL, NULL, 'consumed'),
(15, 36, 5.0000, 0.0000, 5.0000, 10.0000, 20.0000, '2025-10-23', NULL, NULL, 10, 16, 5, 5, '2025-11-03 22:26:02', '2025-10-23 15:22:08', '2025-11-03 22:26:02', NULL, NULL, 'consumed'),
(16, 36, 1.0000, 0.0000, 1.0000, 10.0000, 100.0000, '2025-10-23', NULL, NULL, 11, 17, 5, 5, '2025-11-05 14:57:23', '2025-10-23 17:17:11', '2025-11-05 14:57:23', NULL, NULL, 'consumed'),
(17, 36, 1.0000, 0.0000, 1.0000, 50.0000, 100.0000, '2025-10-23', NULL, NULL, 12, 18, 5, 5, '2025-11-05 14:57:35', '2025-10-23 17:32:16', '2025-11-05 14:57:35', NULL, NULL, 'consumed'),
(18, 36, 3.0000, 0.0000, 3.0000, 50.0000, 100.0000, '2025-10-23', NULL, NULL, 13, 19, 5, 5, '2025-10-25 07:27:44', '2025-10-23 22:05:08', '2025-10-25 07:27:44', NULL, NULL, 'consumed'),
(19, 36, 1.0000, 0.0000, 1.0000, 100.0000, 200.0000, '2025-10-23', NULL, NULL, 14, 20, 5, 5, '2025-10-24 14:17:38', '2025-10-23 22:05:25', '2025-10-24 14:17:38', NULL, NULL, 'consumed'),
(20, 36, 12.0000, 0.0000, 12.0000, 100.0000, 200.0000, '2025-10-24', NULL, NULL, 15, 21, 5, 5, '2025-11-17 21:00:54', '2025-10-24 14:18:29', '2025-11-17 21:00:54', NULL, NULL, 'consumed'),
(21, 37, 3.0000, 0.0000, 3.0000, 10.0000, 20.0000, '2025-10-25', NULL, NULL, 16, 22, 5, 5, '2025-10-26 00:33:43', '2025-10-25 08:03:28', '2025-10-26 00:33:43', NULL, NULL, 'consumed'),
(22, 37, 3.0000, 0.0000, 3.0000, 50.0000, 100.0000, '2025-10-25', NULL, NULL, 17, 23, 5, 5, '2025-10-26 13:49:44', '2025-10-25 08:04:00', '2025-10-26 13:49:44', NULL, NULL, 'consumed'),
(23, 37, 10.0000, 1.0000, 10.0000, 90.0000, 100.0000, '2025-10-26', NULL, NULL, 19, 25, 5, 5, '2025-11-16 17:40:05', '2025-10-26 13:49:08', '2025-11-16 17:40:05', NULL, NULL, 'active'),
(24, 39, 5.0000, 0.0000, 5.0000, 10.0000, 20.0000, '2025-11-05', NULL, NULL, 20, 26, 5, 5, '2025-11-24 08:15:13', '2025-11-05 15:59:46', '2025-11-24 08:15:13', NULL, NULL, 'consumed'),
(25, 18, 1.0000, 1.0000, 1.0000, 0.5200, 0.0000, '2025-11-05', NULL, NULL, 20, 27, 5, NULL, NULL, '2025-11-05 15:59:46', '2025-11-05 15:59:46', NULL, NULL, 'active'),
(26, 19, 4.0000, 4.0000, 4.0000, 0.0000, 0.0000, '2025-11-05', NULL, NULL, 20, 28, 5, NULL, NULL, '2025-11-05 15:59:46', '2025-11-05 15:59:46', NULL, NULL, 'active'),
(27, 20, 4.0000, 4.0000, 4.0000, 0.0000, 0.0000, '2025-11-05', NULL, NULL, 20, 29, 5, NULL, NULL, '2025-11-05 15:59:47', '2025-11-05 15:59:47', NULL, NULL, 'active'),
(28, 10, 1.0000, 1.0000, 1.0000, 0.0000, 0.0000, '2025-11-05', NULL, NULL, 20, 30, 5, NULL, NULL, '2025-11-05 15:59:47', '2025-11-05 15:59:47', NULL, NULL, 'active'),
(29, 11, 1.0000, 1.0000, 1.0000, 0.0000, 0.0000, '2025-11-05', NULL, NULL, 20, 31, 5, NULL, NULL, '2025-11-05 15:59:47', '2025-11-05 15:59:47', NULL, NULL, 'active'),
(30, 36, 2.0000, 0.0000, 2.0000, 250.0000, 310.0000, '2025-11-06', NULL, NULL, 21, 32, 5, 5, '2025-11-17 21:00:54', '2025-11-06 12:53:52', '2025-11-17 21:00:54', NULL, NULL, 'consumed'),
(31, 40, 10.0000, 0.0000, 10.0000, 20.0000, 30.0000, '2025-11-08', NULL, NULL, 22, 33, 5, 5, '2025-11-08 18:02:18', '2025-11-08 17:57:09', '2025-11-08 18:02:18', NULL, NULL, 'consumed'),
(32, 40, 1.0000, 0.0000, 1.0000, 30.0000, 100.0000, '2025-11-08', NULL, NULL, 23, 34, 5, 5, '2025-11-08 18:02:18', '2025-11-08 18:00:11', '2025-11-08 18:02:18', NULL, NULL, 'consumed'),
(33, 41, 15.0000, 0.0000, 15.0000, 10.0000, 11.0000, '2025-11-08', NULL, NULL, 24, 35, 5, 5, '2025-11-08 19:41:11', '2025-11-08 19:07:42', '2025-11-08 19:41:11', NULL, NULL, 'consumed'),
(34, 41, 2.0000, 0.0000, 2.0000, 12.0000, 14.0000, '2025-11-08', NULL, NULL, 25, 36, 5, 5, '2025-11-09 12:21:43', '2025-11-08 19:27:46', '2025-11-09 12:21:43', NULL, NULL, 'consumed'),
(35, 39, 1.0000, 0.0000, 1.0000, 10.0000, 20.0000, '2025-11-15', NULL, NULL, 26, 37, 5, 5, '2025-11-24 08:26:04', '2025-11-15 00:16:50', '2025-11-24 08:26:04', NULL, NULL, 'consumed'),
(36, 40, 1.0000, 0.0000, 1.0000, 30.0000, 100.0000, '2025-11-15', NULL, NULL, 26, 38, 5, 5, '2025-11-18 12:42:40', '2025-11-15 00:16:50', '2025-11-18 12:42:40', NULL, NULL, 'consumed'),
(37, 18, 1.0000, 1.0000, 1.0000, 0.5200, 0.0000, '2025-11-15', NULL, NULL, 26, 39, 5, NULL, NULL, '2025-11-15 00:16:50', '2025-11-15 00:16:50', NULL, NULL, 'active'),
(38, 42, 50.0000, 0.0000, 50.0000, 100.0000, 150.0000, '2025-11-15', NULL, NULL, 27, 40, 5, 5, '2025-11-18 16:11:41', '2025-11-15 21:12:55', '2025-11-18 16:11:41', NULL, NULL, 'consumed'),
(39, 42, 2.0000, 0.0000, 2.0000, 1000.0000, 11000.0000, '2025-11-15', NULL, NULL, 28, 41, 5, 5, '2025-11-18 19:35:18', '2025-11-15 21:13:52', '2025-11-18 19:35:18', NULL, NULL, 'consumed'),
(40, 41, 10.0000, 0.0000, 10.0000, 5.0000, 7.0000, '2025-11-15', NULL, NULL, 29, 42, 5, 5, '2025-11-24 08:20:58', '2025-11-15 23:27:06', '2025-11-24 08:20:58', NULL, NULL, 'consumed'),
(41, 41, 5.0000, 0.0000, 5.0000, 6.0000, 11.0000, '2025-11-15', NULL, NULL, 30, 43, 5, 5, '2025-11-24 09:02:39', '2025-11-15 23:31:28', '2025-11-24 09:02:39', NULL, NULL, 'consumed'),
(42, 43, 10.0000, 0.0000, 10.0000, 10.0000, 20.0000, '2025-11-15', NULL, NULL, 31, 44, 5, 5, '2025-11-24 07:09:53', '2025-11-15 23:40:20', '2025-11-24 07:09:53', NULL, NULL, 'consumed'),
(43, 45, 8.0000, 0.0000, 8.0000, 150.0000, 175.0000, '2025-11-18', NULL, NULL, 33, 46, 5, 5, '2025-11-24 08:12:06', '2025-11-18 21:36:33', '2025-11-24 08:12:06', NULL, NULL, 'consumed'),
(44, 46, 200.0000, 0.0000, 200.0000, 1.5000, 3.0000, '2025-11-18', NULL, NULL, 34, 47, 5, 5, '2025-11-18 21:41:28', '2025-11-18 21:37:33', '2025-11-18 21:41:28', NULL, NULL, 'consumed');

-- --------------------------------------------------------

--
-- Table structure for table `customers`
--

CREATE TABLE `customers` (
  `id` int(11) NOT NULL,
  `name` varchar(150) NOT NULL COMMENT 'اسم العميل',
  `mobile` varchar(11) NOT NULL COMMENT 'رقم الموبايل (11 رقم)',
  `city` varchar(100) NOT NULL COMMENT 'المدينة',
  `address` varchar(255) DEFAULT NULL COMMENT 'العنوان التفصيلي',
  `notes` text DEFAULT NULL,
  `created_by` int(11) DEFAULT NULL COMMENT 'معرف المستخدم الذي أضاف العميل',
  `created_at` timestamp NOT NULL DEFAULT current_timestamp() COMMENT 'تاريخ الإضافة',
  `balance` decimal(12,2) DEFAULT 0.00 COMMENT 'الرصيد الحالي (مدين + / دائن -)',
  `wallet` decimal(12,2) DEFAULT 0.00 COMMENT 'رصيد المحفظة',
  `join_date` date DEFAULT curdate() COMMENT 'تاريخ الانضمام'
) ENGINE=InnoDB DEFAULT CHARSET=utf8mb4 COLLATE=utf8mb4_unicode_ci;

--
-- Dumping data for table `customers`
--

INSERT INTO `customers` (`id`, `name`, `mobile`, `city`, `address`, `notes`, `created_by`, `created_at`, `balance`, `wallet`, `join_date`) VALUES
(8, 'عميل نقدي', '01096590798', 'Fayoum', 'Fayoum, Egypt', '', 5, '2025-09-01 11:38:46', 34652.00, 0.00, '2025-12-06'),
(9, 'اسلام حمدي', '01002821969', 'الفيوم', '', '', 5, '2025-10-01 14:01:17', 560.00, 0.00, '2025-12-06'),
(10, 'بولا البلد', '01005557898', 'الفيوم', '', '', 5, '2025-10-01 14:02:04', 0.00, 0.00, '2025-12-06'),
(11, 'bebo', '01157728787', 'mn', '', '', 5, '2025-10-02 15:27:30', 2042.50, 0.00, '2025-12-06'),
(12, 'حمزه', '01157787112', 'Fayoum', 'Sheikh Yusuf ST, Fayoum, Egypt', '', 5, '2025-11-05 11:47:52', 0.00, 0.00, '2025-12-06'),
(13, 'محمود شطشط', '01157782113', 'يسيس', 'Sheikh Yusuf ST, Fayoum, Egypt', '', 5, '2025-11-05 11:48:10', 0.00, 0.00, '2025-12-06'),
(14, 'Mostafa Hussien Ramadan', '01157787113', 'Fayoum', '', '', 5, '2025-11-12 10:49:28', 0.00, 0.00, '2025-12-06'),
(15, 'Mostafa Hussien Ramadan', '01157787213', 'Fayoum', '', '', 5, '2025-11-12 17:34:30', 0.00, 0.00, '2025-12-06'),
(16, 'المحل', '01157787114', 'Fayoum', '', '', 5, '2025-11-18 19:42:24', 175.00, 0.00, '2025-12-06');

-- --------------------------------------------------------

--
-- Table structure for table `customer_transactions`
--

CREATE TABLE `customer_transactions` (
  `id` int(11) NOT NULL,
  `customer_id` int(11) NOT NULL,
  `transaction_type` enum('invoice','payment','return','deposit','adjustment') NOT NULL,
  `amount` decimal(12,2) NOT NULL COMMENT 'موجب للزيادة، سالب للنقصان',
  `description` varchar(255) NOT NULL,
  `invoice_id` int(11) DEFAULT NULL,
  `payment_id` int(11) DEFAULT NULL,
  `return_id` int(11) DEFAULT NULL,
  `deposit_id` int(11) DEFAULT NULL,
  `work_order_id` int(11) DEFAULT NULL,
  `balance_before` decimal(12,2) DEFAULT 0.00,
  `balance_after` decimal(12,2) DEFAULT 0.00,
  `wallet_before` decimal(12,2) DEFAULT 0.00,
  `wallet_after` decimal(12,2) DEFAULT 0.00,
  `transaction_date` date NOT NULL,
  `created_by` int(11) NOT NULL,
  `created_at` timestamp NOT NULL DEFAULT current_timestamp()
) ENGINE=InnoDB DEFAULT CHARSET=utf8mb4 COLLATE=utf8mb4_unicode_ci;

--
-- Dumping data for table `customer_transactions`
--

INSERT INTO `customer_transactions` (`id`, `customer_id`, `transaction_type`, `amount`, `description`, `invoice_id`, `payment_id`, `return_id`, `deposit_id`, `work_order_id`, `balance_before`, `balance_after`, `wallet_before`, `wallet_after`, `transaction_date`, `created_by`, `created_at`) VALUES
(1, 8, 'invoice', 100.00, 'فاتورة رقم 8', 8, NULL, NULL, NULL, NULL, 0.00, 100.00, 0.00, 0.00, '2025-10-11', 5, '2025-12-07 06:30:20'),
(2, 8, 'invoice', 20.00, 'فاتورة رقم 9', 9, NULL, NULL, NULL, NULL, 100.00, 120.00, 0.00, 0.00, '2025-10-11', 5, '2025-12-07 06:30:20'),
(3, 8, 'invoice', 520.00, 'فاتورة رقم 78', 78, NULL, NULL, NULL, NULL, 120.00, 640.00, 0.00, 0.00, '2025-10-12', 5, '2025-12-07 06:30:20'),
(4, 8, 'invoice', 1000.00, 'فاتورة رقم 95', 95, NULL, NULL, NULL, NULL, 640.00, 1640.00, 0.00, 0.00, '2025-10-13', 5, '2025-12-07 06:30:20'),
(5, 8, 'invoice', 20.00, 'فاتورة رقم 102', 102, NULL, NULL, NULL, NULL, 1640.00, 1660.00, 0.00, 0.00, '2025-10-23', 5, '2025-12-07 06:30:20'),
(6, 8, 'invoice', 20.00, 'فاتورة رقم 104', 104, NULL, NULL, NULL, NULL, 1660.00, 1680.00, 0.00, 0.00, '2025-10-23', 5, '2025-12-07 06:30:20'),
(7, 8, 'invoice', 200.00, 'فاتورة رقم 107', 107, NULL, NULL, NULL, NULL, 1680.00, 1880.00, 0.00, 0.00, '2025-10-24', 5, '2025-12-07 06:30:20'),
(8, 8, 'invoice', 400.00, 'فاتورة رقم 111', 111, NULL, NULL, NULL, NULL, 1880.00, 2280.00, 0.00, 0.00, '2025-10-25', 5, '2025-12-07 06:30:20'),
(9, 8, 'invoice', 80.00, 'فاتورة رقم 121', 121, NULL, NULL, NULL, NULL, 2280.00, 2360.00, 0.00, 0.00, '2025-10-26', 5, '2025-12-07 06:30:20'),
(10, 8, 'invoice', 1100.00, 'فاتورة رقم 122', 122, NULL, NULL, NULL, NULL, 2360.00, 3460.00, 0.00, 0.00, '2025-10-26', 5, '2025-12-07 06:30:20'),
(11, 8, 'invoice', 20.00, 'فاتورة رقم 129', 129, NULL, NULL, NULL, NULL, 3460.00, 3480.00, 0.00, 0.00, '2025-11-05', 5, '2025-12-07 06:30:20'),
(12, 8, 'invoice', 20.00, 'فاتورة رقم 130', 130, NULL, NULL, NULL, NULL, 3480.00, 3500.00, 0.00, 0.00, '2025-11-05', 5, '2025-12-07 06:30:20'),
(13, 8, 'invoice', 20.00, 'فاتورة رقم 131', 131, NULL, NULL, NULL, NULL, 3500.00, 3520.00, 0.00, 0.00, '2025-11-05', 5, '2025-12-07 06:30:20'),
(14, 8, 'invoice', 84.00, 'فاتورة رقم 137', 137, NULL, NULL, NULL, NULL, 3520.00, 3604.00, 0.00, 0.00, '2025-11-08', 5, '2025-12-07 06:30:20'),
(15, 8, 'invoice', 1100.00, 'فاتورة رقم 153', 153, NULL, NULL, NULL, NULL, 3604.00, 4704.00, 0.00, 0.00, '2025-11-17', 5, '2025-12-07 06:30:20'),
(16, 8, 'invoice', 96.00, 'فاتورة رقم 154', 154, NULL, NULL, NULL, NULL, 4704.00, 4800.00, 0.00, 0.00, '2025-11-17', 5, '2025-12-07 06:30:20'),
(17, 8, 'invoice', 17.00, 'فاتورة رقم 155', 155, NULL, NULL, NULL, NULL, 4800.00, 4817.00, 0.00, 0.00, '2025-11-17', 5, '2025-12-07 06:30:20'),
(18, 8, 'invoice', 20.00, 'فاتورة رقم 156', 156, NULL, NULL, NULL, NULL, 4817.00, 4837.00, 0.00, 0.00, '2025-11-17', 5, '2025-12-07 06:30:20'),
(19, 8, 'invoice', 960.00, 'فاتورة رقم 157', 157, NULL, NULL, NULL, NULL, 4837.00, 5797.00, 0.00, 0.00, '2025-11-17', 5, '2025-12-07 06:30:20'),
(20, 8, 'invoice', 16.00, 'فاتورة رقم 158', 158, NULL, NULL, NULL, NULL, 5797.00, 5813.00, 0.00, 0.00, '2025-11-17', 5, '2025-12-07 06:30:20'),
(21, 8, 'invoice', 50.00, 'فاتورة رقم 159', 159, NULL, NULL, NULL, NULL, 5813.00, 5863.00, 0.00, 0.00, '2025-11-17', 5, '2025-12-07 06:30:20'),
(22, 8, 'invoice', 1200.00, 'فاتورة رقم 160', 160, NULL, NULL, NULL, NULL, 5863.00, 7063.00, 0.00, 0.00, '2025-11-17', 5, '2025-12-07 06:30:20'),
(23, 8, 'payment', 20.00, 'دفعة على فاتورة رقم 9', 9, 2, NULL, NULL, NULL, 7063.00, 7043.00, 0.00, 0.00, '2025-11-17', 5, '2025-12-07 06:30:20'),
(24, 8, 'payment', 0.00, 'دفعة على فاتورة رقم 43', 43, 4, NULL, NULL, NULL, 7043.00, 7043.00, 0.00, 0.00, '2025-11-17', 5, '2025-12-07 06:30:20'),
(25, 8, 'payment', 0.00, 'دفعة على فاتورة رقم 44', 44, 5, NULL, NULL, NULL, 7043.00, 7043.00, 0.00, 0.00, '2025-11-17', 5, '2025-12-07 06:30:20'),
(26, 8, 'payment', 0.00, 'دفعة على فاتورة رقم 45', 45, 6, NULL, NULL, NULL, 7043.00, 7043.00, 0.00, 0.00, '2025-11-17', 5, '2025-12-07 06:30:20'),
(27, 8, 'payment', 0.00, 'دفعة على فاتورة رقم 47', 47, 7, NULL, NULL, NULL, 7043.00, 7043.00, 0.00, 0.00, '2025-11-17', 5, '2025-12-07 06:30:20'),
(28, 8, 'payment', 0.00, 'دفعة على فاتورة رقم 48', 48, 8, NULL, NULL, NULL, 7043.00, 7043.00, 0.00, 0.00, '2025-11-17', 5, '2025-12-07 06:30:20'),
(29, 8, 'payment', 0.00, 'دفعة على فاتورة رقم 50', 50, 9, NULL, NULL, NULL, 7043.00, 7043.00, 0.00, 0.00, '2025-11-17', 5, '2025-12-07 06:30:20'),
(30, 8, 'payment', 0.00, 'دفعة على فاتورة رقم 51', 51, 10, NULL, NULL, NULL, 7043.00, 7043.00, 0.00, 0.00, '2025-11-17', 5, '2025-12-07 06:30:20'),
(31, 8, 'payment', 0.00, 'دفعة على فاتورة رقم 90', 90, 11, NULL, NULL, NULL, 7043.00, 7043.00, 0.00, 0.00, '2025-11-17', 5, '2025-12-07 06:30:20'),
(32, 8, 'payment', 84.00, 'دفعة على فاتورة رقم 137', 137, 14, NULL, NULL, NULL, 7043.00, 6959.00, 0.00, 0.00, '2025-11-17', 5, '2025-12-07 06:30:20'),
(33, 8, 'payment', 96.00, 'دفعة على فاتورة رقم 154', 154, 18, NULL, NULL, NULL, 6959.00, 6863.00, 0.00, 0.00, '2025-11-17', 5, '2025-12-07 06:30:20'),
(34, 8, 'payment', 960.00, 'دفعة على فاتورة رقم 157', 157, 19, NULL, NULL, NULL, 6863.00, 5903.00, 0.00, 0.00, '2025-11-17', 5, '2025-12-07 06:30:20'),
(35, 8, 'payment', 16.00, 'دفعة على فاتورة رقم 158', 158, 20, NULL, NULL, NULL, 5903.00, 5887.00, 0.00, 0.00, '2025-11-17', 5, '2025-12-07 06:30:20'),
(36, 8, 'payment', 50.00, 'دفعة على فاتورة رقم 159', 159, 21, NULL, NULL, NULL, 5887.00, 5837.00, 0.00, 0.00, '2025-11-17', 5, '2025-12-07 06:30:20'),
(37, 8, 'invoice', 1200.00, 'فاتورة رقم 161', 161, NULL, NULL, NULL, NULL, 5837.00, 7037.00, 0.00, 0.00, '2025-11-17', 5, '2025-12-07 06:30:20'),
(38, 8, 'invoice', 20.00, 'فاتورة رقم 164', 164, NULL, NULL, NULL, NULL, 7037.00, 7057.00, 0.00, 0.00, '2025-11-18', 5, '2025-12-07 06:30:20'),
(39, 8, 'invoice', 1100.00, 'فاتورة رقم 165', 165, NULL, NULL, NULL, NULL, 7057.00, 8157.00, 0.00, 0.00, '2025-11-18', 5, '2025-12-07 06:30:20'),
(40, 8, 'payment', 1100.00, 'دفعة على فاتورة رقم 165', 165, 22, NULL, NULL, NULL, 8157.00, 7057.00, 0.00, 0.00, '2025-11-18', 5, '2025-12-07 06:30:20'),
(41, 8, 'invoice', 960.00, 'فاتورة رقم 166', 166, NULL, NULL, NULL, NULL, 7057.00, 8017.00, 0.00, 0.00, '2025-11-18', 5, '2025-12-07 06:30:20'),
(42, 8, 'payment', 960.00, 'دفعة على فاتورة رقم 166', 166, 23, NULL, NULL, NULL, 8017.00, 7057.00, 0.00, 0.00, '2025-11-18', 5, '2025-12-07 06:30:20'),
(43, 8, 'invoice', 2400.00, 'فاتورة رقم 167', 167, NULL, NULL, NULL, NULL, 7057.00, 9457.00, 0.00, 0.00, '2025-11-18', 5, '2025-12-07 06:30:20'),
(44, 8, 'invoice', 6000.00, 'فاتورة رقم 168', 168, NULL, NULL, NULL, NULL, 9457.00, 15457.00, 0.00, 0.00, '2025-11-18', 5, '2025-12-07 06:30:20'),
(45, 8, 'invoice', 59.50, 'فاتورة رقم 169', 169, NULL, NULL, NULL, NULL, 15457.00, 15516.50, 0.00, 0.00, '2025-11-18', 5, '2025-12-07 06:30:20'),
(46, 8, 'payment', 59.50, 'دفعة على فاتورة رقم 169', 169, 24, NULL, NULL, NULL, 15516.50, 15457.00, 0.00, 0.00, '2025-11-18', 5, '2025-12-07 06:30:20'),
(47, 8, 'invoice', 5500.00, 'فاتورة رقم 170', 170, NULL, NULL, NULL, NULL, 15457.00, 20957.00, 0.00, 0.00, '2025-11-18', 5, '2025-12-07 06:30:20'),
(48, 8, 'payment', 1000.00, 'دفعة على فاتورة رقم 170', 170, 25, NULL, NULL, NULL, 20957.00, 19957.00, 0.00, 0.00, '2025-11-18', 5, '2025-12-07 06:30:20'),
(49, 8, 'invoice', 880.00, 'فاتورة رقم 171', 171, NULL, NULL, NULL, NULL, 19957.00, 20837.00, 0.00, 0.00, '2025-11-18', 5, '2025-12-07 06:30:20'),
(50, 8, 'payment', 100.00, 'دفعة على فاتورة رقم 171', 171, 26, NULL, NULL, NULL, 20837.00, 20737.00, 0.00, 0.00, '2025-11-18', 5, '2025-12-07 06:30:20'),
(51, 8, 'payment', 10.00, 'دفعة على فاتورة رقم 171', 171, 27, NULL, NULL, NULL, 20737.00, 20727.00, 0.00, 0.00, '2025-11-18', 5, '2025-12-07 06:30:20'),
(52, 8, 'invoice', 130.00, 'فاتورة رقم 172', 172, NULL, NULL, NULL, NULL, 20727.00, 20857.00, 0.00, 0.00, '2025-11-18', 5, '2025-12-07 06:30:20'),
(53, 8, 'invoice', 880.00, 'فاتورة رقم 173', 173, NULL, NULL, NULL, NULL, 20857.00, 21737.00, 0.00, 0.00, '2025-11-18', 5, '2025-12-07 06:30:20'),
(54, 8, 'payment', 100.00, 'دفعة على فاتورة رقم 173', 173, 28, NULL, NULL, NULL, 21737.00, 21637.00, 0.00, 0.00, '2025-11-18', 5, '2025-12-07 06:30:20'),
(55, 8, 'payment', 200.00, 'دفعة على فاتورة رقم 173', 173, 29, NULL, NULL, NULL, 21637.00, 21437.00, 0.00, 0.00, '2025-11-18', 5, '2025-12-07 06:30:20'),
(56, 8, 'invoice', 320.00, 'فاتورة رقم 174', 174, NULL, NULL, NULL, NULL, 21437.00, 21757.00, 0.00, 0.00, '2025-11-18', 5, '2025-12-07 06:30:20'),
(57, 8, 'payment', 100.00, 'دفعة على فاتورة رقم 174', 174, 30, NULL, NULL, NULL, 21757.00, 21657.00, 0.00, 0.00, '2025-11-18', 5, '2025-12-07 06:30:20'),
(58, 8, 'invoice', 14.00, 'فاتورة رقم 175', 175, NULL, NULL, NULL, NULL, 21657.00, 21671.00, 0.00, 0.00, '2025-11-18', 5, '2025-12-07 06:30:20'),
(59, 8, 'invoice', 14.00, 'فاتورة رقم 176', 176, NULL, NULL, NULL, NULL, 21671.00, 21685.00, 0.00, 0.00, '2025-11-18', 5, '2025-12-07 06:30:20'),
(60, 8, 'payment', 5.00, 'دفعة على فاتورة رقم 176', 176, 31, NULL, NULL, NULL, 21685.00, 21680.00, 0.00, 0.00, '2025-11-18', 5, '2025-12-07 06:30:20'),
(61, 8, 'payment', 2.00, 'دفعة على فاتورة رقم 176', 176, 32, NULL, NULL, NULL, 21680.00, 21678.00, 0.00, 0.00, '2025-11-18', 5, '2025-12-07 06:30:20'),
(62, 8, 'invoice', 2200.00, 'فاتورة رقم 177', 177, NULL, NULL, NULL, NULL, 21678.00, 23878.00, 0.00, 0.00, '2025-11-18', 5, '2025-12-07 06:30:20'),
(63, 8, 'payment', 100.00, 'دفعة على فاتورة رقم 177', 177, 33, NULL, NULL, NULL, 23878.00, 23778.00, 0.00, 0.00, '2025-11-18', 5, '2025-12-07 06:30:20'),
(64, 8, 'payment', 10.00, 'دفعة على فاتورة رقم 177', 177, 34, NULL, NULL, NULL, 23778.00, 23768.00, 0.00, 0.00, '2025-11-18', 5, '2025-12-07 06:30:20'),
(65, 8, 'invoice', 20.00, 'فاتورة رقم 178', 178, NULL, NULL, NULL, NULL, 23768.00, 23788.00, 0.00, 0.00, '2025-11-18', 5, '2025-12-07 06:30:20'),
(66, 8, 'invoice', 17.00, 'فاتورة رقم 179', 179, NULL, NULL, NULL, NULL, 23788.00, 23805.00, 0.00, 0.00, '2025-11-18', 5, '2025-12-07 06:30:20'),
(67, 8, 'payment', 12.00, 'دفعة على فاتورة رقم 179', 179, 35, NULL, NULL, NULL, 23805.00, 23793.00, 0.00, 0.00, '2025-11-18', 5, '2025-12-07 06:30:20'),
(68, 8, 'invoice', 935.00, 'فاتورة رقم 180', 180, NULL, NULL, NULL, NULL, 23793.00, 24728.00, 0.00, 0.00, '2025-11-18', 5, '2025-12-07 06:30:20'),
(69, 8, 'payment', 935.00, 'دفعة على فاتورة رقم 180', 180, 36, NULL, NULL, NULL, 24728.00, 23793.00, 0.00, 0.00, '2025-11-18', 5, '2025-12-07 06:30:20'),
(70, 8, 'invoice', 20.00, 'فاتورة رقم 181', 181, NULL, NULL, NULL, NULL, 23793.00, 23813.00, 0.00, 0.00, '2025-11-18', 5, '2025-12-07 06:30:20'),
(71, 8, 'payment', 20.00, 'دفعة على فاتورة رقم 181', 181, 37, NULL, NULL, NULL, 23813.00, 23793.00, 0.00, 0.00, '2025-11-18', 5, '2025-12-07 06:30:20'),
(72, 8, 'invoice', 960.00, 'فاتورة رقم 182', 182, NULL, NULL, NULL, NULL, 23793.00, 24753.00, 0.00, 0.00, '2025-11-18', 5, '2025-12-07 06:30:20'),
(73, 8, 'invoice', 960.00, 'فاتورة رقم 183', 183, NULL, NULL, NULL, NULL, 24753.00, 25713.00, 0.00, 0.00, '2025-11-18', 5, '2025-12-07 06:30:20'),
(74, 8, 'invoice', 17.00, 'فاتورة رقم 184', 184, NULL, NULL, NULL, NULL, 25713.00, 25730.00, 0.00, 0.00, '2025-11-18', 5, '2025-12-07 06:30:20'),
(75, 8, 'invoice', 935.00, 'فاتورة رقم 185', 185, NULL, NULL, NULL, NULL, 25730.00, 26665.00, 0.00, 0.00, '2025-11-18', 5, '2025-12-07 06:30:20'),
(76, 8, 'invoice', 960.00, 'فاتورة رقم 186', 186, NULL, NULL, NULL, NULL, 26665.00, 27625.00, 0.00, 0.00, '2025-11-18', 5, '2025-12-07 06:30:20'),
(77, 8, 'payment', 960.00, 'دفعة على فاتورة رقم 186', 186, 38, NULL, NULL, NULL, 27625.00, 26665.00, 0.00, 0.00, '2025-11-18', 5, '2025-12-07 06:30:20'),
(78, 8, 'invoice', 960.00, 'فاتورة رقم 187', 187, NULL, NULL, NULL, NULL, 26665.00, 27625.00, 0.00, 0.00, '2025-11-18', 5, '2025-12-07 06:30:20'),
(79, 8, 'invoice', 1000.00, 'فاتورة رقم 188', 188, NULL, NULL, NULL, NULL, 27625.00, 28625.00, 0.00, 0.00, '2025-11-18', 5, '2025-12-07 06:30:20'),
(80, 8, 'invoice', 1080.00, 'فاتورة رقم 189', 189, NULL, NULL, NULL, NULL, 28625.00, 29705.00, 0.00, 0.00, '2025-11-18', 5, '2025-12-07 06:30:20'),
(81, 8, 'invoice', 1100.00, 'فاتورة رقم 190', 190, NULL, NULL, NULL, NULL, 29705.00, 30805.00, 0.00, 0.00, '2025-11-18', 5, '2025-12-07 06:30:20'),
(82, 8, 'payment', 100.00, 'دفعة على فاتورة رقم 190', 190, 39, NULL, NULL, NULL, 30805.00, 30705.00, 0.00, 0.00, '2025-11-18', 5, '2025-12-07 06:30:20'),
(83, 8, 'payment', 10.00, 'دفعة على فاتورة رقم 190', 190, 40, NULL, NULL, NULL, 30705.00, 30695.00, 0.00, 0.00, '2025-11-18', 5, '2025-12-07 06:30:20'),
(84, 8, 'payment', 10.00, 'دفعة على فاتورة رقم 190', 190, 41, NULL, NULL, NULL, 30695.00, 30685.00, 0.00, 0.00, '2025-11-18', 5, '2025-12-07 06:30:20'),
(85, 8, 'invoice', 880.00, 'فاتورة رقم 191', 191, NULL, NULL, NULL, NULL, 30685.00, 31565.00, 0.00, 0.00, '2025-11-18', 5, '2025-12-07 06:30:20'),
(86, 8, 'payment', 100.00, 'دفعة على فاتورة رقم 191', 191, 42, NULL, NULL, NULL, 31565.00, 31465.00, 0.00, 0.00, '2025-11-18', 5, '2025-12-07 06:30:20'),
(87, 8, 'invoice', 1100.00, 'فاتورة رقم 192', 192, NULL, NULL, NULL, NULL, 31465.00, 32565.00, 0.00, 0.00, '2025-11-18', 5, '2025-12-07 06:30:20'),
(88, 8, 'invoice', 880.00, 'فاتورة رقم 193', 193, NULL, NULL, NULL, NULL, 32565.00, 33445.00, 0.00, 0.00, '2025-11-18', 5, '2025-12-07 06:30:20'),
(89, 8, 'invoice', 1020.00, 'فاتورة رقم 194', 194, NULL, NULL, NULL, NULL, 33445.00, 34465.00, 0.00, 0.00, '2025-11-18', 5, '2025-12-07 06:30:20'),
(90, 8, 'invoice', 960.00, 'فاتورة رقم 195', 195, NULL, NULL, NULL, NULL, 34465.00, 35425.00, 0.00, 0.00, '2025-11-18', 5, '2025-12-07 06:30:20'),
(91, 8, 'invoice', 960.00, 'فاتورة رقم 196', 196, NULL, NULL, NULL, NULL, 35425.00, 36385.00, 0.00, 0.00, '2025-11-18', 5, '2025-12-07 06:30:20'),
(92, 8, 'invoice', 1080.00, 'فاتورة رقم 197', 197, NULL, NULL, NULL, NULL, 36385.00, 37465.00, 0.00, 0.00, '2025-11-18', 5, '2025-12-07 06:30:20'),
(93, 8, 'invoice', 17.00, 'فاتورة رقم 198', 198, NULL, NULL, NULL, NULL, 37465.00, 37482.00, 0.00, 0.00, '2025-11-18', 5, '2025-12-07 06:30:20'),
(94, 8, 'invoice', 880.00, 'فاتورة رقم 199', 199, NULL, NULL, NULL, NULL, 37482.00, 38362.00, 0.00, 0.00, '2025-11-18', 5, '2025-12-07 06:30:20'),
(95, 8, 'invoice', 880.00, 'فاتورة رقم 200', 200, NULL, NULL, NULL, NULL, 38362.00, 39242.00, 0.00, 0.00, '2025-11-18', 5, '2025-12-07 06:30:20'),
(96, 8, 'payment', 880.00, 'دفعة على فاتورة رقم 200', 200, 43, NULL, NULL, NULL, 39242.00, 38362.00, 0.00, 0.00, '2025-11-18', 5, '2025-12-07 06:30:20'),
(97, 8, 'invoice', 1000.00, 'فاتورة رقم 201', 201, NULL, NULL, NULL, NULL, 38362.00, 39362.00, 0.00, 0.00, '2025-11-18', 5, '2025-12-07 06:30:20'),
(98, 8, 'payment', 1000.00, 'دفعة على فاتورة رقم 201', 201, 44, NULL, NULL, NULL, 39362.00, 38362.00, 0.00, 0.00, '2025-11-18', 5, '2025-12-07 06:30:20'),
(99, 8, 'invoice', 40.00, 'فاتورة رقم 202', 202, NULL, NULL, NULL, NULL, 38362.00, 38402.00, 0.00, 0.00, '2025-11-18', 5, '2025-12-07 06:30:20'),
(100, 8, 'payment', 40.00, 'دفعة على فاتورة رقم 202', 202, 45, NULL, NULL, NULL, 38402.00, 38362.00, 0.00, 0.00, '2025-11-18', 5, '2025-12-07 06:30:20'),
(101, 8, 'invoice', 1100.00, 'فاتورة رقم 203', 203, NULL, NULL, NULL, NULL, 38362.00, 39462.00, 0.00, 0.00, '2025-11-18', 5, '2025-12-07 06:30:20'),
(102, 8, 'payment', 1100.00, 'دفعة على فاتورة رقم 203', 203, 46, NULL, NULL, NULL, 39462.00, 38362.00, 0.00, 0.00, '2025-11-18', 5, '2025-12-07 06:30:20'),
(103, 8, 'invoice', 1100.00, 'فاتورة رقم 204', 204, NULL, NULL, NULL, NULL, 38362.00, 39462.00, 0.00, 0.00, '2025-11-18', 5, '2025-12-07 06:30:20'),
(104, 8, 'payment', 1100.00, 'دفعة على فاتورة رقم 204', 204, 47, NULL, NULL, NULL, 39462.00, 38362.00, 0.00, 0.00, '2025-11-18', 5, '2025-12-07 06:30:20'),
(105, 8, 'invoice', 20.00, 'فاتورة رقم 205', 205, NULL, NULL, NULL, NULL, 38362.00, 38382.00, 0.00, 0.00, '2025-11-18', 5, '2025-12-07 06:30:20'),
(106, 8, 'payment', 20.00, 'دفعة على فاتورة رقم 205', 205, 48, NULL, NULL, NULL, 38382.00, 38362.00, 0.00, 0.00, '2025-11-18', 5, '2025-12-07 06:30:20'),
(107, 8, 'invoice', 1200.00, 'فاتورة رقم 206', 206, NULL, NULL, NULL, NULL, 38362.00, 39562.00, 0.00, 0.00, '2025-11-18', 5, '2025-12-07 06:30:20'),
(108, 8, 'payment', 1200.00, 'دفعة على فاتورة رقم 206', 206, 49, NULL, NULL, NULL, 39562.00, 38362.00, 0.00, 0.00, '2025-11-18', 5, '2025-12-07 06:30:20'),
(109, 8, 'invoice', 1200.00, 'فاتورة رقم 207', 207, NULL, NULL, NULL, NULL, 38362.00, 39562.00, 0.00, 0.00, '2025-11-18', 5, '2025-12-07 06:30:20'),
(110, 8, 'payment', 1200.00, 'دفعة على فاتورة رقم 207', 207, 50, NULL, NULL, NULL, 39562.00, 38362.00, 0.00, 0.00, '2025-11-18', 5, '2025-12-07 06:30:20'),
(111, 8, 'invoice', 960.00, 'فاتورة رقم 208', 208, NULL, NULL, NULL, NULL, 38362.00, 39322.00, 0.00, 0.00, '2025-11-18', 5, '2025-12-07 06:30:20'),
(112, 8, 'payment', 960.00, 'دفعة على فاتورة رقم 208', 208, 51, NULL, NULL, NULL, 39322.00, 38362.00, 0.00, 0.00, '2025-11-18', 5, '2025-12-07 06:30:20'),
(113, 8, 'invoice', 880.00, 'فاتورة رقم 209', 209, NULL, NULL, NULL, NULL, 38362.00, 39242.00, 0.00, 0.00, '2025-11-18', 5, '2025-12-07 06:30:20'),
(114, 8, 'payment', 880.00, 'دفعة على فاتورة رقم 209', 209, 52, NULL, NULL, NULL, 39242.00, 38362.00, 0.00, 0.00, '2025-11-18', 5, '2025-12-07 06:30:20'),
(115, 8, 'invoice', 960.00, 'فاتورة رقم 210', 210, NULL, NULL, NULL, NULL, 38362.00, 39322.00, 0.00, 0.00, '2025-11-18', 5, '2025-12-07 06:30:20'),
(116, 8, 'payment', 960.00, 'دفعة على فاتورة رقم 210', 210, 53, NULL, NULL, NULL, 39322.00, 38362.00, 0.00, 0.00, '2025-11-18', 5, '2025-12-07 06:30:20'),
(117, 8, 'invoice', 960.00, 'فاتورة رقم 211', 211, NULL, NULL, NULL, NULL, 38362.00, 39322.00, 0.00, 0.00, '2025-11-18', 5, '2025-12-07 06:30:20'),
(118, 8, 'payment', 960.00, 'دفعة على فاتورة رقم 211', 211, 54, NULL, NULL, NULL, 39322.00, 38362.00, 0.00, 0.00, '2025-11-18', 5, '2025-12-07 06:30:20'),
(119, 8, 'invoice', 960.00, 'فاتورة رقم 212', 212, NULL, NULL, NULL, NULL, 38362.00, 39322.00, 0.00, 0.00, '2025-11-18', 5, '2025-12-07 06:30:20'),
(120, 8, 'payment', 960.00, 'دفعة على فاتورة رقم 212', 212, 55, NULL, NULL, NULL, 39322.00, 38362.00, 0.00, 0.00, '2025-11-18', 5, '2025-12-07 06:30:20'),
(121, 8, 'invoice', 880.00, 'فاتورة رقم 213', 213, NULL, NULL, NULL, NULL, 38362.00, 39242.00, 0.00, 0.00, '2025-11-18', 5, '2025-12-07 06:30:20'),
(122, 8, 'payment', 880.00, 'دفعة على فاتورة رقم 213', 213, 56, NULL, NULL, NULL, 39242.00, 38362.00, 0.00, 0.00, '2025-11-18', 5, '2025-12-07 06:30:20'),
(123, 8, 'invoice', 880.00, 'فاتورة رقم 214', 214, NULL, NULL, NULL, NULL, 38362.00, 39242.00, 0.00, 0.00, '2025-11-18', 5, '2025-12-07 06:30:20'),
(124, 8, 'payment', 880.00, 'دفعة على فاتورة رقم 214', 214, 57, NULL, NULL, NULL, 39242.00, 38362.00, 0.00, 0.00, '2025-11-18', 5, '2025-12-07 06:30:20'),
(125, 8, 'invoice', 1100.00, 'فاتورة رقم 215', 215, NULL, NULL, NULL, NULL, 38362.00, 39462.00, 0.00, 0.00, '2025-11-18', 5, '2025-12-07 06:30:20'),
(126, 8, 'payment', 100.00, 'دفعة على فاتورة رقم 215', 215, 58, NULL, NULL, NULL, 39462.00, 39362.00, 0.00, 0.00, '2025-11-18', 5, '2025-12-07 06:30:20'),
(127, 8, 'invoice', 775.00, 'فاتورة رقم 216', 216, NULL, NULL, NULL, NULL, 39362.00, 40137.00, 0.00, 0.00, '2025-11-18', 5, '2025-12-07 06:30:20'),
(128, 8, 'payment', 775.00, 'دفعة على فاتورة رقم 216', 216, 59, NULL, NULL, NULL, 40137.00, 39362.00, 0.00, 0.00, '2025-11-18', 5, '2025-12-07 06:30:20'),
(129, 8, 'invoice', 175.00, 'فاتورة رقم 218', 218, NULL, NULL, NULL, NULL, 39362.00, 39537.00, 0.00, 0.00, '2025-11-24', 5, '2025-12-07 06:30:20'),
(130, 8, 'payment', 175.00, 'دفعة على فاتورة رقم 218', 218, 60, NULL, NULL, NULL, 39537.00, 39362.00, 0.00, 0.00, '2025-11-24', 5, '2025-12-07 06:30:20'),
(131, 8, 'invoice', 175.00, 'فاتورة رقم 219', 219, NULL, NULL, NULL, NULL, 39362.00, 39537.00, 0.00, 0.00, '2025-11-24', 5, '2025-12-07 06:30:20'),
(132, 8, 'payment', 175.00, 'دفعة على فاتورة رقم 219', 219, 61, NULL, NULL, NULL, 39537.00, 39362.00, 0.00, 0.00, '2025-11-24', 5, '2025-12-07 06:30:20'),
(133, 8, 'invoice', 30.00, 'فاتورة رقم 220', 220, NULL, NULL, NULL, NULL, 39362.00, 39392.00, 0.00, 0.00, '2025-11-24', 5, '2025-12-07 06:30:20'),
(134, 8, 'payment', 30.00, 'دفعة على فاتورة رقم 220', 220, 62, NULL, NULL, NULL, 39392.00, 39362.00, 0.00, 0.00, '2025-11-24', 5, '2025-12-07 06:30:20'),
(135, 8, 'invoice', 175.00, 'فاتورة رقم 221', 221, NULL, NULL, NULL, NULL, 39362.00, 39537.00, 0.00, 0.00, '2025-11-24', 5, '2025-12-07 06:30:20'),
(136, 8, 'payment', 175.00, 'دفعة على فاتورة رقم 221', 221, 63, NULL, NULL, NULL, 39537.00, 39362.00, 0.00, 0.00, '2025-11-24', 5, '2025-12-07 06:30:20'),
(137, 8, 'invoice', 175.00, 'فاتورة رقم 222', 222, NULL, NULL, NULL, NULL, 39362.00, 39537.00, 0.00, 0.00, '2025-11-24', 5, '2025-12-07 06:30:20'),
(138, 8, 'payment', 10.00, 'دفعة على فاتورة رقم 222', 222, 64, NULL, NULL, NULL, 39537.00, 39527.00, 0.00, 0.00, '2025-11-24', 5, '2025-12-07 06:30:20'),
(139, 8, 'payment', 20.00, 'دفعة على فاتورة رقم 222', 222, 65, NULL, NULL, NULL, 39527.00, 39507.00, 0.00, 0.00, '2025-11-24', 5, '2025-12-07 06:30:20'),
(140, 8, 'payment', 30.00, 'دفعة على فاتورة رقم 222', 222, 66, NULL, NULL, NULL, 39507.00, 39477.00, 0.00, 0.00, '2025-11-24', 5, '2025-12-07 06:30:20'),
(141, 8, 'invoice', 175.00, 'فاتورة رقم 223', 223, NULL, NULL, NULL, NULL, 39477.00, 39652.00, 0.00, 0.00, '2025-11-24', 5, '2025-12-07 06:30:20'),
(142, 8, 'payment', 175.00, 'دفعة على فاتورة رقم 223', 223, 67, NULL, NULL, NULL, 39652.00, 39477.00, 0.00, 0.00, '2025-11-24', 5, '2025-12-07 06:30:20'),
(143, 8, 'invoice', 175.00, 'فاتورة رقم 224', 224, NULL, NULL, NULL, NULL, 39477.00, 39652.00, 0.00, 0.00, '2025-11-24', 5, '2025-12-07 06:30:20'),
(144, 8, 'payment', 100.00, 'دفعة على فاتورة رقم 224', 224, 68, NULL, NULL, NULL, 39652.00, 39552.00, 0.00, 0.00, '2025-11-24', 5, '2025-12-07 06:30:20'),
(145, 8, 'invoice', 150.00, 'فاتورة رقم 225', 225, NULL, NULL, NULL, NULL, 39552.00, 39702.00, 0.00, 0.00, '2025-11-24', 5, '2025-12-07 06:30:20'),
(146, 8, 'payment', 20.00, 'دفعة على فاتورة رقم 225', 225, 69, NULL, NULL, NULL, 39702.00, 39682.00, 0.00, 0.00, '2025-11-24', 5, '2025-12-07 06:30:20'),
(147, 8, 'invoice', 150.00, 'فاتورة رقم 226', 226, NULL, NULL, NULL, NULL, 39682.00, 39832.00, 0.00, 0.00, '2025-11-24', 5, '2025-12-07 06:30:20'),
(148, 8, 'payment', 100.00, 'دفعة على فاتورة رقم 226', 226, 70, NULL, NULL, NULL, 39832.00, 39732.00, 0.00, 0.00, '2025-11-24', 5, '2025-12-07 06:30:20'),
(149, 8, 'invoice', 15.00, 'فاتورة رقم 227', 227, NULL, NULL, NULL, NULL, 39732.00, 39747.00, 0.00, 0.00, '2025-11-24', 5, '2025-12-07 06:30:20'),
(150, 8, 'payment', 15.00, 'دفعة على فاتورة رقم 227', 227, 71, NULL, NULL, NULL, 39747.00, 39732.00, 0.00, 0.00, '2025-11-24', 5, '2025-12-07 06:30:20'),
(151, 8, 'invoice', 14.00, 'فاتورة رقم 228', 228, NULL, NULL, NULL, NULL, 39732.00, 39746.00, 0.00, 0.00, '2025-11-24', 5, '2025-12-07 06:30:20'),
(152, 8, 'invoice', 150.00, 'فاتورة رقم 229', 229, NULL, NULL, NULL, NULL, 39746.00, 39896.00, 0.00, 0.00, '2025-11-24', 5, '2025-12-07 06:30:20'),
(153, 8, 'payment', 100.00, 'دفعة على فاتورة رقم 229', 229, 72, NULL, NULL, NULL, 39896.00, 39796.00, 0.00, 0.00, '2025-11-24', 5, '2025-12-07 06:30:20'),
(154, 8, 'payment', 10.00, 'دفعة على فاتورة رقم 229', 229, 73, NULL, NULL, NULL, 39796.00, 39786.00, 0.00, 0.00, '2025-11-24', 5, '2025-12-07 06:30:20'),
(155, 8, 'invoice', 15.00, 'فاتورة رقم 230', 230, NULL, NULL, NULL, NULL, 39786.00, 39801.00, 0.00, 0.00, '2025-11-24', 5, '2025-12-07 06:30:20'),
(156, 8, 'payment', 10.00, 'دفعة على فاتورة رقم 230', 230, 74, NULL, NULL, NULL, 39801.00, 39791.00, 0.00, 0.00, '2025-11-24', 5, '2025-12-07 06:30:20'),
(157, 8, 'invoice', 14.00, 'فاتورة رقم 231', 231, NULL, NULL, NULL, NULL, 39791.00, 39805.00, 0.00, 0.00, '2025-11-24', 5, '2025-12-07 06:30:20'),
(158, 8, 'payment', 2.00, 'دفعة على فاتورة رقم 231', 231, 75, NULL, NULL, NULL, 39805.00, 39803.00, 0.00, 0.00, '2025-11-24', 5, '2025-12-07 06:30:20'),
(159, 8, 'invoice', 14.00, 'فاتورة رقم 232', 232, NULL, NULL, NULL, NULL, 39803.00, 39817.00, 0.00, 0.00, '2025-11-24', 5, '2025-12-07 06:30:20'),
(160, 8, 'payment', 10.00, 'دفعة على فاتورة رقم 232', 232, 76, NULL, NULL, NULL, 39817.00, 39807.00, 0.00, 0.00, '2025-11-24', 5, '2025-12-07 06:30:20'),
(161, 8, 'invoice', 14.00, 'فاتورة رقم 233', 233, NULL, NULL, NULL, NULL, 39807.00, 39821.00, 0.00, 0.00, '2025-11-24', 5, '2025-12-07 06:30:20'),
(162, 8, 'payment', 4.00, 'دفعة على فاتورة رقم 233', 233, 77, NULL, NULL, NULL, 39821.00, 39817.00, 0.00, 0.00, '2025-11-24', 5, '2025-12-07 06:30:20'),
(163, 8, 'payment', 130.00, 'دفعة على فاتورة رقم 172', 172, 79, NULL, NULL, NULL, 39817.00, 39687.00, 0.00, 0.00, '2025-12-07', 5, '2025-12-07 06:30:20'),
(164, 8, 'payment', 960.00, 'دفعة على فاتورة رقم 182', 182, 80, NULL, NULL, NULL, 39687.00, 38727.00, 0.00, 0.00, '2025-12-07', 5, '2025-12-07 06:30:20'),
(165, 8, 'payment', 960.00, 'دفعة على فاتورة رقم 183', 183, 81, NULL, NULL, NULL, 38727.00, 37767.00, 0.00, 0.00, '2025-12-07', 5, '2025-12-07 06:30:20'),
(166, 8, 'payment', 935.00, 'دفعة على فاتورة رقم 185', 185, 82, NULL, NULL, NULL, 37767.00, 36832.00, 0.00, 0.00, '2025-12-07', 5, '2025-12-07 06:30:20'),
(167, 8, 'payment', 1080.00, 'دفعة على فاتورة رقم 189', 189, 83, NULL, NULL, NULL, 36832.00, 35752.00, 0.00, 0.00, '2025-12-07', 5, '2025-12-07 06:30:20'),
(168, 8, 'payment', 1100.00, 'دفعة على فاتورة رقم 192', 192, 84, NULL, NULL, NULL, 35752.00, 34652.00, 0.00, 0.00, '2025-12-07', 5, '2025-12-07 06:30:20'),
(169, 9, 'invoice', 60.00, 'فاتورة رقم 1', 1, NULL, NULL, NULL, NULL, 0.00, 60.00, 0.00, 0.00, '2025-10-01', 5, '2025-12-07 06:30:20'),
(170, 9, 'invoice', 15.00, 'فاتورة رقم 2', 2, NULL, NULL, NULL, NULL, 60.00, 75.00, 0.00, 0.00, '2025-10-01', 5, '2025-12-07 06:30:20'),
(171, 9, 'invoice', 30.00, 'فاتورة رقم 3', 3, NULL, NULL, NULL, NULL, 75.00, 105.00, 0.00, 0.00, '2025-10-01', 5, '2025-12-07 06:30:20'),
(172, 9, 'invoice', 15.00, 'فاتورة رقم 4', 4, NULL, NULL, NULL, NULL, 105.00, 120.00, 0.00, 0.00, '2025-10-01', 5, '2025-12-07 06:30:20'),
(173, 9, 'invoice', 40.00, 'فاتورة رقم 101', 101, NULL, NULL, NULL, NULL, 120.00, 160.00, 0.00, 0.00, '2025-10-23', 5, '2025-12-07 06:30:20'),
(174, 9, 'invoice', 400.00, 'فاتورة رقم 109', 109, NULL, NULL, NULL, NULL, 160.00, 560.00, 0.00, 0.00, '2025-10-25', 5, '2025-12-07 06:30:20'),
(175, 10, 'invoice', 10.00, 'فاتورة رقم 5', 5, NULL, NULL, NULL, NULL, 0.00, 10.00, 0.00, 0.00, '2025-10-02', 5, '2025-12-07 06:30:20'),
(176, 11, 'invoice', 80.00, 'فاتورة رقم 7', 7, NULL, NULL, NULL, NULL, 0.00, 80.00, 0.00, 0.00, '2025-10-11', 5, '2025-12-07 06:30:20'),
(177, 11, 'invoice', 5.00, 'فاتورة رقم 21', 21, NULL, NULL, NULL, NULL, 80.00, 85.00, 0.00, 0.00, '2025-10-11', 5, '2025-12-07 06:30:20'),
(178, 11, 'invoice', 1400.00, 'فاتورة رقم 108', 108, NULL, NULL, NULL, NULL, 85.00, 1485.00, 0.00, 0.00, '2025-10-24', 5, '2025-12-07 06:30:20'),
(179, 11, 'invoice', 200.00, 'فاتورة رقم 110', 110, NULL, NULL, NULL, NULL, 1485.00, 1685.00, 0.00, 0.00, '2025-10-25', 5, '2025-12-07 06:30:20'),
(180, 11, 'invoice', 300.00, 'فاتورة رقم 120', 120, NULL, NULL, NULL, NULL, 1685.00, 1985.00, 0.00, 0.00, '2025-10-26', 5, '2025-12-07 06:30:20'),
(181, 11, 'invoice', 15.00, 'فاتورة رقم 127', 127, NULL, NULL, NULL, NULL, 1985.00, 2000.00, 0.00, 0.00, '2025-11-03', 5, '2025-12-07 06:30:20'),
(182, 11, 'invoice', 10.00, 'فاتورة رقم 128', 128, NULL, NULL, NULL, NULL, 2000.00, 2010.00, 0.00, 0.00, '2025-11-03', 5, '2025-12-07 06:30:20'),
(183, 11, 'invoice', 112.50, 'فاتورة رقم 132', 132, NULL, NULL, NULL, NULL, 2010.00, 2122.50, 0.00, 0.00, '2025-11-06', 5, '2025-12-07 06:30:20'),
(184, 11, 'invoice', 1320.00, 'فاتورة رقم 134', 134, NULL, NULL, NULL, NULL, 2122.50, 3442.50, 0.00, 0.00, '2025-11-08', 5, '2025-12-07 06:30:20'),
(185, 11, 'invoice', 110.00, 'فاتورة رقم 136', 136, NULL, NULL, NULL, NULL, 3442.50, 3552.50, 0.00, 0.00, '2025-11-08', 5, '2025-12-07 06:30:20'),
(186, 11, 'invoice', 14.00, 'فاتورة رقم 138', 138, NULL, NULL, NULL, NULL, 3552.50, 3566.50, 0.00, 0.00, '2025-11-09', 5, '2025-12-07 06:30:20'),
(187, 11, 'invoice', 18.00, 'فاتورة رقم 139', 139, NULL, NULL, NULL, NULL, 3566.50, 3584.50, 0.00, 0.00, '2025-11-09', 5, '2025-12-07 06:30:20'),
(188, 11, 'invoice', 150.00, 'فاتورة رقم 140', 140, NULL, NULL, NULL, NULL, 3584.50, 3734.50, 0.00, 0.00, '2025-11-09', 5, '2025-12-07 06:30:20'),
(189, 11, 'payment', 80.00, 'دفعة على فاتورة رقم 7', 7, 1, NULL, NULL, NULL, 3734.50, 3654.50, 0.00, 0.00, '2025-11-17', 5, '2025-12-07 06:30:20'),
(190, 11, 'payment', 0.00, 'دفعة على فاتورة رقم 33', 33, 3, NULL, NULL, NULL, 3654.50, 3654.50, 0.00, 0.00, '2025-11-17', 5, '2025-12-07 06:30:20'),
(191, 11, 'payment', 1320.00, 'دفعة على فاتورة رقم 134', 134, 12, NULL, NULL, NULL, 3654.50, 2334.50, 0.00, 0.00, '2025-11-17', 5, '2025-12-07 06:30:20'),
(192, 11, 'payment', 110.00, 'دفعة على فاتورة رقم 136', 136, 13, NULL, NULL, NULL, 2334.50, 2224.50, 0.00, 0.00, '2025-11-17', 5, '2025-12-07 06:30:20'),
(193, 11, 'payment', 14.00, 'دفعة على فاتورة رقم 138', 138, 15, NULL, NULL, NULL, 2224.50, 2210.50, 0.00, 0.00, '2025-11-17', 5, '2025-12-07 06:30:20'),
(194, 11, 'payment', 18.00, 'دفعة على فاتورة رقم 139', 139, 16, NULL, NULL, NULL, 2210.50, 2192.50, 0.00, 0.00, '2025-11-17', 5, '2025-12-07 06:30:20'),
(195, 11, 'payment', 150.00, 'دفعة على فاتورة رقم 140', 140, 17, NULL, NULL, NULL, 2192.50, 2042.50, 0.00, 0.00, '2025-11-17', 5, '2025-12-07 06:30:20'),
(196, 16, 'invoice', 175.00, 'فاتورة رقم 217', 217, NULL, NULL, NULL, NULL, 0.00, 175.00, 0.00, 0.00, '2025-11-18', 5, '2025-12-07 06:30:20');

-- --------------------------------------------------------

--
-- Table structure for table `customer_transactions_staging_test`
--

CREATE TABLE `customer_transactions_staging_test` (
  `id` int(11) NOT NULL,
  `customer_id` int(11) NOT NULL,
  `transaction_type` enum('invoice','payment','return','deposit','adjustment') NOT NULL,
  `amount` decimal(12,2) NOT NULL COMMENT 'موجب للزيادة، سالب للنقصان',
  `description` varchar(255) NOT NULL,
  `invoice_id` int(11) DEFAULT NULL,
  `payment_id` int(11) DEFAULT NULL,
  `return_id` int(11) DEFAULT NULL,
  `deposit_id` int(11) DEFAULT NULL,
  `work_order_id` int(11) DEFAULT NULL,
  `balance_before` decimal(12,2) DEFAULT 0.00,
  `balance_after` decimal(12,2) DEFAULT 0.00,
  `wallet_before` decimal(12,2) DEFAULT 0.00,
  `wallet_after` decimal(12,2) DEFAULT 0.00,
  `transaction_date` date NOT NULL,
  `created_by` int(11) NOT NULL,
  `created_at` datetime NOT NULL,
  `transaction_datetime` datetime DEFAULT NULL,
  `created_at_ts` timestamp NOT NULL DEFAULT current_timestamp()
) ENGINE=InnoDB DEFAULT CHARSET=utf8mb4 COLLATE=utf8mb4_unicode_ci;

-- --------------------------------------------------------

--
-- Table structure for table `deposits`
--

CREATE TABLE `deposits` (
  `id` int(11) NOT NULL,
  `customer_id` int(11) NOT NULL,
  `amount` decimal(12,2) NOT NULL,
  `wallet_before` decimal(12,2) DEFAULT 0.00 COMMENT 'رصيد المحفظة قبل الإيداع',
  `wallet_after` decimal(12,2) DEFAULT 0.00 COMMENT 'رصيد المحفظة بعد الإيداع',
  `description` varchar(255) NOT NULL,
  `deposit_date` date NOT NULL,
  `created_by` int(11) NOT NULL,
  `created_at` timestamp NOT NULL DEFAULT current_timestamp()
) ENGINE=InnoDB DEFAULT CHARSET=utf8mb4 COLLATE=utf8mb4_unicode_ci;

-- --------------------------------------------------------

--
-- Table structure for table `expenses`
--

CREATE TABLE `expenses` (
  `id` int(11) NOT NULL,
  `expense_date` date NOT NULL COMMENT 'تاريخ حدوث المصروف',
  `description` varchar(255) NOT NULL COMMENT 'وصف أو بيان المصروف',
  `amount` decimal(10,2) NOT NULL COMMENT 'قيمة المصروف',
  `category_id` int(11) DEFAULT NULL COMMENT 'معرف فئة المصروف (FK to expense_categories.id)',
  `notes` text DEFAULT NULL COMMENT 'ملاحظات إضافية على المصروف (اختياري)',
  `created_by` int(11) DEFAULT NULL COMMENT 'معرف المستخدم الذي سجل المصروف (FK to users.id)',
  `created_at` timestamp NOT NULL DEFAULT current_timestamp(),
  `updated_at` timestamp NULL DEFAULT NULL ON UPDATE current_timestamp()
) ENGINE=InnoDB DEFAULT CHARSET=utf8mb4 COLLATE=utf8mb4_unicode_ci COMMENT='سجل المصاريف التشغيلية';

--
-- Dumping data for table `expenses`
--

INSERT INTO `expenses` (`id`, `expense_date`, `description`, `amount`, `category_id`, `notes`, `created_by`, `created_at`, `updated_at`) VALUES
(1, '2025-11-08', 'ايجار', 1000.00, 2, '0', 5, '2025-11-08 17:52:15', NULL),
(2, '2025-11-14', 'اكل للعيال', 200.00, 1, '0', 5, '2025-11-14 22:24:54', NULL),
(3, '2025-11-15', 'ايجار', 100.00, 2, '0', 5, '2025-11-15 21:19:25', NULL);

-- --------------------------------------------------------

--
-- Table structure for table `expense_categories`
--

CREATE TABLE `expense_categories` (
  `id` int(11) NOT NULL,
  `name` varchar(150) NOT NULL COMMENT 'اسم فئة المصروف (مثال: نقل، كهرباء، إيجار)',
  `description` text DEFAULT NULL COMMENT 'وصف إضافي للفئة (اختياري)',
  `created_at` timestamp NOT NULL DEFAULT current_timestamp()
) ENGINE=InnoDB DEFAULT CHARSET=utf8mb4 COLLATE=utf8mb4_unicode_ci COMMENT='فئات المصاريف المختلفة';

--
-- Dumping data for table `expense_categories`
--

INSERT INTO `expense_categories` (`id`, `name`, `description`, `created_at`) VALUES
(1, 'كهرباء مخزن', '', '2025-11-08 15:48:41'),
(2, 'ايجار', '', '2025-11-08 15:48:46');

-- --------------------------------------------------------

--
-- Table structure for table `invoices_out`
--

CREATE TABLE `invoices_out` (
  `id` int(11) NOT NULL COMMENT 'المعرف التلقائي للفاتورة',
  `customer_id` int(11) NOT NULL COMMENT 'معرف العميل المرتبط بالفاتورة',
  `delivered` enum('yes','no','canceled','reverted','partial') NOT NULL DEFAULT 'no',
  `invoice_group` enum('group1','group2','group3','group4','group5','group6','group7','group8','group9','group10','group11') NOT NULL COMMENT 'مجموعة الفاتورة (من 1 إلى 11)',
  `created_by` int(11) DEFAULT NULL COMMENT 'معرف المستخدم الذي أنشأ الفاتورة',
  `created_at` timestamp NOT NULL DEFAULT current_timestamp() COMMENT 'تاريخ ووقت الإنشاء',
  `updated_by` int(11) DEFAULT NULL COMMENT 'معرف المستخدم الذي آخر من عدل الفاتورة',
  `updated_at` timestamp NULL DEFAULT NULL ON UPDATE current_timestamp() COMMENT 'تاريخ ووقت آخر تعديل',
  `notes` text DEFAULT NULL,
  `cancel_reason` varchar(255) DEFAULT NULL,
  `revert_reason` varchar(255) DEFAULT NULL,
  `total_before_discount` decimal(12,2) DEFAULT 0.00 COMMENT 'مجموع البيع قبل أي خصم',
  `discount_type` enum('percent','amount') DEFAULT 'percent' COMMENT 'نوع الخصم',
  `discount_value` decimal(10,2) DEFAULT 0.00 COMMENT 'قيمة الخصم: إذا percent -> تخزن النسبة (مثال: 10) وإلا قيمة المبلغ',
  `discount_amount` decimal(12,2) DEFAULT 0.00 COMMENT 'مبلغ الخصم المحسوب بالعملة',
  `total_after_discount` decimal(12,2) DEFAULT 0.00 COMMENT 'المجموع النهائي بعد الخصم',
  `total_cost` decimal(12,2) DEFAULT 0.00 COMMENT 'اجمالي التكلفة (مخزن للتقارير)',
  `profit_amount` decimal(12,2) DEFAULT 0.00 COMMENT 'اجمالي الربح = total_before_discount - total_cost',
  `paid_amount` decimal(12,2) DEFAULT 0.00,
  `remaining_amount` decimal(12,2) DEFAULT 0.00
) ENGINE=InnoDB DEFAULT CHARSET=utf8mb4 COLLATE=utf8mb4_unicode_ci COMMENT='جدول فواتير العملاء الصادرة';

--
-- Dumping data for table `invoices_out`
--

INSERT INTO `invoices_out` (`id`, `customer_id`, `delivered`, `invoice_group`, `created_by`, `created_at`, `updated_by`, `updated_at`, `notes`, `cancel_reason`, `revert_reason`, `total_before_discount`, `discount_type`, `discount_value`, `discount_amount`, `total_after_discount`, `total_cost`, `profit_amount`, `paid_amount`, `remaining_amount`) VALUES
(1, 9, 'no', 'group1', 5, '2025-10-01 14:16:06', 5, '2025-12-06 17:31:16', '', NULL, NULL, 60.00, 'percent', 0.00, 0.00, 60.00, 40.00, 20.00, 0.00, 60.00),
(2, 9, 'no', 'group1', 5, '2025-10-01 14:20:00', NULL, '2025-12-06 17:31:16', '', NULL, NULL, 15.00, 'percent', 0.00, 0.00, 15.00, 7.50, 7.50, 0.00, 15.00),
(3, 9, 'no', 'group1', 5, '2025-10-01 14:47:14', NULL, '2025-12-06 17:31:16', '', NULL, NULL, 30.00, 'percent', 0.00, 0.00, 30.00, 20.00, 10.00, 0.00, 30.00),
(4, 9, 'no', 'group1', 5, '2025-10-01 14:48:03', NULL, '2025-12-06 17:31:16', '', NULL, NULL, 15.00, 'percent', 0.00, 0.00, 15.00, 7.50, 7.50, 0.00, 15.00),
(5, 10, 'no', 'group1', 5, '2025-10-02 15:25:59', 5, '2025-12-07 06:05:49', '', NULL, NULL, 10.00, 'percent', 0.00, 0.00, 10.00, 7.50, 2.50, 0.00, 10.00),
(6, 8, 'canceled', 'group1', 5, '2025-10-05 07:25:17', 5, '2025-12-06 17:31:16', '', NULL, NULL, 80.00, 'percent', 0.00, 0.00, 80.00, 60.00, 20.00, 0.00, 80.00),
(7, 11, 'yes', 'group1', 5, '2025-10-11 14:51:23', 5, '2025-12-07 06:06:12', '', NULL, NULL, 80.00, 'percent', 0.00, 0.00, 80.00, 60.00, 20.00, 80.00, 0.00),
(8, 8, 'no', 'group1', 5, '2025-10-11 15:05:28', NULL, '2025-12-06 17:31:16', '', NULL, NULL, 100.00, 'percent', 0.00, 0.00, 100.00, 80.00, 20.00, 0.00, 100.00),
(9, 8, 'yes', 'group1', 5, '2025-10-11 15:05:57', 5, '2025-12-07 06:06:25', '', NULL, NULL, 20.00, 'percent', 0.00, 0.00, 20.00, 16.00, 4.00, 20.00, 0.00),
(21, 11, 'no', 'group1', 5, '2025-10-11 15:12:51', NULL, '2025-12-06 17:31:16', '', NULL, NULL, 5.00, 'percent', 0.00, 0.00, 5.00, 4.00, 1.00, 0.00, 5.00),
(33, 11, 'yes', 'group1', 5, '2025-10-11 15:36:00', 5, '2025-11-09 13:36:13', '', NULL, NULL, 0.00, 'percent', 0.00, 0.00, 0.00, 0.00, 0.00, 0.00, 0.00),
(38, 8, 'no', 'group1', 5, '2025-10-11 15:42:48', NULL, NULL, '', NULL, NULL, 0.00, 'percent', 0.00, 0.00, 0.00, 0.00, 0.00, 0.00, 0.00),
(39, 8, 'no', 'group1', 5, '2025-10-11 15:43:16', NULL, NULL, '', NULL, NULL, 0.00, 'percent', 0.00, 0.00, 0.00, 0.00, 0.00, 0.00, 0.00),
(43, 8, 'yes', 'group1', 5, '2025-10-11 16:01:07', 5, '2025-11-09 13:36:06', '', NULL, NULL, 0.00, 'percent', 0.00, 0.00, 0.00, 0.00, 0.00, 0.00, 0.00),
(44, 8, 'yes', 'group1', 5, '2025-10-11 16:01:31', 5, '2025-11-09 14:27:19', '', NULL, NULL, 0.00, 'percent', 0.00, 0.00, 0.00, 0.00, 0.00, 0.00, 0.00),
(45, 8, 'yes', 'group1', 5, '2025-10-11 16:03:14', 5, '2025-11-09 13:36:00', '', NULL, NULL, 0.00, 'percent', 0.00, 0.00, 0.00, 0.00, 0.00, 0.00, 0.00),
(47, 8, 'yes', 'group1', 5, '2025-10-11 16:13:54', 5, '2025-10-12 16:48:17', 'حكمنتةىلا', NULL, NULL, 0.00, 'percent', 0.00, 0.00, 0.00, 0.00, 0.00, 0.00, 0.00),
(48, 8, 'yes', 'group1', 5, '2025-10-11 16:20:14', 5, '2025-11-09 13:35:38', '', NULL, NULL, 0.00, 'percent', 0.00, 0.00, 0.00, 0.00, 0.00, 0.00, 0.00),
(50, 8, 'yes', 'group1', 5, '2025-10-11 16:20:49', 5, '2025-11-09 13:32:15', '', NULL, NULL, 0.00, 'percent', 0.00, 0.00, 0.00, 0.00, 0.00, 0.00, 0.00),
(51, 8, 'yes', 'group1', 5, '2025-10-11 16:21:00', 5, '2025-11-09 13:34:04', '', NULL, NULL, 0.00, 'percent', 0.00, 0.00, 0.00, 0.00, 0.00, 0.00, 0.00),
(53, 8, 'no', 'group1', 5, '2025-10-11 16:22:11', 5, '2025-11-09 16:30:10', '', NULL, NULL, 0.00, 'percent', 0.00, 0.00, 0.00, 0.00, 0.00, 0.00, 0.00),
(56, 8, 'no', 'group1', 5, '2025-10-11 16:23:17', 5, '2025-11-09 16:30:08', '', NULL, NULL, 0.00, 'percent', 0.00, 0.00, 0.00, 0.00, 0.00, 0.00, 0.00),
(57, 8, 'no', 'group1', 5, '2025-10-11 16:23:30', 5, '2025-11-09 16:30:03', '', NULL, NULL, 0.00, 'percent', 0.00, 0.00, 0.00, 0.00, 0.00, 0.00, 0.00),
(58, 8, 'no', 'group1', 5, '2025-10-11 16:24:15', 5, '2025-11-09 16:30:02', '', NULL, NULL, 0.00, 'percent', 0.00, 0.00, 0.00, 0.00, 0.00, 0.00, 0.00),
(59, 11, 'no', 'group1', 5, '2025-10-11 16:24:33', 5, '2025-11-09 16:30:00', '', NULL, NULL, 0.00, 'percent', 0.00, 0.00, 0.00, 0.00, 0.00, 0.00, 0.00),
(61, 8, 'no', 'group1', 5, '2025-10-11 16:25:01', 5, '2025-11-09 16:29:59', '', NULL, NULL, 0.00, 'percent', 0.00, 0.00, 0.00, 0.00, 0.00, 0.00, 0.00),
(64, 8, 'no', 'group1', 5, '2025-10-11 16:26:09', 5, '2025-11-09 16:29:57', '', NULL, NULL, 0.00, 'percent', 0.00, 0.00, 0.00, 0.00, 0.00, 0.00, 0.00),
(65, 8, 'no', 'group1', 5, '2025-10-11 16:26:45', 5, '2025-11-09 16:29:56', '', NULL, NULL, 0.00, 'percent', 0.00, 0.00, 0.00, 0.00, 0.00, 0.00, 0.00),
(67, 8, 'no', 'group1', 5, '2025-10-11 16:28:12', 5, '2025-11-09 16:29:55', '', NULL, NULL, 0.00, 'percent', 0.00, 0.00, 0.00, 0.00, 0.00, 0.00, 0.00),
(70, 8, 'no', 'group1', 5, '2025-10-11 23:19:57', 5, '2025-11-09 16:29:52', '', NULL, NULL, 0.00, 'percent', 0.00, 0.00, 0.00, 0.00, 0.00, 0.00, 0.00),
(71, 8, 'no', 'group1', 5, '2025-10-11 23:26:20', 5, '2025-11-09 16:29:51', '', NULL, NULL, 0.00, 'percent', 0.00, 0.00, 0.00, 0.00, 0.00, 0.00, 0.00),
(75, 8, 'no', 'group1', 5, '2025-10-11 23:36:25', 5, '2025-11-09 16:29:46', '', NULL, NULL, 0.00, 'percent', 0.00, 0.00, 0.00, 0.00, 0.00, 0.00, 0.00),
(76, 8, 'no', 'group1', 5, '2025-10-12 00:14:35', 5, '2025-11-09 16:29:45', '', NULL, NULL, 0.00, 'percent', 0.00, 0.00, 0.00, 0.00, 0.00, 0.00, 0.00),
(77, 8, 'no', 'group1', 5, '2025-10-12 00:15:08', 5, '2025-11-09 16:29:44', '', NULL, NULL, 0.00, 'percent', 0.00, 0.00, 0.00, 0.00, 0.00, 0.00, 0.00),
(78, 8, 'no', 'group1', 5, '2025-10-12 00:15:49', 5, '2025-12-06 17:31:16', '', NULL, NULL, 520.00, 'percent', 0.00, 0.00, 520.00, 0.00, 520.00, 0.00, 520.00),
(79, 8, 'no', 'group1', 5, '2025-10-12 00:16:25', 5, '2025-11-09 16:29:42', '', NULL, NULL, 0.00, 'percent', 0.00, 0.00, 0.00, 0.00, 0.00, 0.00, 0.00),
(80, 8, 'no', 'group1', 5, '2025-10-12 00:20:38', 5, '2025-11-09 16:29:41', '', NULL, NULL, 0.00, 'percent', 0.00, 0.00, 0.00, 0.00, 0.00, 0.00, 0.00),
(83, 8, 'no', 'group1', 5, '2025-10-12 00:23:04', 5, '2025-11-09 16:29:40', '', NULL, NULL, 0.00, 'percent', 0.00, 0.00, 0.00, 0.00, 0.00, 0.00, 0.00),
(87, 8, 'no', 'group1', 5, '2025-10-12 16:30:18', 5, '2025-11-09 16:29:39', '', NULL, NULL, 0.00, 'percent', 0.00, 0.00, 0.00, 0.00, 0.00, 0.00, 0.00),
(88, 8, 'no', 'group1', 5, '2025-10-12 16:30:41', 5, '2025-11-09 16:29:38', 'حكمنته', NULL, NULL, 0.00, 'percent', 0.00, 0.00, 0.00, 0.00, 0.00, 0.00, 0.00),
(89, 8, 'no', 'group1', 5, '2025-10-12 16:31:26', 5, '2025-11-09 16:29:36', 'نونو', NULL, NULL, 0.00, 'percent', 0.00, 0.00, 0.00, 0.00, 0.00, 0.00, 0.00),
(90, 8, 'yes', 'group1', 5, '2025-10-12 16:37:46', 5, '2025-11-10 12:39:31', 'mknjhbvxcfvgfedkalxz\'\r\nAQWS\r\n trbV BRFTDNRMS,./A\r\n\r\n.zas02d1er4as152ZSCWf2', NULL, NULL, 0.00, 'percent', 0.00, 0.00, 0.00, 0.00, 0.00, 0.00, 0.00),
(91, 8, 'no', 'group1', 5, '2025-10-12 16:55:43', 5, '2025-11-09 16:29:31', '', NULL, NULL, 0.00, 'percent', 0.00, 0.00, 0.00, 0.00, 0.00, 0.00, 0.00),
(92, 8, 'no', 'group1', 5, '2025-10-12 17:08:50', 5, '2025-11-09 16:29:30', '', NULL, NULL, 0.00, 'percent', 0.00, 0.00, 0.00, 0.00, 0.00, 0.00, 0.00),
(93, 8, 'no', 'group1', 5, '2025-10-12 17:14:51', 5, '2025-11-09 16:29:30', '', NULL, NULL, 0.00, 'percent', 0.00, 0.00, 0.00, 0.00, 0.00, 0.00, 0.00),
(94, 8, 'canceled', 'group1', 5, '2025-10-13 07:15:50', 5, '2025-10-22 19:46:20', '', NULL, NULL, 0.00, 'percent', 0.00, 0.00, 0.00, 0.00, 0.00, 0.00, 0.00),
(95, 8, 'no', 'group1', 5, '2025-10-13 07:43:14', 5, '2025-12-06 17:31:16', '', NULL, NULL, 1000.00, 'percent', 0.00, 0.00, 1000.00, 0.00, 1000.00, 0.00, 1000.00),
(96, 11, 'canceled', 'group1', 5, '2025-10-13 22:35:02', 5, '2025-10-22 19:46:09', '', NULL, NULL, 0.00, 'percent', 0.00, 0.00, 0.00, 0.00, 0.00, 0.00, 0.00),
(97, 8, 'no', 'group1', 5, '2025-10-13 23:08:46', 5, '2025-11-09 16:29:25', '', NULL, NULL, 0.00, 'percent', 0.00, 0.00, 0.00, 0.00, 0.00, 0.00, 0.00),
(98, 11, 'canceled', 'group1', 5, '2025-10-13 23:09:17', 5, '2025-10-22 19:46:03', '', NULL, NULL, 0.00, 'percent', 0.00, 0.00, 0.00, 0.00, 0.00, 0.00, 0.00),
(99, 8, 'canceled', 'group1', 5, '2025-10-13 23:09:35', 5, '2025-10-15 19:56:54', '', NULL, NULL, 0.00, 'percent', 0.00, 0.00, 0.00, 0.00, 0.00, 0.00, 0.00),
(100, 8, 'canceled', 'group1', 5, '2025-10-22 08:44:52', 5, '2025-12-06 17:31:16', '', NULL, NULL, 0.00, 'percent', 0.00, 0.00, 0.00, 0.52, -0.52, 0.00, 0.00),
(101, 9, 'no', 'group1', 5, '2025-10-23 12:23:17', 5, '2025-12-06 17:31:16', '', NULL, NULL, 40.00, 'percent', 0.00, 0.00, 40.00, 20.00, 20.00, 0.00, 40.00),
(102, 8, 'no', 'group1', 5, '2025-10-23 12:28:28', 5, '2025-12-06 17:31:16', '', NULL, NULL, 20.00, 'percent', 0.00, 0.00, 20.00, 10.00, 10.00, 0.00, 20.00),
(103, 8, 'no', 'group1', 5, '2025-10-23 12:30:33', 5, '2025-11-09 16:29:19', '', NULL, NULL, 0.00, 'percent', 0.00, 0.00, 0.00, 0.00, 0.00, 0.00, 0.00),
(104, 8, 'no', 'group1', 5, '2025-10-23 13:13:10', 5, '2025-12-06 17:31:16', '', NULL, NULL, 20.00, 'percent', 0.00, 0.00, 20.00, 10.00, 10.00, 0.00, 20.00),
(105, 9, 'canceled', 'group1', 5, '2025-10-23 19:01:15', 5, '2025-12-06 17:31:16', '', NULL, NULL, 100.00, 'percent', 0.00, 0.00, 100.00, 18.00, 82.00, 0.00, 100.00),
(106, 11, 'canceled', 'group1', 5, '2025-10-23 19:06:04', 5, '2025-12-06 17:31:16', '', NULL, NULL, 200.00, 'percent', 0.00, 0.00, 200.00, 62.50, 137.50, 0.00, 200.00),
(107, 8, 'no', 'group1', 5, '2025-10-24 11:17:38', 5, '2025-12-06 17:31:16', '', NULL, NULL, 200.00, 'percent', 0.00, 0.00, 200.00, 100.00, 100.00, 0.00, 200.00),
(108, 11, 'no', 'group1', 5, '2025-10-24 11:19:05', 5, '2025-12-06 17:31:16', '', NULL, NULL, 1400.00, 'percent', 0.00, 0.00, 1400.00, 700.00, 700.00, 0.00, 1400.00),
(109, 9, 'no', 'group1', 5, '2025-10-25 04:18:30', 5, '2025-12-06 17:31:16', '', NULL, NULL, 400.00, 'percent', 0.00, 0.00, 400.00, 140.00, 260.00, 0.00, 400.00),
(110, 11, 'no', 'group1', 5, '2025-10-25 04:27:44', 5, '2025-12-06 17:31:16', '', NULL, NULL, 200.00, 'percent', 0.00, 0.00, 200.00, 83.33, 116.67, 0.00, 200.00),
(111, 8, 'no', 'group1', 5, '2025-10-25 04:56:10', 5, '2025-12-06 17:31:16', '', NULL, NULL, 400.00, 'percent', 0.00, 0.00, 400.00, 36.00, 364.00, 0.00, 400.00),
(112, 11, 'canceled', 'group1', 5, '2025-10-25 05:04:30', 5, '2025-12-06 17:31:16', '', NULL, NULL, 400.00, 'percent', 0.00, 0.00, 400.00, 80.00, 320.00, 0.00, 400.00),
(113, 8, 'canceled', 'group1', 5, '2025-10-25 05:05:40', 5, '2025-12-06 17:31:16', '', NULL, NULL, 100.00, 'percent', 0.00, 0.00, 100.00, 26.00, 74.00, 0.00, 100.00),
(114, 8, 'canceled', 'group1', 5, '2025-10-25 05:24:17', 5, '2025-12-06 17:31:16', '', NULL, NULL, 400.00, 'percent', 0.00, 0.00, 400.00, 104.00, 296.00, 0.00, 400.00),
(115, 8, 'canceled', 'group1', 5, '2025-10-25 19:23:55', 5, '2025-12-06 17:31:16', '', NULL, NULL, 100.00, 'percent', 0.00, 0.00, 100.00, 20.00, 80.00, 0.00, 100.00),
(116, 8, 'canceled', 'group1', 5, '2025-10-25 21:02:14', 5, '2025-12-06 17:31:16', '', NULL, NULL, 100.00, 'percent', 0.00, 0.00, 100.00, 10.00, 90.00, 0.00, 100.00),
(117, 8, 'canceled', 'group1', 5, '2025-10-25 21:06:15', 5, '2025-12-06 17:31:16', '', NULL, NULL, 100.00, 'percent', 0.00, 0.00, 100.00, 10.00, 90.00, 0.00, 100.00),
(118, 8, 'canceled', 'group1', 5, '2025-10-25 21:17:13', 5, '2025-12-06 17:31:16', '', NULL, NULL, 200.00, 'percent', 0.00, 0.00, 200.00, 20.00, 180.00, 0.00, 200.00),
(119, 8, 'canceled', 'group1', 5, '2025-10-25 21:22:19', 5, '2025-12-06 17:31:16', '', NULL, NULL, 300.00, 'percent', 0.00, 0.00, 300.00, 60.00, 240.00, 0.00, 300.00),
(120, 11, 'no', 'group1', 5, '2025-10-25 21:33:43', 5, '2025-12-06 17:31:16', '', NULL, NULL, 300.00, 'percent', 0.00, 0.00, 300.00, 30.00, 270.00, 0.00, 300.00),
(121, 8, 'no', 'group1', 5, '2025-10-25 22:17:39', 5, '2025-12-06 17:31:16', '', NULL, NULL, 80.00, 'percent', 0.00, 0.00, 80.00, 50.00, 30.00, 0.00, 80.00),
(122, 8, 'no', 'group1', 5, '2025-10-26 10:49:44', 5, '2025-12-06 17:31:16', '', NULL, NULL, 1100.00, 'percent', 0.00, 0.00, 1100.00, 910.03, 189.97, 0.00, 1100.00),
(126, 8, 'canceled', 'group1', 5, '2025-11-03 19:43:19', 5, '2025-11-09 13:00:40', '', NULL, NULL, 20.00, 'percent', 0.00, 0.00, 20.00, 0.00, 20.00, 0.00, 0.00),
(127, 11, 'no', 'group1', 5, '2025-11-03 19:55:26', 5, '2025-11-17 20:35:15', '', NULL, NULL, 20.00, 'percent', 25.00, 5.00, 15.00, 0.00, 20.00, 0.00, 15.00),
(128, 11, 'no', 'group1', 5, '2025-11-03 20:26:02', 5, '2025-11-17 20:35:15', '', NULL, NULL, 20.00, 'amount', 10.00, 10.00, 10.00, 0.00, 20.00, 0.00, 10.00),
(129, 8, 'no', 'group1', 5, '2025-11-05 12:57:23', 5, '2025-11-17 20:35:15', '', NULL, NULL, 20.00, 'percent', 0.00, 0.00, 20.00, 0.00, 20.00, 0.00, 20.00),
(130, 8, 'no', 'group1', 5, '2025-11-05 12:57:35', 5, '2025-11-17 20:35:15', '', NULL, NULL, 20.00, 'percent', 0.00, 0.00, 20.00, 0.00, 20.00, 0.00, 20.00),
(131, 8, 'no', 'group1', 5, '2025-11-05 15:14:47', 5, '2025-11-17 20:35:15', '', NULL, NULL, 20.00, 'amount', 0.00, 0.00, 20.00, 0.00, 20.00, 0.00, 20.00),
(132, 11, 'no', 'group1', 5, '2025-11-05 22:39:18', 5, '2025-11-17 20:35:15', '', NULL, NULL, 150.00, 'percent', 25.00, 37.50, 112.50, 0.00, 150.00, 0.00, 112.50),
(133, 8, 'canceled', 'group1', 5, '2025-11-06 10:55:45', 5, '2025-11-06 14:02:22', '', NULL, NULL, 140.00, 'amount', 0.00, 0.00, 140.00, 0.00, 140.00, 0.00, 0.00),
(134, 11, 'yes', 'group1', 5, '2025-11-08 16:02:18', 5, '2025-11-17 20:32:56', '', NULL, NULL, 1650.00, 'percent', 20.00, 330.00, 1320.00, 0.00, 1650.00, 1320.00, 0.00),
(136, 11, 'yes', 'group1', 5, '2025-11-08 17:20:39', 5, '2025-11-17 20:32:56', '', NULL, NULL, 110.00, 'amount', 0.00, 0.00, 110.00, 0.00, 110.00, 110.00, 0.00),
(137, 8, 'yes', 'group1', 5, '2025-11-08 17:41:11', 5, '2025-11-17 20:32:56', '', NULL, NULL, 84.00, 'amount', 0.00, 0.00, 84.00, 0.00, 84.00, 84.00, 0.00),
(138, 11, 'yes', 'group1', 5, '2025-11-09 10:21:43', 5, '2025-11-17 20:32:56', 'ميس~]ويسءئ', NULL, NULL, 14.00, 'amount', 0.00, 0.00, 14.00, 0.00, 14.00, 14.00, 0.00),
(139, 11, 'yes', 'group1', 5, '2025-11-09 15:10:19', 5, '2025-11-17 20:32:56', '', NULL, NULL, 20.00, 'percent', 10.00, 2.00, 18.00, 0.00, 20.00, 18.00, 0.00),
(140, 11, 'yes', 'group1', 5, '2025-11-09 21:18:16', 5, '2025-11-17 20:32:56', '', NULL, NULL, 200.00, 'percent', 25.00, 50.00, 150.00, 0.00, 200.00, 150.00, 0.00),
(153, 8, 'no', 'group1', 5, '2025-11-17 18:07:01', NULL, '2025-11-17 20:35:15', '', NULL, NULL, 1100.00, 'percent', 0.00, 0.00, 1100.00, 100.00, 1000.00, 0.00, 1100.00),
(154, 8, 'yes', 'group1', 5, '2025-11-17 18:10:57', NULL, '2025-11-17 20:32:56', '', NULL, NULL, 120.00, 'percent', 20.00, 24.00, 96.00, 100.00, 20.00, 96.00, 0.00),
(155, 8, 'no', 'group1', 5, '2025-11-17 18:13:19', NULL, '2025-11-17 20:35:15', '', NULL, NULL, 20.00, 'percent', 15.00, 3.00, 17.00, 100.00, -80.00, 0.00, 17.00),
(156, 8, 'no', 'group1', 5, '2025-11-17 18:15:08', NULL, '2025-11-17 20:35:15', '', NULL, NULL, 20.00, 'percent', 0.00, 0.00, 20.00, 100.00, -80.00, 0.00, 20.00),
(157, 8, 'yes', 'group1', 5, '2025-11-17 18:48:12', NULL, '2025-11-17 20:32:56', '', NULL, NULL, 1200.00, 'percent', 20.00, 240.00, 960.00, 100.00, 1100.00, 960.00, 0.00),
(158, 8, 'yes', 'group1', 5, '2025-11-17 18:55:57', NULL, '2025-11-17 20:32:56', '', NULL, NULL, 20.00, 'percent', 20.00, 4.00, 16.00, 100.00, -80.00, 16.00, 0.00),
(159, 8, 'yes', 'group1', 5, '2025-11-17 19:00:54', NULL, '2025-11-17 20:32:56', '', NULL, NULL, 60.00, 'amount', 10.00, 10.00, 50.00, 600.00, -540.00, 50.00, 0.00),
(160, 8, 'no', 'group1', 5, '2025-11-17 19:01:59', NULL, '2025-11-17 20:35:15', '', NULL, NULL, 1200.00, 'percent', 0.00, 0.00, 1200.00, 100.00, 1100.00, 0.00, 1200.00),
(161, 8, 'no', 'group1', 5, '2025-11-17 21:30:18', NULL, '2025-12-07 02:53:14', '', NULL, NULL, 1200.00, 'percent', 0.00, 0.00, 1200.00, 100.00, 1100.00, 0.00, 1200.00),
(164, 8, 'no', 'group1', 5, '2025-11-17 22:49:46', NULL, NULL, '', NULL, NULL, 20.00, '', 0.00, 0.00, 20.00, 10.00, 10.00, 0.00, 20.00),
(165, 8, 'yes', 'group1', 5, '2025-11-17 22:51:19', NULL, NULL, '', NULL, NULL, 1100.00, '', 0.00, 0.00, 1100.00, 100.00, 1000.00, 1100.00, 0.00),
(166, 8, 'yes', 'group1', 5, '2025-11-18 09:37:07', NULL, NULL, '', NULL, NULL, 1200.00, '', 20.00, 240.00, 960.00, 100.00, 1100.00, 960.00, 0.00),
(167, 8, 'no', 'group1', 5, '2025-11-18 10:24:10', NULL, NULL, 'اول فاتوره', NULL, NULL, 2400.00, '', 0.00, 0.00, 2400.00, 200.00, 2200.00, 0.00, 2400.00),
(168, 8, 'no', 'group1', 5, '2025-11-18 10:26:34', NULL, NULL, 'first', NULL, NULL, 6000.00, '', 0.00, 0.00, 6000.00, 500.00, 5500.00, 0.00, 6000.00),
(169, 8, 'yes', 'group1', 5, '2025-11-18 10:29:43', NULL, NULL, 'hello', NULL, NULL, 70.00, '', 15.00, 10.50, 59.50, 25.00, 45.00, 59.50, 0.00),
(170, 8, 'partial', 'group1', 5, '2025-11-18 10:32:42', NULL, '2025-11-24 06:42:25', '', NULL, NULL, 5500.00, '', 0.00, 0.00, 5500.00, 500.00, 5000.00, 1000.00, 4500.00),
(171, 8, 'partial', 'group1', 5, '2025-11-18 10:37:09', NULL, '2025-11-24 06:42:25', '', NULL, NULL, 1100.00, '', 20.00, 220.00, 880.00, 100.00, 1000.00, 110.00, 770.00),
(172, 8, 'yes', 'group1', 5, '2025-11-18 10:42:39', NULL, NULL, '', NULL, NULL, 150.00, '', 20.00, 20.00, 130.00, 30.00, 120.00, 130.00, 0.00),
(173, 8, 'partial', 'group1', 5, '2025-11-18 10:48:55', NULL, '2025-11-24 06:42:25', '', NULL, NULL, 1100.00, '', 20.00, 220.00, 880.00, 100.00, 1000.00, 300.00, 580.00),
(174, 8, 'partial', 'group1', 5, '2025-11-18 11:30:58', NULL, '2025-11-24 06:42:25', '', NULL, NULL, 400.00, '', 20.00, 80.00, 320.00, 10.00, 390.00, 100.00, 220.00),
(175, 8, 'no', 'group1', 5, '2025-11-18 11:31:31', NULL, NULL, '', NULL, NULL, 14.00, '', 0.00, 0.00, 14.00, 5.00, 9.00, 0.00, 14.00),
(176, 8, 'partial', 'group1', 5, '2025-11-18 11:32:24', NULL, '2025-11-24 06:42:25', '', NULL, NULL, 14.00, '', 0.00, 0.00, 14.00, 5.00, 9.00, 7.00, 7.00),
(177, 8, 'partial', 'group1', 5, '2025-11-18 11:34:13', NULL, '2025-11-24 06:42:25', '', NULL, NULL, 2200.00, '', 0.00, 0.00, 2200.00, 200.00, 2000.00, 110.00, 2090.00),
(178, 8, 'no', 'group1', 5, '2025-11-18 11:35:30', NULL, NULL, '', NULL, NULL, 20.00, '', 0.00, 0.00, 20.00, 10.00, 10.00, 0.00, 20.00),
(179, 8, 'partial', 'group1', 5, '2025-11-18 11:38:36', NULL, '2025-11-24 06:42:25', '', NULL, NULL, 20.00, '', 15.00, 3.00, 17.00, 10.00, 10.00, 12.00, 5.00),
(180, 8, 'yes', 'group1', 5, '2025-11-18 11:44:30', NULL, NULL, '', NULL, NULL, 1100.00, '', 15.00, 165.00, 935.00, 100.00, 1000.00, 935.00, 0.00),
(181, 8, 'yes', 'group1', 5, '2025-11-18 11:45:04', NULL, NULL, '', NULL, NULL, 20.00, '', 0.00, 0.00, 20.00, 10.00, 10.00, 20.00, 0.00),
(182, 8, 'yes', 'group1', 5, '2025-11-18 11:45:40', NULL, NULL, '', NULL, NULL, 1200.00, '', 20.00, 240.00, 960.00, 100.00, 1100.00, 960.00, 0.00),
(183, 8, 'yes', 'group1', 5, '2025-11-18 11:45:50', NULL, NULL, '', NULL, NULL, 1200.00, '', 20.00, 240.00, 960.00, 100.00, 1100.00, 960.00, 0.00),
(184, 8, 'no', 'group1', 5, '2025-11-18 11:52:29', NULL, NULL, '', NULL, NULL, 20.00, '', 15.00, 3.00, 17.00, 10.00, 10.00, 0.00, 17.00),
(185, 8, 'yes', 'group1', 5, '2025-11-18 11:55:33', NULL, NULL, 'P\'SL;ZE,ZMC', NULL, NULL, 1100.00, '', 15.00, 165.00, 935.00, 100.00, 1000.00, 935.00, 0.00),
(186, 8, 'yes', 'group1', 5, '2025-11-18 11:57:54', NULL, NULL, '', NULL, NULL, 1200.00, '', 20.00, 240.00, 960.00, 100.00, 1100.00, 960.00, 0.00),
(187, 8, 'no', 'group1', 5, '2025-11-18 11:59:08', NULL, NULL, '', NULL, NULL, 1200.00, '', 20.00, 240.00, 960.00, 100.00, 1100.00, 0.00, 960.00),
(188, 8, 'no', 'group1', 5, '2025-11-18 12:01:00', NULL, NULL, '', NULL, NULL, 1100.00, '', 100.00, 100.00, 1000.00, 100.00, 1000.00, 0.00, 1000.00),
(189, 8, 'yes', 'group1', 5, '2025-11-18 12:03:48', NULL, NULL, '', NULL, NULL, 1100.00, '', 20.00, 20.00, 1080.00, 100.00, 1000.00, 1080.00, 0.00),
(190, 8, 'partial', 'group1', 5, '2025-11-18 12:07:40', NULL, '2025-11-24 06:42:25', '', NULL, NULL, 1100.00, '', 0.00, 0.00, 1100.00, 100.00, 1000.00, 120.00, 980.00),
(191, 8, 'partial', 'group1', 5, '2025-11-18 12:13:02', NULL, '2025-11-24 06:42:25', '', NULL, NULL, 1100.00, '', 20.00, 220.00, 880.00, 100.00, 1000.00, 100.00, 780.00),
(192, 8, 'yes', 'group1', 5, '2025-11-18 12:13:29', NULL, NULL, '', NULL, NULL, 1100.00, '', 0.00, 0.00, 1100.00, 100.00, 1000.00, 1100.00, 0.00),
(193, 8, 'no', 'group1', 5, '2025-11-18 12:19:45', NULL, NULL, '', NULL, NULL, 1100.00, '', 20.00, 220.00, 880.00, 100.00, 780.00, 0.00, 880.00),
(194, 8, 'no', 'group1', 5, '2025-11-18 12:26:55', NULL, NULL, '', NULL, NULL, 1200.00, '', 15.00, 180.00, 1020.00, 100.00, 920.00, 0.00, 1020.00),
(195, 8, 'no', 'group1', 5, '2025-11-18 12:29:16', NULL, NULL, '', NULL, NULL, 1200.00, '', 20.00, 240.00, 960.00, 100.00, 860.00, 0.00, 960.00),
(196, 8, 'no', 'group1', 5, '2025-11-18 12:36:52', NULL, NULL, '', NULL, NULL, 1200.00, '', 20.00, 240.00, 960.00, 100.00, 860.00, 0.00, 960.00),
(197, 8, 'no', 'group1', 5, '2025-11-18 12:37:31', NULL, NULL, '', NULL, NULL, 1100.00, '', 20.00, 20.00, 1080.00, 100.00, 980.00, 0.00, 1080.00),
(198, 8, 'no', 'group1', 5, '2025-11-18 12:42:04', NULL, NULL, '', NULL, NULL, 20.00, 'percent', 15.00, 3.00, 17.00, 10.00, 7.00, 0.00, 17.00),
(199, 8, 'no', 'group1', 5, '2025-11-18 13:25:54', NULL, NULL, 'تجربه 1', NULL, NULL, 1100.00, 'percent', 20.00, 220.00, 880.00, 100.00, 780.00, 0.00, 880.00),
(200, 8, 'yes', 'group1', 5, '2025-11-18 13:27:36', NULL, NULL, 'الدفع الكلي', NULL, NULL, 1100.00, 'percent', 20.00, 220.00, 880.00, 100.00, 780.00, 880.00, 0.00),
(201, 8, 'yes', 'group1', 5, '2025-11-18 13:29:40', NULL, NULL, 'نة', NULL, NULL, 1000.00, 'percent', 0.00, 0.00, 1000.00, 10.00, 990.00, 1000.00, 0.00),
(202, 8, 'yes', 'group1', 5, '2025-11-18 13:30:57', NULL, NULL, '', NULL, NULL, 50.00, 'amount', 10.00, 10.00, 40.00, 10.00, 30.00, 40.00, 0.00),
(203, 8, 'yes', 'group1', 5, '2025-11-18 13:31:49', NULL, NULL, '', NULL, NULL, 1100.00, 'percent', 0.00, 0.00, 1100.00, 100.00, 1000.00, 1100.00, 0.00),
(204, 8, 'yes', 'group1', 5, '2025-11-18 13:47:32', NULL, NULL, '', NULL, NULL, 1100.00, 'percent', 0.00, 0.00, 1100.00, 100.00, 1000.00, 1100.00, 0.00),
(205, 8, 'yes', 'group1', 5, '2025-11-18 13:48:29', NULL, NULL, '', NULL, NULL, 20.00, 'percent', 0.00, 0.00, 20.00, 10.00, 10.00, 20.00, 0.00),
(206, 8, 'yes', 'group1', 5, '2025-11-18 13:49:12', NULL, NULL, '', NULL, NULL, 1200.00, 'percent', 0.00, 0.00, 1200.00, 100.00, 1100.00, 1200.00, 0.00),
(207, 8, 'yes', 'group1', 5, '2025-11-18 13:53:01', NULL, NULL, '', NULL, NULL, 1200.00, 'percent', 0.00, 0.00, 1200.00, 100.00, 1100.00, 1200.00, 0.00),
(208, 8, 'yes', 'group1', 5, '2025-11-18 13:54:37', NULL, NULL, '', NULL, NULL, 1200.00, 'percent', 20.00, 240.00, 960.00, 100.00, 860.00, 960.00, 0.00),
(209, 8, 'yes', 'group1', 5, '2025-11-18 13:57:25', NULL, NULL, '', NULL, NULL, 1100.00, 'percent', 20.00, 220.00, 880.00, 100.00, 780.00, 880.00, 0.00),
(210, 8, 'yes', 'group1', 5, '2025-11-18 14:01:02', NULL, NULL, 'pq3al;w4gEAF,sdmz', NULL, NULL, 1200.00, 'percent', 20.00, 240.00, 960.00, 100.00, 860.00, 960.00, 0.00),
(211, 8, 'yes', 'group1', 5, '2025-11-18 14:04:40', NULL, NULL, 'thgrfdesa', NULL, NULL, 1200.00, 'percent', 20.00, 240.00, 960.00, 100.00, 860.00, 960.00, 0.00),
(212, 8, 'yes', 'group1', 5, '2025-11-18 14:09:51', NULL, NULL, 'ujyhtrwedq', NULL, NULL, 1200.00, 'percent', 20.00, 240.00, 960.00, 100.00, 860.00, 960.00, 0.00),
(213, 8, 'yes', 'group1', 5, '2025-11-18 14:11:41', NULL, NULL, 'WETEAFSD', NULL, NULL, 1100.00, 'percent', 20.00, 220.00, 880.00, 100.00, 780.00, 880.00, 0.00),
(214, 8, 'yes', 'group1', 5, '2025-11-18 14:26:39', NULL, NULL, '', NULL, NULL, 1100.00, 'percent', 20.00, 220.00, 880.00, 1000.00, -120.00, 880.00, 0.00),
(215, 8, 'partial', 'group1', 5, '2025-11-18 17:35:18', NULL, '2025-11-24 06:42:25', '', NULL, NULL, 1100.00, 'percent', 0.00, 0.00, 1100.00, 1000.00, 100.00, 100.00, 1000.00),
(216, 8, 'yes', 'group1', 5, '2025-11-18 19:41:28', NULL, NULL, '', NULL, NULL, 775.00, 'percent', 0.00, 0.00, 775.00, 450.00, 325.00, 775.00, 0.00),
(217, 16, 'no', 'group1', 5, '2025-11-18 19:42:41', NULL, NULL, '', NULL, NULL, 175.00, 'percent', 0.00, 0.00, 175.00, 150.00, 25.00, 0.00, 175.00),
(218, 8, 'yes', 'group1', 5, '2025-11-24 05:06:29', NULL, NULL, '', NULL, NULL, 175.00, 'percent', 0.00, 0.00, 175.00, 150.00, 25.00, 175.00, 0.00),
(219, 8, 'yes', 'group1', 5, '2025-11-24 05:07:11', NULL, NULL, '', NULL, NULL, 175.00, 'percent', 0.00, 0.00, 175.00, 150.00, 25.00, 175.00, 0.00),
(220, 8, 'yes', 'group1', 5, '2025-11-24 05:09:53', NULL, NULL, '', NULL, NULL, 30.00, 'percent', 0.00, 0.00, 30.00, 10.00, 20.00, 30.00, 0.00),
(221, 8, 'yes', 'group1', 5, '2025-11-24 05:10:42', NULL, NULL, '', NULL, NULL, 175.00, 'percent', 0.00, 0.00, 175.00, 150.00, 25.00, 175.00, 0.00),
(222, 8, 'partial', 'group1', 5, '2025-11-24 05:14:46', NULL, '2025-11-24 06:42:25', '', NULL, NULL, 175.00, 'percent', 0.00, 0.00, 175.00, 150.00, 25.00, 60.00, 115.00),
(223, 8, 'yes', 'group1', 5, '2025-11-24 05:16:55', NULL, NULL, '', NULL, NULL, 175.00, 'percent', 0.00, 0.00, 175.00, 150.00, 25.00, 175.00, 0.00),
(224, 8, 'partial', 'group1', 5, '2025-11-24 06:12:06', NULL, '2025-11-24 06:42:25', '', NULL, NULL, 175.00, 'percent', 0.00, 0.00, 175.00, 150.00, 25.00, 100.00, 75.00),
(225, 8, 'partial', 'group1', 5, '2025-11-24 06:14:15', NULL, '2025-11-24 06:42:25', '', NULL, NULL, 150.00, 'percent', 0.00, 0.00, 150.00, 10.00, 140.00, 20.00, 130.00),
(226, 8, 'partial', 'group1', 5, '2025-11-24 06:15:13', NULL, '2025-11-24 06:42:25', '', NULL, NULL, 150.00, 'percent', 0.00, 0.00, 150.00, 10.00, 140.00, 100.00, 50.00),
(227, 8, 'yes', 'group1', 5, '2025-11-24 06:20:58', NULL, NULL, '', NULL, NULL, 15.00, 'percent', 0.00, 0.00, 15.00, 5.00, 10.00, 15.00, 0.00),
(228, 8, 'no', 'group1', 5, '2025-11-24 06:22:01', NULL, NULL, '', NULL, NULL, 14.00, 'percent', 0.00, 0.00, 14.00, 6.00, 8.00, 0.00, 14.00),
(229, 8, 'partial', 'group1', 5, '2025-11-24 06:26:04', NULL, '2025-11-24 06:42:25', '', NULL, NULL, 150.00, 'percent', 0.00, 0.00, 150.00, 10.00, 140.00, 110.00, 40.00),
(230, 8, 'partial', 'group1', 5, '2025-11-24 06:26:46', NULL, '2025-11-24 06:42:25', '', NULL, NULL, 15.00, 'percent', 0.00, 0.00, 15.00, 6.00, 9.00, 10.00, 5.00),
(231, 8, 'partial', 'group1', 5, '2025-11-24 06:30:33', NULL, '2025-11-24 06:42:25', '', NULL, NULL, 14.00, 'percent', 0.00, 0.00, 14.00, 6.00, 8.00, 2.00, 12.00),
(232, 8, 'partial', 'group1', 5, '2025-11-24 06:37:38', NULL, NULL, '', NULL, NULL, 14.00, 'percent', 0.00, 0.00, 14.00, 6.00, 8.00, 10.00, 4.00),
(233, 8, 'partial', 'group1', 5, '2025-11-24 07:02:39', NULL, NULL, '', NULL, NULL, 14.00, 'percent', 0.00, 0.00, 14.00, 6.00, 8.00, 4.00, 10.00);

-- --------------------------------------------------------

--
-- Table structure for table `invoices_out_backup_before_update`
--

CREATE TABLE `invoices_out_backup_before_update` (
  `id` int(11) NOT NULL DEFAULT 0 COMMENT 'المعرف التلقائي للفاتورة',
  `customer_id` int(11) NOT NULL COMMENT 'معرف العميل المرتبط بالفاتورة',
  `delivered` enum('yes','no','canceled','reverted','partial') CHARACTER SET utf8mb4 COLLATE utf8mb4_unicode_ci NOT NULL DEFAULT 'no',
  `invoice_group` enum('group1','group2','group3','group4','group5','group6','group7','group8','group9','group10','group11') CHARACTER SET utf8mb4 COLLATE utf8mb4_unicode_ci NOT NULL COMMENT 'مجموعة الفاتورة (من 1 إلى 11)',
  `created_by` int(11) DEFAULT NULL COMMENT 'معرف المستخدم الذي أنشأ الفاتورة',
  `created_at` timestamp NOT NULL DEFAULT current_timestamp() COMMENT 'تاريخ ووقت الإنشاء',
  `updated_by` int(11) DEFAULT NULL COMMENT 'معرف المستخدم الذي آخر من عدل الفاتورة',
  `updated_at` timestamp NULL DEFAULT NULL ON UPDATE current_timestamp() COMMENT 'تاريخ ووقت آخر تعديل',
  `notes` text CHARACTER SET utf8mb4 COLLATE utf8mb4_unicode_ci DEFAULT NULL,
  `cancel_reason` varchar(255) CHARACTER SET utf8mb4 COLLATE utf8mb4_unicode_ci DEFAULT NULL,
  `revert_reason` varchar(255) CHARACTER SET utf8mb4 COLLATE utf8mb4_unicode_ci DEFAULT NULL,
  `total_before_discount` decimal(12,2) DEFAULT 0.00 COMMENT 'مجموع البيع قبل أي خصم',
  `discount_type` enum('percent','amount') CHARACTER SET utf8mb4 COLLATE utf8mb4_unicode_ci DEFAULT 'percent' COMMENT 'نوع الخصم',
  `discount_value` decimal(10,2) DEFAULT 0.00 COMMENT 'قيمة الخصم: إذا percent -> تخزن النسبة (مثال: 10) وإلا قيمة المبلغ',
  `discount_amount` decimal(12,2) DEFAULT 0.00 COMMENT 'مبلغ الخصم المحسوب بالعملة',
  `total_after_discount` decimal(12,2) DEFAULT 0.00 COMMENT 'المجموع النهائي بعد الخصم',
  `total_cost` decimal(12,2) DEFAULT 0.00 COMMENT 'اجمالي التكلفة (مخزن للتقارير)',
  `profit_amount` decimal(12,2) DEFAULT 0.00 COMMENT 'اجمالي الربح = total_before_discount - total_cost',
  `paid_amount` decimal(12,2) DEFAULT 0.00,
  `remaining_amount` decimal(12,2) DEFAULT 0.00
) ENGINE=InnoDB DEFAULT CHARSET=utf8mb4 COLLATE=utf8mb4_general_ci;

--
-- Dumping data for table `invoices_out_backup_before_update`
--

INSERT INTO `invoices_out_backup_before_update` (`id`, `customer_id`, `delivered`, `invoice_group`, `created_by`, `created_at`, `updated_by`, `updated_at`, `notes`, `cancel_reason`, `revert_reason`, `total_before_discount`, `discount_type`, `discount_value`, `discount_amount`, `total_after_discount`, `total_cost`, `profit_amount`, `paid_amount`, `remaining_amount`) VALUES
(1, 9, 'no', 'group1', 5, '2025-10-01 14:16:06', 5, '2025-12-06 17:31:16', '', NULL, NULL, 60.00, 'percent', 0.00, 0.00, 60.00, 40.00, 20.00, 0.00, 60.00),
(2, 9, 'no', 'group1', 5, '2025-10-01 14:20:00', NULL, '2025-12-06 17:31:16', '', NULL, NULL, 15.00, 'percent', 0.00, 0.00, 15.00, 7.50, 7.50, 0.00, 15.00),
(3, 9, 'no', 'group1', 5, '2025-10-01 14:47:14', NULL, '2025-12-06 17:31:16', '', NULL, NULL, 30.00, 'percent', 0.00, 0.00, 30.00, 20.00, 10.00, 0.00, 30.00),
(4, 9, 'no', 'group1', 5, '2025-10-01 14:48:03', NULL, '2025-12-06 17:31:16', '', NULL, NULL, 15.00, 'percent', 0.00, 0.00, 15.00, 7.50, 7.50, 0.00, 15.00),
(5, 10, '', 'group1', 5, '2025-10-02 15:25:59', 5, '2025-12-06 17:31:16', '', NULL, NULL, 10.00, 'percent', 0.00, 0.00, 10.00, 7.50, 2.50, 0.00, 10.00),
(6, 8, 'canceled', 'group1', 5, '2025-10-05 07:25:17', 5, '2025-12-06 17:31:16', '', NULL, NULL, 80.00, 'percent', 0.00, 0.00, 80.00, 60.00, 20.00, 0.00, 80.00),
(7, 11, 'yes', 'group1', 5, '2025-10-11 14:51:23', 5, '2025-12-06 17:31:16', '', NULL, NULL, 80.00, 'percent', 0.00, 0.00, 80.00, 60.00, 20.00, 0.00, 80.00),
(8, 8, 'no', 'group1', 5, '2025-10-11 15:05:28', NULL, '2025-12-06 17:31:16', '', NULL, NULL, 100.00, 'percent', 0.00, 0.00, 100.00, 80.00, 20.00, 0.00, 100.00),
(9, 8, 'yes', 'group1', 5, '2025-10-11 15:05:57', 5, '2025-12-06 17:31:16', '', NULL, NULL, 20.00, 'percent', 0.00, 0.00, 20.00, 16.00, 4.00, 0.00, 20.00),
(21, 11, 'no', 'group1', 5, '2025-10-11 15:12:51', NULL, '2025-12-06 17:31:16', '', NULL, NULL, 5.00, 'percent', 0.00, 0.00, 5.00, 4.00, 1.00, 0.00, 5.00),
(33, 11, 'yes', 'group1', 5, '2025-10-11 15:36:00', 5, '2025-11-09 13:36:13', '', NULL, NULL, 0.00, 'percent', 0.00, 0.00, 0.00, 0.00, 0.00, 0.00, 0.00),
(38, 8, 'no', 'group1', 5, '2025-10-11 15:42:48', NULL, NULL, '', NULL, NULL, 0.00, 'percent', 0.00, 0.00, 0.00, 0.00, 0.00, 0.00, 0.00),
(39, 8, 'no', 'group1', 5, '2025-10-11 15:43:16', NULL, NULL, '', NULL, NULL, 0.00, 'percent', 0.00, 0.00, 0.00, 0.00, 0.00, 0.00, 0.00),
(43, 8, 'yes', 'group1', 5, '2025-10-11 16:01:07', 5, '2025-11-09 13:36:06', '', NULL, NULL, 0.00, 'percent', 0.00, 0.00, 0.00, 0.00, 0.00, 0.00, 0.00),
(44, 8, 'yes', 'group1', 5, '2025-10-11 16:01:31', 5, '2025-11-09 14:27:19', '', NULL, NULL, 0.00, 'percent', 0.00, 0.00, 0.00, 0.00, 0.00, 0.00, 0.00),
(45, 8, 'yes', 'group1', 5, '2025-10-11 16:03:14', 5, '2025-11-09 13:36:00', '', NULL, NULL, 0.00, 'percent', 0.00, 0.00, 0.00, 0.00, 0.00, 0.00, 0.00),
(47, 8, 'yes', 'group1', 5, '2025-10-11 16:13:54', 5, '2025-10-12 16:48:17', 'حكمنتةىلا', NULL, NULL, 0.00, 'percent', 0.00, 0.00, 0.00, 0.00, 0.00, 0.00, 0.00),
(48, 8, 'yes', 'group1', 5, '2025-10-11 16:20:14', 5, '2025-11-09 13:35:38', '', NULL, NULL, 0.00, 'percent', 0.00, 0.00, 0.00, 0.00, 0.00, 0.00, 0.00),
(50, 8, 'yes', 'group1', 5, '2025-10-11 16:20:49', 5, '2025-11-09 13:32:15', '', NULL, NULL, 0.00, 'percent', 0.00, 0.00, 0.00, 0.00, 0.00, 0.00, 0.00),
(51, 8, 'yes', 'group1', 5, '2025-10-11 16:21:00', 5, '2025-11-09 13:34:04', '', NULL, NULL, 0.00, 'percent', 0.00, 0.00, 0.00, 0.00, 0.00, 0.00, 0.00),
(53, 8, 'no', 'group1', 5, '2025-10-11 16:22:11', 5, '2025-11-09 16:30:10', '', NULL, NULL, 0.00, 'percent', 0.00, 0.00, 0.00, 0.00, 0.00, 0.00, 0.00),
(56, 8, 'no', 'group1', 5, '2025-10-11 16:23:17', 5, '2025-11-09 16:30:08', '', NULL, NULL, 0.00, 'percent', 0.00, 0.00, 0.00, 0.00, 0.00, 0.00, 0.00),
(57, 8, 'no', 'group1', 5, '2025-10-11 16:23:30', 5, '2025-11-09 16:30:03', '', NULL, NULL, 0.00, 'percent', 0.00, 0.00, 0.00, 0.00, 0.00, 0.00, 0.00),
(58, 8, 'no', 'group1', 5, '2025-10-11 16:24:15', 5, '2025-11-09 16:30:02', '', NULL, NULL, 0.00, 'percent', 0.00, 0.00, 0.00, 0.00, 0.00, 0.00, 0.00),
(59, 11, 'no', 'group1', 5, '2025-10-11 16:24:33', 5, '2025-11-09 16:30:00', '', NULL, NULL, 0.00, 'percent', 0.00, 0.00, 0.00, 0.00, 0.00, 0.00, 0.00),
(61, 8, 'no', 'group1', 5, '2025-10-11 16:25:01', 5, '2025-11-09 16:29:59', '', NULL, NULL, 0.00, 'percent', 0.00, 0.00, 0.00, 0.00, 0.00, 0.00, 0.00),
(64, 8, 'no', 'group1', 5, '2025-10-11 16:26:09', 5, '2025-11-09 16:29:57', '', NULL, NULL, 0.00, 'percent', 0.00, 0.00, 0.00, 0.00, 0.00, 0.00, 0.00),
(65, 8, 'no', 'group1', 5, '2025-10-11 16:26:45', 5, '2025-11-09 16:29:56', '', NULL, NULL, 0.00, 'percent', 0.00, 0.00, 0.00, 0.00, 0.00, 0.00, 0.00),
(67, 8, 'no', 'group1', 5, '2025-10-11 16:28:12', 5, '2025-11-09 16:29:55', '', NULL, NULL, 0.00, 'percent', 0.00, 0.00, 0.00, 0.00, 0.00, 0.00, 0.00),
(70, 8, 'no', 'group1', 5, '2025-10-11 23:19:57', 5, '2025-11-09 16:29:52', '', NULL, NULL, 0.00, 'percent', 0.00, 0.00, 0.00, 0.00, 0.00, 0.00, 0.00),
(71, 8, 'no', 'group1', 5, '2025-10-11 23:26:20', 5, '2025-11-09 16:29:51', '', NULL, NULL, 0.00, 'percent', 0.00, 0.00, 0.00, 0.00, 0.00, 0.00, 0.00),
(75, 8, 'no', 'group1', 5, '2025-10-11 23:36:25', 5, '2025-11-09 16:29:46', '', NULL, NULL, 0.00, 'percent', 0.00, 0.00, 0.00, 0.00, 0.00, 0.00, 0.00),
(76, 8, 'no', 'group1', 5, '2025-10-12 00:14:35', 5, '2025-11-09 16:29:45', '', NULL, NULL, 0.00, 'percent', 0.00, 0.00, 0.00, 0.00, 0.00, 0.00, 0.00),
(77, 8, 'no', 'group1', 5, '2025-10-12 00:15:08', 5, '2025-11-09 16:29:44', '', NULL, NULL, 0.00, 'percent', 0.00, 0.00, 0.00, 0.00, 0.00, 0.00, 0.00),
(78, 8, 'no', 'group1', 5, '2025-10-12 00:15:49', 5, '2025-12-06 17:31:16', '', NULL, NULL, 520.00, 'percent', 0.00, 0.00, 520.00, 0.00, 520.00, 0.00, 520.00),
(79, 8, 'no', 'group1', 5, '2025-10-12 00:16:25', 5, '2025-11-09 16:29:42', '', NULL, NULL, 0.00, 'percent', 0.00, 0.00, 0.00, 0.00, 0.00, 0.00, 0.00),
(80, 8, 'no', 'group1', 5, '2025-10-12 00:20:38', 5, '2025-11-09 16:29:41', '', NULL, NULL, 0.00, 'percent', 0.00, 0.00, 0.00, 0.00, 0.00, 0.00, 0.00),
(83, 8, 'no', 'group1', 5, '2025-10-12 00:23:04', 5, '2025-11-09 16:29:40', '', NULL, NULL, 0.00, 'percent', 0.00, 0.00, 0.00, 0.00, 0.00, 0.00, 0.00),
(87, 8, 'no', 'group1', 5, '2025-10-12 16:30:18', 5, '2025-11-09 16:29:39', '', NULL, NULL, 0.00, 'percent', 0.00, 0.00, 0.00, 0.00, 0.00, 0.00, 0.00),
(88, 8, 'no', 'group1', 5, '2025-10-12 16:30:41', 5, '2025-11-09 16:29:38', 'حكمنته', NULL, NULL, 0.00, 'percent', 0.00, 0.00, 0.00, 0.00, 0.00, 0.00, 0.00),
(89, 8, 'no', 'group1', 5, '2025-10-12 16:31:26', 5, '2025-11-09 16:29:36', 'نونو', NULL, NULL, 0.00, 'percent', 0.00, 0.00, 0.00, 0.00, 0.00, 0.00, 0.00),
(90, 8, 'yes', 'group1', 5, '2025-10-12 16:37:46', 5, '2025-11-10 12:39:31', 'mknjhbvxcfvgfedkalxz\'\r\nAQWS\r\n trbV BRFTDNRMS,./A\r\n\r\n.zas02d1er4as152ZSCWf2', NULL, NULL, 0.00, 'percent', 0.00, 0.00, 0.00, 0.00, 0.00, 0.00, 0.00),
(91, 8, 'no', 'group1', 5, '2025-10-12 16:55:43', 5, '2025-11-09 16:29:31', '', NULL, NULL, 0.00, 'percent', 0.00, 0.00, 0.00, 0.00, 0.00, 0.00, 0.00),
(92, 8, 'no', 'group1', 5, '2025-10-12 17:08:50', 5, '2025-11-09 16:29:30', '', NULL, NULL, 0.00, 'percent', 0.00, 0.00, 0.00, 0.00, 0.00, 0.00, 0.00),
(93, 8, 'no', 'group1', 5, '2025-10-12 17:14:51', 5, '2025-11-09 16:29:30', '', NULL, NULL, 0.00, 'percent', 0.00, 0.00, 0.00, 0.00, 0.00, 0.00, 0.00),
(94, 8, 'canceled', 'group1', 5, '2025-10-13 07:15:50', 5, '2025-10-22 19:46:20', '', NULL, NULL, 0.00, 'percent', 0.00, 0.00, 0.00, 0.00, 0.00, 0.00, 0.00),
(95, 8, 'no', 'group1', 5, '2025-10-13 07:43:14', 5, '2025-12-06 17:31:16', '', NULL, NULL, 1000.00, 'percent', 0.00, 0.00, 1000.00, 0.00, 1000.00, 0.00, 1000.00),
(96, 11, 'canceled', 'group1', 5, '2025-10-13 22:35:02', 5, '2025-10-22 19:46:09', '', NULL, NULL, 0.00, 'percent', 0.00, 0.00, 0.00, 0.00, 0.00, 0.00, 0.00),
(97, 8, 'no', 'group1', 5, '2025-10-13 23:08:46', 5, '2025-11-09 16:29:25', '', NULL, NULL, 0.00, 'percent', 0.00, 0.00, 0.00, 0.00, 0.00, 0.00, 0.00),
(98, 11, 'canceled', 'group1', 5, '2025-10-13 23:09:17', 5, '2025-10-22 19:46:03', '', NULL, NULL, 0.00, 'percent', 0.00, 0.00, 0.00, 0.00, 0.00, 0.00, 0.00),
(99, 8, 'canceled', 'group1', 5, '2025-10-13 23:09:35', 5, '2025-10-15 19:56:54', '', NULL, NULL, 0.00, 'percent', 0.00, 0.00, 0.00, 0.00, 0.00, 0.00, 0.00),
(100, 8, 'canceled', 'group1', 5, '2025-10-22 08:44:52', 5, '2025-12-06 17:31:16', '', NULL, NULL, 0.00, 'percent', 0.00, 0.00, 0.00, 0.52, -0.52, 0.00, 0.00),
(101, 9, 'no', 'group1', 5, '2025-10-23 12:23:17', 5, '2025-12-06 17:31:16', '', NULL, NULL, 40.00, 'percent', 0.00, 0.00, 40.00, 20.00, 20.00, 0.00, 40.00),
(102, 8, 'no', 'group1', 5, '2025-10-23 12:28:28', 5, '2025-12-06 17:31:16', '', NULL, NULL, 20.00, 'percent', 0.00, 0.00, 20.00, 10.00, 10.00, 0.00, 20.00),
(103, 8, 'no', 'group1', 5, '2025-10-23 12:30:33', 5, '2025-11-09 16:29:19', '', NULL, NULL, 0.00, 'percent', 0.00, 0.00, 0.00, 0.00, 0.00, 0.00, 0.00),
(104, 8, 'no', 'group1', 5, '2025-10-23 13:13:10', 5, '2025-12-06 17:31:16', '', NULL, NULL, 20.00, 'percent', 0.00, 0.00, 20.00, 10.00, 10.00, 0.00, 20.00),
(105, 9, 'canceled', 'group1', 5, '2025-10-23 19:01:15', 5, '2025-12-06 17:31:16', '', NULL, NULL, 100.00, 'percent', 0.00, 0.00, 100.00, 18.00, 82.00, 0.00, 100.00),
(106, 11, 'canceled', 'group1', 5, '2025-10-23 19:06:04', 5, '2025-12-06 17:31:16', '', NULL, NULL, 200.00, 'percent', 0.00, 0.00, 200.00, 62.50, 137.50, 0.00, 200.00),
(107, 8, 'no', 'group1', 5, '2025-10-24 11:17:38', 5, '2025-12-06 17:31:16', '', NULL, NULL, 200.00, 'percent', 0.00, 0.00, 200.00, 100.00, 100.00, 0.00, 200.00),
(108, 11, 'no', 'group1', 5, '2025-10-24 11:19:05', 5, '2025-12-06 17:31:16', '', NULL, NULL, 1400.00, 'percent', 0.00, 0.00, 1400.00, 700.00, 700.00, 0.00, 1400.00),
(109, 9, 'no', 'group1', 5, '2025-10-25 04:18:30', 5, '2025-12-06 17:31:16', '', NULL, NULL, 400.00, 'percent', 0.00, 0.00, 400.00, 140.00, 260.00, 0.00, 400.00),
(110, 11, 'no', 'group1', 5, '2025-10-25 04:27:44', 5, '2025-12-06 17:31:16', '', NULL, NULL, 200.00, 'percent', 0.00, 0.00, 200.00, 83.33, 116.67, 0.00, 200.00),
(111, 8, 'no', 'group1', 5, '2025-10-25 04:56:10', 5, '2025-12-06 17:31:16', '', NULL, NULL, 400.00, 'percent', 0.00, 0.00, 400.00, 36.00, 364.00, 0.00, 400.00),
(112, 11, 'canceled', 'group1', 5, '2025-10-25 05:04:30', 5, '2025-12-06 17:31:16', '', NULL, NULL, 400.00, 'percent', 0.00, 0.00, 400.00, 80.00, 320.00, 0.00, 400.00),
(113, 8, 'canceled', 'group1', 5, '2025-10-25 05:05:40', 5, '2025-12-06 17:31:16', '', NULL, NULL, 100.00, 'percent', 0.00, 0.00, 100.00, 26.00, 74.00, 0.00, 100.00),
(114, 8, 'canceled', 'group1', 5, '2025-10-25 05:24:17', 5, '2025-12-06 17:31:16', '', NULL, NULL, 400.00, 'percent', 0.00, 0.00, 400.00, 104.00, 296.00, 0.00, 400.00),
(115, 8, 'canceled', 'group1', 5, '2025-10-25 19:23:55', 5, '2025-12-06 17:31:16', '', NULL, NULL, 100.00, 'percent', 0.00, 0.00, 100.00, 20.00, 80.00, 0.00, 100.00),
(116, 8, 'canceled', 'group1', 5, '2025-10-25 21:02:14', 5, '2025-12-06 17:31:16', '', NULL, NULL, 100.00, 'percent', 0.00, 0.00, 100.00, 10.00, 90.00, 0.00, 100.00),
(117, 8, 'canceled', 'group1', 5, '2025-10-25 21:06:15', 5, '2025-12-06 17:31:16', '', NULL, NULL, 100.00, 'percent', 0.00, 0.00, 100.00, 10.00, 90.00, 0.00, 100.00),
(118, 8, 'canceled', 'group1', 5, '2025-10-25 21:17:13', 5, '2025-12-06 17:31:16', '', NULL, NULL, 200.00, 'percent', 0.00, 0.00, 200.00, 20.00, 180.00, 0.00, 200.00),
(119, 8, 'canceled', 'group1', 5, '2025-10-25 21:22:19', 5, '2025-12-06 17:31:16', '', NULL, NULL, 300.00, 'percent', 0.00, 0.00, 300.00, 60.00, 240.00, 0.00, 300.00),
(120, 11, 'no', 'group1', 5, '2025-10-25 21:33:43', 5, '2025-12-06 17:31:16', '', NULL, NULL, 300.00, 'percent', 0.00, 0.00, 300.00, 30.00, 270.00, 0.00, 300.00),
(121, 8, 'no', 'group1', 5, '2025-10-25 22:17:39', 5, '2025-12-06 17:31:16', '', NULL, NULL, 80.00, 'percent', 0.00, 0.00, 80.00, 50.00, 30.00, 0.00, 80.00),
(122, 8, 'no', 'group1', 5, '2025-10-26 10:49:44', 5, '2025-12-06 17:31:16', '', NULL, NULL, 1100.00, 'percent', 0.00, 0.00, 1100.00, 910.03, 189.97, 0.00, 1100.00);

-- --------------------------------------------------------

--
-- Table structure for table `invoice_cancellations`
--

CREATE TABLE `invoice_cancellations` (
  `id` int(11) NOT NULL,
  `invoice_out_id` int(11) NOT NULL,
  `cancelled_by` int(11) NOT NULL,
  `cancelled_at` datetime NOT NULL DEFAULT current_timestamp(),
  `reason` text DEFAULT NULL,
  `total_restored_qty` decimal(12,3) DEFAULT 0.000
) ENGINE=InnoDB DEFAULT CHARSET=utf8mb4 COLLATE=utf8mb4_general_ci;

--
-- Dumping data for table `invoice_cancellations`
--

INSERT INTO `invoice_cancellations` (`id`, `invoice_out_id`, `cancelled_by`, `cancelled_at`, `reason`, `total_restored_qty`) VALUES
(1, 5, 5, '2025-10-02 18:26:15', ',', 0.100),
(2, 6, 5, '2025-10-05 10:26:31', '1\r\n/.,mn', 0.800),
(3, 99, 5, '2025-10-15 22:56:54', '0', 2.000),
(4, 100, 5, '2025-10-22 21:06:58', '\';lkjhgfd', 4.000),
(5, 98, 5, '2025-10-22 22:46:03', ';lkjmnb', 0.000),
(6, 96, 5, '2025-10-22 22:46:09', ';lkn', 2.000),
(7, 94, 5, '2025-10-22 22:46:20', 'nn', 0.000),
(8, 106, 5, '2025-10-25 07:17:36', 'i,', 3.000),
(9, 105, 5, '2025-10-25 07:54:44', 'n', 5.000),
(10, 112, 5, '2025-10-25 08:04:51', 'وةى', 4.000),
(11, 113, 5, '2025-10-25 08:23:58', 'وةى', 1.000),
(12, 114, 5, '2025-10-25 22:22:32', 'dpvf', 4.000),
(13, 115, 5, '2025-10-26 00:01:33', 'km', 1.000),
(14, 117, 5, '2025-10-26 00:13:19', ',', 1.000),
(15, 116, 5, '2025-10-26 00:13:28', ',', 1.000),
(16, 118, 5, '2025-10-26 00:21:33', 'jhn', 2.000),
(17, 119, 5, '2025-10-26 00:33:18', 'jn', 3.000),
(18, 133, 5, '2025-11-06 16:02:22', 'ى', 7.000),
(19, 126, 5, '2025-11-09 15:00:40', 'm', 1.000);

-- --------------------------------------------------------

--
-- Table structure for table `invoice_cancellation_allocations`
--

CREATE TABLE `invoice_cancellation_allocations` (
  `id` int(11) NOT NULL,
  `cancellation_id` int(11) NOT NULL,
  `sale_item_allocation_id` int(11) NOT NULL,
  `batch_id` int(11) NOT NULL,
  `qty_restored` decimal(12,3) NOT NULL,
  `unit_cost` decimal(12,4) DEFAULT NULL
) ENGINE=InnoDB DEFAULT CHARSET=utf8mb4 COLLATE=utf8mb4_general_ci;

--
-- Dumping data for table `invoice_cancellation_allocations`
--

INSERT INTO `invoice_cancellation_allocations` (`id`, `cancellation_id`, `sale_item_allocation_id`, `batch_id`, `qty_restored`, `unit_cost`) VALUES
(1, 1, 5, 2, 0.100, 75.0000),
(2, 2, 6, 2, 0.800, 75.0000),
(3, 3, 70, 6, 2.000, 0.0000),
(4, 4, 71, 5, 2.000, 0.0000),
(5, 4, 72, 12, 1.000, 0.0000),
(6, 4, 73, 13, 1.000, 0.5200),
(7, 6, 66, 9, 1.000, 0.0000),
(8, 6, 67, 8, 1.000, 0.0000),
(9, 8, 86, 18, 3.000, 50.0000),
(10, 9, 82, 15, 3.000, 10.0000),
(11, 9, 83, 16, 1.000, 10.0000),
(12, 9, 84, 17, 1.000, 50.0000),
(13, 10, 98, 21, 3.000, 10.0000),
(14, 10, 99, 22, 1.000, 50.0000),
(15, 11, 100, 21, 1.000, 10.0000),
(16, 12, 102, 21, 3.000, 10.0000),
(17, 12, 103, 22, 1.000, 50.0000),
(18, 13, 104, 21, 1.000, 10.0000),
(19, 14, 108, 21, 1.000, 10.0000),
(20, 15, 106, 21, 1.000, 10.0000),
(21, 16, 110, 21, 2.000, 10.0000),
(22, 17, 112, 21, 3.000, 10.0000),
(23, 18, 126, 20, 5.000, 100.0000),
(24, 18, 127, 30, 2.000, 250.0000),
(25, 19, 119, 14, 1.000, 10.0000);

-- --------------------------------------------------------

--
-- Table structure for table `invoice_out_items`
--

CREATE TABLE `invoice_out_items` (
  `id` int(11) NOT NULL COMMENT 'المعرف التلقائي لبند الفاتورة',
  `invoice_out_id` int(11) NOT NULL COMMENT 'معرف الفاتورة الصادرة (مفتاح أجنبي لجدول invoices_out)',
  `product_id` int(11) NOT NULL COMMENT 'معرف المنتج (مفتاح أجنبي لجدول products)',
  `quantity` decimal(10,2) NOT NULL COMMENT 'الكمية المباعة من المنتج',
  `total_price` decimal(10,2) NOT NULL COMMENT 'السعر الإجمالي للبند (الكمية * سعر الوحدة)',
  `cost_price_per_unit` decimal(10,2) NOT NULL DEFAULT 0.00,
  `created_at` timestamp NOT NULL DEFAULT current_timestamp() COMMENT 'تاريخ إضافة البند',
  `updated_at` timestamp NULL DEFAULT NULL ON UPDATE current_timestamp() COMMENT 'تاريخ آخر تعديل للبند',
  `selling_price` decimal(10,2) NOT NULL,
  `price_type` enum('retail','wholesale') NOT NULL DEFAULT 'wholesale',
  `returned_quantity` decimal(10,2) NOT NULL DEFAULT 0.00 COMMENT 'الكمية المرتجعة',
  `return_flag` tinyint(1) GENERATED ALWAYS AS (case when `returned_quantity` = `quantity` then 1 else 0 end) STORED COMMENT '1 إذا تم إرجاع البند بالكامل (تمام)، 0 جزئي',
  `available_for_return` decimal(10,2) GENERATED ALWAYS AS (`quantity` - `returned_quantity`) STORED COMMENT 'الكمية المتاحة للمرتجع'
) ENGINE=InnoDB DEFAULT CHARSET=utf8mb4 COLLATE=utf8mb4_unicode_ci;

--
-- Dumping data for table `invoice_out_items`
--

INSERT INTO `invoice_out_items` (`id`, `invoice_out_id`, `product_id`, `quantity`, `total_price`, `cost_price_per_unit`, `created_at`, `updated_at`, `selling_price`, `price_type`, `returned_quantity`) VALUES
(1, 1, 34, 0.50, 60.00, 80.00, '2025-10-01 14:16:06', '2025-12-06 15:59:39', 120.00, 'wholesale', 0.00),
(2, 2, 35, 0.10, 15.00, 75.00, '2025-10-01 14:20:00', '2025-12-06 15:59:39', 150.00, 'wholesale', 0.00),
(3, 3, 34, 0.25, 30.00, 80.00, '2025-10-01 14:47:14', '2025-12-06 15:59:39', 120.00, 'wholesale', 0.00),
(4, 4, 35, 0.10, 15.00, 75.00, '2025-10-01 14:48:03', '2025-12-06 15:59:39', 150.00, 'wholesale', 0.00),
(5, 5, 35, 0.10, 10.00, 75.00, '2025-10-02 15:25:59', '2025-12-06 15:59:39', 100.00, 'wholesale', 0.00),
(6, 6, 35, 0.80, 80.00, 75.00, '2025-10-05 07:25:17', '2025-12-06 15:59:39', 100.00, 'wholesale', 0.00),
(7, 7, 35, 0.80, 80.00, 75.00, '2025-10-11 14:51:23', '2025-12-06 15:59:39', 100.00, 'wholesale', 0.00),
(8, 8, 34, 1.00, 100.00, 80.00, '2025-10-11 15:05:28', '2025-12-06 15:59:39', 100.00, 'wholesale', 0.00),
(9, 9, 34, 0.20, 20.00, 80.00, '2025-10-11 15:05:57', '2025-12-06 15:59:39', 100.00, 'wholesale', 0.00),
(10, 21, 34, 0.05, 5.00, 80.00, '2025-10-11 15:12:51', '2025-12-06 15:59:39', 100.00, 'wholesale', 0.00),
(14, 33, 25, 1.00, 0.00, 0.00, '2025-10-11 15:36:00', NULL, 0.00, 'wholesale', 0.00),
(15, 38, 25, 1.00, 0.00, 0.00, '2025-10-11 15:42:48', NULL, 0.00, 'wholesale', 0.00),
(16, 39, 25, 1.00, 0.00, 0.00, '2025-10-11 15:43:16', NULL, 0.00, 'wholesale', 0.00),
(17, 43, 25, 1.00, 0.00, 0.00, '2025-10-11 16:01:07', NULL, 0.00, 'wholesale', 0.00),
(18, 44, 25, 1.00, 0.00, 0.00, '2025-10-11 16:01:31', NULL, 0.00, 'wholesale', 0.00),
(19, 45, 25, 1.00, 0.00, 0.00, '2025-10-11 16:03:14', NULL, 0.00, 'wholesale', 0.00),
(20, 47, 25, 1.00, 0.00, 0.00, '2025-10-11 16:13:54', NULL, 0.00, 'wholesale', 0.00),
(21, 48, 25, 1.00, 0.00, 0.00, '2025-10-11 16:20:14', NULL, 0.00, 'wholesale', 0.00),
(22, 50, 25, 1.00, 0.00, 0.00, '2025-10-11 16:20:49', NULL, 0.00, 'wholesale', 0.00),
(23, 51, 25, 1.00, 0.00, 0.00, '2025-10-11 16:21:00', NULL, 0.00, 'wholesale', 0.00),
(24, 53, 25, 1.00, 0.00, 0.00, '2025-10-11 16:22:11', NULL, 0.00, 'wholesale', 0.00),
(25, 56, 25, 1.00, 0.00, 0.00, '2025-10-11 16:23:17', NULL, 0.00, 'wholesale', 0.00),
(26, 57, 25, 1.00, 0.00, 0.00, '2025-10-11 16:23:30', NULL, 0.00, 'wholesale', 0.00),
(27, 58, 25, 1.00, 0.00, 0.00, '2025-10-11 16:24:15', NULL, 0.00, 'wholesale', 0.00),
(28, 59, 25, 1.00, 0.00, 0.00, '2025-10-11 16:24:33', NULL, 0.00, 'wholesale', 0.00),
(29, 61, 25, 1.00, 0.00, 0.00, '2025-10-11 16:25:01', NULL, 0.00, 'wholesale', 0.00),
(30, 64, 25, 1.00, 0.00, 0.00, '2025-10-11 16:26:09', NULL, 0.00, 'wholesale', 0.00),
(31, 65, 25, 1.00, 0.00, 0.00, '2025-10-11 16:26:45', NULL, 0.00, 'wholesale', 0.00),
(32, 67, 25, 1.00, 0.00, 0.00, '2025-10-11 16:28:12', NULL, 0.00, 'wholesale', 0.00),
(33, 70, 25, 1.00, 0.00, 0.00, '2025-10-11 23:19:57', NULL, 0.00, 'wholesale', 0.00),
(34, 71, 25, 1.00, 0.00, 0.00, '2025-10-11 23:26:21', NULL, 0.00, 'wholesale', 0.00),
(35, 75, 25, 1.00, 0.00, 0.00, '2025-10-11 23:36:25', NULL, 0.00, 'wholesale', 0.00),
(36, 76, 25, 1.00, 0.00, 0.00, '2025-10-12 00:14:35', NULL, 0.00, 'wholesale', 0.00),
(37, 77, 25, 1.00, 0.00, 0.00, '2025-10-12 00:15:09', NULL, 0.00, 'wholesale', 0.00),
(38, 78, 25, 1.00, 520.00, 0.00, '2025-10-12 00:15:50', '2025-12-06 15:59:39', 520.00, 'wholesale', 0.00),
(39, 79, 25, 1.00, 0.00, 0.00, '2025-10-12 00:16:25', NULL, 0.00, 'wholesale', 0.00),
(40, 80, 25, 1.00, 0.00, 0.00, '2025-10-12 00:20:38', NULL, 0.00, 'wholesale', 0.00),
(41, 83, 25, 1.00, 0.00, 0.00, '2025-10-12 00:23:04', NULL, 0.00, 'wholesale', 0.00),
(42, 87, 25, 2.00, 0.00, 0.00, '2025-10-12 16:30:18', NULL, 0.00, 'wholesale', 0.00),
(43, 88, 25, 1.00, 0.00, 0.00, '2025-10-12 16:30:41', NULL, 0.00, 'wholesale', 0.00),
(44, 89, 25, 1.00, 0.00, 0.00, '2025-10-12 16:31:26', NULL, 0.00, 'wholesale', 0.00),
(45, 90, 25, 1.00, 0.00, 0.00, '2025-10-12 16:37:46', NULL, 0.00, 'wholesale', 0.00),
(46, 91, 25, 1.00, 0.00, 0.00, '2025-10-12 16:55:43', NULL, 0.00, 'wholesale', 0.00),
(47, 91, 19, 1.00, 0.00, 0.00, '2025-10-12 16:55:43', NULL, 0.00, 'wholesale', 0.00),
(48, 91, 18, 1.00, 0.00, 0.00, '2025-10-12 16:55:43', NULL, 0.00, 'wholesale', 0.00),
(49, 91, 20, 1.00, 0.00, 0.00, '2025-10-12 16:55:43', NULL, 0.00, 'wholesale', 0.00),
(50, 92, 25, 1.00, 0.00, 0.00, '2025-10-12 17:08:50', NULL, 0.00, 'wholesale', 0.00),
(51, 92, 20, 1.00, 0.00, 0.00, '2025-10-12 17:08:50', NULL, 0.00, 'wholesale', 0.00),
(52, 92, 19, 1.00, 0.00, 0.00, '2025-10-12 17:08:50', NULL, 0.00, 'wholesale', 0.00),
(53, 92, 18, 1.00, 0.00, 0.00, '2025-10-12 17:08:50', NULL, 0.00, 'wholesale', 0.00),
(54, 92, 13, 1.00, 0.00, 0.00, '2025-10-12 17:08:50', NULL, 0.00, 'wholesale', 0.00),
(55, 92, 12, 1.00, 0.00, 0.00, '2025-10-12 17:08:50', NULL, 0.00, 'wholesale', 0.00),
(56, 92, 11, 1.00, 0.00, 0.00, '2025-10-12 17:08:50', NULL, 0.00, 'wholesale', 0.00),
(57, 92, 10, 1.00, 0.00, 0.00, '2025-10-12 17:08:50', NULL, 0.00, 'wholesale', 0.00),
(65, 95, 25, 4.00, 1000.00, 0.00, '2025-10-13 07:43:14', '2025-12-06 15:59:39', 250.00, 'wholesale', 0.00),
(66, 96, 11, 1.00, 0.00, 0.00, '2025-10-13 22:35:02', NULL, 0.00, 'wholesale', 0.00),
(67, 96, 10, 2.00, 0.00, 0.00, '2025-10-13 22:35:02', '2025-10-15 20:18:30', 0.00, 'wholesale', 0.00),
(70, 99, 25, 2.00, 0.00, 0.00, '2025-10-13 23:09:35', NULL, 0.00, 'wholesale', 0.00),
(71, 100, 20, 2.00, 0.00, 0.00, '2025-10-22 08:44:52', NULL, 0.00, 'wholesale', 0.00),
(72, 100, 18, 2.00, 0.00, 0.26, '2025-10-22 08:44:52', NULL, 0.00, 'wholesale', 0.00),
(73, 101, 36, 2.00, 40.00, 10.00, '2025-10-23 12:23:17', '2025-12-06 15:59:39', 20.00, 'wholesale', 0.00),
(74, 102, 36, 1.00, 20.00, 10.00, '2025-10-23 12:28:28', '2025-12-06 15:59:39', 20.00, 'wholesale', 0.00),
(76, 103, 25, 1.00, 0.00, 0.00, '2025-10-23 12:30:33', '2025-10-25 05:12:48', 0.00, 'wholesale', 0.00),
(77, 104, 36, 1.00, 20.00, 10.00, '2025-10-23 13:13:10', '2025-12-06 15:59:39', 20.00, 'wholesale', 0.00),
(80, 105, 36, 1.00, 100.00, 18.00, '2025-10-23 19:01:15', '2025-12-06 15:59:39', 100.00, 'wholesale', 0.00),
(82, 106, 36, 1.00, 200.00, 62.50, '2025-10-23 19:06:04', '2025-12-06 15:59:39', 200.00, 'wholesale', 0.00),
(83, 107, 36, 1.00, 200.00, 100.00, '2025-10-24 11:17:38', '2025-12-06 15:59:39', 200.00, 'wholesale', 0.00),
(84, 108, 36, 7.00, 1400.00, 100.00, '2025-10-24 11:19:05', '2025-12-06 15:59:39', 200.00, 'wholesale', 0.00),
(85, 108, 18, 1.00, 0.00, 0.00, '2025-10-24 11:19:05', NULL, 0.00, 'wholesale', 0.00),
(86, 109, 36, 2.00, 400.00, 70.00, '2025-10-25 04:18:30', '2025-12-06 15:59:39', 200.00, 'wholesale', 0.00),
(87, 110, 36, 1.00, 200.00, 83.33, '2025-10-25 04:27:44', '2025-12-06 15:59:39', 200.00, 'wholesale', 0.00),
(88, 111, 36, 2.00, 400.00, 18.00, '2025-10-25 04:56:10', '2025-12-06 15:59:39', 200.00, 'wholesale', 0.00),
(89, 112, 37, 4.00, 400.00, 20.00, '2025-10-25 05:04:30', '2025-12-06 15:59:39', 100.00, 'wholesale', 0.00),
(90, 113, 37, 1.00, 100.00, 26.00, '2025-10-25 05:05:40', '2025-12-06 15:59:39', 100.00, 'wholesale', 0.00),
(91, 114, 37, 4.00, 400.00, 26.00, '2025-10-25 05:24:17', '2025-12-06 15:59:39', 100.00, 'wholesale', 0.00),
(92, 115, 37, 1.00, 100.00, 20.00, '2025-10-25 19:23:55', '2025-12-06 15:59:39', 100.00, 'wholesale', 0.00),
(93, 116, 37, 1.00, 100.00, 10.00, '2025-10-25 21:02:14', '2025-12-06 15:59:39', 100.00, 'wholesale', 0.00),
(94, 117, 37, 1.00, 100.00, 10.00, '2025-10-25 21:06:16', '2025-12-06 15:59:39', 100.00, 'wholesale', 0.00),
(95, 118, 37, 2.00, 200.00, 10.00, '2025-10-25 21:17:13', '2025-12-06 15:59:39', 100.00, 'wholesale', 0.00),
(96, 119, 37, 3.00, 300.00, 20.00, '2025-10-25 21:22:19', '2025-12-06 15:59:39', 100.00, 'wholesale', 0.00),
(97, 120, 37, 3.00, 300.00, 10.00, '2025-10-25 21:33:43', '2025-12-06 15:59:39', 100.00, 'wholesale', 0.00),
(98, 121, 37, 1.00, 80.00, 50.00, '2025-10-25 22:17:39', '2025-12-06 15:59:39', 80.00, 'wholesale', 0.00),
(99, 122, 37, 11.00, 1100.00, 82.73, '2025-10-26 10:49:44', '2025-12-06 15:59:39', 100.00, 'wholesale', 0.00),
(100, 126, 36, 1.00, 20.00, 10.00, '2025-11-03 19:43:19', '2025-12-06 15:59:39', 20.00, 'wholesale', 0.00),
(101, 127, 36, 1.00, 20.00, 10.00, '2025-11-03 19:55:26', '2025-12-06 15:59:39', 20.00, 'wholesale', 0.00),
(102, 128, 36, 1.00, 20.00, 10.00, '2025-11-03 20:26:02', '2025-12-06 15:59:39', 20.00, 'wholesale', 0.00),
(103, 129, 36, 1.00, 20.00, 10.00, '2025-11-05 12:57:23', '2025-12-06 15:59:39', 20.00, 'wholesale', 0.00),
(104, 130, 36, 1.00, 20.00, 50.00, '2025-11-05 12:57:35', '2025-12-06 15:59:39', 20.00, 'wholesale', 0.00),
(105, 131, 39, 1.00, 20.00, 10.00, '2025-11-05 15:14:47', '2025-12-06 15:59:39', 20.00, 'wholesale', 0.00),
(106, 132, 39, 1.00, 150.00, 10.00, '2025-11-05 22:39:18', '2025-12-06 15:59:39', 150.00, 'wholesale', 0.00),
(107, 133, 36, 7.00, 140.00, 142.86, '2025-11-06 10:55:45', '2025-12-06 15:59:39', 20.00, 'wholesale', 0.00),
(108, 134, 40, 11.00, 1650.00, 20.91, '2025-11-08 16:02:18', '2025-12-06 15:59:39', 150.00, 'wholesale', 0.00),
(109, 136, 41, 10.00, 110.00, 10.00, '2025-11-08 17:20:39', '2025-12-06 15:59:39', 11.00, 'wholesale', 0.00),
(110, 137, 41, 6.00, 84.00, 10.33, '2025-11-08 17:41:11', '2025-12-06 15:59:39', 14.00, 'wholesale', 0.00),
(111, 138, 41, 1.00, 14.00, 12.00, '2025-11-09 10:21:43', '2025-12-06 15:59:39', 14.00, 'wholesale', 0.00),
(112, 139, 39, 1.00, 20.00, 10.00, '2025-11-09 15:10:19', '2025-12-06 15:59:39', 20.00, 'wholesale', 0.00),
(114, 140, 36, 1.00, 100.00, 10.00, '2025-11-09 21:18:16', '2025-12-06 15:59:39', 100.00, 'wholesale', 0.00),
(115, 153, 42, 1.00, 1100.00, 100.00, '2025-11-17 18:07:01', '2025-12-06 15:59:39', 1100.00, 'wholesale', 0.00),
(116, 154, 36, 1.00, 120.00, 100.00, '2025-11-17 18:10:57', '2025-12-06 15:59:39', 120.00, 'retail', 0.00),
(117, 155, 36, 1.00, 20.00, 100.00, '2025-11-17 18:13:19', '2025-12-06 15:59:39', 20.00, 'wholesale', 0.00),
(118, 156, 36, 1.00, 20.00, 100.00, '2025-11-17 18:15:08', '2025-12-06 15:59:39', 20.00, 'wholesale', 0.00),
(119, 157, 42, 1.00, 1200.00, 100.00, '2025-11-17 18:48:12', '2025-12-06 15:59:39', 1200.00, 'retail', 0.00),
(120, 158, 36, 1.00, 20.00, 100.00, '2025-11-17 18:55:57', '2025-12-06 15:59:39', 20.00, 'wholesale', 0.00),
(121, 159, 36, 3.00, 60.00, 200.00, '2025-11-17 19:00:54', '2025-12-06 15:59:39', 20.00, 'wholesale', 0.00),
(122, 160, 42, 1.00, 1200.00, 100.00, '2025-11-17 19:01:59', '2025-12-06 15:59:39', 1200.00, 'retail', 0.00),
(123, 161, 42, 1.00, 1200.00, 100.00, '2025-11-17 21:30:18', '2025-12-06 15:59:39', 1200.00, 'retail', 0.00),
(126, 164, 43, 1.00, 20.00, 10.00, '2025-11-17 22:49:46', '2025-12-06 15:59:39', 20.00, 'wholesale', 0.00),
(127, 165, 42, 1.00, 1100.00, 100.00, '2025-11-17 22:51:19', '2025-12-06 15:59:39', 1100.00, 'wholesale', 0.00),
(128, 166, 42, 1.00, 1200.00, 100.00, '2025-11-18 09:37:07', '2025-12-06 15:59:39', 1200.00, 'retail', 0.00),
(129, 167, 42, 2.00, 2400.00, 100.00, '2025-11-18 10:24:10', '2025-12-06 15:59:39', 1200.00, 'retail', 0.00),
(130, 168, 42, 5.00, 6000.00, 100.00, '2025-11-18 10:26:34', '2025-12-06 15:59:39', 1200.00, 'retail', 0.00),
(131, 169, 41, 5.00, 70.00, 5.00, '2025-11-18 10:29:43', '2025-12-06 15:59:39', 14.00, 'wholesale', 0.00),
(132, 170, 42, 5.00, 5500.00, 100.00, '2025-11-18 10:32:42', '2025-12-06 15:59:39', 1100.00, 'wholesale', 0.00),
(133, 171, 42, 1.00, 1100.00, 100.00, '2025-11-18 10:37:09', '2025-12-06 15:59:39', 1100.00, 'wholesale', 0.00),
(134, 172, 40, 1.00, 150.00, 30.00, '2025-11-18 10:42:40', '2025-12-06 15:59:39', 150.00, 'retail', 0.00),
(135, 173, 42, 1.00, 1100.00, 100.00, '2025-11-18 10:48:55', '2025-12-06 15:59:39', 1100.00, 'wholesale', 0.00),
(136, 174, 41, 2.00, 400.00, 5.00, '2025-11-18 11:30:58', '2025-12-06 15:59:39', 200.00, 'wholesale', 0.00),
(137, 175, 41, 1.00, 14.00, 5.00, '2025-11-18 11:31:31', '2025-12-06 15:59:39', 14.00, 'wholesale', 0.00),
(138, 176, 41, 1.00, 14.00, 5.00, '2025-11-18 11:32:24', '2025-12-06 15:59:39', 14.00, 'wholesale', 0.00),
(139, 177, 42, 2.00, 2200.00, 100.00, '2025-11-18 11:34:13', '2025-12-06 15:59:39', 1100.00, 'wholesale', 0.00),
(140, 178, 43, 1.00, 20.00, 10.00, '2025-11-18 11:35:31', '2025-12-06 15:59:39', 20.00, 'wholesale', 0.00),
(141, 179, 43, 1.00, 20.00, 10.00, '2025-11-18 11:38:36', '2025-12-06 15:59:39', 20.00, 'wholesale', 0.00),
(142, 180, 42, 1.00, 1100.00, 100.00, '2025-11-18 11:44:30', '2025-12-06 15:59:39', 1100.00, 'wholesale', 0.00),
(143, 181, 43, 1.00, 20.00, 10.00, '2025-11-18 11:45:04', '2025-12-06 15:59:39', 20.00, 'wholesale', 0.00),
(144, 182, 42, 1.00, 1200.00, 100.00, '2025-11-18 11:45:40', '2025-12-06 15:59:39', 1200.00, 'retail', 0.00),
(145, 183, 42, 1.00, 1200.00, 100.00, '2025-11-18 11:45:50', '2025-12-06 15:59:39', 1200.00, 'retail', 0.00),
(146, 184, 43, 1.00, 20.00, 10.00, '2025-11-18 11:52:29', '2025-12-06 15:59:39', 20.00, 'wholesale', 0.00),
(147, 185, 42, 1.00, 1100.00, 100.00, '2025-11-18 11:55:33', '2025-12-06 15:59:39', 1100.00, 'wholesale', 0.00),
(148, 186, 42, 1.00, 1200.00, 100.00, '2025-11-18 11:57:54', '2025-12-06 15:59:39', 1200.00, 'retail', 0.00),
(149, 187, 42, 1.00, 1200.00, 100.00, '2025-11-18 11:59:08', '2025-12-06 15:59:39', 1200.00, 'retail', 0.00),
(150, 188, 42, 1.00, 1100.00, 100.00, '2025-11-18 12:01:00', '2025-12-06 15:59:39', 1100.00, 'wholesale', 0.00),
(151, 189, 42, 1.00, 1100.00, 100.00, '2025-11-18 12:03:48', '2025-12-06 15:59:39', 1100.00, 'wholesale', 0.00),
(152, 190, 42, 1.00, 1100.00, 100.00, '2025-11-18 12:07:41', '2025-12-06 15:59:39', 1100.00, 'wholesale', 0.00),
(153, 191, 42, 1.00, 1100.00, 100.00, '2025-11-18 12:13:02', '2025-12-06 15:59:39', 1100.00, 'wholesale', 0.00),
(154, 192, 42, 1.00, 1100.00, 100.00, '2025-11-18 12:13:29', '2025-12-06 15:59:39', 1100.00, 'wholesale', 0.00),
(155, 193, 42, 1.00, 1100.00, 100.00, '2025-11-18 12:19:45', '2025-12-06 15:59:39', 1100.00, 'wholesale', 0.00),
(156, 194, 42, 1.00, 1200.00, 100.00, '2025-11-18 12:26:55', '2025-12-06 15:59:39', 1200.00, 'retail', 0.00),
(157, 195, 42, 1.00, 1200.00, 100.00, '2025-11-18 12:29:16', '2025-12-06 15:59:39', 1200.00, 'retail', 0.00),
(158, 196, 42, 1.00, 1200.00, 100.00, '2025-11-18 12:36:52', '2025-12-06 15:59:39', 1200.00, 'retail', 0.00),
(159, 197, 42, 1.00, 1100.00, 100.00, '2025-11-18 12:37:31', '2025-12-06 15:59:39', 1100.00, 'wholesale', 0.00),
(160, 198, 43, 1.00, 20.00, 10.00, '2025-11-18 12:42:04', '2025-12-06 15:59:39', 20.00, 'wholesale', 0.00),
(161, 199, 42, 1.00, 1100.00, 100.00, '2025-11-18 13:25:54', '2025-12-06 15:59:39', 1100.00, 'wholesale', 0.00),
(162, 200, 42, 1.00, 1100.00, 100.00, '2025-11-18 13:27:36', '2025-12-06 15:59:39', 1100.00, 'wholesale', 0.00),
(163, 201, 43, 1.00, 1000.00, 10.00, '2025-11-18 13:29:40', '2025-12-06 15:59:39', 1000.00, 'wholesale', 0.00),
(164, 202, 43, 1.00, 50.00, 10.00, '2025-11-18 13:30:57', '2025-12-06 15:59:39', 50.00, 'wholesale', 0.00),
(165, 203, 42, 1.00, 1100.00, 100.00, '2025-11-18 13:31:49', '2025-12-06 15:59:39', 1100.00, 'wholesale', 0.00),
(166, 204, 42, 1.00, 1100.00, 100.00, '2025-11-18 13:47:32', '2025-12-06 15:59:39', 1100.00, 'wholesale', 0.00),
(167, 205, 43, 1.00, 20.00, 10.00, '2025-11-18 13:48:29', '2025-12-06 15:59:39', 20.00, 'wholesale', 0.00),
(168, 206, 42, 1.00, 1200.00, 100.00, '2025-11-18 13:49:12', '2025-12-06 15:59:39', 1200.00, 'retail', 0.00),
(169, 207, 42, 1.00, 1200.00, 100.00, '2025-11-18 13:53:01', '2025-12-06 15:59:39', 1200.00, 'retail', 0.00),
(170, 208, 42, 1.00, 1200.00, 100.00, '2025-11-18 13:54:37', '2025-12-06 15:59:39', 1200.00, 'retail', 0.00),
(171, 209, 42, 1.00, 1100.00, 100.00, '2025-11-18 13:57:25', '2025-12-06 15:59:39', 1100.00, 'wholesale', 0.00),
(172, 210, 42, 1.00, 1200.00, 100.00, '2025-11-18 14:01:02', '2025-12-06 15:59:39', 1200.00, 'retail', 0.00),
(173, 211, 42, 1.00, 1200.00, 100.00, '2025-11-18 14:04:40', '2025-12-06 15:59:39', 1200.00, 'retail', 0.00),
(174, 212, 42, 1.00, 1200.00, 100.00, '2025-11-18 14:09:51', '2025-12-06 15:59:39', 1200.00, 'retail', 0.00),
(175, 213, 42, 1.00, 1100.00, 100.00, '2025-11-18 14:11:41', '2025-12-06 15:59:39', 1100.00, 'wholesale', 0.00),
(176, 214, 42, 1.00, 1100.00, 1000.00, '2025-11-18 14:26:39', '2025-12-06 15:59:39', 1100.00, 'wholesale', 0.00),
(177, 215, 42, 1.00, 1100.00, 1000.00, '2025-11-18 17:35:18', '2025-12-06 15:59:39', 1100.00, 'wholesale', 0.00),
(178, 216, 45, 1.00, 175.00, 150.00, '2025-11-18 19:41:28', '2025-12-06 15:59:39', 175.00, 'wholesale', 0.00),
(179, 216, 46, 200.00, 600.00, 1.50, '2025-11-18 19:41:28', '2025-12-06 15:59:39', 3.00, 'wholesale', 0.00),
(180, 217, 45, 1.00, 175.00, 150.00, '2025-11-18 19:42:41', '2025-12-06 15:59:39', 175.00, 'wholesale', 0.00),
(181, 218, 45, 1.00, 175.00, 150.00, '2025-11-24 05:06:29', '2025-12-06 15:59:39', 175.00, 'wholesale', 0.00),
(182, 219, 45, 1.00, 175.00, 150.00, '2025-11-24 05:07:11', '2025-12-06 15:59:39', 175.00, 'wholesale', 0.00),
(183, 220, 43, 1.00, 30.00, 10.00, '2025-11-24 05:09:53', '2025-12-06 15:59:39', 30.00, 'retail', 0.00),
(184, 221, 45, 1.00, 175.00, 150.00, '2025-11-24 05:10:42', '2025-12-06 15:59:39', 175.00, 'wholesale', 0.00),
(185, 222, 45, 1.00, 175.00, 150.00, '2025-11-24 05:14:46', '2025-12-06 15:59:39', 175.00, 'wholesale', 0.00),
(186, 223, 45, 1.00, 175.00, 150.00, '2025-11-24 05:16:56', '2025-12-06 15:59:39', 175.00, 'wholesale', 0.00),
(187, 224, 45, 1.00, 175.00, 150.00, '2025-11-24 06:12:06', '2025-12-06 15:59:39', 175.00, 'wholesale', 0.00),
(188, 225, 39, 1.00, 150.00, 10.00, '2025-11-24 06:14:15', '2025-12-06 15:59:39', 150.00, 'retail', 0.00),
(189, 226, 39, 1.00, 150.00, 10.00, '2025-11-24 06:15:13', '2025-12-06 15:59:39', 150.00, 'retail', 0.00),
(190, 227, 41, 1.00, 15.00, 5.00, '2025-11-24 06:20:58', '2025-12-06 15:59:39', 15.00, 'retail', 0.00),
(191, 228, 41, 1.00, 14.00, 6.00, '2025-11-24 06:22:01', '2025-12-06 15:59:39', 14.00, 'wholesale', 0.00),
(192, 229, 39, 1.00, 150.00, 10.00, '2025-11-24 06:26:04', '2025-12-06 15:59:39', 150.00, 'retail', 0.00),
(193, 230, 41, 1.00, 15.00, 6.00, '2025-11-24 06:26:46', '2025-12-06 15:59:39', 15.00, 'retail', 0.00),
(194, 231, 41, 1.00, 14.00, 6.00, '2025-11-24 06:30:33', '2025-12-06 15:59:39', 14.00, 'wholesale', 0.00),
(195, 232, 41, 1.00, 14.00, 6.00, '2025-11-24 06:37:38', '2025-12-06 16:07:54', 14.00, 'wholesale', 0.50),
(196, 233, 41, 1.00, 14.00, 6.00, '2025-11-24 07:02:39', '2025-12-06 16:07:41', 14.00, 'wholesale', 0.20);

-- --------------------------------------------------------

--
-- Table structure for table `invoice_payments`
--

CREATE TABLE `invoice_payments` (
  `id` int(11) NOT NULL,
  `invoice_id` int(11) NOT NULL,
  `payment_amount` decimal(12,2) NOT NULL,
  `payment_date` timestamp NOT NULL DEFAULT current_timestamp(),
  `payment_method` enum('cash','bank_transfer','check','card') DEFAULT 'cash',
  `notes` text DEFAULT NULL,
  `created_by` int(11) NOT NULL,
  `created_at` timestamp NOT NULL DEFAULT current_timestamp(),
  `wallet_before` decimal(12,2) DEFAULT 0.00 COMMENT 'رصيد المحفظة قبل الدفع',
  `wallet_after` decimal(12,2) DEFAULT 0.00 COMMENT 'رصيد المحفظة بعد الدفع',
  `work_order_id` int(11) DEFAULT NULL COMMENT 'ربط بالشغلانة'
) ENGINE=InnoDB DEFAULT CHARSET=utf8mb4 COLLATE=utf8mb4_general_ci;

--
-- Dumping data for table `invoice_payments`
--

INSERT INTO `invoice_payments` (`id`, `invoice_id`, `payment_amount`, `payment_date`, `payment_method`, `notes`, `created_by`, `created_at`, `wallet_before`, `wallet_after`, `work_order_id`) VALUES
(1, 7, 80.00, '2025-11-17 20:41:31', 'cash', 'دفعة تلقائية - ترحيل من النظام القديم', 5, '2025-10-11 14:51:23', 0.00, 0.00, NULL),
(2, 9, 20.00, '2025-11-17 20:41:31', 'cash', 'دفعة تلقائية - ترحيل من النظام القديم', 5, '2025-10-11 15:05:57', 0.00, 0.00, NULL),
(3, 33, 0.00, '2025-11-17 20:41:31', 'cash', 'دفعة تلقائية - ترحيل من النظام القديم', 5, '2025-10-11 15:36:00', 0.00, 0.00, NULL),
(4, 43, 0.00, '2025-11-17 20:41:31', 'cash', 'دفعة تلقائية - ترحيل من النظام القديم', 5, '2025-10-11 16:01:07', 0.00, 0.00, NULL),
(5, 44, 0.00, '2025-11-17 20:41:31', 'cash', 'دفعة تلقائية - ترحيل من النظام القديم', 5, '2025-10-11 16:01:31', 0.00, 0.00, NULL),
(6, 45, 0.00, '2025-11-17 20:41:31', 'cash', 'دفعة تلقائية - ترحيل من النظام القديم', 5, '2025-10-11 16:03:14', 0.00, 0.00, NULL),
(7, 47, 0.00, '2025-11-17 20:41:31', 'cash', 'دفعة تلقائية - ترحيل من النظام القديم', 5, '2025-10-11 16:13:54', 0.00, 0.00, NULL),
(8, 48, 0.00, '2025-11-17 20:41:31', 'cash', 'دفعة تلقائية - ترحيل من النظام القديم', 5, '2025-10-11 16:20:14', 0.00, 0.00, NULL),
(9, 50, 0.00, '2025-11-17 20:41:31', 'cash', 'دفعة تلقائية - ترحيل من النظام القديم', 5, '2025-10-11 16:20:49', 0.00, 0.00, NULL),
(10, 51, 0.00, '2025-11-17 20:41:31', 'cash', 'دفعة تلقائية - ترحيل من النظام القديم', 5, '2025-10-11 16:21:00', 0.00, 0.00, NULL),
(11, 90, 0.00, '2025-11-17 20:41:31', 'cash', 'دفعة تلقائية - ترحيل من النظام القديم', 5, '2025-10-12 16:37:46', 0.00, 0.00, NULL),
(12, 134, 1320.00, '2025-11-17 20:41:31', 'cash', 'دفعة تلقائية - ترحيل من النظام القديم', 5, '2025-11-08 16:02:18', 0.00, 0.00, NULL),
(13, 136, 110.00, '2025-11-17 20:41:31', 'cash', 'دفعة تلقائية - ترحيل من النظام القديم', 5, '2025-11-08 17:20:39', 0.00, 0.00, NULL),
(14, 137, 84.00, '2025-11-17 20:41:31', 'cash', 'دفعة تلقائية - ترحيل من النظام القديم', 5, '2025-11-08 17:41:11', 0.00, 0.00, NULL),
(15, 138, 14.00, '2025-11-17 20:41:31', 'cash', 'دفعة تلقائية - ترحيل من النظام القديم', 5, '2025-11-09 10:21:43', 0.00, 0.00, NULL),
(16, 139, 18.00, '2025-11-17 20:41:31', 'cash', 'دفعة تلقائية - ترحيل من النظام القديم', 5, '2025-11-09 15:10:19', 0.00, 0.00, NULL),
(17, 140, 150.00, '2025-11-17 20:41:31', 'cash', 'دفعة تلقائية - ترحيل من النظام القديم', 5, '2025-11-09 21:18:16', 0.00, 0.00, NULL),
(18, 154, 96.00, '2025-11-17 20:41:31', 'cash', 'دفعة تلقائية - ترحيل من النظام القديم', 5, '2025-11-17 18:10:57', 0.00, 0.00, NULL),
(19, 157, 960.00, '2025-11-17 20:41:31', 'cash', 'دفعة تلقائية - ترحيل من النظام القديم', 5, '2025-11-17 18:48:12', 0.00, 0.00, NULL),
(20, 158, 16.00, '2025-11-17 20:41:31', 'cash', 'دفعة تلقائية - ترحيل من النظام القديم', 5, '2025-11-17 18:55:57', 0.00, 0.00, NULL),
(21, 159, 50.00, '2025-11-17 20:41:31', 'cash', 'دفعة تلقائية - ترحيل من النظام القديم', 5, '2025-11-17 19:00:54', 0.00, 0.00, NULL),
(22, 165, 1100.00, '2025-11-17 22:51:19', 'cash', 'دفعة كاملة تلقائية', 5, '2025-11-17 22:51:19', 0.00, 0.00, NULL),
(23, 166, 960.00, '2025-11-18 09:37:07', 'cash', 'دفعة كاملة تلقائية', 5, '2025-11-18 09:37:07', 0.00, 0.00, NULL),
(24, 169, 59.50, '2025-11-18 10:29:43', 'cash', '', 5, '2025-11-18 10:29:43', 0.00, 0.00, NULL),
(25, 170, 1000.00, '2025-11-18 10:32:42', 'cash', '1000', 5, '2025-11-18 10:32:42', 0.00, 0.00, NULL),
(26, 171, 100.00, '2025-11-18 10:37:09', 'bank_transfer', 'بنكي', 5, '2025-11-18 10:37:09', 0.00, 0.00, NULL),
(27, 171, 10.00, '2025-11-18 10:37:09', 'cash', 'مقدي', 5, '2025-11-18 10:37:09', 0.00, 0.00, NULL),
(28, 173, 100.00, '2025-11-18 10:48:55', 'check', 'شيك', 5, '2025-11-18 10:48:55', 0.00, 0.00, NULL),
(29, 173, 200.00, '2025-11-18 10:48:55', 'card', '101200', 5, '2025-11-18 10:48:55', 0.00, 0.00, NULL),
(30, 174, 100.00, '2025-11-18 11:30:58', 'check', '', 5, '2025-11-18 11:30:58', 0.00, 0.00, NULL),
(31, 176, 5.00, '2025-11-18 11:32:24', 'cash', '', 5, '2025-11-18 11:32:24', 0.00, 0.00, NULL),
(32, 176, 2.00, '2025-11-18 11:32:24', 'bank_transfer', '2', 5, '2025-11-18 11:32:24', 0.00, 0.00, NULL),
(33, 177, 100.00, '2025-11-18 11:34:13', 'bank_transfer', '100', 5, '2025-11-18 11:34:13', 0.00, 0.00, NULL),
(34, 177, 10.00, '2025-11-18 11:34:13', 'bank_transfer', '10', 5, '2025-11-18 11:34:13', 0.00, 0.00, NULL),
(35, 179, 12.00, '2025-11-18 11:38:36', 'cash', '', 5, '2025-11-18 11:38:36', 0.00, 0.00, NULL),
(36, 180, 935.00, '2025-11-18 11:44:30', 'cash', '', 5, '2025-11-18 11:44:30', 0.00, 0.00, NULL),
(37, 181, 20.00, '2025-11-18 11:45:04', 'check', 'nerdnskxfc3lkwmMF D', 5, '2025-11-18 11:45:04', 0.00, 0.00, NULL),
(38, 186, 960.00, '2025-11-18 11:57:54', 'cash', '', 5, '2025-11-18 11:57:54', 0.00, 0.00, NULL),
(39, 190, 100.00, '2025-11-18 12:07:41', 'cash', '', 5, '2025-11-18 12:07:41', 0.00, 0.00, NULL),
(40, 190, 10.00, '2025-11-18 12:07:41', 'cash', '', 5, '2025-11-18 12:07:41', 0.00, 0.00, NULL),
(41, 190, 10.00, '2025-11-18 12:07:41', 'bank_transfer', '', 5, '2025-11-18 12:07:41', 0.00, 0.00, NULL),
(42, 191, 100.00, '2025-11-18 12:13:02', 'cash', '', 5, '2025-11-18 12:13:02', 0.00, 0.00, NULL),
(43, 200, 880.00, '2025-11-18 13:27:36', 'cash', '', 5, '2025-11-18 13:27:36', 0.00, 0.00, NULL),
(44, 201, 1000.00, '2025-11-18 13:29:40', 'card', '', 5, '2025-11-18 13:29:40', 0.00, 0.00, NULL),
(45, 202, 40.00, '2025-11-18 13:30:57', 'bank_transfer', '', 5, '2025-11-18 13:30:57', 0.00, 0.00, NULL),
(46, 203, 1100.00, '2025-11-18 13:31:49', 'bank_transfer', '', 5, '2025-11-18 13:31:49', 0.00, 0.00, NULL),
(47, 204, 1100.00, '2025-11-18 13:47:32', 'cash', '20', 5, '2025-11-18 13:47:32', 0.00, 0.00, NULL),
(48, 205, 20.00, '2025-11-18 13:48:29', 'check', 'jkn', 5, '2025-11-18 13:48:29', 0.00, 0.00, NULL),
(49, 206, 1200.00, '2025-11-18 13:49:12', 'bank_transfer', 'kljnbjmk', 5, '2025-11-18 13:49:12', 0.00, 0.00, NULL),
(50, 207, 1200.00, '2025-11-18 13:53:01', 'card', 'ak1qlwe,.aszf dc', 5, '2025-11-18 13:53:01', 0.00, 0.00, NULL),
(51, 208, 960.00, '2025-11-18 13:54:37', 'bank_transfer', 'teysrfvdacxz', 5, '2025-11-18 13:54:37', 0.00, 0.00, NULL),
(52, 209, 880.00, '2025-11-18 13:57:25', 'check', '', 5, '2025-11-18 13:57:25', 0.00, 0.00, NULL),
(53, 210, 960.00, '2025-11-18 14:01:02', 'check', 'mnk jsrmdzxm', 5, '2025-11-18 14:01:02', 0.00, 0.00, NULL),
(54, 211, 960.00, '2025-11-18 14:04:40', 'cash', 'hgfsdaa', 5, '2025-11-18 14:04:40', 0.00, 0.00, NULL),
(55, 212, 960.00, '2025-11-18 14:09:51', 'card', 'jmyhrtgfsedw', 5, '2025-11-18 14:09:51', 0.00, 0.00, NULL),
(56, 213, 880.00, '2025-11-18 14:11:41', 'check', 'etrwsa', 5, '2025-11-18 14:11:41', 0.00, 0.00, NULL),
(57, 214, 880.00, '2025-11-18 14:26:39', 'check', '', 5, '2025-11-18 14:26:39', 0.00, 0.00, NULL),
(58, 215, 100.00, '2025-11-18 17:35:18', 'cash', '', 5, '2025-11-18 17:35:18', 0.00, 0.00, NULL),
(59, 216, 775.00, '2025-11-18 19:41:28', 'cash', '', 5, '2025-11-18 19:41:28', 0.00, 0.00, NULL),
(60, 218, 175.00, '2025-11-24 05:06:29', 'check', 'kijuhygfds', 5, '2025-11-24 05:06:29', 0.00, 0.00, NULL),
(61, 219, 175.00, '2025-11-24 05:07:11', 'check', 'kijuhygfds', 5, '2025-11-24 05:07:11', 0.00, 0.00, NULL),
(62, 220, 30.00, '2025-11-24 05:09:53', 'bank_transfer', '', 5, '2025-11-24 05:09:53', 0.00, 0.00, NULL),
(63, 221, 175.00, '2025-11-24 05:10:42', 'card', '', 5, '2025-11-24 05:10:42', 0.00, 0.00, NULL),
(64, 222, 10.00, '2025-11-24 05:14:46', 'cash', '', 5, '2025-11-24 05:14:46', 0.00, 0.00, NULL),
(65, 222, 20.00, '2025-11-24 05:14:46', 'bank_transfer', '', 5, '2025-11-24 05:14:46', 0.00, 0.00, NULL),
(66, 222, 30.00, '2025-11-24 05:14:46', 'card', '', 5, '2025-11-24 05:14:46', 0.00, 0.00, NULL),
(67, 223, 175.00, '2025-11-24 05:16:56', 'check', '', 5, '2025-11-24 05:16:56', 0.00, 0.00, NULL),
(68, 224, 100.00, '2025-11-24 06:12:06', 'cash', '', 5, '2025-11-24 06:12:06', 0.00, 0.00, NULL),
(69, 225, 20.00, '2025-11-24 06:14:15', 'cash', '', 5, '2025-11-24 06:14:15', 0.00, 0.00, NULL),
(70, 226, 100.00, '2025-11-24 06:15:13', 'check', '', 5, '2025-11-24 06:15:13', 0.00, 0.00, NULL),
(71, 227, 15.00, '2025-11-24 06:20:58', 'cash', '', 5, '2025-11-24 06:20:58', 0.00, 0.00, NULL),
(72, 229, 100.00, '2025-11-24 06:26:04', 'cash', '', 5, '2025-11-24 06:26:04', 0.00, 0.00, NULL),
(73, 229, 10.00, '2025-11-24 06:26:04', 'cash', '', 5, '2025-11-24 06:26:04', 0.00, 0.00, NULL),
(74, 230, 10.00, '2025-11-24 06:26:46', 'cash', '', 5, '2025-11-24 06:26:46', 0.00, 0.00, NULL),
(75, 231, 2.00, '2025-11-24 06:30:33', 'cash', '', 5, '2025-11-24 06:30:33', 0.00, 0.00, NULL),
(76, 232, 10.00, '2025-11-24 06:37:38', 'cash', '', 5, '2025-11-24 06:37:38', 0.00, 0.00, NULL),
(77, 233, 4.00, '2025-11-24 07:02:39', 'cash', '', 5, '2025-11-24 07:02:39', 0.00, 0.00, NULL),
(79, 172, 130.00, '2025-12-07 06:26:50', 'cash', 'دفعة تلقائية لإصلاح البيانات', 5, '2025-12-07 06:26:50', 0.00, 0.00, NULL),
(80, 182, 960.00, '2025-12-07 06:26:50', 'cash', 'دفعة تلقائية لإصلاح البيانات', 5, '2025-12-07 06:26:50', 0.00, 0.00, NULL),
(81, 183, 960.00, '2025-12-07 06:26:50', 'cash', 'دفعة تلقائية لإصلاح البيانات', 5, '2025-12-07 06:26:50', 0.00, 0.00, NULL),
(82, 185, 935.00, '2025-12-07 06:26:50', 'cash', 'دفعة تلقائية لإصلاح البيانات', 5, '2025-12-07 06:26:50', 0.00, 0.00, NULL),
(83, 189, 1080.00, '2025-12-07 06:26:50', 'cash', 'دفعة تلقائية لإصلاح البيانات', 5, '2025-12-07 06:26:50', 0.00, 0.00, NULL),
(84, 192, 1100.00, '2025-12-07 06:26:50', 'cash', 'دفعة تلقائية لإصلاح البيانات', 5, '2025-12-07 06:26:50', 0.00, 0.00, NULL);

-- --------------------------------------------------------

--
-- Table structure for table `products`
--

CREATE TABLE `products` (
  `id` int(11) NOT NULL COMMENT 'المعرف التلقائي للمنتج',
  `product_code` varchar(50) NOT NULL COMMENT 'كود المنتج الفريد',
  `name` varchar(255) NOT NULL COMMENT 'اسم المنتج',
  `description` text DEFAULT NULL COMMENT 'وصف المنتج (اختياري)',
  `unit_of_measure` varchar(50) NOT NULL COMMENT 'وحدة القياس (مثال: قطعة، كجم، لتر)',
  `current_stock` decimal(10,2) NOT NULL DEFAULT 0.00 COMMENT 'الرصيد الحالي في المخزن',
  `reorder_level` decimal(10,2) NOT NULL DEFAULT 0.00 COMMENT 'حد إعادة الطلب (التنبيه عند وصول الرصيد إليه أو أقل)',
  `created_at` timestamp NOT NULL DEFAULT current_timestamp() COMMENT 'تاريخ الإنشاء',
  `updated_at` timestamp NULL DEFAULT NULL ON UPDATE current_timestamp() COMMENT 'تاريخ آخر تعديل',
  `cost_price` decimal(10,2) NOT NULL DEFAULT 0.00,
  `selling_price` decimal(10,2) NOT NULL,
  `retail_price` decimal(10,2) DEFAULT NULL COMMENT 'سعر البيع القطاعي (للعميل الفرد)'
) ENGINE=InnoDB DEFAULT CHARSET=utf8mb4 COLLATE=utf8mb4_unicode_ci COMMENT='جدول المنتجات المخزنة';

--
-- Dumping data for table `products`
--

INSERT INTO `products` (`id`, `product_code`, `name`, `description`, `unit_of_measure`, `current_stock`, `reorder_level`, `created_at`, `updated_at`, `cost_price`, `selling_price`, `retail_price`) VALUES
(1, '128مللي', 'مقبض اسود كبير', '', 'قطعة', 0.00, 30.00, '2025-10-01 11:55:01', '2025-10-01 19:32:10', 9.00, 20.00, NULL),
(2, '96مللي', 'مقبض اسود صغير', '', 'قطعة', 0.00, 30.00, '2025-10-01 12:07:31', '2025-10-01 19:32:16', 8.50, 0.00, NULL),
(3, 'm05 فضي', 'مفصلة فراشة فضي pukka', '', 'كارت 2 قطعة', 0.00, 10.00, '2025-10-01 12:09:18', '2025-10-01 19:32:20', 0.00, 0.00, NULL),
(4, 'm05 اسود', 'مفصلة فراشة اسود pukka', '', 'كارت 2 قطعة', 0.00, 10.00, '2025-10-01 12:10:15', '2025-10-01 19:32:25', 0.00, 0.00, NULL),
(6, '20mm ابيض', 'مسمار 2سم ابيض', '', 'علبة', 0.00, 5.00, '2025-10-01 12:16:12', '2025-10-01 19:33:25', 0.00, 0.00, NULL),
(7, '30mm ابيض', 'مسمار 3سم ابيض', '', 'علبة', 0.00, 5.00, '2025-10-01 12:16:51', '2025-10-01 19:33:33', 0.00, 0.00, NULL),
(8, '40mm ابيض', 'مسمار 4سم ابيض', '', 'علبة', 0.00, 5.00, '2025-10-01 12:17:32', '2025-10-01 19:33:39', 0.00, 0.00, NULL),
(9, '50mm ابيض', 'مسمار 5سم ابيض', '', 'علبة', 0.00, 5.00, '2025-10-01 12:17:57', '2025-10-01 19:33:43', 0.00, 0.00, NULL),
(10, 'f15 turbo', 'دبوس 1.5سم مشط turbo', '', 'علبة', 4.00, 5.00, '2025-10-01 12:21:24', '2025-11-05 13:59:47', 0.00, 0.00, NULL),
(11, 'f20 tiger', 'دبوس 2سم مشط tiger', '', 'علبة', 5.00, 5.00, '2025-10-01 12:22:28', '2025-11-05 13:59:47', 0.00, 0.00, NULL),
(12, 'f30 tiger', 'دبوس 3سم مشط tiger', '', 'علبة', 3.00, 5.00, '2025-10-01 12:23:50', '2025-10-12 17:08:04', 0.00, 0.00, NULL),
(13, 'f40 turbo', 'دبوس 4سم مشط turbo', '', 'علبة', 2.00, 5.00, '2025-10-01 12:26:23', '2025-10-12 17:08:04', 0.00, 0.00, NULL),
(14, 'f50 turbo', 'دبوس 5سم مشط turbo', '', 'علبة', 0.00, 5.00, '2025-10-01 12:27:28', '2025-10-01 19:34:07', 0.00, 0.00, NULL),
(15, '1013j tiger', 'دبوس مشبك 1013', '', 'علبة', 0.00, 5.00, '2025-10-01 12:28:59', '2025-10-01 19:34:11', 0.00, 0.00, NULL),
(16, '8010 turbo', 'دبوس مشبك 8010 turbo', '', 'علبة', 0.00, 5.00, '2025-10-01 12:30:50', '2025-10-01 19:34:15', 0.00, 0.00, NULL),
(17, 'x-seal 1991', 'علبة مادة كبيرة (امير) seal', '', 'قطعة', 0.00, 5.00, '2025-10-01 12:34:08', '2025-10-01 19:34:19', 0.00, 0.00, NULL),
(18, '650f  falcon', 'امبوبة سيلكون عضم صغير رمادي', '', 'كارت', 6.00, 0.00, '2025-10-01 12:37:52', '2025-11-14 22:16:50', 0.00, 0.00, NULL),
(19, 'super glue', 'امير الصاروخ صغير', '', 'قطعة', 6.00, 0.00, '2025-10-01 12:41:02', '2025-11-05 13:59:46', 0.00, 0.00, NULL),
(20, 'GP-5000', 'امير الصاروخ لزوجة ثقيلة', '', 'امبوبة', 9.00, 5.00, '2025-10-01 12:42:30', '2025-11-05 13:59:47', 0.00, 0.00, NULL),
(21, 'blade usa', 'مقشطة شريط', '', 'قطعة', 0.00, 5.00, '2025-10-01 12:44:34', '2025-10-01 19:34:40', 0.00, 0.00, NULL),
(22, 'ATQ 80N', 'دراع باكم', '', 'قطعة', 0.00, 5.00, '2025-10-01 12:45:58', '2025-10-01 19:34:43', 0.00, 0.00, NULL),
(23, '10cm-reglStenls', 'رجل ساتانلس', '', 'قطعة', 0.00, 4.00, '2025-10-01 12:47:41', '2025-10-01 19:34:47', 0.00, 0.00, NULL),
(24, 'sopa3-Tatch', 'صباع تاتش', '', 'قطعة', 0.00, 5.00, '2025-10-01 12:48:45', '2025-10-01 19:34:51', 0.00, 0.00, NULL),
(25, 'sadadda01', 'صدادة باب ابيض', NULL, 'قطعة', 52.00, 5.00, '2025-10-01 12:49:52', '2025-11-03 20:46:14', 0.00, 100.00, NULL),
(27, 'P40 sarokh', 'فرخ صنفرة كليتشه 40', '', 'قطعة', 0.00, 5.00, '2025-10-01 12:51:27', '2025-10-01 19:37:34', 0.00, 0.00, NULL),
(28, 'P120 sarokh', 'فرخ صنفرة كليتشه 120', '', 'قطعة', 0.00, 5.00, '2025-10-01 12:52:09', '2025-10-01 19:37:39', 0.00, 0.00, NULL),
(29, '14000010-ALI', 'طلمبة كمبيوتر ALI', '', 'قطعة', 0.00, 5.00, '2025-10-01 12:54:07', '2025-10-01 19:37:42', 0.00, 0.00, NULL),
(30, 'sadadda02', 'صدادة باب بني', '', 'قطعة', 0.00, 5.00, '2025-10-01 12:56:21', '2025-10-01 19:37:47', 0.00, 0.00, NULL),
(33, '1000تكاية-بني', 'كيس تكاية كبير بني 1000', '', 'كيس', 0.00, 3.00, '2025-10-01 12:58:08', '2025-10-01 19:38:37', 0.00, 0.00, NULL),
(34, '16mm ابيض', 'مسمار 1.5سم ابيض', '', 'علبة', 2.00, 5.00, '2025-10-01 12:15:26', '2025-10-01 14:14:31', 0.00, 0.00, NULL),
(35, '1000تكاية-ابيض', 'كيس تكاية كبير ابيض 1000', '', 'كيس', 1.00, 3.00, '2025-10-01 12:57:16', '2025-10-01 14:19:24', 0.00, 0.00, NULL),
(36, '21222', 'كوكو', NULL, 'قطعه', 30.00, 0.00, '2025-10-23 12:21:16', '2025-11-06 10:53:52', 10.00, 20.00, 120.00),
(37, '212224', 'لبس', NULL, 'قطعه', 16.00, 0.00, '2025-10-25 05:02:58', '2025-10-26 10:49:08', 90.00, 100.00, NULL),
(38, '2122m2d', 'كوكو', NULL, 'قطعه', 0.00, 0.00, '2025-11-05 13:56:31', NULL, 10.00, 20.00, 120.00),
(39, '2122m2d,m', 'gfd', NULL, 'قطعه', 6.00, 0.00, '2025-11-05 13:56:58', '2025-11-14 22:16:50', 10.00, 20.00, 150.00),
(40, '124052451', 'gfd', NULL, 'قطعه', 12.00, 10.00, '2025-11-08 15:51:42', '2025-11-14 22:16:50', 10.00, 20.00, 150.00),
(41, '124515', 'شيبسي', NULL, 'قطعه', 32.00, 10.00, '2025-11-08 17:06:54', '2025-11-15 21:31:28', 10.00, 14.00, 15.00),
(42, '2122212', 'بسكوت', NULL, 'قطعه', 52.00, 0.00, '2025-11-12 18:49:44', '2025-11-15 19:16:25', 0.00, 1100.00, 1200.00),
(43, '6224011512169', 'مور اطفال مبلله', NULL, 'قطعه', 10.00, 0.00, '2025-11-15 21:39:08', '2025-11-15 21:40:20', 10.00, 20.00, 30.00),
(44, '12345', 'مجري', NULL, 'قطعه', 0.00, 10.00, '2025-11-18 18:08:10', NULL, 100.00, 120.00, 150.00),
(45, '123456', 'فراشه حديد', NULL, 'باكو', 8.00, 0.00, '2025-11-18 19:34:21', '2025-11-18 19:36:33', 150.00, 175.00, 0.00),
(46, '1234567', 'فراشه حديد قطاعه', NULL, 'قطعه', 200.00, 10.00, '2025-11-18 19:35:57', '2025-11-18 19:37:33', 1.50, 3.00, 0.00);

-- --------------------------------------------------------

--
-- Table structure for table `purchase_invoices`
--

CREATE TABLE `purchase_invoices` (
  `id` int(11) NOT NULL COMMENT 'المعرف التلقائي لفاتورة الشراء',
  `supplier_id` int(11) NOT NULL COMMENT 'معرف المورد (FK to suppliers.id)',
  `supplier_invoice_number` varchar(100) DEFAULT NULL COMMENT 'رقم فاتورة المورد (قد يكون فريداً لكل مورد)',
  `purchase_date` date NOT NULL COMMENT 'تاريخ الشراء/الفاتورة',
  `notes` text DEFAULT NULL COMMENT 'ملاحظات إضافية على الفاتورة',
  `total_amount` decimal(12,2) NOT NULL DEFAULT 0.00 COMMENT 'الإجمالي الكلي للفاتورة (يُحسب من البنود)',
  `status` enum('pending','partial_received','fully_received','cancelled') NOT NULL DEFAULT 'pending' COMMENT 'حالة فاتورة الشراء',
  `created_by` int(11) DEFAULT NULL COMMENT 'معرف المستخدم الذي أنشأ فاتورة الشراء (FK to users.id)',
  `created_at` timestamp NOT NULL DEFAULT current_timestamp() COMMENT 'تاريخ ووقت الإنشاء',
  `updated_by` int(11) DEFAULT NULL COMMENT 'معرف المستخدم الذي آخر من عدل بيانات رأس الفاتورة',
  `updated_at` timestamp NULL DEFAULT NULL ON UPDATE current_timestamp() COMMENT 'تاريخ آخر تعديل',
  `cancel_reason` varchar(255) DEFAULT NULL,
  `revert_reason` varchar(255) DEFAULT NULL
) ENGINE=InnoDB DEFAULT CHARSET=utf8mb4 COLLATE=utf8mb4_unicode_ci COMMENT='جدول فواتير المشتريات (الوارد)';

--
-- Dumping data for table `purchase_invoices`
--

INSERT INTO `purchase_invoices` (`id`, `supplier_id`, `supplier_invoice_number`, `purchase_date`, `notes`, `total_amount`, `status`, `created_by`, `created_at`, `updated_by`, `updated_at`, `cancel_reason`, `revert_reason`) VALUES
(1, 1, '', '2025-10-01', '', 160.00, 'fully_received', 5, '2025-10-01 14:14:31', NULL, '2025-10-01 14:14:31', NULL, NULL),
(2, 1, '', '2025-10-01', '', 75.00, 'fully_received', 5, '2025-10-01 14:19:15', 5, '2025-10-01 14:19:24', NULL, NULL),
(3, 2, '', '2025-10-02', '', 0.00, 'fully_received', 5, '2025-10-02 15:25:17', 5, '2025-10-02 15:25:26', NULL, NULL),
(4, 2, '', '2025-10-11', '', 0.00, 'fully_received', 5, '2025-10-11 15:33:40', NULL, NULL, NULL, NULL),
(5, 2, '', '2025-10-12', '', 0.00, 'fully_received', 5, '2025-10-12 17:08:04', NULL, NULL, NULL, NULL),
(6, 2, '', '2025-10-12', '', 0.00, 'fully_received', 5, '2025-10-12 19:56:13', NULL, NULL, NULL, NULL),
(7, 2, '', '2025-10-12', '', 0.52, 'fully_received', 5, '2025-10-12 19:56:28', 5, '2025-10-12 19:56:36', NULL, NULL),
(8, 2, '', '2025-10-13', '', 0.00, 'pending', 5, '2025-10-13 22:40:11', NULL, NULL, NULL, NULL),
(9, 2, '', '2025-10-23', '', 50.00, 'fully_received', 5, '2025-10-23 12:21:49', NULL, '2025-10-23 12:21:49', NULL, NULL),
(10, 1, '', '2025-10-23', '', 50.00, 'fully_received', 5, '2025-10-23 12:22:08', NULL, '2025-10-23 12:22:08', NULL, NULL),
(11, 2, '', '2025-10-23', '', 10.00, 'fully_received', 5, '2025-10-23 14:17:11', NULL, '2025-10-23 14:17:11', NULL, NULL),
(12, 2, '', '2025-10-23', '', 50.00, 'fully_received', 5, '2025-10-23 14:32:16', NULL, '2025-10-23 14:32:16', NULL, NULL),
(13, 2, '', '2025-10-23', '', 150.00, 'fully_received', 5, '2025-10-23 19:05:08', NULL, '2025-10-23 19:05:08', NULL, NULL),
(14, 2, '', '2025-10-23', '', 100.00, 'fully_received', 5, '2025-10-23 19:05:25', NULL, '2025-10-23 19:05:25', NULL, NULL),
(15, 2, '', '2025-10-24', '', 1200.00, 'fully_received', 5, '2025-10-24 11:18:29', NULL, '2025-10-24 11:18:29', NULL, NULL),
(16, 2, '', '2025-10-25', '', 30.00, 'fully_received', 5, '2025-10-25 05:03:28', NULL, '2025-10-25 05:03:28', NULL, NULL),
(17, 2, '', '2025-10-25', '', 150.00, 'fully_received', 5, '2025-10-25 05:03:53', 5, '2025-10-25 05:04:00', NULL, NULL),
(18, 2, '', '2025-10-25', '', 10.00, 'pending', 5, '2025-10-25 16:49:25', NULL, '2025-10-25 16:49:25', NULL, NULL),
(19, 2, '', '2025-10-26', '', 900.00, 'fully_received', 5, '2025-10-26 10:49:08', NULL, '2025-10-26 10:49:08', NULL, NULL),
(20, 2, '', '2025-11-05', '', 50.52, 'fully_received', 5, '2025-11-05 13:59:46', NULL, '2025-11-05 13:59:47', NULL, NULL),
(21, 2, '', '2025-11-06', '', 500.00, 'fully_received', 5, '2025-11-06 10:53:52', NULL, '2025-11-06 10:53:52', NULL, NULL),
(22, 2, '', '2025-11-08', '', 200.00, 'fully_received', 5, '2025-11-08 15:56:05', 5, '2025-11-08 15:57:09', NULL, NULL),
(23, 2, '', '2025-11-08', '', 30.00, 'fully_received', 5, '2025-11-08 16:00:11', NULL, '2025-11-08 16:00:11', NULL, NULL),
(24, 2, '', '2025-11-08', '', 150.00, 'fully_received', 5, '2025-11-08 17:07:42', NULL, '2025-11-08 17:07:42', NULL, NULL),
(25, 2, '', '2025-11-08', '', 24.00, 'fully_received', 5, '2025-11-08 17:27:46', NULL, '2025-11-08 17:27:46', NULL, NULL),
(26, 2, '', '2025-11-14', '', 40.52, 'fully_received', 5, '2025-11-14 22:16:50', NULL, '2025-11-14 22:16:50', NULL, NULL),
(27, 2, '', '2025-11-15', '', 5000.00, 'fully_received', 5, '2025-11-15 19:10:39', 5, '2025-11-15 19:12:55', NULL, NULL),
(28, 2, '', '2025-11-15', '', 2000.00, 'fully_received', 5, '2025-11-15 19:13:43', 5, '2025-11-15 19:13:52', NULL, NULL),
(29, 3, '', '2025-11-15', '', 50.00, 'fully_received', 5, '2025-11-15 21:26:08', 5, '2025-11-15 21:27:06', NULL, NULL),
(30, 3, '', '2025-11-15', '', 30.00, 'fully_received', 5, '2025-11-15 21:31:28', NULL, '2025-11-15 21:31:28', NULL, NULL),
(31, 3, '', '2025-11-15', '', 100.00, 'fully_received', 5, '2025-11-15 21:39:31', 5, '2025-11-15 21:40:20', NULL, NULL),
(32, 3, '', '2025-11-18', '', 1200.00, 'pending', 5, '2025-11-18 18:20:04', NULL, '2025-11-18 18:20:05', NULL, NULL),
(33, 3, '', '2025-11-18', '', 1200.00, 'fully_received', 5, '2025-11-18 19:36:33', NULL, '2025-11-18 19:36:33', NULL, NULL),
(34, 3, '', '2025-11-18', '', 300.00, 'fully_received', 5, '2025-11-18 19:37:33', NULL, '2025-11-18 19:37:33', NULL, NULL);

-- --------------------------------------------------------

--
-- Table structure for table `purchase_invoice_items`
--

CREATE TABLE `purchase_invoice_items` (
  `id` int(11) NOT NULL COMMENT 'المعرف التلقائي لبند فاتورة الشراء',
  `batch_id` bigint(20) UNSIGNED DEFAULT NULL,
  `purchase_invoice_id` int(11) NOT NULL COMMENT 'معرف فاتورة الشراء (FK to purchase_invoices.id)',
  `product_id` int(11) NOT NULL COMMENT 'معرف المنتج (FK to products.id)',
  `quantity` decimal(13,4) NOT NULL DEFAULT 0.0000,
  `cost_price_per_unit` decimal(10,2) NOT NULL COMMENT 'سعر التكلفة للوحدة من المورد',
  `total_cost` decimal(12,2) NOT NULL COMMENT 'التكلفة الإجمالية للبند (الكمية المطلوبة * سعر التكلفة)',
  `sale_price` decimal(13,4) DEFAULT NULL,
  `created_at` timestamp NOT NULL DEFAULT current_timestamp(),
  `updated_at` timestamp NULL DEFAULT NULL ON UPDATE current_timestamp(),
  `qty_received` decimal(13,4) NOT NULL DEFAULT 0.0000,
  `qty_adjusted` decimal(13,4) DEFAULT NULL,
  `adjustment_reason` varchar(255) DEFAULT NULL,
  `adjusted_by` int(11) DEFAULT NULL,
  `adjusted_at` datetime DEFAULT NULL
) ENGINE=InnoDB DEFAULT CHARSET=utf8mb4 COLLATE=utf8mb4_unicode_ci;

--
-- Dumping data for table `purchase_invoice_items`
--

INSERT INTO `purchase_invoice_items` (`id`, `batch_id`, `purchase_invoice_id`, `product_id`, `quantity`, `cost_price_per_unit`, `total_cost`, `sale_price`, `created_at`, `updated_at`, `qty_received`, `qty_adjusted`, `adjustment_reason`, `adjusted_by`, `adjusted_at`) VALUES
(1, 1, 1, 34, 2.0000, 80.00, 160.00, 100.0000, '2025-10-01 14:14:31', '2025-10-01 14:14:31', 2.0000, NULL, NULL, NULL, NULL),
(2, 2, 2, 35, 1.0000, 75.00, 75.00, 100.0000, '2025-10-01 14:19:15', '2025-10-01 14:19:24', 1.0000, NULL, NULL, NULL, NULL),
(3, 3, 3, 18, 1.0000, 0.00, 0.00, 0.0000, '2025-10-02 15:25:17', '2025-10-02 15:25:26', 1.0000, NULL, NULL, NULL, NULL),
(4, 4, 4, 19, 2.0000, 0.00, 0.00, 0.0000, '2025-10-11 15:33:40', '2025-10-11 15:33:40', 2.0000, NULL, NULL, NULL, NULL),
(5, 5, 4, 20, 5.0000, 0.00, 0.00, 0.0000, '2025-10-11 15:33:40', '2025-10-11 15:33:40', 5.0000, NULL, NULL, NULL, NULL),
(6, 6, 4, 25, 52.0000, 0.00, 0.00, 0.0000, '2025-10-11 15:33:40', '2025-10-11 15:33:40', 52.0000, NULL, NULL, NULL, NULL),
(7, 7, 5, 18, 1.0000, 0.00, 0.00, 0.0000, '2025-10-12 17:08:04', '2025-10-12 17:08:04', 1.0000, NULL, NULL, NULL, NULL),
(8, 8, 5, 10, 3.0000, 0.00, 0.00, 0.0000, '2025-10-12 17:08:04', '2025-10-12 17:08:04', 3.0000, NULL, NULL, NULL, NULL),
(9, 9, 5, 11, 4.0000, 0.00, 0.00, 0.0000, '2025-10-12 17:08:04', '2025-10-12 17:08:04', 4.0000, NULL, NULL, NULL, NULL),
(10, 10, 5, 12, 3.0000, 0.00, 0.00, 0.0000, '2025-10-12 17:08:04', '2025-10-12 17:08:04', 3.0000, NULL, NULL, NULL, NULL),
(11, 11, 5, 13, 2.0000, 0.00, 0.00, 0.0000, '2025-10-12 17:08:04', '2025-10-12 17:08:04', 2.0000, NULL, NULL, NULL, NULL),
(12, 12, 6, 18, 1.0000, 0.00, 0.00, 0.0000, '2025-10-12 19:56:13', '2025-10-12 19:56:13', 1.0000, NULL, NULL, NULL, NULL),
(13, 13, 7, 18, 1.0000, 0.52, 0.52, 0.0000, '2025-10-12 19:56:28', '2025-10-12 19:56:36', 1.0000, NULL, NULL, NULL, NULL),
(14, NULL, 8, 19, 1.0000, 0.00, 0.00, 0.0000, '2025-10-13 22:40:11', NULL, 0.0000, NULL, NULL, NULL, NULL),
(15, 14, 9, 36, 5.0000, 10.00, 50.00, 20.0000, '2025-10-23 12:21:49', '2025-10-23 12:21:49', 5.0000, NULL, NULL, NULL, NULL),
(16, 15, 10, 36, 5.0000, 10.00, 50.00, 20.0000, '2025-10-23 12:22:08', '2025-10-23 12:22:08', 5.0000, NULL, NULL, NULL, NULL),
(17, 16, 11, 36, 1.0000, 10.00, 10.00, 100.0000, '2025-10-23 14:17:11', '2025-10-23 14:17:11', 1.0000, NULL, NULL, NULL, NULL),
(18, 17, 12, 36, 1.0000, 50.00, 50.00, 100.0000, '2025-10-23 14:32:16', '2025-10-23 14:32:16', 1.0000, NULL, NULL, NULL, NULL),
(19, 18, 13, 36, 3.0000, 50.00, 150.00, 100.0000, '2025-10-23 19:05:08', '2025-10-23 19:05:08', 3.0000, NULL, NULL, NULL, NULL),
(20, 19, 14, 36, 1.0000, 100.00, 100.00, 200.0000, '2025-10-23 19:05:25', '2025-10-23 19:05:25', 1.0000, NULL, NULL, NULL, NULL),
(21, 20, 15, 36, 12.0000, 100.00, 1200.00, 200.0000, '2025-10-24 11:18:29', '2025-10-24 11:18:29', 12.0000, NULL, NULL, NULL, NULL),
(22, 21, 16, 37, 3.0000, 10.00, 30.00, 20.0000, '2025-10-25 05:03:28', '2025-10-25 05:03:28', 3.0000, NULL, NULL, NULL, NULL),
(23, 22, 17, 37, 3.0000, 50.00, 150.00, 100.0000, '2025-10-25 05:03:53', '2025-10-25 05:04:00', 3.0000, NULL, NULL, NULL, NULL),
(24, NULL, 18, 20, 1.0000, 10.00, 10.00, 20.0000, '2025-10-25 16:49:25', NULL, 0.0000, NULL, NULL, NULL, NULL),
(25, 23, 19, 37, 10.0000, 90.00, 900.00, 100.0000, '2025-10-26 10:49:08', '2025-10-26 10:49:08', 10.0000, NULL, NULL, NULL, NULL),
(26, 24, 20, 39, 5.0000, 10.00, 50.00, 20.0000, '2025-11-05 13:59:46', '2025-11-05 13:59:46', 5.0000, NULL, NULL, NULL, NULL),
(27, 25, 20, 18, 1.0000, 0.52, 0.52, 0.0000, '2025-11-05 13:59:46', '2025-11-05 13:59:46', 1.0000, NULL, NULL, NULL, NULL),
(28, 26, 20, 19, 4.0000, 0.00, 0.00, 0.0000, '2025-11-05 13:59:46', '2025-11-05 13:59:47', 4.0000, NULL, NULL, NULL, NULL),
(29, 27, 20, 20, 4.0000, 0.00, 0.00, 0.0000, '2025-11-05 13:59:47', '2025-11-05 13:59:47', 4.0000, NULL, NULL, NULL, NULL),
(30, 28, 20, 10, 1.0000, 0.00, 0.00, 0.0000, '2025-11-05 13:59:47', '2025-11-05 13:59:47', 1.0000, NULL, NULL, NULL, NULL),
(31, 29, 20, 11, 1.0000, 0.00, 0.00, 0.0000, '2025-11-05 13:59:47', '2025-11-05 13:59:47', 1.0000, NULL, NULL, NULL, NULL),
(32, 30, 21, 36, 2.0000, 250.00, 500.00, 310.0000, '2025-11-06 10:53:52', '2025-11-06 10:53:52', 2.0000, NULL, NULL, NULL, NULL),
(33, 31, 22, 40, 10.0000, 20.00, 200.00, 30.0000, '2025-11-08 15:56:05', '2025-11-08 15:57:09', 10.0000, NULL, NULL, NULL, NULL),
(34, 32, 23, 40, 1.0000, 30.00, 30.00, 100.0000, '2025-11-08 16:00:11', '2025-11-08 16:00:11', 1.0000, NULL, NULL, NULL, NULL),
(35, 33, 24, 41, 15.0000, 10.00, 150.00, 11.0000, '2025-11-08 17:07:42', '2025-11-08 17:07:42', 15.0000, NULL, NULL, NULL, NULL),
(36, 34, 25, 41, 2.0000, 12.00, 24.00, 14.0000, '2025-11-08 17:27:46', '2025-11-08 17:27:46', 2.0000, NULL, NULL, NULL, NULL),
(37, 35, 26, 39, 1.0000, 10.00, 10.00, 20.0000, '2025-11-14 22:16:50', '2025-11-14 22:16:50', 1.0000, NULL, NULL, NULL, NULL),
(38, 36, 26, 40, 1.0000, 30.00, 30.00, 100.0000, '2025-11-14 22:16:50', '2025-11-14 22:16:50', 1.0000, NULL, NULL, NULL, NULL),
(39, 37, 26, 18, 1.0000, 0.52, 0.52, 0.0000, '2025-11-14 22:16:50', '2025-11-14 22:16:50', 1.0000, NULL, NULL, NULL, NULL),
(40, 38, 27, 42, 50.0000, 100.00, 5000.00, 150.0000, '2025-11-15 19:10:39', '2025-11-15 19:12:55', 50.0000, NULL, NULL, NULL, NULL),
(41, 39, 28, 42, 2.0000, 1000.00, 2000.00, 11000.0000, '2025-11-15 19:13:43', '2025-11-15 19:13:52', 2.0000, NULL, NULL, NULL, NULL),
(42, 40, 29, 41, 10.0000, 5.00, 50.00, 7.0000, '2025-11-15 21:26:08', '2025-11-15 21:27:06', 10.0000, NULL, NULL, NULL, NULL),
(43, 41, 30, 41, 5.0000, 6.00, 30.00, 11.0000, '2025-11-15 21:31:28', '2025-11-15 21:31:28', 5.0000, NULL, NULL, NULL, NULL),
(44, 42, 31, 43, 10.0000, 10.00, 100.00, 20.0000, '2025-11-15 21:39:31', '2025-11-15 21:40:20', 10.0000, NULL, NULL, NULL, NULL),
(45, NULL, 32, 44, 10.0000, 120.00, 1200.00, 120.0000, '2025-11-18 18:20:05', NULL, 0.0000, NULL, NULL, NULL, NULL),
(46, 43, 33, 45, 8.0000, 150.00, 1200.00, 175.0000, '2025-11-18 19:36:33', '2025-11-18 19:36:33', 8.0000, NULL, NULL, NULL, NULL),
(47, 44, 34, 46, 200.0000, 1.50, 300.00, 3.0000, '2025-11-18 19:37:33', '2025-11-18 19:37:33', 200.0000, NULL, NULL, NULL, NULL);

-- --------------------------------------------------------

--
-- Table structure for table `sale_item_allocations`
--

CREATE TABLE `sale_item_allocations` (
  `id` bigint(20) UNSIGNED NOT NULL,
  `sale_item_id` int(11) NOT NULL,
  `batch_id` bigint(20) UNSIGNED NOT NULL,
  `qty` decimal(13,4) NOT NULL DEFAULT 0.0000,
  `unit_cost` decimal(13,4) NOT NULL DEFAULT 0.0000,
  `line_cost` decimal(18,4) NOT NULL DEFAULT 0.0000,
  `created_by` int(11) DEFAULT NULL,
  `created_at` datetime NOT NULL DEFAULT current_timestamp(),
  `updated_at` datetime NOT NULL DEFAULT current_timestamp() ON UPDATE current_timestamp()
) ENGINE=InnoDB DEFAULT CHARSET=utf8mb4 COLLATE=utf8mb4_unicode_ci;

--
-- Dumping data for table `sale_item_allocations`
--

INSERT INTO `sale_item_allocations` (`id`, `sale_item_id`, `batch_id`, `qty`, `unit_cost`, `line_cost`, `created_by`, `created_at`, `updated_at`) VALUES
(1, 1, 1, 0.5000, 80.0000, 40.0000, 5, '2025-10-01 16:16:06', '2025-10-01 16:16:06'),
(2, 2, 2, 0.1000, 75.0000, 7.5000, 5, '2025-10-01 16:20:00', '2025-10-01 16:20:00'),
(3, 3, 1, 0.2500, 80.0000, 20.0000, 5, '2025-10-01 16:47:14', '2025-10-01 16:47:14'),
(4, 4, 2, 0.1000, 75.0000, 7.5000, 5, '2025-10-01 16:48:03', '2025-10-01 16:48:03'),
(5, 5, 2, 0.1000, 75.0000, 7.5000, 5, '2025-10-02 18:25:59', '2025-10-02 18:25:59'),
(6, 6, 2, 0.8000, 75.0000, 60.0000, 5, '2025-10-05 10:25:17', '2025-10-05 10:25:17'),
(7, 7, 2, 0.8000, 75.0000, 60.0000, 5, '2025-10-11 17:51:23', '2025-10-11 17:51:23'),
(8, 8, 1, 1.0000, 80.0000, 80.0000, 5, '2025-10-11 18:05:28', '2025-10-11 18:05:28'),
(9, 9, 1, 0.2000, 80.0000, 16.0000, 5, '2025-10-11 18:05:57', '2025-10-11 18:05:57'),
(10, 10, 1, 0.0500, 80.0000, 4.0000, 5, '2025-10-11 18:12:51', '2025-10-11 18:12:51'),
(14, 14, 6, 1.0000, 0.0000, 0.0000, 5, '2025-10-11 18:36:00', '2025-10-11 18:36:00'),
(15, 15, 6, 1.0000, 0.0000, 0.0000, 5, '2025-10-11 18:42:48', '2025-10-11 18:42:48'),
(16, 16, 6, 1.0000, 0.0000, 0.0000, 5, '2025-10-11 18:43:16', '2025-10-11 18:43:16'),
(17, 17, 6, 1.0000, 0.0000, 0.0000, 5, '2025-10-11 19:01:07', '2025-10-11 19:01:07'),
(18, 18, 6, 1.0000, 0.0000, 0.0000, 5, '2025-10-11 19:01:31', '2025-10-11 19:01:31'),
(19, 19, 6, 1.0000, 0.0000, 0.0000, 5, '2025-10-11 19:03:14', '2025-10-11 19:03:14'),
(20, 20, 6, 1.0000, 0.0000, 0.0000, 5, '2025-10-11 19:13:54', '2025-10-11 19:13:54'),
(21, 21, 6, 1.0000, 0.0000, 0.0000, 5, '2025-10-11 19:20:14', '2025-10-11 19:20:14'),
(22, 22, 6, 1.0000, 0.0000, 0.0000, 5, '2025-10-11 19:20:49', '2025-10-11 19:20:49'),
(23, 23, 6, 1.0000, 0.0000, 0.0000, 5, '2025-10-11 19:21:00', '2025-10-11 19:21:00'),
(24, 24, 6, 1.0000, 0.0000, 0.0000, 5, '2025-10-11 19:22:11', '2025-10-11 19:22:11'),
(25, 25, 6, 1.0000, 0.0000, 0.0000, 5, '2025-10-11 19:23:17', '2025-10-11 19:23:17'),
(26, 26, 6, 1.0000, 0.0000, 0.0000, 5, '2025-10-11 19:23:30', '2025-10-11 19:23:30'),
(27, 27, 6, 1.0000, 0.0000, 0.0000, 5, '2025-10-11 19:24:15', '2025-10-11 19:24:15'),
(28, 28, 6, 1.0000, 0.0000, 0.0000, 5, '2025-10-11 19:24:33', '2025-10-11 19:24:33'),
(29, 29, 6, 1.0000, 0.0000, 0.0000, 5, '2025-10-11 19:25:01', '2025-10-11 19:25:01'),
(30, 30, 6, 1.0000, 0.0000, 0.0000, 5, '2025-10-11 19:26:09', '2025-10-11 19:26:09'),
(31, 31, 6, 1.0000, 0.0000, 0.0000, 5, '2025-10-11 19:26:45', '2025-10-11 19:26:45'),
(32, 32, 6, 1.0000, 0.0000, 0.0000, 5, '2025-10-11 19:28:12', '2025-10-11 19:28:12'),
(33, 33, 6, 1.0000, 0.0000, 0.0000, 5, '2025-10-12 02:19:57', '2025-10-12 02:19:57'),
(34, 34, 6, 1.0000, 0.0000, 0.0000, 5, '2025-10-12 02:26:21', '2025-10-12 02:26:21'),
(35, 35, 6, 1.0000, 0.0000, 0.0000, 5, '2025-10-12 02:36:25', '2025-10-12 02:36:25'),
(36, 36, 6, 1.0000, 0.0000, 0.0000, 5, '2025-10-12 03:14:35', '2025-10-12 03:14:35'),
(37, 37, 6, 1.0000, 0.0000, 0.0000, 5, '2025-10-12 03:15:09', '2025-10-12 03:15:09'),
(38, 38, 6, 1.0000, 0.0000, 0.0000, 5, '2025-10-12 03:15:50', '2025-10-12 03:15:50'),
(39, 39, 6, 1.0000, 0.0000, 0.0000, 5, '2025-10-12 03:16:25', '2025-10-12 03:16:25'),
(40, 40, 6, 1.0000, 0.0000, 0.0000, 5, '2025-10-12 03:20:38', '2025-10-12 03:20:38'),
(41, 41, 6, 1.0000, 0.0000, 0.0000, 5, '2025-10-12 03:23:04', '2025-10-12 03:23:04'),
(42, 42, 6, 2.0000, 0.0000, 0.0000, 5, '2025-10-12 19:30:18', '2025-10-12 19:30:18'),
(43, 43, 6, 1.0000, 0.0000, 0.0000, 5, '2025-10-12 19:30:41', '2025-10-12 19:30:41'),
(44, 44, 6, 1.0000, 0.0000, 0.0000, 5, '2025-10-12 19:31:26', '2025-10-12 19:31:26'),
(45, 45, 6, 1.0000, 0.0000, 0.0000, 5, '2025-10-12 19:37:46', '2025-10-12 19:37:46'),
(46, 46, 6, 1.0000, 0.0000, 0.0000, 5, '2025-10-12 19:55:43', '2025-10-12 19:55:43'),
(47, 47, 4, 1.0000, 0.0000, 0.0000, 5, '2025-10-12 19:55:43', '2025-10-12 19:55:43'),
(48, 48, 3, 1.0000, 0.0000, 0.0000, 5, '2025-10-12 19:55:43', '2025-10-12 19:55:43'),
(49, 49, 5, 1.0000, 0.0000, 0.0000, 5, '2025-10-12 19:55:43', '2025-10-12 19:55:43'),
(50, 50, 6, 1.0000, 0.0000, 0.0000, 5, '2025-10-12 20:08:50', '2025-10-12 20:08:50'),
(51, 51, 5, 1.0000, 0.0000, 0.0000, 5, '2025-10-12 20:08:50', '2025-10-12 20:08:50'),
(52, 52, 4, 1.0000, 0.0000, 0.0000, 5, '2025-10-12 20:08:50', '2025-10-12 20:08:50'),
(53, 53, 7, 1.0000, 0.0000, 0.0000, 5, '2025-10-12 20:08:50', '2025-10-12 20:08:50'),
(54, 54, 11, 1.0000, 0.0000, 0.0000, 5, '2025-10-12 20:08:50', '2025-10-12 20:08:50'),
(55, 55, 10, 1.0000, 0.0000, 0.0000, 5, '2025-10-12 20:08:50', '2025-10-12 20:08:50'),
(56, 56, 9, 1.0000, 0.0000, 0.0000, 5, '2025-10-12 20:08:50', '2025-10-12 20:08:50'),
(57, 57, 8, 1.0000, 0.0000, 0.0000, 5, '2025-10-12 20:08:50', '2025-10-12 20:08:50'),
(65, 65, 6, 4.0000, 0.0000, 0.0000, 5, '2025-10-13 10:43:14', '2025-10-13 10:43:14'),
(66, 66, 9, 1.0000, 0.0000, 0.0000, 5, '2025-10-14 01:35:02', '2025-10-14 01:35:02'),
(67, 67, 8, 1.0000, 0.0000, 0.0000, 5, '2025-10-14 01:35:02', '2025-10-14 01:35:02'),
(70, 70, 6, 2.0000, 0.0000, 0.0000, 5, '2025-10-14 02:09:35', '2025-10-14 02:09:35'),
(71, 71, 5, 2.0000, 0.0000, 0.0000, 5, '2025-10-22 11:44:52', '2025-10-22 11:44:52'),
(72, 72, 12, 1.0000, 0.0000, 0.0000, 5, '2025-10-22 11:44:52', '2025-10-22 11:44:52'),
(73, 72, 13, 1.0000, 0.5200, 0.5200, 5, '2025-10-22 11:44:52', '2025-10-22 11:44:52'),
(74, 73, 14, 2.0000, 10.0000, 50.0000, 5, '2025-10-23 15:23:17', '2025-10-23 15:25:05'),
(76, 74, 14, 1.0000, 10.0000, 10.0000, 5, '2025-10-23 15:28:28', '2025-10-25 08:22:42'),
(78, 76, 6, 1.0000, 0.0000, 0.0000, 5, '2025-10-23 15:30:33', '2025-10-25 08:12:48'),
(79, 77, 15, 2.0000, 10.0000, 50.0000, 5, '2025-10-23 16:13:10', '2025-10-23 16:30:21'),
(82, 80, 15, 3.0000, 10.0000, 30.0000, 5, '2025-10-23 22:01:15', '2025-10-23 22:01:15'),
(83, 80, 16, 1.0000, 10.0000, 10.0000, 5, '2025-10-23 22:01:15', '2025-10-23 22:01:15'),
(84, 80, 17, 1.0000, 50.0000, 50.0000, 5, '2025-10-23 22:01:16', '2025-10-23 22:01:16'),
(86, 82, 18, 3.0000, 50.0000, 150.0000, 5, '2025-10-23 22:06:04', '2025-10-23 22:06:04'),
(88, 83, 19, 1.0000, 100.0000, 100.0000, 5, '2025-10-24 14:17:38', '2025-10-24 14:17:38'),
(89, 84, 20, 7.0000, 100.0000, 700.0000, 5, '2025-10-24 14:19:05', '2025-10-24 14:19:05'),
(90, 85, 12, 1.0000, 0.0000, 0.0000, 5, '2025-10-24 14:19:05', '2025-10-24 14:19:05'),
(91, 86, 18, 2.0000, 50.0000, 150.0000, 5, '2025-10-25 07:18:30', '2025-10-25 07:19:50'),
(93, 87, 18, 1.0000, 50.0000, 50.0000, 5, '2025-10-25 07:27:44', '2025-10-25 07:27:44'),
(95, 88, 15, 2.0000, 10.0000, 0.0000, 5, '2025-10-25 07:56:10', '2025-10-25 07:58:55'),
(98, 89, 21, 3.0000, 10.0000, 30.0000, 5, '2025-10-25 08:04:30', '2025-10-25 08:04:30'),
(99, 89, 22, 1.0000, 50.0000, 50.0000, 5, '2025-10-25 08:04:30', '2025-10-25 08:04:30'),
(100, 90, 21, 1.0000, 10.0000, 0.0000, 5, '2025-10-25 08:05:40', '2025-10-25 08:07:22'),
(102, 91, 21, 3.0000, 10.0000, 30.0000, 5, '2025-10-25 08:24:17', '2025-10-25 08:24:17'),
(103, 91, 22, 1.0000, 50.0000, 50.0000, 5, '2025-10-25 08:24:17', '2025-10-25 08:25:36'),
(104, 92, 21, 1.0000, 10.0000, 10.0000, 5, '2025-10-25 22:23:55', '2025-10-25 23:50:01'),
(106, 93, 21, 1.0000, 10.0000, 10.0000, 5, '2025-10-26 00:02:14', '2025-10-26 00:04:32'),
(108, 94, 21, 1.0000, 10.0000, 10.0000, 5, '2025-10-26 00:06:16', '2025-10-26 00:12:17'),
(110, 95, 21, 2.0000, 10.0000, 20.0000, 5, '2025-10-26 00:17:13', '2025-10-26 00:19:59'),
(112, 96, 21, 3.0000, 10.0000, 30.0000, 5, '2025-10-26 00:22:19', '2025-10-26 00:22:19'),
(114, 97, 21, 3.0000, 10.0000, 30.0000, 5, '2025-10-26 00:33:43', '2025-10-26 00:33:43'),
(116, 98, 22, 1.0000, 50.0000, 50.0000, 5, '2025-10-26 01:17:39', '2025-10-26 01:17:39'),
(117, 99, 22, 2.0000, 50.0000, 100.0000, 5, '2025-10-26 13:49:44', '2025-10-26 13:49:44'),
(118, 99, 23, 9.0000, 90.0000, 810.0000, 5, '2025-10-26 13:49:44', '2025-11-16 17:40:05'),
(119, 100, 14, 1.0000, 10.0000, 10.0000, 5, '2025-11-03 21:43:19', '2025-11-03 21:43:19'),
(120, 101, 14, 1.0000, 10.0000, 10.0000, 5, '2025-11-03 21:55:26', '2025-11-03 21:55:26'),
(121, 102, 15, 1.0000, 10.0000, 10.0000, 5, '2025-11-03 22:26:02', '2025-11-03 22:26:02'),
(122, 103, 16, 1.0000, 10.0000, 10.0000, 5, '2025-11-05 14:57:23', '2025-11-05 14:57:23'),
(123, 104, 17, 1.0000, 50.0000, 50.0000, 5, '2025-11-05 14:57:35', '2025-11-05 14:57:35'),
(124, 105, 24, 1.0000, 10.0000, 10.0000, 5, '2025-11-05 17:14:47', '2025-11-05 17:14:47'),
(125, 106, 24, 1.0000, 10.0000, 10.0000, 5, '2025-11-06 00:39:18', '2025-11-06 00:39:18'),
(126, 107, 20, 5.0000, 100.0000, 500.0000, 5, '2025-11-06 12:55:45', '2025-11-06 12:55:45'),
(127, 107, 30, 2.0000, 250.0000, 500.0000, 5, '2025-11-06 12:55:45', '2025-11-06 12:55:45'),
(128, 108, 31, 10.0000, 20.0000, 200.0000, 5, '2025-11-08 18:02:18', '2025-11-08 18:02:18'),
(129, 108, 32, 1.0000, 30.0000, 30.0000, 5, '2025-11-08 18:02:18', '2025-11-08 18:02:18'),
(130, 109, 33, 10.0000, 10.0000, 100.0000, 5, '2025-11-08 19:20:39', '2025-11-08 19:20:39'),
(131, 110, 33, 5.0000, 10.0000, 50.0000, 5, '2025-11-08 19:41:11', '2025-11-08 19:41:11'),
(132, 110, 34, 1.0000, 12.0000, 12.0000, 5, '2025-11-08 19:41:11', '2025-11-08 19:41:11'),
(133, 111, 34, 1.0000, 12.0000, 12.0000, 5, '2025-11-09 12:21:43', '2025-11-09 12:21:43'),
(134, 112, 24, 1.0000, 10.0000, 10.0000, 5, '2025-11-09 17:10:19', '2025-11-09 17:10:19'),
(136, 114, 14, 1.0000, 10.0000, 10.0000, 5, '2025-11-09 23:18:16', '2025-11-09 23:18:16'),
(137, 115, 38, 1.0000, 100.0000, 100.0000, 5, '2025-11-17 20:07:01', '2025-11-17 20:07:01'),
(138, 116, 20, 1.0000, 100.0000, 100.0000, 5, '2025-11-17 20:10:57', '2025-11-17 20:10:57'),
(139, 117, 20, 1.0000, 100.0000, 100.0000, 5, '2025-11-17 20:13:19', '2025-11-17 20:13:19'),
(140, 118, 20, 1.0000, 100.0000, 100.0000, 5, '2025-11-17 20:15:08', '2025-11-17 20:15:08'),
(141, 119, 38, 1.0000, 100.0000, 100.0000, 5, '2025-11-17 20:48:12', '2025-11-17 20:48:12'),
(142, 120, 20, 1.0000, 100.0000, 100.0000, 5, '2025-11-17 20:55:57', '2025-11-17 20:55:57'),
(143, 121, 20, 1.0000, 100.0000, 100.0000, 5, '2025-11-17 21:00:54', '2025-11-17 21:00:54'),
(144, 121, 30, 2.0000, 250.0000, 500.0000, 5, '2025-11-17 21:00:54', '2025-11-17 21:00:54'),
(145, 122, 38, 1.0000, 100.0000, 100.0000, 5, '2025-11-17 21:01:59', '2025-11-17 21:01:59'),
(146, 123, 38, 1.0000, 100.0000, 100.0000, 5, '2025-11-17 23:30:18', '2025-11-17 23:30:18'),
(149, 126, 42, 1.0000, 10.0000, 10.0000, 5, '2025-11-18 00:49:46', '2025-11-18 00:49:46'),
(150, 127, 38, 1.0000, 100.0000, 100.0000, 5, '2025-11-18 00:51:19', '2025-11-18 00:51:19'),
(151, 128, 38, 1.0000, 100.0000, 100.0000, 5, '2025-11-18 11:37:07', '2025-11-18 11:37:07'),
(152, 129, 38, 2.0000, 100.0000, 200.0000, 5, '2025-11-18 12:24:10', '2025-11-18 12:24:10'),
(153, 130, 38, 5.0000, 100.0000, 500.0000, 5, '2025-11-18 12:26:34', '2025-11-18 12:26:34'),
(154, 131, 40, 5.0000, 5.0000, 25.0000, 5, '2025-11-18 12:29:43', '2025-11-18 12:29:43'),
(155, 132, 38, 5.0000, 100.0000, 500.0000, 5, '2025-11-18 12:32:42', '2025-11-18 12:32:42'),
(156, 133, 38, 1.0000, 100.0000, 100.0000, 5, '2025-11-18 12:37:09', '2025-11-18 12:37:09'),
(157, 134, 36, 1.0000, 30.0000, 30.0000, 5, '2025-11-18 12:42:40', '2025-11-18 12:42:40'),
(158, 135, 38, 1.0000, 100.0000, 100.0000, 5, '2025-11-18 12:48:55', '2025-11-18 12:48:55'),
(159, 136, 40, 2.0000, 5.0000, 10.0000, 5, '2025-11-18 13:30:58', '2025-11-18 13:30:58'),
(160, 137, 40, 1.0000, 5.0000, 5.0000, 5, '2025-11-18 13:31:31', '2025-11-18 13:31:31'),
(161, 138, 40, 1.0000, 5.0000, 5.0000, 5, '2025-11-18 13:32:24', '2025-11-18 13:32:24'),
(162, 139, 38, 2.0000, 100.0000, 200.0000, 5, '2025-11-18 13:34:13', '2025-11-18 13:34:13'),
(163, 140, 42, 1.0000, 10.0000, 10.0000, 5, '2025-11-18 13:35:31', '2025-11-18 13:35:31'),
(164, 141, 42, 1.0000, 10.0000, 10.0000, 5, '2025-11-18 13:38:36', '2025-11-18 13:38:36'),
(165, 142, 38, 1.0000, 100.0000, 100.0000, 5, '2025-11-18 13:44:30', '2025-11-18 13:44:30'),
(166, 143, 42, 1.0000, 10.0000, 10.0000, 5, '2025-11-18 13:45:04', '2025-11-18 13:45:04'),
(167, 144, 38, 1.0000, 100.0000, 100.0000, 5, '2025-11-18 13:45:40', '2025-11-18 13:45:40'),
(168, 145, 38, 1.0000, 100.0000, 100.0000, 5, '2025-11-18 13:45:50', '2025-11-18 13:45:50'),
(169, 146, 42, 1.0000, 10.0000, 10.0000, 5, '2025-11-18 13:52:29', '2025-11-18 13:52:29'),
(170, 147, 38, 1.0000, 100.0000, 100.0000, 5, '2025-11-18 13:55:33', '2025-11-18 13:55:33'),
(171, 148, 38, 1.0000, 100.0000, 100.0000, 5, '2025-11-18 13:57:54', '2025-11-18 13:57:54'),
(172, 149, 38, 1.0000, 100.0000, 100.0000, 5, '2025-11-18 13:59:08', '2025-11-18 13:59:08'),
(173, 150, 38, 1.0000, 100.0000, 100.0000, 5, '2025-11-18 14:01:00', '2025-11-18 14:01:00'),
(174, 151, 38, 1.0000, 100.0000, 100.0000, 5, '2025-11-18 14:03:48', '2025-11-18 14:03:48'),
(175, 152, 38, 1.0000, 100.0000, 100.0000, 5, '2025-11-18 14:07:41', '2025-11-18 14:07:41'),
(176, 153, 38, 1.0000, 100.0000, 100.0000, 5, '2025-11-18 14:13:02', '2025-11-18 14:13:02'),
(177, 154, 38, 1.0000, 100.0000, 100.0000, 5, '2025-11-18 14:13:29', '2025-11-18 14:13:29'),
(178, 155, 38, 1.0000, 100.0000, 100.0000, 5, '2025-11-18 14:19:45', '2025-11-18 14:19:45'),
(179, 156, 38, 1.0000, 100.0000, 100.0000, 5, '2025-11-18 14:26:55', '2025-11-18 14:26:55'),
(180, 157, 38, 1.0000, 100.0000, 100.0000, 5, '2025-11-18 14:29:16', '2025-11-18 14:29:16'),
(181, 158, 38, 1.0000, 100.0000, 100.0000, 5, '2025-11-18 14:36:52', '2025-11-18 14:36:52'),
(182, 159, 38, 1.0000, 100.0000, 100.0000, 5, '2025-11-18 14:37:31', '2025-11-18 14:37:31'),
(183, 160, 42, 1.0000, 10.0000, 10.0000, 5, '2025-11-18 14:42:04', '2025-11-18 14:42:04'),
(184, 161, 38, 1.0000, 100.0000, 100.0000, 5, '2025-11-18 15:25:54', '2025-11-18 15:25:54'),
(185, 162, 38, 1.0000, 100.0000, 100.0000, 5, '2025-11-18 15:27:36', '2025-11-18 15:27:36'),
(186, 163, 42, 1.0000, 10.0000, 10.0000, 5, '2025-11-18 15:29:40', '2025-11-18 15:29:40'),
(187, 164, 42, 1.0000, 10.0000, 10.0000, 5, '2025-11-18 15:30:57', '2025-11-18 15:30:57'),
(188, 165, 38, 1.0000, 100.0000, 100.0000, 5, '2025-11-18 15:31:49', '2025-11-18 15:31:49'),
(189, 166, 38, 1.0000, 100.0000, 100.0000, 5, '2025-11-18 15:47:32', '2025-11-18 15:47:32'),
(190, 167, 42, 1.0000, 10.0000, 10.0000, 5, '2025-11-18 15:48:29', '2025-11-18 15:48:29'),
(191, 168, 38, 1.0000, 100.0000, 100.0000, 5, '2025-11-18 15:49:12', '2025-11-18 15:49:12'),
(192, 169, 38, 1.0000, 100.0000, 100.0000, 5, '2025-11-18 15:53:01', '2025-11-18 15:53:01'),
(193, 170, 38, 1.0000, 100.0000, 100.0000, 5, '2025-11-18 15:54:37', '2025-11-18 15:54:37'),
(194, 171, 38, 1.0000, 100.0000, 100.0000, 5, '2025-11-18 15:57:25', '2025-11-18 15:57:25'),
(195, 172, 38, 1.0000, 100.0000, 100.0000, 5, '2025-11-18 16:01:02', '2025-11-18 16:01:02'),
(196, 173, 38, 1.0000, 100.0000, 100.0000, 5, '2025-11-18 16:04:40', '2025-11-18 16:04:40'),
(197, 174, 38, 1.0000, 100.0000, 100.0000, 5, '2025-11-18 16:09:51', '2025-11-18 16:09:51'),
(198, 175, 38, 1.0000, 100.0000, 100.0000, 5, '2025-11-18 16:11:41', '2025-11-18 16:11:41'),
(199, 176, 39, 1.0000, 1000.0000, 1000.0000, 5, '2025-11-18 16:26:39', '2025-11-18 16:26:39'),
(200, 177, 39, 1.0000, 1000.0000, 1000.0000, 5, '2025-11-18 19:35:18', '2025-11-18 19:35:18'),
(201, 178, 43, 1.0000, 150.0000, 150.0000, 5, '2025-11-18 21:41:28', '2025-11-18 21:41:28'),
(202, 179, 44, 200.0000, 1.5000, 300.0000, 5, '2025-11-18 21:41:28', '2025-11-18 21:41:28'),
(203, 180, 43, 1.0000, 150.0000, 150.0000, 5, '2025-11-18 21:42:41', '2025-11-18 21:42:41'),
(204, 181, 43, 1.0000, 150.0000, 150.0000, 5, '2025-11-24 07:06:29', '2025-11-24 07:06:29'),
(205, 182, 43, 1.0000, 150.0000, 150.0000, 5, '2025-11-24 07:07:11', '2025-11-24 07:07:11'),
(206, 183, 42, 1.0000, 10.0000, 10.0000, 5, '2025-11-24 07:09:53', '2025-11-24 07:09:53'),
(207, 184, 43, 1.0000, 150.0000, 150.0000, 5, '2025-11-24 07:10:42', '2025-11-24 07:10:42'),
(208, 185, 43, 1.0000, 150.0000, 150.0000, 5, '2025-11-24 07:14:46', '2025-11-24 07:14:46'),
(209, 186, 43, 1.0000, 150.0000, 150.0000, 5, '2025-11-24 07:16:56', '2025-11-24 07:16:56'),
(210, 187, 43, 1.0000, 150.0000, 150.0000, 5, '2025-11-24 08:12:06', '2025-11-24 08:12:06'),
(211, 188, 24, 1.0000, 10.0000, 10.0000, 5, '2025-11-24 08:14:15', '2025-11-24 08:14:15'),
(212, 189, 24, 1.0000, 10.0000, 10.0000, 5, '2025-11-24 08:15:13', '2025-11-24 08:15:13'),
(213, 190, 40, 1.0000, 5.0000, 5.0000, 5, '2025-11-24 08:20:58', '2025-11-24 08:20:58'),
(214, 191, 41, 1.0000, 6.0000, 6.0000, 5, '2025-11-24 08:22:01', '2025-11-24 08:22:01'),
(215, 192, 35, 1.0000, 10.0000, 10.0000, 5, '2025-11-24 08:26:04', '2025-11-24 08:26:04'),
(216, 193, 41, 1.0000, 6.0000, 6.0000, 5, '2025-11-24 08:26:46', '2025-11-24 08:26:46'),
(217, 194, 41, 1.0000, 6.0000, 6.0000, 5, '2025-11-24 08:30:33', '2025-11-24 08:30:33'),
(218, 195, 41, 1.0000, 6.0000, 6.0000, 5, '2025-11-24 08:37:38', '2025-11-24 08:37:38'),
(219, 196, 41, 1.0000, 6.0000, 6.0000, 5, '2025-11-24 09:02:39', '2025-11-24 09:02:39');

-- --------------------------------------------------------

--
-- Table structure for table `settings`
--

CREATE TABLE `settings` (
  `setting_name` varchar(100) NOT NULL COMMENT 'اسم الإعداد',
  `setting_value` text DEFAULT NULL COMMENT 'قيمة الإعداد',
  `updated_at` timestamp NOT NULL DEFAULT current_timestamp() ON UPDATE current_timestamp() COMMENT 'آخر تحديث'
) ENGINE=InnoDB DEFAULT CHARSET=utf8mb4 COLLATE=utf8mb4_unicode_ci COMMENT='جدول إعدادات النظام العامة';

--
-- Dumping data for table `settings`
--

INSERT INTO `settings` (`setting_name`, `setting_value`, `updated_at`) VALUES
('user_registration_status', 'closed', '2025-11-08 17:57:27');

-- --------------------------------------------------------

--
-- Table structure for table `suppliers`
--

CREATE TABLE `suppliers` (
  `id` int(11) NOT NULL COMMENT 'المعرف التلقائي للمورد',
  `name` varchar(200) NOT NULL COMMENT 'اسم المورد',
  `mobile` varchar(11) NOT NULL COMMENT 'رقم موبايل المورد (11 رقم)',
  `city` varchar(100) NOT NULL COMMENT 'مدينة المورد',
  `address` text DEFAULT NULL COMMENT 'عنوان المورد التفصيلي (اختياري)',
  `commercial_register` varchar(100) DEFAULT NULL COMMENT 'رقم السجل التجاري (اختياري ولكنه فريد إذا أدخل)',
  `created_by` int(11) DEFAULT NULL COMMENT 'معرف المستخدم الذي أضاف المورد (FK to users.id)',
  `created_at` timestamp NOT NULL DEFAULT current_timestamp() COMMENT 'تاريخ إضافة المورد',
  `updated_at` timestamp NULL DEFAULT NULL ON UPDATE current_timestamp() COMMENT 'تاريخ آخر تعديل لبيانات المورد'
) ENGINE=InnoDB DEFAULT CHARSET=utf8mb4 COLLATE=utf8mb4_unicode_ci COMMENT='جدول بيانات الموردين';

--
-- Dumping data for table `suppliers`
--

INSERT INTO `suppliers` (`id`, `name`, `mobile`, `city`, `address`, `commercial_register`, `created_by`, `created_at`, `updated_at`) VALUES
(1, 'البضاعة الموجده حاليا', '01099337896', 'الفيوم', '', NULL, 5, '2025-10-01 11:50:40', NULL),
(2, 'محمد خالد', '01157728787', ',', '', NULL, 5, '2025-10-02 15:25:09', '2025-11-08 15:53:39'),
(3, 'محمد', '01008560812', 'Fayoum', 'Sheikh Yusuf ST, Fayoum, Egypt', NULL, 5, '2025-11-15 21:24:04', NULL),
(4, 'المحل', '01157787112', 'Fayoum', 'Sheikh Yusuf ST, Fayoum, Egypt', NULL, 5, '2025-11-18 19:43:02', NULL);

-- --------------------------------------------------------

--
-- Table structure for table `users`
--

CREATE TABLE `users` (
  `id` int(11) NOT NULL,
  `username` varchar(50) NOT NULL,
  `email` varchar(100) NOT NULL,
  `password` varchar(255) NOT NULL,
  `role` enum('user','admin') NOT NULL DEFAULT 'user',
  `created_at` timestamp NOT NULL DEFAULT current_timestamp()
) ENGINE=InnoDB DEFAULT CHARSET=utf8mb4 COLLATE=utf8mb4_unicode_ci;

--
-- Dumping data for table `users`
--

INSERT INTO `users` (`id`, `username`, `email`, `password`, `role`, `created_at`) VALUES
(5, 'admin', 'admin@gmail.com', '$2y$10$9DkMvN8bVe3xV3Mf5qd91O/0YyliyVLUVWVcy8NQkjmNo4.hDuvIq', 'admin', '2025-06-04 10:52:41');

-- --------------------------------------------------------

--
-- Table structure for table `work_orders`
--

CREATE TABLE `work_orders` (
  `id` int(11) NOT NULL,
  `customer_id` int(11) NOT NULL,
  `title` varchar(255) NOT NULL COMMENT 'عنوان الشغلانة',
  `description` text DEFAULT NULL COMMENT 'وصف تفصيلي',
  `status` enum('pending','in_progress','completed','cancelled') DEFAULT 'pending',
  `start_date` date NOT NULL COMMENT 'تاريخ البدء',
  `notes` text DEFAULT NULL COMMENT 'ملاحظات إضافية',
  `total_invoice_amount` decimal(12,2) DEFAULT 0.00 COMMENT 'إجمالي فواتير الشغلانة',
  `total_paid` decimal(12,2) DEFAULT 0.00 COMMENT 'إجمالي المدفوع',
  `total_remaining` decimal(12,2) DEFAULT 0.00 COMMENT 'إجمالي المتبقي',
  `created_by` int(11) NOT NULL,
  `created_at` timestamp NOT NULL DEFAULT current_timestamp(),
  `updated_at` timestamp NULL DEFAULT NULL ON UPDATE current_timestamp()
) ENGINE=InnoDB DEFAULT CHARSET=utf8mb4 COLLATE=utf8mb4_unicode_ci;

--
-- Indexes for dumped tables
--

--
-- Indexes for table `batches`
--
ALTER TABLE `batches`
  ADD PRIMARY KEY (`id`),
  ADD KEY `fk_batches_invoice` (`source_invoice_id`),
  ADD KEY `fk_batches_invoice_item` (`source_item_id`),
  ADD KEY `idx_product_date` (`product_id`,`received_at`,`status`),
  ADD KEY `idx_remaining` (`product_id`,`remaining`);

--
-- Indexes for table `customers`
--
ALTER TABLE `customers`
  ADD PRIMARY KEY (`id`),
  ADD UNIQUE KEY `mobile` (`mobile`),
  ADD KEY `fk_customer_user` (`created_by`);

--
-- Indexes for table `customer_transactions`
--
ALTER TABLE `customer_transactions`
  ADD PRIMARY KEY (`id`),
  ADD KEY `invoice_id` (`invoice_id`),
  ADD KEY `payment_id` (`payment_id`),
  ADD KEY `deposit_id` (`deposit_id`),
  ADD KEY `work_order_id` (`work_order_id`),
  ADD KEY `created_by` (`created_by`),
  ADD KEY `idx_customer_type` (`customer_id`,`transaction_type`),
  ADD KEY `idx_date` (`transaction_date`);

--
-- Indexes for table `customer_transactions_staging_test`
--
ALTER TABLE `customer_transactions_staging_test`
  ADD PRIMARY KEY (`id`);

--
-- Indexes for table `deposits`
--
ALTER TABLE `deposits`
  ADD PRIMARY KEY (`id`),
  ADD KEY `created_by` (`created_by`),
  ADD KEY `idx_customer_date` (`customer_id`,`deposit_date`);

--
-- Indexes for table `expenses`
--
ALTER TABLE `expenses`
  ADD PRIMARY KEY (`id`),
  ADD KEY `fk_expense_category` (`category_id`),
  ADD KEY `fk_expense_user_creator` (`created_by`);

--
-- Indexes for table `expense_categories`
--
ALTER TABLE `expense_categories`
  ADD PRIMARY KEY (`id`),
  ADD UNIQUE KEY `name` (`name`);

--
-- Indexes for table `invoices_out`
--
ALTER TABLE `invoices_out`
  ADD PRIMARY KEY (`id`),
  ADD KEY `fk_invoice_customer` (`customer_id`),
  ADD KEY `fk_invoice_creator` (`created_by`),
  ADD KEY `fk_invoice_updater` (`updated_by`);

--
-- Indexes for table `invoice_cancellations`
--
ALTER TABLE `invoice_cancellations`
  ADD PRIMARY KEY (`id`),
  ADD KEY `invoice_out_id` (`invoice_out_id`);

--
-- Indexes for table `invoice_cancellation_allocations`
--
ALTER TABLE `invoice_cancellation_allocations`
  ADD PRIMARY KEY (`id`),
  ADD KEY `cancellation_id` (`cancellation_id`);

--
-- Indexes for table `invoice_out_items`
--
ALTER TABLE `invoice_out_items`
  ADD PRIMARY KEY (`id`),
  ADD KEY `fk_invoice_item_to_invoice` (`invoice_out_id`),
  ADD KEY `fk_invoice_item_to_product` (`product_id`);

--
-- Indexes for table `invoice_payments`
--
ALTER TABLE `invoice_payments`
  ADD PRIMARY KEY (`id`),
  ADD KEY `fk_payment_invoice` (`invoice_id`),
  ADD KEY `fk_payment_user` (`created_by`);

--
-- Indexes for table `products`
--
ALTER TABLE `products`
  ADD PRIMARY KEY (`id`),
  ADD UNIQUE KEY `product_code` (`product_code`);

--
-- Indexes for table `purchase_invoices`
--
ALTER TABLE `purchase_invoices`
  ADD PRIMARY KEY (`id`),
  ADD KEY `fk_purchase_invoice_supplier` (`supplier_id`),
  ADD KEY `fk_purchase_invoice_creator` (`created_by`),
  ADD KEY `fk_purchase_invoice_updater` (`updated_by`);

--
-- Indexes for table `purchase_invoice_items`
--
ALTER TABLE `purchase_invoice_items`
  ADD PRIMARY KEY (`id`),
  ADD KEY `fk_purchase_item_to_purchase_invoice` (`purchase_invoice_id`),
  ADD KEY `fk_purchase_item_to_product` (`product_id`),
  ADD KEY `fk_pitem_batch` (`batch_id`);

--
-- Indexes for table `sale_item_allocations`
--
ALTER TABLE `sale_item_allocations`
  ADD PRIMARY KEY (`id`),
  ADD KEY `idx_sale_item` (`sale_item_id`),
  ADD KEY `idx_batch` (`batch_id`),
  ADD KEY `idx_saleitem_batch` (`sale_item_id`,`batch_id`);

--
-- Indexes for table `settings`
--
ALTER TABLE `settings`
  ADD PRIMARY KEY (`setting_name`);

--
-- Indexes for table `suppliers`
--
ALTER TABLE `suppliers`
  ADD PRIMARY KEY (`id`),
  ADD UNIQUE KEY `mobile` (`mobile`),
  ADD UNIQUE KEY `commercial_register` (`commercial_register`),
  ADD KEY `fk_supplier_user_creator` (`created_by`);

--
-- Indexes for table `users`
--
ALTER TABLE `users`
  ADD PRIMARY KEY (`id`),
  ADD UNIQUE KEY `username` (`username`),
  ADD UNIQUE KEY `email` (`email`);

--
-- Indexes for table `work_orders`
--
ALTER TABLE `work_orders`
  ADD PRIMARY KEY (`id`),
  ADD KEY `created_by` (`created_by`),
  ADD KEY `idx_status` (`status`),
  ADD KEY `idx_customer` (`customer_id`,`status`);

--
-- AUTO_INCREMENT for dumped tables
--

--
-- AUTO_INCREMENT for table `batches`
--
ALTER TABLE `batches`
  MODIFY `id` bigint(20) UNSIGNED NOT NULL AUTO_INCREMENT, AUTO_INCREMENT=45;

--
-- AUTO_INCREMENT for table `customers`
--
ALTER TABLE `customers`
  MODIFY `id` int(11) NOT NULL AUTO_INCREMENT, AUTO_INCREMENT=17;

--
-- AUTO_INCREMENT for table `customer_transactions`
--
ALTER TABLE `customer_transactions`
  MODIFY `id` int(11) NOT NULL AUTO_INCREMENT, AUTO_INCREMENT=256;

--
-- AUTO_INCREMENT for table `customer_transactions_staging_test`
--
ALTER TABLE `customer_transactions_staging_test`
  MODIFY `id` int(11) NOT NULL AUTO_INCREMENT;

--
-- AUTO_INCREMENT for table `deposits`
--
ALTER TABLE `deposits`
  MODIFY `id` int(11) NOT NULL AUTO_INCREMENT;

--
-- AUTO_INCREMENT for table `expenses`
--
ALTER TABLE `expenses`
  MODIFY `id` int(11) NOT NULL AUTO_INCREMENT, AUTO_INCREMENT=4;

--
-- AUTO_INCREMENT for table `expense_categories`
--
ALTER TABLE `expense_categories`
  MODIFY `id` int(11) NOT NULL AUTO_INCREMENT, AUTO_INCREMENT=3;

--
-- AUTO_INCREMENT for table `invoices_out`
--
ALTER TABLE `invoices_out`
  MODIFY `id` int(11) NOT NULL AUTO_INCREMENT COMMENT 'المعرف التلقائي للفاتورة', AUTO_INCREMENT=234;

--
-- AUTO_INCREMENT for table `invoice_cancellations`
--
ALTER TABLE `invoice_cancellations`
  MODIFY `id` int(11) NOT NULL AUTO_INCREMENT, AUTO_INCREMENT=20;

--
-- AUTO_INCREMENT for table `invoice_cancellation_allocations`
--
ALTER TABLE `invoice_cancellation_allocations`
  MODIFY `id` int(11) NOT NULL AUTO_INCREMENT, AUTO_INCREMENT=26;

--
-- AUTO_INCREMENT for table `invoice_out_items`
--
ALTER TABLE `invoice_out_items`
  MODIFY `id` int(11) NOT NULL AUTO_INCREMENT COMMENT 'المعرف التلقائي لبند الفاتورة', AUTO_INCREMENT=197;

--
-- AUTO_INCREMENT for table `invoice_payments`
--
ALTER TABLE `invoice_payments`
  MODIFY `id` int(11) NOT NULL AUTO_INCREMENT, AUTO_INCREMENT=86;

--
-- AUTO_INCREMENT for table `products`
--
ALTER TABLE `products`
  MODIFY `id` int(11) NOT NULL AUTO_INCREMENT COMMENT 'المعرف التلقائي للمنتج', AUTO_INCREMENT=47;

--
-- AUTO_INCREMENT for table `purchase_invoices`
--
ALTER TABLE `purchase_invoices`
  MODIFY `id` int(11) NOT NULL AUTO_INCREMENT COMMENT 'المعرف التلقائي لفاتورة الشراء', AUTO_INCREMENT=35;

--
-- AUTO_INCREMENT for table `purchase_invoice_items`
--
ALTER TABLE `purchase_invoice_items`
  MODIFY `id` int(11) NOT NULL AUTO_INCREMENT COMMENT 'المعرف التلقائي لبند فاتورة الشراء', AUTO_INCREMENT=48;

--
-- AUTO_INCREMENT for table `sale_item_allocations`
--
ALTER TABLE `sale_item_allocations`
  MODIFY `id` bigint(20) UNSIGNED NOT NULL AUTO_INCREMENT, AUTO_INCREMENT=220;

--
-- AUTO_INCREMENT for table `suppliers`
--
ALTER TABLE `suppliers`
  MODIFY `id` int(11) NOT NULL AUTO_INCREMENT COMMENT 'المعرف التلقائي للمورد', AUTO_INCREMENT=5;

--
-- AUTO_INCREMENT for table `users`
--
ALTER TABLE `users`
  MODIFY `id` int(11) NOT NULL AUTO_INCREMENT, AUTO_INCREMENT=6;

--
-- AUTO_INCREMENT for table `work_orders`
--
ALTER TABLE `work_orders`
  MODIFY `id` int(11) NOT NULL AUTO_INCREMENT;

--
-- Constraints for dumped tables
--

--
-- Constraints for table `batches`
--
ALTER TABLE `batches`
  ADD CONSTRAINT `fk_batches_invoice` FOREIGN KEY (`source_invoice_id`) REFERENCES `purchase_invoices` (`id`) ON DELETE SET NULL,
  ADD CONSTRAINT `fk_batches_invoice_item` FOREIGN KEY (`source_item_id`) REFERENCES `purchase_invoice_items` (`id`) ON DELETE SET NULL,
  ADD CONSTRAINT `fk_batches_product` FOREIGN KEY (`product_id`) REFERENCES `products` (`id`) ON DELETE CASCADE;

--
-- Constraints for table `customers`
--
ALTER TABLE `customers`
  ADD CONSTRAINT `fk_customer_user` FOREIGN KEY (`created_by`) REFERENCES `users` (`id`) ON DELETE SET NULL;

--
-- Constraints for table `customer_transactions`
--
ALTER TABLE `customer_transactions`
  ADD CONSTRAINT `customer_transactions_ibfk_1` FOREIGN KEY (`customer_id`) REFERENCES `customers` (`id`),
  ADD CONSTRAINT `customer_transactions_ibfk_2` FOREIGN KEY (`invoice_id`) REFERENCES `invoices_out` (`id`),
  ADD CONSTRAINT `customer_transactions_ibfk_3` FOREIGN KEY (`payment_id`) REFERENCES `invoice_payments` (`id`),
  ADD CONSTRAINT `customer_transactions_ibfk_4` FOREIGN KEY (`deposit_id`) REFERENCES `deposits` (`id`),
  ADD CONSTRAINT `customer_transactions_ibfk_5` FOREIGN KEY (`work_order_id`) REFERENCES `work_orders` (`id`),
  ADD CONSTRAINT `customer_transactions_ibfk_6` FOREIGN KEY (`created_by`) REFERENCES `users` (`id`);

--
-- Constraints for table `deposits`
--
ALTER TABLE `deposits`
  ADD CONSTRAINT `deposits_ibfk_1` FOREIGN KEY (`customer_id`) REFERENCES `customers` (`id`),
  ADD CONSTRAINT `deposits_ibfk_2` FOREIGN KEY (`created_by`) REFERENCES `users` (`id`);

--
-- Constraints for table `expenses`
--
ALTER TABLE `expenses`
  ADD CONSTRAINT `fk_expense_category` FOREIGN KEY (`category_id`) REFERENCES `expense_categories` (`id`) ON DELETE SET NULL ON UPDATE CASCADE,
  ADD CONSTRAINT `fk_expense_user_creator` FOREIGN KEY (`created_by`) REFERENCES `users` (`id`) ON DELETE SET NULL ON UPDATE CASCADE;

--
-- Constraints for table `invoices_out`
--
ALTER TABLE `invoices_out`
  ADD CONSTRAINT `fk_invoice_creator` FOREIGN KEY (`created_by`) REFERENCES `users` (`id`) ON DELETE SET NULL,
  ADD CONSTRAINT `fk_invoice_customer` FOREIGN KEY (`customer_id`) REFERENCES `customers` (`id`),
  ADD CONSTRAINT `fk_invoice_updater` FOREIGN KEY (`updated_by`) REFERENCES `users` (`id`) ON DELETE SET NULL;

--
-- Constraints for table `invoice_cancellations`
--
ALTER TABLE `invoice_cancellations`
  ADD CONSTRAINT `fk_ic_invoice` FOREIGN KEY (`invoice_out_id`) REFERENCES `invoices_out` (`id`);

--
-- Constraints for table `invoice_cancellation_allocations`
--
ALTER TABLE `invoice_cancellation_allocations`
  ADD CONSTRAINT `fk_ica_cancel` FOREIGN KEY (`cancellation_id`) REFERENCES `invoice_cancellations` (`id`);

--
-- Constraints for table `invoice_out_items`
--
ALTER TABLE `invoice_out_items`
  ADD CONSTRAINT `fk_invoice_item_to_invoice` FOREIGN KEY (`invoice_out_id`) REFERENCES `invoices_out` (`id`) ON DELETE CASCADE,
  ADD CONSTRAINT `fk_invoice_item_to_product` FOREIGN KEY (`product_id`) REFERENCES `products` (`id`);

--
-- Constraints for table `invoice_payments`
--
ALTER TABLE `invoice_payments`
  ADD CONSTRAINT `fk_payment_invoice` FOREIGN KEY (`invoice_id`) REFERENCES `invoices_out` (`id`) ON DELETE CASCADE,
  ADD CONSTRAINT `fk_payment_user` FOREIGN KEY (`created_by`) REFERENCES `users` (`id`);

--
-- Constraints for table `purchase_invoices`
--
ALTER TABLE `purchase_invoices`
  ADD CONSTRAINT `fk_purchase_invoice_creator` FOREIGN KEY (`created_by`) REFERENCES `users` (`id`) ON DELETE SET NULL ON UPDATE CASCADE,
  ADD CONSTRAINT `fk_purchase_invoice_supplier` FOREIGN KEY (`supplier_id`) REFERENCES `suppliers` (`id`) ON UPDATE CASCADE,
  ADD CONSTRAINT `fk_purchase_invoice_updater` FOREIGN KEY (`updated_by`) REFERENCES `users` (`id`) ON DELETE SET NULL ON UPDATE CASCADE;

--
-- Constraints for table `purchase_invoice_items`
--
ALTER TABLE `purchase_invoice_items`
  ADD CONSTRAINT `fk_pitem_batch` FOREIGN KEY (`batch_id`) REFERENCES `batches` (`id`) ON DELETE SET NULL,
  ADD CONSTRAINT `fk_purchase_item_to_product` FOREIGN KEY (`product_id`) REFERENCES `products` (`id`) ON UPDATE CASCADE,
  ADD CONSTRAINT `fk_purchase_item_to_purchase_invoice` FOREIGN KEY (`purchase_invoice_id`) REFERENCES `purchase_invoices` (`id`) ON DELETE CASCADE ON UPDATE CASCADE;

--
-- Constraints for table `sale_item_allocations`
--
ALTER TABLE `sale_item_allocations`
  ADD CONSTRAINT `fk_alloc_batch` FOREIGN KEY (`batch_id`) REFERENCES `batches` (`id`),
  ADD CONSTRAINT `fk_alloc_sale_item` FOREIGN KEY (`sale_item_id`) REFERENCES `invoice_out_items` (`id`) ON DELETE CASCADE;

--
-- Constraints for table `suppliers`
--
ALTER TABLE `suppliers`
  ADD CONSTRAINT `fk_supplier_user_creator` FOREIGN KEY (`created_by`) REFERENCES `users` (`id`) ON DELETE SET NULL;

--
-- Constraints for table `work_orders`
--
ALTER TABLE `work_orders`
  ADD CONSTRAINT `work_orders_ibfk_1` FOREIGN KEY (`customer_id`) REFERENCES `customers` (`id`),
  ADD CONSTRAINT `work_orders_ibfk_2` FOREIGN KEY (`created_by`) REFERENCES `users` (`id`);
COMMIT;

/*!40101 SET CHARACTER_SET_CLIENT=@OLD_CHARACTER_SET_CLIENT */;
/*!40101 SET CHARACTER_SET_RESULTS=@OLD_CHARACTER_SET_RESULTS */;
/*!40101 SET COLLATION_CONNECTION=@OLD_COLLATION_CONNECTION */;
