-- MariaDB dump 10.19  Distrib 10.4.32-MariaDB, for Win64 (AMD64)
--
-- Host: localhost    Database: store_v2_db
-- ------------------------------------------------------
-- Server version	10.4.32-MariaDB

/*!40101 SET @OLD_CHARACTER_SET_CLIENT=@@CHARACTER_SET_CLIENT */;
/*!40101 SET @OLD_CHARACTER_SET_RESULTS=@@CHARACTER_SET_RESULTS */;
/*!40101 SET @OLD_COLLATION_CONNECTION=@@COLLATION_CONNECTION */;
/*!40101 SET NAMES utf8mb4 */;
/*!40103 SET @OLD_TIME_ZONE=@@TIME_ZONE */;
/*!40103 SET TIME_ZONE='+00:00' */;
/*!40014 SET @OLD_UNIQUE_CHECKS=@@UNIQUE_CHECKS, UNIQUE_CHECKS=0 */;
/*!40014 SET @OLD_FOREIGN_KEY_CHECKS=@@FOREIGN_KEY_CHECKS, FOREIGN_KEY_CHECKS=0 */;
/*!40101 SET @OLD_SQL_MODE=@@SQL_MODE, SQL_MODE='NO_AUTO_VALUE_ON_ZERO' */;
/*!40111 SET @OLD_SQL_NOTES=@@SQL_NOTES, SQL_NOTES=0 */;

--
-- Table structure for table `batches`
--

DROP TABLE IF EXISTS `batches`;
/*!40101 SET @saved_cs_client     = @@character_set_client */;
/*!40101 SET character_set_client = utf8 */;
CREATE TABLE `batches` (
  `id` bigint(20) unsigned NOT NULL AUTO_INCREMENT,
  `product_id` int(11) NOT NULL,
  `qty` decimal(13,4) NOT NULL DEFAULT 0.0000,
  `remaining` decimal(13,4) NOT NULL DEFAULT 0.0000,
  `original_qty` decimal(13,4) NOT NULL DEFAULT 0.0000,
  `unit_cost` decimal(13,4) NOT NULL DEFAULT 0.0000,
  `sale_price` decimal(13,4) DEFAULT NULL,
  `received_at` date DEFAULT NULL,
  `expiry` date DEFAULT NULL,
  `notes` text DEFAULT NULL,
  `source_invoice_id` int(11) DEFAULT NULL,
  `source_item_id` int(11) DEFAULT NULL,
  `created_by` int(11) DEFAULT NULL,
  `adjusted_by` int(11) DEFAULT NULL,
  `adjusted_at` datetime DEFAULT NULL,
  `created_at` datetime NOT NULL DEFAULT current_timestamp(),
  `updated_at` datetime NOT NULL DEFAULT current_timestamp() ON UPDATE current_timestamp(),
  `revert_reason` varchar(255) DEFAULT NULL,
  `cancel_reason` varchar(255) DEFAULT NULL,
  `status` enum('active','consumed','cancelled','reverted') NOT NULL DEFAULT 'active',
  PRIMARY KEY (`id`),
  KEY `fk_batches_invoice` (`source_invoice_id`),
  KEY `fk_batches_invoice_item` (`source_item_id`),
  KEY `idx_product_date` (`product_id`,`received_at`,`status`),
  KEY `idx_remaining` (`product_id`,`remaining`),
  CONSTRAINT `fk_batches_invoice` FOREIGN KEY (`source_invoice_id`) REFERENCES `purchase_invoices` (`id`) ON DELETE SET NULL,
  CONSTRAINT `fk_batches_invoice_item` FOREIGN KEY (`source_item_id`) REFERENCES `purchase_invoice_items` (`id`) ON DELETE SET NULL,
  CONSTRAINT `fk_batches_product` FOREIGN KEY (`product_id`) REFERENCES `products` (`id`) ON DELETE CASCADE
) ENGINE=InnoDB AUTO_INCREMENT=99 DEFAULT CHARSET=utf8mb4 COLLATE=utf8mb4_unicode_ci;
/*!40101 SET character_set_client = @saved_cs_client */;

--
-- Dumping data for table `batches`
--

LOCK TABLES `batches` WRITE;
/*!40000 ALTER TABLE `batches` DISABLE KEYS */;
INSERT INTO `batches` VALUES (1,34,2.0000,0.0000,2.0000,80.0000,95.0000,'2025-10-01',NULL,NULL,1,1,5,5,'2025-10-11 18:12:51','2025-10-01 16:14:31','2025-10-25 19:28:34',NULL,NULL,'consumed'),(2,35,1.0000,0.0000,1.0000,75.0000,100.0000,'2025-10-01',NULL,NULL,2,2,5,5,'2025-10-11 17:51:23','2025-10-01 16:19:24','2025-10-11 17:51:23',NULL,NULL,'consumed'),(3,18,1.0000,0.0000,1.0000,0.0000,0.0000,'2025-10-02',NULL,NULL,3,3,5,5,'2025-10-12 19:55:43','2025-10-02 18:25:26','2025-10-12 19:55:43',NULL,NULL,'consumed'),(4,19,2.0000,0.0000,2.0000,0.0000,0.0000,'2025-10-11',NULL,NULL,4,4,5,5,'2025-10-12 20:08:50','2025-10-11 18:33:40','2025-10-12 20:08:50',NULL,NULL,'consumed'),(5,20,5.0000,0.0000,5.0000,0.0000,0.0000,'2025-10-11',NULL,NULL,4,5,5,5,'2025-12-20 17:08:55','2025-10-11 18:33:40','2025-12-20 17:08:55',NULL,NULL,'consumed'),(6,25,52.0000,0.0000,52.0000,0.0000,0.0000,'2025-10-11',NULL,NULL,4,6,5,5,'2025-12-17 17:45:36','2025-10-11 18:33:40','2025-12-17 17:45:36',NULL,NULL,'consumed'),(7,18,1.0000,0.0000,1.0000,0.0000,0.0000,'2025-10-12',NULL,NULL,5,7,5,5,'2025-10-12 20:08:50','2025-10-12 20:08:04','2025-10-12 20:08:50',NULL,NULL,'consumed'),(8,10,3.0000,0.0000,3.0000,0.0000,0.0000,'2025-10-12',NULL,NULL,5,8,5,5,'2025-12-17 17:21:14','2025-10-12 20:08:04','2025-12-17 17:21:14',NULL,NULL,'consumed'),(9,11,4.0000,0.0000,4.0000,0.0000,0.0000,'2025-10-12',NULL,NULL,5,9,5,5,'2025-12-15 23:38:18','2025-10-12 20:08:04','2025-12-15 23:38:18',NULL,NULL,'consumed'),(10,12,3.0000,0.0000,3.0000,0.0000,0.0000,'2025-10-12',NULL,NULL,5,10,5,5,'2025-12-15 23:46:32','2025-10-12 20:08:04','2025-12-15 23:46:32',NULL,NULL,'consumed'),(11,13,2.0000,0.0000,2.0000,0.0000,0.0000,'2025-10-12',NULL,NULL,5,11,5,5,'2025-12-15 22:50:35','2025-10-12 20:08:04','2025-12-15 22:50:35',NULL,NULL,'consumed'),(12,18,1.0000,0.0000,1.0000,0.0000,0.0000,'2025-10-12',NULL,NULL,6,12,5,5,'2025-10-24 14:19:05','2025-10-12 22:56:13','2025-10-24 14:19:05',NULL,NULL,'consumed'),(13,18,1.0000,0.0000,1.0000,0.5200,0.0000,'2025-10-12',NULL,NULL,7,13,5,5,'2025-12-16 00:09:31','2025-10-12 22:56:36','2025-12-16 00:09:31',NULL,NULL,'consumed'),(14,36,5.0000,0.0000,5.0000,10.0000,20.0000,'2025-10-23',NULL,NULL,9,15,5,5,'2025-11-09 23:18:16','2025-10-23 15:21:49','2025-11-09 23:18:16',NULL,NULL,'consumed'),(15,36,5.0000,0.0000,5.0000,10.0000,20.0000,'2025-10-23',NULL,NULL,10,16,5,5,'2025-11-03 22:26:02','2025-10-23 15:22:08','2025-11-03 22:26:02',NULL,NULL,'consumed'),(16,36,1.0000,0.0000,1.0000,10.0000,100.0000,'2025-10-23',NULL,NULL,11,17,5,5,'2025-11-05 14:57:23','2025-10-23 17:17:11','2025-11-05 14:57:23',NULL,NULL,'consumed'),(17,36,1.0000,0.0000,1.0000,50.0000,100.0000,'2025-10-23',NULL,NULL,12,18,5,5,'2025-11-05 14:57:35','2025-10-23 17:32:16','2025-11-05 14:57:35',NULL,NULL,'consumed'),(18,36,3.0000,0.0000,3.0000,50.0000,100.0000,'2025-10-23',NULL,NULL,13,19,5,5,'2025-10-25 07:27:44','2025-10-23 22:05:08','2025-10-25 07:27:44',NULL,NULL,'consumed'),(19,36,1.0000,0.0000,1.0000,100.0000,200.0000,'2025-10-23',NULL,NULL,14,20,5,5,'2025-10-24 14:17:38','2025-10-23 22:05:25','2025-10-24 14:17:38',NULL,NULL,'consumed'),(20,36,12.0000,0.0000,12.0000,100.0000,200.0000,'2025-10-24',NULL,NULL,15,21,5,5,'2025-11-17 21:00:54','2025-10-24 14:18:29','2025-11-17 21:00:54',NULL,NULL,'consumed'),(21,37,3.0000,0.0000,3.0000,10.0000,20.0000,'2025-10-25',NULL,NULL,16,22,5,5,'2025-10-26 00:33:43','2025-10-25 08:03:28','2025-10-26 00:33:43',NULL,NULL,'consumed'),(22,37,3.0000,0.0000,3.0000,50.0000,100.0000,'2025-10-25',NULL,NULL,17,23,5,5,'2025-10-26 13:49:44','2025-10-25 08:04:00','2025-10-26 13:49:44',NULL,NULL,'consumed'),(23,37,10.0000,0.0000,10.0000,90.0000,100.0000,'2025-10-26',NULL,NULL,19,25,5,5,'2025-12-16 00:16:55','2025-10-26 13:49:08','2025-12-16 00:16:55',NULL,NULL,'consumed'),(24,39,5.0000,0.0000,5.0000,10.0000,20.0000,'2025-11-05',NULL,NULL,20,26,5,5,'2025-11-24 08:15:13','2025-11-05 15:59:46','2025-11-24 08:15:13',NULL,NULL,'consumed'),(25,18,1.0000,0.0000,1.0000,0.5200,0.0000,'2025-11-05',NULL,NULL,20,27,5,5,'2025-12-16 00:09:31','2025-11-05 15:59:46','2025-12-16 00:09:31',NULL,NULL,'consumed'),(26,19,4.0000,4.0000,4.0000,0.0000,0.0000,'2025-11-05',NULL,NULL,20,28,5,NULL,NULL,'2025-11-05 15:59:46','2025-11-05 15:59:46',NULL,NULL,'active'),(27,20,4.0000,4.0000,4.0000,0.0000,0.0000,'2025-11-05',NULL,NULL,20,29,5,5,'2025-12-24 11:29:36','2025-11-05 15:59:47','2025-12-24 15:29:27',NULL,NULL,'active'),(28,10,1.0000,0.0000,1.0000,0.0000,0.0000,'2025-11-05',NULL,NULL,20,30,5,5,'2025-12-17 17:49:05','2025-11-05 15:59:47','2025-12-17 17:49:05',NULL,NULL,'consumed'),(29,11,1.0000,0.0000,1.0000,0.0000,0.0000,'2025-11-05',NULL,NULL,20,31,5,5,'2025-12-17 14:57:21','2025-11-05 15:59:47','2025-12-17 14:57:21',NULL,NULL,'consumed'),(30,36,2.0000,0.0000,2.0000,250.0000,310.0000,'2025-11-06',NULL,NULL,21,32,5,5,'2025-11-17 21:00:54','2025-11-06 12:53:52','2025-11-17 21:00:54',NULL,NULL,'consumed'),(31,40,10.0000,0.0000,10.0000,20.0000,30.0000,'2025-11-08',NULL,NULL,22,33,5,5,'2025-11-08 18:02:18','2025-11-08 17:57:09','2025-11-08 18:02:18',NULL,NULL,'consumed'),(32,40,1.0000,0.0000,1.0000,30.0000,100.0000,'2025-11-08',NULL,NULL,23,34,5,5,'2025-11-08 18:02:18','2025-11-08 18:00:11','2025-11-08 18:02:18',NULL,NULL,'consumed'),(33,41,15.0000,0.0000,15.0000,10.0000,11.0000,'2025-11-08',NULL,NULL,24,35,5,5,'2025-11-08 19:41:11','2025-11-08 19:07:42','2025-11-08 19:41:11',NULL,NULL,'consumed'),(34,41,2.0000,0.0000,2.0000,12.0000,14.0000,'2025-11-08',NULL,NULL,25,36,5,5,'2025-11-09 12:21:43','2025-11-08 19:27:46','2025-11-09 12:21:43',NULL,NULL,'consumed'),(35,39,1.0000,0.0000,1.0000,10.0000,20.0000,'2025-11-15',NULL,NULL,26,37,5,5,'2025-11-24 08:26:04','2025-11-15 00:16:50','2025-11-24 08:26:04',NULL,NULL,'consumed'),(36,40,1.0000,0.0000,1.0000,30.0000,100.0000,'2025-11-15',NULL,NULL,26,38,5,5,'2025-11-18 12:42:40','2025-11-15 00:16:50','2025-11-18 12:42:40',NULL,NULL,'consumed'),(37,18,1.0000,0.0000,1.0000,0.5200,0.0000,'2025-11-15',NULL,NULL,26,39,5,5,'2025-12-16 00:09:31','2025-11-15 00:16:50','2025-12-16 00:09:31',NULL,NULL,'consumed'),(38,42,50.0000,0.0000,50.0000,100.0000,150.0000,'2025-11-15',NULL,NULL,27,40,5,5,'2025-11-18 16:11:41','2025-11-15 21:12:55','2025-11-18 16:11:41',NULL,NULL,'consumed'),(39,42,2.0000,0.0000,2.0000,1000.0000,11000.0000,'2025-11-15',NULL,NULL,28,41,5,5,'2025-11-18 19:35:18','2025-11-15 21:13:52','2025-11-18 19:35:18',NULL,NULL,'consumed'),(40,41,10.0000,0.0000,10.0000,5.0000,7.0000,'2025-11-15',NULL,NULL,29,42,5,5,'2025-11-24 08:20:58','2025-11-15 23:27:06','2025-11-24 08:20:58',NULL,NULL,'consumed'),(41,41,5.0000,0.0000,5.0000,6.0000,11.0000,'2025-11-15',NULL,NULL,30,43,5,5,'2025-11-24 09:02:39','2025-11-15 23:31:28','2025-11-24 09:02:39',NULL,NULL,'consumed'),(42,43,10.0000,0.0000,10.0000,10.0000,20.0000,'2025-11-15',NULL,NULL,31,44,5,5,'2025-11-24 07:09:53','2025-11-15 23:40:20','2025-11-24 07:09:53',NULL,NULL,'consumed'),(43,45,8.0000,0.0000,8.0000,150.0000,175.0000,'2025-11-18',NULL,NULL,33,46,5,5,'2025-11-24 08:12:06','2025-11-18 21:36:33','2025-11-24 08:12:06',NULL,NULL,'consumed'),(44,46,200.0000,0.0000,200.0000,1.5000,3.0000,'2025-11-18',NULL,NULL,34,47,5,5,'2025-11-18 21:41:28','2025-11-18 21:37:33','2025-11-18 21:41:28',NULL,NULL,'consumed'),(45,39,6.0000,6.0000,6.0000,10.0000,20.0000,'2025-12-16',NULL,NULL,35,48,5,5,'2025-12-27 22:12:54','2025-12-16 10:57:33','2025-12-27 22:13:30',NULL,NULL,'active'),(46,40,5.0000,1.0000,5.0000,30.0000,100.0000,'2025-12-16',NULL,NULL,35,49,5,5,'2025-12-26 00:35:02','2025-12-16 10:57:33','2025-12-27 12:06:21','إرجاع كامل للفاتورة',NULL,'active'),(47,18,4.0000,0.0000,4.0000,0.5200,0.0000,'2025-12-16',NULL,NULL,35,50,5,5,'2025-12-16 11:34:46','2025-12-16 10:57:33','2025-12-16 11:34:46',NULL,NULL,'consumed'),(48,19,4.0000,4.0000,4.0000,10.0000,50.0000,'2025-12-16',NULL,NULL,35,51,5,NULL,NULL,'2025-12-16 10:57:33','2025-12-16 10:57:33',NULL,NULL,'active'),(49,20,1.0000,1.0000,1.0000,20.0000,25.0000,'2025-12-16',NULL,NULL,35,52,5,NULL,NULL,'2025-12-16 10:57:33','2025-12-16 10:57:33',NULL,NULL,'active'),(50,42,5.0000,4.0000,5.0000,1000.0000,11000.0000,'2025-12-16',NULL,NULL,35,53,5,5,'2025-12-24 19:34:41','2025-12-16 10:57:33','2025-12-25 07:31:55',NULL,NULL,'active'),(51,10,5.0000,4.0000,5.0000,10.0000,15.0000,'2025-12-16',NULL,NULL,35,54,5,5,'2025-12-27 19:41:19','2025-12-16 10:57:33','2025-12-27 20:14:36',NULL,NULL,'active'),(52,12,4.0000,0.0000,4.0000,15.0000,25.0000,'2025-12-16',NULL,NULL,35,55,5,5,'2025-12-17 14:51:53','2025-12-16 10:57:33','2025-12-17 14:51:53',NULL,NULL,'consumed'),(53,13,4.0000,0.0000,4.0000,52.0000,90.0000,'2025-12-16',NULL,NULL,35,56,5,5,'2025-12-17 12:54:26','2025-12-16 10:57:33','2025-12-17 12:54:26',NULL,NULL,'consumed'),(54,14,3.0000,0.0000,3.0000,50.0000,60.0000,'2025-12-16',NULL,NULL,35,57,5,5,'2025-12-16 18:21:48','2025-12-16 10:57:33','2025-12-16 18:21:48',NULL,NULL,'consumed'),(55,15,15.0000,0.0000,15.0000,100.0000,150.0000,'2025-12-16',NULL,NULL,35,58,5,5,'2025-12-20 22:05:01','2025-12-16 10:57:33','2025-12-20 22:05:01',NULL,NULL,'consumed'),(56,22,3.0000,0.0000,3.0000,10.0000,20.0000,'2025-12-16',NULL,NULL,35,59,5,6,'2025-12-18 15:56:24','2025-12-16 10:57:33','2025-12-18 15:56:24',NULL,NULL,'consumed'),(57,16,3.0000,0.0000,3.0000,30.0000,60.0000,'2025-12-16',NULL,NULL,35,60,5,5,'2025-12-16 18:03:49','2025-12-16 10:57:33','2025-12-16 18:03:49',NULL,NULL,'consumed'),(58,23,5.0000,1.0000,5.0000,50.0000,70.0000,'2025-12-16',NULL,NULL,35,61,5,5,'2025-12-27 22:12:54','2025-12-16 10:57:33','2025-12-27 22:17:56','',NULL,'active'),(59,39,4.0000,4.0000,4.0000,10.0000,20.0000,'2025-12-21',NULL,NULL,36,62,5,NULL,NULL,'2025-12-21 13:16:47','2025-12-21 13:16:47',NULL,NULL,'active'),(60,40,4.0000,2.0000,4.0000,30.0000,100.0000,'2025-12-21',NULL,NULL,36,63,5,5,'2025-12-22 16:50:58','2025-12-21 13:16:47','2025-12-24 15:08:50',NULL,NULL,'active'),(61,18,6.0000,5.0000,6.0000,0.5200,0.0000,'2025-12-21',NULL,NULL,36,64,5,5,'2025-12-22 17:02:14','2025-12-21 13:16:47','2025-12-22 17:02:14',NULL,NULL,'active'),(62,11,9.0000,7.0000,9.0000,0.0000,0.0000,'2025-12-21',NULL,NULL,36,65,5,5,'2025-12-22 14:45:24','2025-12-21 13:16:47','2025-12-22 14:45:24',NULL,NULL,'active'),(63,13,45.0000,43.0000,45.0000,52.0000,90.0000,'2025-12-21',NULL,NULL,36,66,5,5,'2025-12-22 14:45:24','2025-12-21 13:16:47','2025-12-22 14:45:24',NULL,NULL,'active'),(64,14,15.0000,15.0000,15.0000,50.0000,60.0000,'2025-12-21',NULL,NULL,36,67,5,5,'2025-12-25 10:03:08','2025-12-21 13:16:47','2025-12-25 10:26:47',NULL,NULL,'active'),(65,15,15.0000,8.5000,15.0000,100.0000,150.0000,'2025-12-21',NULL,NULL,36,68,5,5,'2025-12-27 21:55:28','2025-12-21 13:16:47','2025-12-27 22:06:40',NULL,NULL,'active'),(66,16,15.0000,14.0000,15.0000,30.0000,60.0000,'2025-12-21',NULL,NULL,36,69,5,5,'2025-12-24 14:55:34','2025-12-21 13:16:47','2025-12-24 14:56:56',NULL,NULL,'active'),(67,22,15.0000,15.0000,15.0000,10.0000,20.0000,'2025-12-21',NULL,NULL,36,70,5,NULL,NULL,'2025-12-21 13:16:47','2025-12-21 13:16:47',NULL,NULL,'active'),(68,41,60.0000,60.0000,60.0000,6.0000,11.0000,'2025-12-21',NULL,NULL,36,71,5,NULL,NULL,'2025-12-21 13:16:47','2025-12-21 13:16:47',NULL,NULL,'active'),(69,24,60.0000,59.0000,60.0000,0.0000,0.0000,'2025-12-21',NULL,NULL,36,72,5,5,'2025-12-22 17:58:13','2025-12-21 13:16:47','2025-12-22 17:58:13',NULL,NULL,'active'),(70,25,45.0000,44.0000,45.0000,0.0000,0.0000,'2025-12-21',NULL,NULL,36,73,5,5,'2025-12-21 13:18:22','2025-12-21 13:16:47','2025-12-21 13:18:22',NULL,NULL,'active'),(71,30,45.0000,41.0000,45.0000,0.0000,0.0000,'2025-12-21',NULL,NULL,36,74,5,5,'2025-12-27 13:24:03','2025-12-21 13:16:47','2025-12-27 13:24:03',NULL,NULL,'active'),(72,29,45.0000,45.0000,45.0000,0.0000,0.0000,'2025-12-21',NULL,NULL,36,75,5,NULL,NULL,'2025-12-21 13:16:47','2025-12-21 13:16:47',NULL,NULL,'active'),(73,17,60.0000,60.0000,60.0000,0.0000,0.0000,'2025-12-21',NULL,NULL,36,76,5,NULL,NULL,'2025-12-21 13:16:47','2025-12-21 13:16:47',NULL,NULL,'active'),(74,45,60.0000,60.0000,60.0000,150.0000,175.0000,'2025-12-21',NULL,NULL,36,77,5,5,'2025-12-27 17:41:30','2025-12-21 13:16:47','2025-12-27 20:17:55',NULL,NULL,'active'),(75,46,60.0000,54.0000,60.0000,1.5000,3.0000,'2025-12-21',NULL,NULL,36,78,5,5,'2025-12-27 22:12:54','2025-12-21 13:16:47','2025-12-27 22:12:54',NULL,NULL,'active'),(76,28,30.0000,24.0000,30.0000,0.0000,0.0000,'2025-12-21',NULL,NULL,36,79,5,5,'2025-12-27 21:55:28','2025-12-21 13:16:47','2025-12-27 21:56:15',NULL,NULL,'active'),(77,27,45.0000,45.0000,45.0000,0.0000,0.0000,'2025-12-21',NULL,NULL,36,80,5,NULL,NULL,'2025-12-21 13:16:47','2025-12-21 13:16:47',NULL,NULL,'active'),(78,36,30.0000,30.0000,30.0000,250.0000,310.0000,'2025-12-21',NULL,NULL,36,81,5,NULL,NULL,'2025-12-21 13:16:47','2025-12-21 13:16:47',NULL,NULL,'active'),(79,38,15.0000,14.0000,15.0000,10.0000,20.0000,'2025-12-21',NULL,NULL,36,82,5,5,'2025-12-22 17:58:13','2025-12-21 13:16:47','2025-12-22 17:58:13',NULL,NULL,'active'),(80,35,45.0000,41.0000,45.0000,75.0000,100.0000,'2025-12-21',NULL,NULL,36,83,5,5,'2025-12-23 21:58:57','2025-12-21 13:16:47','2025-12-24 15:24:38',NULL,NULL,'active'),(81,33,60.0000,60.0000,60.0000,0.0000,0.0000,'2025-12-21',NULL,NULL,36,84,5,5,'2025-12-27 17:41:07','2025-12-21 13:16:47','2025-12-27 17:59:39',NULL,NULL,'active'),(82,37,60.0000,60.0000,60.0000,90.0000,100.0000,'2025-12-21',NULL,NULL,36,85,5,NULL,NULL,'2025-12-21 13:16:47','2025-12-21 13:16:47',NULL,NULL,'active'),(83,34,30.0000,30.0000,30.0000,80.0000,95.0000,'2025-12-21',NULL,NULL,36,86,5,5,'2025-12-24 19:27:40','2025-12-21 13:16:47','2025-12-24 19:28:42',NULL,NULL,'active'),(84,6,60.0000,60.0000,60.0000,0.0000,0.0000,'2025-12-21',NULL,NULL,36,87,5,NULL,NULL,'2025-12-21 13:16:47','2025-12-21 13:16:47',NULL,NULL,'active'),(85,7,45.0000,45.0000,45.0000,0.0000,0.0000,'2025-12-21',NULL,NULL,36,88,5,NULL,NULL,'2025-12-21 13:16:47','2025-12-21 13:16:47',NULL,NULL,'active'),(86,8,45.0000,45.0000,45.0000,0.0000,0.0000,'2025-12-21',NULL,NULL,36,89,5,NULL,NULL,'2025-12-21 13:16:47','2025-12-21 13:16:47',NULL,NULL,'active'),(87,9,45.0000,45.0000,45.0000,0.0000,0.0000,'2025-12-21',NULL,NULL,36,90,5,5,'2025-12-23 13:12:21','2025-12-21 13:16:47','2025-12-23 21:54:48',NULL,NULL,'active'),(88,4,105.0000,105.0000,105.0000,0.0000,0.0000,'2025-12-21',NULL,NULL,36,91,5,NULL,NULL,'2025-12-21 13:16:47','2025-12-21 13:16:47',NULL,NULL,'active'),(89,3,60.0000,59.0000,60.0000,0.0000,0.0000,'2025-12-21',NULL,NULL,36,92,5,5,'2025-12-22 17:58:13','2025-12-21 13:16:47','2025-12-22 17:58:13',NULL,NULL,'active'),(90,2,30.0000,30.0000,30.0000,8.5000,0.0000,'2025-12-21',NULL,NULL,36,93,5,NULL,NULL,'2025-12-21 13:16:47','2025-12-21 13:16:47',NULL,NULL,'active'),(91,1,45.0000,45.0000,45.0000,9.0000,20.0000,'2025-12-21',NULL,NULL,36,94,5,NULL,NULL,'2025-12-21 13:16:47','2025-12-21 13:16:47',NULL,NULL,'active'),(92,21,45.0000,44.0000,45.0000,0.0000,0.0000,'2025-12-21',NULL,NULL,36,95,5,5,'2025-12-23 17:55:23','2025-12-21 13:16:47','2025-12-23 20:32:48',NULL,NULL,'active'),(93,43,75.0000,75.0000,75.0000,10.0000,20.0000,'2025-12-21',NULL,NULL,36,96,5,5,'2025-12-24 12:32:15','2025-12-21 13:16:47','2025-12-24 15:24:38',NULL,NULL,'active'),(94,44,4.0000,4.0000,4.0000,50.0000,120.0000,'2025-12-23',NULL,NULL,37,97,5,5,'2025-12-27 17:41:07','2025-12-23 06:36:39','2025-12-27 18:42:38','الله اكبر',NULL,'active'),(95,44,3.0000,2.0000,3.0000,70.0000,120.0000,'2025-12-23',NULL,NULL,38,98,5,5,'2025-12-24 19:15:50','2025-12-23 06:37:09','2025-12-25 16:51:21','إرجاع كامل للفاتورة',NULL,'active'),(96,44,2.0000,2.0000,2.0000,100.0000,120.0000,'2025-12-23',NULL,NULL,39,99,5,5,'2025-12-24 19:15:50','2025-12-23 22:13:07','2025-12-25 16:51:21','إرجاع كامل للفاتورة',NULL,'active'),(97,44,2.0000,1.0000,2.0000,200.0000,120.0000,'2025-12-23',NULL,NULL,40,100,5,5,'2025-12-24 19:15:50','2025-12-23 22:41:33','2025-12-24 19:18:14','الحمدلله',NULL,'active'),(98,44,2.0000,4.0000,2.0000,250.0000,120.0000,'2025-12-23',NULL,NULL,41,101,5,5,'2025-12-24 19:15:50','2025-12-23 23:26:01','2025-12-24 19:18:14',NULL,NULL,'active');
/*!40000 ALTER TABLE `batches` ENABLE KEYS */;
UNLOCK TABLES;

--
-- Table structure for table `customer_transactions`
--

DROP TABLE IF EXISTS `customer_transactions`;
/*!40101 SET @saved_cs_client     = @@character_set_client */;
/*!40101 SET character_set_client = utf8 */;
CREATE TABLE `customer_transactions` (
  `id` int(11) NOT NULL AUTO_INCREMENT,
  `customer_id` int(11) NOT NULL,
  `transaction_type` enum('invoice','payment','return','deposit','withdraw','adjustment') NOT NULL,
  `amount` decimal(12,2) NOT NULL COMMENT 'موجب للزيادة، سالب للنقصان',
  `description` varchar(255) NOT NULL,
  `invoice_id` int(11) DEFAULT NULL,
  `payment_id` int(11) DEFAULT NULL,
  `return_id` int(11) DEFAULT NULL,
  `wallet_transaction_id` int(11) DEFAULT NULL,
  `work_order_id` int(11) DEFAULT NULL,
  `balance_before` decimal(12,2) DEFAULT 0.00,
  `balance_after` decimal(12,2) DEFAULT 0.00,
  `wallet_before` decimal(12,2) DEFAULT 0.00,
  `wallet_after` decimal(12,2) DEFAULT 0.00,
  `transaction_date` timestamp NOT NULL DEFAULT current_timestamp(),
  `created_by` int(11) NOT NULL,
  `created_at` timestamp NOT NULL DEFAULT current_timestamp(),
  PRIMARY KEY (`id`),
  KEY `invoice_id` (`invoice_id`),
  KEY `payment_id` (`payment_id`),
  KEY `work_order_id` (`work_order_id`),
  KEY `created_by` (`created_by`),
  KEY `idx_customer_type` (`customer_id`,`transaction_type`),
  KEY `idx_date` (`transaction_date`),
  CONSTRAINT `customer_transactions_ibfk_1` FOREIGN KEY (`customer_id`) REFERENCES `customers` (`id`),
  CONSTRAINT `customer_transactions_ibfk_2` FOREIGN KEY (`invoice_id`) REFERENCES `invoices_out` (`id`),
  CONSTRAINT `customer_transactions_ibfk_3` FOREIGN KEY (`payment_id`) REFERENCES `invoice_payments` (`id`),
  CONSTRAINT `customer_transactions_ibfk_5` FOREIGN KEY (`work_order_id`) REFERENCES `work_orders` (`id`),
  CONSTRAINT `customer_transactions_ibfk_6` FOREIGN KEY (`created_by`) REFERENCES `users` (`id`)
) ENGINE=InnoDB AUTO_INCREMENT=624 DEFAULT CHARSET=utf8mb4 COLLATE=utf8mb4_unicode_ci;
/*!40101 SET character_set_client = @saved_cs_client */;

--
-- Dumping data for table `customer_transactions`
--

LOCK TABLES `customer_transactions` WRITE;
/*!40000 ALTER TABLE `customer_transactions` DISABLE KEYS */;
INSERT INTO `customer_transactions` VALUES (1,8,'invoice',100.00,'فاتورة رقم 8',8,NULL,NULL,NULL,NULL,0.00,100.00,0.00,0.00,'2025-10-10 21:00:00',5,'2025-12-07 06:30:20'),(2,8,'invoice',20.00,'فاتورة رقم 9',9,NULL,NULL,NULL,NULL,100.00,120.00,0.00,0.00,'2025-10-10 21:00:00',5,'2025-12-07 06:30:20'),(3,8,'invoice',520.00,'فاتورة رقم 78',78,NULL,NULL,NULL,NULL,120.00,640.00,0.00,0.00,'2025-10-11 21:00:00',5,'2025-12-07 06:30:20'),(4,8,'invoice',1000.00,'فاتورة رقم 95',95,NULL,NULL,NULL,NULL,640.00,1640.00,0.00,0.00,'2025-10-12 21:00:00',5,'2025-12-07 06:30:20'),(5,8,'invoice',20.00,'فاتورة رقم 102',102,NULL,NULL,NULL,NULL,1640.00,1660.00,0.00,0.00,'2025-10-22 21:00:00',5,'2025-12-07 06:30:20'),(6,8,'invoice',20.00,'فاتورة رقم 104',104,NULL,NULL,NULL,NULL,1660.00,1680.00,0.00,0.00,'2025-10-22 21:00:00',5,'2025-12-07 06:30:20'),(7,8,'invoice',200.00,'فاتورة رقم 107',107,NULL,NULL,NULL,NULL,1680.00,1880.00,0.00,0.00,'2025-10-23 21:00:00',5,'2025-12-07 06:30:20'),(8,8,'invoice',400.00,'فاتورة رقم 111',111,NULL,NULL,NULL,NULL,1880.00,2280.00,0.00,0.00,'2025-10-24 21:00:00',5,'2025-12-07 06:30:20'),(9,8,'invoice',80.00,'فاتورة رقم 121',121,NULL,NULL,NULL,NULL,2280.00,2360.00,0.00,0.00,'2025-10-25 21:00:00',5,'2025-12-07 06:30:20'),(10,8,'invoice',1100.00,'فاتورة رقم 122',122,NULL,NULL,NULL,NULL,2360.00,3460.00,0.00,0.00,'2025-10-25 21:00:00',5,'2025-12-07 06:30:20'),(11,8,'invoice',20.00,'فاتورة رقم 129',129,NULL,NULL,NULL,NULL,3460.00,3480.00,0.00,0.00,'2025-11-04 22:00:00',5,'2025-12-07 06:30:20'),(12,8,'invoice',20.00,'فاتورة رقم 130',130,NULL,NULL,NULL,NULL,3480.00,3500.00,0.00,0.00,'2025-11-04 22:00:00',5,'2025-12-07 06:30:20'),(13,8,'invoice',20.00,'فاتورة رقم 131',131,NULL,NULL,NULL,NULL,3500.00,3520.00,0.00,0.00,'2025-11-04 22:00:00',5,'2025-12-07 06:30:20'),(14,8,'invoice',84.00,'فاتورة رقم 137',137,NULL,NULL,NULL,NULL,3520.00,3604.00,0.00,0.00,'2025-11-07 22:00:00',5,'2025-12-07 06:30:20'),(15,8,'invoice',1100.00,'فاتورة رقم 153',153,NULL,NULL,NULL,NULL,3604.00,4704.00,0.00,0.00,'2025-11-16 22:00:00',5,'2025-12-07 06:30:20'),(16,8,'invoice',96.00,'فاتورة رقم 154',154,NULL,NULL,NULL,NULL,4704.00,4800.00,0.00,0.00,'2025-11-16 22:00:00',5,'2025-12-07 06:30:20'),(17,8,'invoice',17.00,'فاتورة رقم 155',155,NULL,NULL,NULL,NULL,4800.00,4817.00,0.00,0.00,'2025-11-16 22:00:00',5,'2025-12-07 06:30:20'),(18,8,'invoice',20.00,'فاتورة رقم 156',156,NULL,NULL,NULL,NULL,4817.00,4837.00,0.00,0.00,'2025-11-16 22:00:00',5,'2025-12-07 06:30:20'),(19,8,'invoice',960.00,'فاتورة رقم 157',157,NULL,NULL,NULL,NULL,4837.00,5797.00,0.00,0.00,'2025-11-16 22:00:00',5,'2025-12-07 06:30:20'),(20,8,'invoice',16.00,'فاتورة رقم 158',158,NULL,NULL,NULL,NULL,5797.00,5813.00,0.00,0.00,'2025-11-16 22:00:00',5,'2025-12-07 06:30:20'),(21,8,'invoice',50.00,'فاتورة رقم 159',159,NULL,NULL,NULL,NULL,5813.00,5863.00,0.00,0.00,'2025-11-16 22:00:00',5,'2025-12-07 06:30:20'),(22,8,'invoice',1200.00,'فاتورة رقم 160',160,NULL,NULL,NULL,NULL,5863.00,7063.00,0.00,0.00,'2025-11-16 22:00:00',5,'2025-12-07 06:30:20'),(23,8,'payment',20.00,'دفعة على فاتورة رقم 9',9,2,NULL,NULL,NULL,7063.00,7043.00,0.00,0.00,'2025-11-16 22:00:00',5,'2025-12-07 06:30:20'),(24,8,'payment',0.00,'دفعة على فاتورة رقم 43',43,4,NULL,NULL,NULL,7043.00,7043.00,0.00,0.00,'2025-11-16 22:00:00',5,'2025-12-07 06:30:20'),(25,8,'payment',0.00,'دفعة على فاتورة رقم 44',44,5,NULL,NULL,NULL,7043.00,7043.00,0.00,0.00,'2025-11-16 22:00:00',5,'2025-12-07 06:30:20'),(26,8,'payment',0.00,'دفعة على فاتورة رقم 45',45,6,NULL,NULL,NULL,7043.00,7043.00,0.00,0.00,'2025-11-16 22:00:00',5,'2025-12-07 06:30:20'),(27,8,'payment',0.00,'دفعة على فاتورة رقم 47',47,7,NULL,NULL,NULL,7043.00,7043.00,0.00,0.00,'2025-11-16 22:00:00',5,'2025-12-07 06:30:20'),(28,8,'payment',0.00,'دفعة على فاتورة رقم 48',48,8,NULL,NULL,NULL,7043.00,7043.00,0.00,0.00,'2025-11-16 22:00:00',5,'2025-12-07 06:30:20'),(29,8,'payment',0.00,'دفعة على فاتورة رقم 50',50,9,NULL,NULL,NULL,7043.00,7043.00,0.00,0.00,'2025-11-16 22:00:00',5,'2025-12-07 06:30:20'),(30,8,'payment',0.00,'دفعة على فاتورة رقم 51',51,10,NULL,NULL,NULL,7043.00,7043.00,0.00,0.00,'2025-11-16 22:00:00',5,'2025-12-07 06:30:20'),(31,8,'payment',0.00,'دفعة على فاتورة رقم 90',90,11,NULL,NULL,NULL,7043.00,7043.00,0.00,0.00,'2025-11-16 22:00:00',5,'2025-12-07 06:30:20'),(32,8,'payment',84.00,'دفعة على فاتورة رقم 137',137,14,NULL,NULL,NULL,7043.00,6959.00,0.00,0.00,'2025-11-16 22:00:00',5,'2025-12-07 06:30:20'),(33,8,'payment',96.00,'دفعة على فاتورة رقم 154',154,18,NULL,NULL,NULL,6959.00,6863.00,0.00,0.00,'2025-11-16 22:00:00',5,'2025-12-07 06:30:20'),(34,8,'payment',960.00,'دفعة على فاتورة رقم 157',157,19,NULL,NULL,NULL,6863.00,5903.00,0.00,0.00,'2025-11-16 22:00:00',5,'2025-12-07 06:30:20'),(35,8,'payment',16.00,'دفعة على فاتورة رقم 158',158,20,NULL,NULL,NULL,5903.00,5887.00,0.00,0.00,'2025-11-16 22:00:00',5,'2025-12-07 06:30:20'),(36,8,'payment',50.00,'دفعة على فاتورة رقم 159',159,21,NULL,NULL,NULL,5887.00,5837.00,0.00,0.00,'2025-11-16 22:00:00',5,'2025-12-07 06:30:20'),(37,8,'invoice',1200.00,'فاتورة رقم 161',161,NULL,NULL,NULL,NULL,5837.00,7037.00,0.00,0.00,'2025-11-16 22:00:00',5,'2025-12-07 06:30:20'),(38,8,'invoice',20.00,'فاتورة رقم 164',164,NULL,NULL,NULL,NULL,7037.00,7057.00,0.00,0.00,'2025-11-17 22:00:00',5,'2025-12-07 06:30:20'),(39,8,'invoice',1100.00,'فاتورة رقم 165',165,NULL,NULL,NULL,NULL,7057.00,8157.00,0.00,0.00,'2025-11-17 22:00:00',5,'2025-12-07 06:30:20'),(40,8,'payment',1100.00,'دفعة على فاتورة رقم 165',165,22,NULL,NULL,NULL,8157.00,7057.00,0.00,0.00,'2025-11-17 22:00:00',5,'2025-12-07 06:30:20'),(41,8,'invoice',960.00,'فاتورة رقم 166',166,NULL,NULL,NULL,NULL,7057.00,8017.00,0.00,0.00,'2025-11-17 22:00:00',5,'2025-12-07 06:30:20'),(42,8,'payment',960.00,'دفعة على فاتورة رقم 166',166,23,NULL,NULL,NULL,8017.00,7057.00,0.00,0.00,'2025-11-17 22:00:00',5,'2025-12-07 06:30:20'),(43,8,'invoice',2400.00,'فاتورة رقم 167',167,NULL,NULL,NULL,NULL,7057.00,9457.00,0.00,0.00,'2025-11-17 22:00:00',5,'2025-12-07 06:30:20'),(44,8,'invoice',6000.00,'فاتورة رقم 168',168,NULL,NULL,NULL,NULL,9457.00,15457.00,0.00,0.00,'2025-11-17 22:00:00',5,'2025-12-07 06:30:20'),(45,8,'invoice',59.50,'فاتورة رقم 169',169,NULL,NULL,NULL,NULL,15457.00,15516.50,0.00,0.00,'2025-11-17 22:00:00',5,'2025-12-07 06:30:20'),(46,8,'payment',59.50,'دفعة على فاتورة رقم 169',169,24,NULL,NULL,NULL,15516.50,15457.00,0.00,0.00,'2025-11-17 22:00:00',5,'2025-12-07 06:30:20'),(47,8,'invoice',5500.00,'فاتورة رقم 170',170,NULL,NULL,NULL,NULL,15457.00,20957.00,0.00,0.00,'2025-11-17 22:00:00',5,'2025-12-07 06:30:20'),(48,8,'payment',1000.00,'دفعة على فاتورة رقم 170',170,25,NULL,NULL,NULL,20957.00,19957.00,0.00,0.00,'2025-11-17 22:00:00',5,'2025-12-07 06:30:20'),(49,8,'invoice',880.00,'فاتورة رقم 171',171,NULL,NULL,NULL,NULL,19957.00,20837.00,0.00,0.00,'2025-11-17 22:00:00',5,'2025-12-07 06:30:20'),(50,8,'payment',100.00,'دفعة على فاتورة رقم 171',171,26,NULL,NULL,NULL,20837.00,20737.00,0.00,0.00,'2025-11-17 22:00:00',5,'2025-12-07 06:30:20'),(51,8,'payment',10.00,'دفعة على فاتورة رقم 171',171,27,NULL,NULL,NULL,20737.00,20727.00,0.00,0.00,'2025-11-17 22:00:00',5,'2025-12-07 06:30:20'),(52,8,'invoice',130.00,'فاتورة رقم 172',172,NULL,NULL,NULL,NULL,20727.00,20857.00,0.00,0.00,'2025-11-17 22:00:00',5,'2025-12-07 06:30:20'),(53,8,'invoice',880.00,'فاتورة رقم 173',173,NULL,NULL,NULL,NULL,20857.00,21737.00,0.00,0.00,'2025-11-17 22:00:00',5,'2025-12-07 06:30:20'),(54,8,'payment',100.00,'دفعة على فاتورة رقم 173',173,28,NULL,NULL,NULL,21737.00,21637.00,0.00,0.00,'2025-11-17 22:00:00',5,'2025-12-07 06:30:20'),(55,8,'payment',200.00,'دفعة على فاتورة رقم 173',173,29,NULL,NULL,NULL,21637.00,21437.00,0.00,0.00,'2025-11-17 22:00:00',5,'2025-12-07 06:30:20'),(56,8,'invoice',320.00,'فاتورة رقم 174',174,NULL,NULL,NULL,NULL,21437.00,21757.00,0.00,0.00,'2025-11-17 22:00:00',5,'2025-12-07 06:30:20'),(57,8,'payment',100.00,'دفعة على فاتورة رقم 174',174,30,NULL,NULL,NULL,21757.00,21657.00,0.00,0.00,'2025-11-17 22:00:00',5,'2025-12-07 06:30:20'),(58,8,'invoice',14.00,'فاتورة رقم 175',175,NULL,NULL,NULL,NULL,21657.00,21671.00,0.00,0.00,'2025-11-17 22:00:00',5,'2025-12-07 06:30:20'),(59,8,'invoice',14.00,'فاتورة رقم 176',176,NULL,NULL,NULL,NULL,21671.00,21685.00,0.00,0.00,'2025-11-17 22:00:00',5,'2025-12-07 06:30:20'),(60,8,'payment',5.00,'دفعة على فاتورة رقم 176',176,31,NULL,NULL,NULL,21685.00,21680.00,0.00,0.00,'2025-11-17 22:00:00',5,'2025-12-07 06:30:20'),(61,8,'payment',2.00,'دفعة على فاتورة رقم 176',176,32,NULL,NULL,NULL,21680.00,21678.00,0.00,0.00,'2025-11-17 22:00:00',5,'2025-12-07 06:30:20'),(62,8,'invoice',2200.00,'فاتورة رقم 177',177,NULL,NULL,NULL,NULL,21678.00,23878.00,0.00,0.00,'2025-11-17 22:00:00',5,'2025-12-07 06:30:20'),(63,8,'payment',100.00,'دفعة على فاتورة رقم 177',177,33,NULL,NULL,NULL,23878.00,23778.00,0.00,0.00,'2025-11-17 22:00:00',5,'2025-12-07 06:30:20'),(64,8,'payment',10.00,'دفعة على فاتورة رقم 177',177,34,NULL,NULL,NULL,23778.00,23768.00,0.00,0.00,'2025-11-17 22:00:00',5,'2025-12-07 06:30:20'),(65,8,'invoice',20.00,'فاتورة رقم 178',178,NULL,NULL,NULL,NULL,23768.00,23788.00,0.00,0.00,'2025-11-17 22:00:00',5,'2025-12-07 06:30:20'),(66,8,'invoice',17.00,'فاتورة رقم 179',179,NULL,NULL,NULL,NULL,23788.00,23805.00,0.00,0.00,'2025-11-17 22:00:00',5,'2025-12-07 06:30:20'),(67,8,'payment',12.00,'دفعة على فاتورة رقم 179',179,35,NULL,NULL,NULL,23805.00,23793.00,0.00,0.00,'2025-11-17 22:00:00',5,'2025-12-07 06:30:20'),(68,8,'invoice',935.00,'فاتورة رقم 180',180,NULL,NULL,NULL,NULL,23793.00,24728.00,0.00,0.00,'2025-11-17 22:00:00',5,'2025-12-07 06:30:20'),(69,8,'payment',935.00,'دفعة على فاتورة رقم 180',180,36,NULL,NULL,NULL,24728.00,23793.00,0.00,0.00,'2025-11-17 22:00:00',5,'2025-12-07 06:30:20'),(70,8,'invoice',20.00,'فاتورة رقم 181',181,NULL,NULL,NULL,NULL,23793.00,23813.00,0.00,0.00,'2025-11-17 22:00:00',5,'2025-12-07 06:30:20'),(71,8,'payment',20.00,'دفعة على فاتورة رقم 181',181,37,NULL,NULL,NULL,23813.00,23793.00,0.00,0.00,'2025-11-17 22:00:00',5,'2025-12-07 06:30:20'),(72,8,'invoice',960.00,'فاتورة رقم 182',182,NULL,NULL,NULL,NULL,23793.00,24753.00,0.00,0.00,'2025-11-17 22:00:00',5,'2025-12-07 06:30:20'),(73,8,'invoice',960.00,'فاتورة رقم 183',183,NULL,NULL,NULL,NULL,24753.00,25713.00,0.00,0.00,'2025-11-17 22:00:00',5,'2025-12-07 06:30:20'),(74,8,'invoice',17.00,'فاتورة رقم 184',184,NULL,NULL,NULL,NULL,25713.00,25730.00,0.00,0.00,'2025-11-17 22:00:00',5,'2025-12-07 06:30:20'),(75,8,'invoice',935.00,'فاتورة رقم 185',185,NULL,NULL,NULL,NULL,25730.00,26665.00,0.00,0.00,'2025-11-17 22:00:00',5,'2025-12-07 06:30:20'),(76,8,'invoice',960.00,'فاتورة رقم 186',186,NULL,NULL,NULL,NULL,26665.00,27625.00,0.00,0.00,'2025-11-17 22:00:00',5,'2025-12-07 06:30:20'),(77,8,'payment',960.00,'دفعة على فاتورة رقم 186',186,38,NULL,NULL,NULL,27625.00,26665.00,0.00,0.00,'2025-11-17 22:00:00',5,'2025-12-07 06:30:20'),(78,8,'invoice',960.00,'فاتورة رقم 187',187,NULL,NULL,NULL,NULL,26665.00,27625.00,0.00,0.00,'2025-11-17 22:00:00',5,'2025-12-07 06:30:20'),(79,8,'invoice',1000.00,'فاتورة رقم 188',188,NULL,NULL,NULL,NULL,27625.00,28625.00,0.00,0.00,'2025-11-17 22:00:00',5,'2025-12-07 06:30:20'),(80,8,'invoice',1080.00,'فاتورة رقم 189',189,NULL,NULL,NULL,NULL,28625.00,29705.00,0.00,0.00,'2025-11-17 22:00:00',5,'2025-12-07 06:30:20'),(81,8,'invoice',1100.00,'فاتورة رقم 190',190,NULL,NULL,NULL,NULL,29705.00,30805.00,0.00,0.00,'2025-11-17 22:00:00',5,'2025-12-07 06:30:20'),(82,8,'payment',100.00,'دفعة على فاتورة رقم 190',190,39,NULL,NULL,NULL,30805.00,30705.00,0.00,0.00,'2025-11-17 22:00:00',5,'2025-12-07 06:30:20'),(83,8,'payment',10.00,'دفعة على فاتورة رقم 190',190,40,NULL,NULL,NULL,30705.00,30695.00,0.00,0.00,'2025-11-17 22:00:00',5,'2025-12-07 06:30:20'),(84,8,'payment',10.00,'دفعة على فاتورة رقم 190',190,41,NULL,NULL,NULL,30695.00,30685.00,0.00,0.00,'2025-11-17 22:00:00',5,'2025-12-07 06:30:20'),(85,8,'invoice',880.00,'فاتورة رقم 191',191,NULL,NULL,NULL,NULL,30685.00,31565.00,0.00,0.00,'2025-11-17 22:00:00',5,'2025-12-07 06:30:20'),(86,8,'payment',100.00,'دفعة على فاتورة رقم 191',191,42,NULL,NULL,NULL,31565.00,31465.00,0.00,0.00,'2025-11-17 22:00:00',5,'2025-12-07 06:30:20'),(87,8,'invoice',1100.00,'فاتورة رقم 192',192,NULL,NULL,NULL,NULL,31465.00,32565.00,0.00,0.00,'2025-11-17 22:00:00',5,'2025-12-07 06:30:20'),(88,8,'invoice',880.00,'فاتورة رقم 193',193,NULL,NULL,NULL,NULL,32565.00,33445.00,0.00,0.00,'2025-11-17 22:00:00',5,'2025-12-07 06:30:20'),(89,8,'invoice',1020.00,'فاتورة رقم 194',194,NULL,NULL,NULL,NULL,33445.00,34465.00,0.00,0.00,'2025-11-17 22:00:00',5,'2025-12-07 06:30:20'),(90,8,'invoice',960.00,'فاتورة رقم 195',195,NULL,NULL,NULL,NULL,34465.00,35425.00,0.00,0.00,'2025-11-17 22:00:00',5,'2025-12-07 06:30:20'),(91,8,'invoice',960.00,'فاتورة رقم 196',196,NULL,NULL,NULL,NULL,35425.00,36385.00,0.00,0.00,'2025-11-17 22:00:00',5,'2025-12-07 06:30:20'),(92,8,'invoice',1080.00,'فاتورة رقم 197',197,NULL,NULL,NULL,NULL,36385.00,37465.00,0.00,0.00,'2025-11-17 22:00:00',5,'2025-12-07 06:30:20'),(93,8,'invoice',17.00,'فاتورة رقم 198',198,NULL,NULL,NULL,NULL,37465.00,37482.00,0.00,0.00,'2025-11-17 22:00:00',5,'2025-12-07 06:30:20'),(94,8,'invoice',880.00,'فاتورة رقم 199',199,NULL,NULL,NULL,NULL,37482.00,38362.00,0.00,0.00,'2025-11-17 22:00:00',5,'2025-12-07 06:30:20'),(95,8,'invoice',880.00,'فاتورة رقم 200',200,NULL,NULL,NULL,NULL,38362.00,39242.00,0.00,0.00,'2025-11-17 22:00:00',5,'2025-12-07 06:30:20'),(96,8,'payment',880.00,'دفعة على فاتورة رقم 200',200,43,NULL,NULL,NULL,39242.00,38362.00,0.00,0.00,'2025-11-17 22:00:00',5,'2025-12-07 06:30:20'),(97,8,'invoice',1000.00,'فاتورة رقم 201',201,NULL,NULL,NULL,NULL,38362.00,39362.00,0.00,0.00,'2025-11-17 22:00:00',5,'2025-12-07 06:30:20'),(98,8,'payment',1000.00,'دفعة على فاتورة رقم 201',201,44,NULL,NULL,NULL,39362.00,38362.00,0.00,0.00,'2025-11-17 22:00:00',5,'2025-12-07 06:30:20'),(99,8,'invoice',40.00,'فاتورة رقم 202',202,NULL,NULL,NULL,NULL,38362.00,38402.00,0.00,0.00,'2025-11-17 22:00:00',5,'2025-12-07 06:30:20'),(100,8,'payment',40.00,'دفعة على فاتورة رقم 202',202,45,NULL,NULL,NULL,38402.00,38362.00,0.00,0.00,'2025-11-17 22:00:00',5,'2025-12-07 06:30:20'),(101,8,'invoice',1100.00,'فاتورة رقم 203',203,NULL,NULL,NULL,NULL,38362.00,39462.00,0.00,0.00,'2025-11-17 22:00:00',5,'2025-12-07 06:30:20'),(102,8,'payment',1100.00,'دفعة على فاتورة رقم 203',203,46,NULL,NULL,NULL,39462.00,38362.00,0.00,0.00,'2025-11-17 22:00:00',5,'2025-12-07 06:30:20'),(103,8,'invoice',1100.00,'فاتورة رقم 204',204,NULL,NULL,NULL,NULL,38362.00,39462.00,0.00,0.00,'2025-11-17 22:00:00',5,'2025-12-07 06:30:20'),(104,8,'payment',1100.00,'دفعة على فاتورة رقم 204',204,47,NULL,NULL,NULL,39462.00,38362.00,0.00,0.00,'2025-11-17 22:00:00',5,'2025-12-07 06:30:20'),(105,8,'invoice',20.00,'فاتورة رقم 205',205,NULL,NULL,NULL,NULL,38362.00,38382.00,0.00,0.00,'2025-11-17 22:00:00',5,'2025-12-07 06:30:20'),(106,8,'payment',20.00,'دفعة على فاتورة رقم 205',205,48,NULL,NULL,NULL,38382.00,38362.00,0.00,0.00,'2025-11-17 22:00:00',5,'2025-12-07 06:30:20'),(107,8,'invoice',1200.00,'فاتورة رقم 206',206,NULL,NULL,NULL,NULL,38362.00,39562.00,0.00,0.00,'2025-11-17 22:00:00',5,'2025-12-07 06:30:20'),(108,8,'payment',1200.00,'دفعة على فاتورة رقم 206',206,49,NULL,NULL,NULL,39562.00,38362.00,0.00,0.00,'2025-11-17 22:00:00',5,'2025-12-07 06:30:20'),(109,8,'invoice',1200.00,'فاتورة رقم 207',207,NULL,NULL,NULL,NULL,38362.00,39562.00,0.00,0.00,'2025-11-17 22:00:00',5,'2025-12-07 06:30:20'),(110,8,'payment',1200.00,'دفعة على فاتورة رقم 207',207,50,NULL,NULL,NULL,39562.00,38362.00,0.00,0.00,'2025-11-17 22:00:00',5,'2025-12-07 06:30:20'),(111,8,'invoice',960.00,'فاتورة رقم 208',208,NULL,NULL,NULL,NULL,38362.00,39322.00,0.00,0.00,'2025-11-17 22:00:00',5,'2025-12-07 06:30:20'),(112,8,'payment',960.00,'دفعة على فاتورة رقم 208',208,51,NULL,NULL,NULL,39322.00,38362.00,0.00,0.00,'2025-11-17 22:00:00',5,'2025-12-07 06:30:20'),(113,8,'invoice',880.00,'فاتورة رقم 209',209,NULL,NULL,NULL,NULL,38362.00,39242.00,0.00,0.00,'2025-11-17 22:00:00',5,'2025-12-07 06:30:20'),(114,8,'payment',880.00,'دفعة على فاتورة رقم 209',209,52,NULL,NULL,NULL,39242.00,38362.00,0.00,0.00,'2025-11-17 22:00:00',5,'2025-12-07 06:30:20'),(115,8,'invoice',960.00,'فاتورة رقم 210',210,NULL,NULL,NULL,NULL,38362.00,39322.00,0.00,0.00,'2025-11-17 22:00:00',5,'2025-12-07 06:30:20'),(116,8,'payment',960.00,'دفعة على فاتورة رقم 210',210,53,NULL,NULL,NULL,39322.00,38362.00,0.00,0.00,'2025-11-17 22:00:00',5,'2025-12-07 06:30:20'),(117,8,'invoice',960.00,'فاتورة رقم 211',211,NULL,NULL,NULL,NULL,38362.00,39322.00,0.00,0.00,'2025-11-17 22:00:00',5,'2025-12-07 06:30:20'),(118,8,'payment',960.00,'دفعة على فاتورة رقم 211',211,54,NULL,NULL,NULL,39322.00,38362.00,0.00,0.00,'2025-11-17 22:00:00',5,'2025-12-07 06:30:20'),(119,8,'invoice',960.00,'فاتورة رقم 212',212,NULL,NULL,NULL,NULL,38362.00,39322.00,0.00,0.00,'2025-11-17 22:00:00',5,'2025-12-07 06:30:20'),(120,8,'payment',960.00,'دفعة على فاتورة رقم 212',212,55,NULL,NULL,NULL,39322.00,38362.00,0.00,0.00,'2025-11-17 22:00:00',5,'2025-12-07 06:30:20'),(121,8,'invoice',880.00,'فاتورة رقم 213',213,NULL,NULL,NULL,NULL,38362.00,39242.00,0.00,0.00,'2025-11-17 22:00:00',5,'2025-12-07 06:30:20'),(122,8,'payment',880.00,'دفعة على فاتورة رقم 213',213,56,NULL,NULL,NULL,39242.00,38362.00,0.00,0.00,'2025-11-17 22:00:00',5,'2025-12-07 06:30:20'),(123,8,'invoice',880.00,'فاتورة رقم 214',214,NULL,NULL,NULL,NULL,38362.00,39242.00,0.00,0.00,'2025-11-17 22:00:00',5,'2025-12-07 06:30:20'),(124,8,'payment',880.00,'دفعة على فاتورة رقم 214',214,57,NULL,NULL,NULL,39242.00,38362.00,0.00,0.00,'2025-11-17 22:00:00',5,'2025-12-07 06:30:20'),(125,8,'invoice',1100.00,'فاتورة رقم 215',215,NULL,NULL,NULL,NULL,38362.00,39462.00,0.00,0.00,'2025-11-17 22:00:00',5,'2025-12-07 06:30:20'),(126,8,'payment',100.00,'دفعة على فاتورة رقم 215',215,58,NULL,NULL,NULL,39462.00,39362.00,0.00,0.00,'2025-11-17 22:00:00',5,'2025-12-07 06:30:20'),(127,8,'invoice',775.00,'فاتورة رقم 216',216,NULL,NULL,NULL,NULL,39362.00,40137.00,0.00,0.00,'2025-11-17 22:00:00',5,'2025-12-07 06:30:20'),(128,8,'payment',775.00,'دفعة على فاتورة رقم 216',216,59,NULL,NULL,NULL,40137.00,39362.00,0.00,0.00,'2025-11-17 22:00:00',5,'2025-12-07 06:30:20'),(129,8,'invoice',175.00,'فاتورة رقم 218',218,NULL,NULL,NULL,NULL,39362.00,39537.00,0.00,0.00,'2025-11-23 22:00:00',5,'2025-12-07 06:30:20'),(130,8,'payment',175.00,'دفعة على فاتورة رقم 218',218,60,NULL,NULL,NULL,39537.00,39362.00,0.00,0.00,'2025-11-23 22:00:00',5,'2025-12-07 06:30:20'),(131,8,'invoice',175.00,'فاتورة رقم 219',219,NULL,NULL,NULL,NULL,39362.00,39537.00,0.00,0.00,'2025-11-23 22:00:00',5,'2025-12-07 06:30:20'),(132,8,'payment',175.00,'دفعة على فاتورة رقم 219',219,61,NULL,NULL,NULL,39537.00,39362.00,0.00,0.00,'2025-11-23 22:00:00',5,'2025-12-07 06:30:20'),(133,8,'invoice',30.00,'فاتورة رقم 220',220,NULL,NULL,NULL,NULL,39362.00,39392.00,0.00,0.00,'2025-11-23 22:00:00',5,'2025-12-07 06:30:20'),(134,8,'payment',30.00,'دفعة على فاتورة رقم 220',220,62,NULL,NULL,NULL,39392.00,39362.00,0.00,0.00,'2025-11-23 22:00:00',5,'2025-12-07 06:30:20'),(135,8,'invoice',175.00,'فاتورة رقم 221',221,NULL,NULL,NULL,NULL,39362.00,39537.00,0.00,0.00,'2025-11-23 22:00:00',5,'2025-12-07 06:30:20'),(136,8,'payment',175.00,'دفعة على فاتورة رقم 221',221,63,NULL,NULL,NULL,39537.00,39362.00,0.00,0.00,'2025-11-23 22:00:00',5,'2025-12-07 06:30:20'),(137,8,'invoice',175.00,'فاتورة رقم 222',222,NULL,NULL,NULL,NULL,39362.00,39537.00,0.00,0.00,'2025-11-23 22:00:00',5,'2025-12-07 06:30:20'),(138,8,'payment',10.00,'دفعة على فاتورة رقم 222',222,64,NULL,NULL,NULL,39537.00,39527.00,0.00,0.00,'2025-11-23 22:00:00',5,'2025-12-07 06:30:20'),(139,8,'payment',20.00,'دفعة على فاتورة رقم 222',222,65,NULL,NULL,NULL,39527.00,39507.00,0.00,0.00,'2025-11-23 22:00:00',5,'2025-12-07 06:30:20'),(140,8,'payment',30.00,'دفعة على فاتورة رقم 222',222,66,NULL,NULL,NULL,39507.00,39477.00,0.00,0.00,'2025-11-23 22:00:00',5,'2025-12-07 06:30:20'),(141,8,'invoice',175.00,'فاتورة رقم 223',223,NULL,NULL,NULL,NULL,39477.00,39652.00,0.00,0.00,'2025-11-23 22:00:00',5,'2025-12-07 06:30:20'),(142,8,'payment',175.00,'دفعة على فاتورة رقم 223',223,67,NULL,NULL,NULL,39652.00,39477.00,0.00,0.00,'2025-11-23 22:00:00',5,'2025-12-07 06:30:20'),(143,8,'invoice',175.00,'فاتورة رقم 224',224,NULL,NULL,NULL,NULL,39477.00,39652.00,0.00,0.00,'2025-11-23 22:00:00',5,'2025-12-07 06:30:20'),(144,8,'payment',100.00,'دفعة على فاتورة رقم 224',224,68,NULL,NULL,NULL,39652.00,39552.00,0.00,0.00,'2025-11-23 22:00:00',5,'2025-12-07 06:30:20'),(145,8,'invoice',150.00,'فاتورة رقم 225',225,NULL,NULL,NULL,NULL,39552.00,39702.00,0.00,0.00,'2025-11-23 22:00:00',5,'2025-12-07 06:30:20'),(146,8,'payment',20.00,'دفعة على فاتورة رقم 225',225,69,NULL,NULL,NULL,39702.00,39682.00,0.00,0.00,'2025-11-23 22:00:00',5,'2025-12-07 06:30:20'),(147,8,'invoice',150.00,'فاتورة رقم 226',226,NULL,NULL,NULL,NULL,39682.00,39832.00,0.00,0.00,'2025-11-23 22:00:00',5,'2025-12-07 06:30:20'),(148,8,'payment',100.00,'دفعة على فاتورة رقم 226',226,70,NULL,NULL,NULL,39832.00,39732.00,0.00,0.00,'2025-11-23 22:00:00',5,'2025-12-07 06:30:20'),(149,8,'invoice',15.00,'فاتورة رقم 227',227,NULL,NULL,NULL,NULL,39732.00,39747.00,0.00,0.00,'2025-11-23 22:00:00',5,'2025-12-07 06:30:20'),(150,8,'payment',15.00,'دفعة على فاتورة رقم 227',227,71,NULL,NULL,NULL,39747.00,39732.00,0.00,0.00,'2025-11-23 22:00:00',5,'2025-12-07 06:30:20'),(151,8,'invoice',14.00,'فاتورة رقم 228',228,NULL,NULL,NULL,NULL,39732.00,39746.00,0.00,0.00,'2025-11-23 22:00:00',5,'2025-12-07 06:30:20'),(152,8,'invoice',150.00,'فاتورة رقم 229',229,NULL,NULL,NULL,NULL,39746.00,39896.00,0.00,0.00,'2025-11-23 22:00:00',5,'2025-12-07 06:30:20'),(153,8,'payment',100.00,'دفعة على فاتورة رقم 229',229,72,NULL,NULL,NULL,39896.00,39796.00,0.00,0.00,'2025-11-23 22:00:00',5,'2025-12-07 06:30:20'),(154,8,'payment',10.00,'دفعة على فاتورة رقم 229',229,73,NULL,NULL,NULL,39796.00,39786.00,0.00,0.00,'2025-11-23 22:00:00',5,'2025-12-07 06:30:20'),(155,8,'invoice',15.00,'فاتورة رقم 230',230,NULL,NULL,NULL,NULL,39786.00,39801.00,0.00,0.00,'2025-11-23 22:00:00',5,'2025-12-07 06:30:20'),(156,8,'payment',10.00,'دفعة على فاتورة رقم 230',230,74,NULL,NULL,NULL,39801.00,39791.00,0.00,0.00,'2025-11-23 22:00:00',5,'2025-12-07 06:30:20'),(157,8,'invoice',14.00,'فاتورة رقم 231',231,NULL,NULL,NULL,NULL,39791.00,39805.00,0.00,0.00,'2025-11-23 22:00:00',5,'2025-12-07 06:30:20'),(158,8,'payment',2.00,'دفعة على فاتورة رقم 231',231,75,NULL,NULL,NULL,39805.00,39803.00,0.00,0.00,'2025-11-23 22:00:00',5,'2025-12-07 06:30:20'),(159,8,'invoice',14.00,'فاتورة رقم 232',232,NULL,NULL,NULL,NULL,39803.00,39817.00,0.00,0.00,'2025-11-23 22:00:00',5,'2025-12-07 06:30:20'),(160,8,'payment',10.00,'دفعة على فاتورة رقم 232',232,76,NULL,NULL,NULL,39817.00,39807.00,0.00,0.00,'2025-11-23 22:00:00',5,'2025-12-07 06:30:20'),(161,8,'invoice',14.00,'فاتورة رقم 233',233,NULL,NULL,NULL,NULL,39807.00,39821.00,0.00,0.00,'2025-11-23 22:00:00',5,'2025-12-07 06:30:20'),(162,8,'payment',4.00,'دفعة على فاتورة رقم 233',233,77,NULL,NULL,NULL,39821.00,39817.00,0.00,0.00,'2025-11-23 22:00:00',5,'2025-12-07 06:30:20'),(163,8,'payment',130.00,'دفعة على فاتورة رقم 172',172,79,NULL,NULL,NULL,39817.00,39687.00,0.00,0.00,'2025-12-06 22:00:00',5,'2025-12-07 06:30:20'),(164,8,'payment',960.00,'دفعة على فاتورة رقم 182',182,80,NULL,NULL,NULL,39687.00,38727.00,0.00,0.00,'2025-12-06 22:00:00',5,'2025-12-07 06:30:20'),(165,8,'payment',960.00,'دفعة على فاتورة رقم 183',183,81,NULL,NULL,NULL,38727.00,37767.00,0.00,0.00,'2025-12-06 22:00:00',5,'2025-12-07 06:30:20'),(166,8,'payment',935.00,'دفعة على فاتورة رقم 185',185,82,NULL,NULL,NULL,37767.00,36832.00,0.00,0.00,'2025-12-06 22:00:00',5,'2025-12-07 06:30:20'),(167,8,'payment',1080.00,'دفعة على فاتورة رقم 189',189,83,NULL,NULL,NULL,36832.00,35752.00,0.00,0.00,'2025-12-06 22:00:00',5,'2025-12-07 06:30:20'),(168,8,'payment',1100.00,'دفعة على فاتورة رقم 192',192,84,NULL,NULL,NULL,35752.00,34652.00,0.00,0.00,'2025-12-06 22:00:00',5,'2025-12-07 06:30:20'),(169,9,'invoice',60.00,'فاتورة رقم 1',1,NULL,NULL,NULL,NULL,0.00,60.00,0.00,0.00,'2025-09-30 21:00:00',5,'2025-12-07 06:30:20'),(170,9,'invoice',15.00,'فاتورة رقم 2',2,NULL,NULL,NULL,NULL,60.00,75.00,0.00,0.00,'2025-09-30 21:00:00',5,'2025-12-07 06:30:20'),(171,9,'invoice',30.00,'فاتورة رقم 3',3,NULL,NULL,NULL,NULL,75.00,105.00,0.00,0.00,'2025-09-30 21:00:00',5,'2025-12-07 06:30:20'),(172,9,'invoice',15.00,'فاتورة رقم 4',4,NULL,NULL,NULL,NULL,105.00,120.00,0.00,0.00,'2025-09-30 21:00:00',5,'2025-12-07 06:30:20'),(173,9,'invoice',40.00,'فاتورة رقم 101',101,NULL,NULL,NULL,NULL,120.00,160.00,0.00,0.00,'2025-10-22 21:00:00',5,'2025-12-07 06:30:20'),(174,9,'invoice',400.00,'فاتورة رقم 109',109,NULL,NULL,NULL,NULL,160.00,560.00,0.00,0.00,'2025-10-24 21:00:00',5,'2025-12-07 06:30:20'),(175,10,'invoice',10.00,'فاتورة رقم 5',5,NULL,NULL,NULL,NULL,0.00,10.00,0.00,0.00,'2025-10-01 21:00:00',5,'2025-12-07 06:30:20'),(176,11,'invoice',80.00,'فاتورة رقم 7',7,NULL,NULL,NULL,NULL,0.00,80.00,0.00,0.00,'2025-10-10 21:00:00',5,'2025-12-07 06:30:20'),(177,11,'invoice',5.00,'فاتورة رقم 21',21,NULL,NULL,NULL,NULL,80.00,85.00,0.00,0.00,'2025-10-10 21:00:00',5,'2025-12-07 06:30:20'),(178,11,'invoice',1400.00,'فاتورة رقم 108',108,NULL,NULL,NULL,NULL,85.00,1485.00,0.00,0.00,'2025-10-23 21:00:00',5,'2025-12-07 06:30:20'),(179,11,'invoice',200.00,'فاتورة رقم 110',110,NULL,NULL,NULL,NULL,1485.00,1685.00,0.00,0.00,'2025-10-24 21:00:00',5,'2025-12-07 06:30:20'),(180,11,'invoice',300.00,'فاتورة رقم 120',120,NULL,NULL,NULL,NULL,1685.00,1985.00,0.00,0.00,'2025-10-25 21:00:00',5,'2025-12-07 06:30:20'),(181,11,'invoice',15.00,'فاتورة رقم 127',127,NULL,NULL,NULL,NULL,1985.00,2000.00,0.00,0.00,'2025-11-02 22:00:00',5,'2025-12-07 06:30:20'),(182,11,'invoice',10.00,'فاتورة رقم 128',128,NULL,NULL,NULL,NULL,2000.00,2010.00,0.00,0.00,'2025-11-02 22:00:00',5,'2025-12-07 06:30:20'),(183,11,'invoice',112.50,'فاتورة رقم 132',132,NULL,NULL,NULL,NULL,2010.00,2122.50,0.00,0.00,'2025-11-05 22:00:00',5,'2025-12-07 06:30:20'),(184,11,'invoice',1320.00,'فاتورة رقم 134',134,NULL,NULL,NULL,NULL,2122.50,3442.50,0.00,0.00,'2025-11-07 22:00:00',5,'2025-12-07 06:30:20'),(185,11,'invoice',110.00,'فاتورة رقم 136',136,NULL,NULL,NULL,NULL,3442.50,3552.50,0.00,0.00,'2025-11-07 22:00:00',5,'2025-12-07 06:30:20'),(186,11,'invoice',14.00,'فاتورة رقم 138',138,NULL,NULL,NULL,NULL,3552.50,3566.50,0.00,0.00,'2025-11-08 22:00:00',5,'2025-12-07 06:30:20'),(187,11,'invoice',18.00,'فاتورة رقم 139',139,NULL,NULL,NULL,NULL,3566.50,3584.50,0.00,0.00,'2025-11-08 22:00:00',5,'2025-12-07 06:30:20'),(188,11,'invoice',150.00,'فاتورة رقم 140',140,NULL,NULL,NULL,NULL,3584.50,3734.50,0.00,0.00,'2025-11-08 22:00:00',5,'2025-12-07 06:30:20'),(189,11,'payment',80.00,'دفعة على فاتورة رقم 7',7,1,NULL,NULL,NULL,3734.50,3654.50,0.00,0.00,'2025-11-16 22:00:00',5,'2025-12-07 06:30:20'),(190,11,'payment',0.00,'دفعة على فاتورة رقم 33',33,3,NULL,NULL,NULL,3654.50,3654.50,0.00,0.00,'2025-11-16 22:00:00',5,'2025-12-07 06:30:20'),(191,11,'payment',1320.00,'دفعة على فاتورة رقم 134',134,12,NULL,NULL,NULL,3654.50,2334.50,0.00,0.00,'2025-11-16 22:00:00',5,'2025-12-07 06:30:20'),(192,11,'payment',110.00,'دفعة على فاتورة رقم 136',136,13,NULL,NULL,NULL,2334.50,2224.50,0.00,0.00,'2025-11-16 22:00:00',5,'2025-12-07 06:30:20'),(193,11,'payment',14.00,'دفعة على فاتورة رقم 138',138,15,NULL,NULL,NULL,2224.50,2210.50,0.00,0.00,'2025-11-16 22:00:00',5,'2025-12-07 06:30:20'),(194,11,'payment',18.00,'دفعة على فاتورة رقم 139',139,16,NULL,NULL,NULL,2210.50,2192.50,0.00,0.00,'2025-11-16 22:00:00',5,'2025-12-07 06:30:20'),(195,11,'payment',150.00,'دفعة على فاتورة رقم 140',140,17,NULL,NULL,NULL,2192.50,2042.50,0.00,0.00,'2025-11-16 22:00:00',5,'2025-12-07 06:30:20'),(196,16,'invoice',175.00,'فاتورة رقم 217',217,NULL,NULL,NULL,NULL,0.00,175.00,0.00,0.00,'2025-11-17 22:00:00',5,'2025-12-07 06:30:20'),(202,16,'deposit',5420.00,'إيداع محفظة - مبلغ 5420.00 ج.م',NULL,NULL,NULL,15,NULL,0.00,0.00,0.00,5420.00,'2025-12-10 22:00:00',5,'2025-12-11 21:30:37'),(203,16,'deposit',100.00,'إيداع محفظة - مبلغ 100.00 ج.م',NULL,NULL,NULL,16,NULL,0.00,0.00,5420.00,5520.00,'2025-12-10 22:00:00',5,'2025-12-11 21:31:14'),(204,16,'withdraw',-4000.00,'سحب محفظة - مبلغ 4000.00 ج.م',NULL,NULL,NULL,17,NULL,0.00,0.00,5520.00,1520.00,'2025-12-10 22:00:00',5,'2025-12-11 21:31:52'),(205,16,'deposit',5.00,'إيداع محفظة - مبلغ 5.00 ج.م',NULL,NULL,NULL,18,NULL,0.00,0.00,1520.00,1525.00,'2025-12-11 22:00:00',5,'2025-12-12 04:15:04'),(206,16,'deposit',50.00,'إيداع محفظة - مبلغ 50.00 ج.م',NULL,NULL,NULL,19,NULL,175.00,175.00,1525.00,1575.00,'2025-12-11 22:00:00',5,'2025-12-12 04:22:12'),(207,16,'deposit',5.00,'إيداع محفظة - مبلغ 5.00 ج.م',NULL,NULL,NULL,20,NULL,175.00,175.00,1575.00,1580.00,'2025-12-11 22:00:00',5,'2025-12-12 04:23:27'),(208,16,'withdraw',-10.00,'سحب محفظة - مبلغ 10.00 ج.م',NULL,NULL,NULL,21,NULL,175.00,175.00,1580.00,1570.00,'2025-12-11 22:00:00',5,'2025-12-12 04:24:32'),(209,16,'withdraw',-10.00,'سحب محفظة - مبلغ 10.00 ج.م',NULL,NULL,NULL,22,NULL,175.00,175.00,1570.00,1560.00,'2025-12-11 22:00:00',5,'2025-12-12 04:34:31'),(210,16,'deposit',10.00,'إيداع محفظة - مبلغ 10.00 ج.م',NULL,NULL,NULL,23,NULL,175.00,175.00,1560.00,1570.00,'2025-12-11 22:00:00',5,'2025-12-12 04:36:00'),(211,16,'withdraw',-10.00,'سحب محفظة - مبلغ 10.00 ج.م',NULL,NULL,NULL,24,NULL,175.00,175.00,1570.00,1560.00,'2025-12-11 22:00:00',5,'2025-12-12 04:36:22'),(212,16,'deposit',50.00,'إيداع محفظة - مبلغ 50.00 ج.م',NULL,NULL,NULL,25,NULL,175.00,175.00,1560.00,1610.00,'2025-12-11 22:00:00',5,'2025-12-12 05:26:11'),(213,16,'deposit',50.00,'إيداع محفظة - مبلغ 50.00 ج.م',NULL,NULL,NULL,26,NULL,175.00,175.00,1610.00,1660.00,'2025-12-11 22:00:00',5,'2025-12-12 05:48:46'),(214,16,'deposit',20.00,'إيداع محفظة - مبلغ 20.00 ج.م',NULL,NULL,NULL,27,NULL,175.00,175.00,1660.00,1680.00,'2025-12-11 22:00:00',5,'2025-12-12 05:49:48'),(215,16,'withdraw',-10.00,'سحب محفظة - مبلغ 10.00 ج.م',NULL,NULL,NULL,28,NULL,175.00,175.00,1680.00,1670.00,'2025-12-12 04:52:29',5,'2025-12-12 05:52:29'),(216,16,'deposit',10.00,'إيداع محفظة - مبلغ 10.00 ج.م',NULL,NULL,NULL,29,NULL,175.00,175.00,1670.00,1680.00,'2025-12-12 04:53:10',5,'2025-12-12 05:53:10'),(217,16,'deposit',5.00,'إيداع محفظة - مبلغ 5.00 ج.م',NULL,NULL,NULL,30,NULL,175.00,175.00,1680.00,1685.00,'2025-12-12 04:57:03',5,'2025-12-12 05:57:03'),(218,16,'deposit',5.00,'إيداع محفظة - مبلغ 5.00 ج.م',NULL,NULL,NULL,31,NULL,175.00,175.00,1685.00,1690.00,'2025-12-12 05:01:12',5,'2025-12-12 06:01:12'),(219,16,'deposit',5.00,'إيداع محفظة - مبلغ 5.00 ج.م',NULL,NULL,NULL,32,NULL,175.00,175.00,1690.00,1695.00,'2025-12-12 05:04:21',5,'2025-12-12 06:04:21'),(220,8,'deposit',5.00,'إيداع محفظة - مبلغ 5.00 ج.م',NULL,NULL,NULL,33,NULL,34652.00,34652.00,0.00,5.00,'2025-12-12 05:05:23',5,'2025-12-12 06:05:23'),(221,8,'deposit',10.00,'إيداع محفظة - مبلغ 10.00 ج.م',NULL,NULL,NULL,34,NULL,34652.00,34652.00,5.00,15.00,'2025-12-12 06:14:00',5,'2025-12-12 06:15:08'),(222,8,'deposit',10.00,'إيداع محفظة - مبلغ 10.00 ج.م',NULL,NULL,NULL,35,NULL,34652.00,34652.00,15.00,25.00,'2025-12-10 20:15:00',5,'2025-12-12 06:16:15'),(223,8,'withdraw',-10.00,'سحب محفظة - مبلغ 10.00 ج.م',NULL,NULL,NULL,36,NULL,34652.00,34652.00,25.00,15.00,'2025-12-12 06:17:00',5,'2025-12-12 06:17:24'),(224,16,'deposit',50.00,'إيداع محفظة - مبلغ 50.00 ج.م',NULL,NULL,NULL,37,NULL,175.00,175.00,1695.00,1745.00,'2025-12-05 00:25:00',5,'2025-12-12 06:26:49'),(225,16,'deposit',4.00,'إيداع محفظة - مبلغ 4.00 ج.م',NULL,NULL,NULL,38,NULL,175.00,175.00,1745.00,1749.00,'2025-12-12 06:55:00',5,'2025-12-12 06:56:40'),(226,8,'deposit',50.00,'إيداع محفظة - مبلغ 50.00 ج.م',NULL,NULL,NULL,39,NULL,34652.00,34652.00,15.00,65.00,'2025-12-12 07:17:00',5,'2025-12-12 07:17:34'),(227,8,'withdraw',-4.00,'سحب محفظة - مبلغ 4.00 ج.م',NULL,NULL,NULL,40,NULL,34652.00,34652.00,65.00,61.00,'2025-12-12 07:31:00',5,'2025-12-12 07:32:32'),(228,8,'deposit',10.00,'إيداع محفظة - مبلغ 10.00 ج.م',NULL,NULL,NULL,41,NULL,34652.00,34652.00,61.00,71.00,'2025-12-12 07:40:00',5,'2025-12-12 07:40:24'),(229,8,'deposit',5.00,'إيداع محفظة - مبلغ 5.00 ج.م',NULL,NULL,NULL,42,NULL,34652.00,34652.00,71.00,76.00,'2025-12-12 08:00:00',5,'2025-12-12 08:00:16'),(230,8,'deposit',5.00,'إيداع محفظة - مبلغ 5.00 ج.م',NULL,NULL,NULL,43,NULL,34652.00,34652.00,76.00,81.00,'2025-12-12 08:01:00',5,'2025-12-12 08:01:29'),(231,8,'deposit',2.00,'إيداع محفظة - مبلغ 2.00 ج.م',NULL,NULL,NULL,44,NULL,34652.00,34652.00,81.00,83.00,'2025-12-12 08:06:00',5,'2025-12-12 08:06:10'),(232,8,'deposit',2.00,'إيداع محفظة - مبلغ 2.00 ج.م',NULL,NULL,NULL,45,NULL,34652.00,34652.00,83.00,85.00,'2025-12-12 08:06:00',5,'2025-12-12 08:06:42'),(233,8,'deposit',3.00,'إيداع محفظة - مبلغ 3.00 ج.م',NULL,NULL,NULL,46,NULL,34652.00,34652.00,85.00,88.00,'2025-12-12 08:07:00',5,'2025-12-12 08:07:48'),(234,8,'deposit',2.00,'إيداع محفظة - مبلغ 2.00 ج.م',NULL,NULL,NULL,47,NULL,34652.00,34652.00,88.00,90.00,'2025-12-12 08:08:00',5,'2025-12-12 08:08:12'),(235,8,'deposit',3.00,'إيداع محفظة - مبلغ 3.00 ج.م',NULL,NULL,NULL,48,NULL,34652.00,34652.00,90.00,93.00,'2025-12-12 08:08:00',5,'2025-12-12 08:08:56'),(236,8,'deposit',2.00,'إيداع محفظة - مبلغ 2.00 ج.م',NULL,NULL,NULL,49,NULL,34652.00,34652.00,93.00,95.00,'2025-12-12 08:11:00',5,'2025-12-12 08:11:18'),(237,8,'deposit',2.00,'إيداع محفظة - مبلغ 2.00 ج.م',NULL,NULL,NULL,50,NULL,34652.00,34652.00,95.00,97.00,'2025-12-12 08:12:00',5,'2025-12-12 08:13:07'),(238,8,'deposit',2.00,'إيداع محفظة - مبلغ 2.00 ج.م',NULL,NULL,NULL,51,NULL,34652.00,34652.00,97.00,99.00,'2025-12-12 08:14:00',5,'2025-12-12 08:15:27'),(239,8,'deposit',2.00,'إيداع محفظة - مبلغ 2.00 ج.م',NULL,NULL,NULL,52,NULL,34652.00,34652.00,99.00,101.00,'2025-12-12 08:16:00',5,'2025-12-12 08:17:00'),(240,8,'deposit',2.00,'إيداع محفظة - مبلغ 2.00 ج.م',NULL,NULL,NULL,53,NULL,34652.00,34652.00,101.00,103.00,'2025-12-12 08:17:00',5,'2025-12-12 08:17:15'),(241,8,'deposit',2.00,'إيداع محفظة - مبلغ 2.00 ج.م',NULL,NULL,NULL,54,NULL,34652.00,34652.00,103.00,105.00,'2025-12-12 08:19:00',5,'2025-12-12 08:19:15'),(242,8,'deposit',2.00,'إيداع محفظة - مبلغ 2.00 ج.م',NULL,NULL,NULL,55,NULL,34652.00,34652.00,105.00,107.00,'2025-12-12 08:19:00',5,'2025-12-12 08:20:07'),(243,8,'deposit',1.00,'إيداع محفظة - مبلغ 1.00 ج.م',NULL,NULL,NULL,56,NULL,34652.00,34652.00,107.00,108.00,'2025-12-12 08:25:00',5,'2025-12-12 08:25:56'),(244,8,'deposit',1.00,'إيداع محفظة - مبلغ 1.00 ج.م',NULL,NULL,NULL,57,NULL,34652.00,34652.00,108.00,109.00,'2025-12-12 08:26:00',5,'2025-12-12 08:26:29'),(245,16,'deposit',50.00,'إيداع محفظة - مبلغ 50.00 ج.م',NULL,NULL,NULL,58,NULL,175.00,175.00,1749.00,1799.00,'2025-12-12 12:48:00',6,'2025-12-12 12:48:57'),(246,16,'deposit',1.00,'إيداع محفظة - مبلغ 1.00 ج.م',NULL,NULL,NULL,59,NULL,175.00,175.00,1799.00,1800.00,'2025-12-12 12:49:00',6,'2025-12-12 12:49:51'),(247,16,'deposit',1.00,'إيداع محفظة - مبلغ 1.00 ج.م',NULL,NULL,NULL,60,NULL,175.00,175.00,1800.00,1801.00,'2025-12-12 12:50:00',6,'2025-12-12 12:50:05'),(248,16,'deposit',1.00,'إيداع محفظة - مبلغ 1.00 ج.م',NULL,NULL,NULL,63,NULL,175.00,175.00,1801.00,1802.00,'2025-12-12 13:15:00',6,'2025-12-12 13:15:56'),(249,16,'deposit',1.00,'إيداع محفظة - مبلغ 1.00 ج.م',NULL,NULL,NULL,64,NULL,175.00,175.00,1802.00,1803.00,'2025-12-12 13:16:00',6,'2025-12-12 13:16:53'),(250,16,'deposit',5.00,'إيداع محفظة - مبلغ 5.00 ج.م',NULL,NULL,NULL,65,NULL,175.00,175.00,1803.00,1808.00,'2025-12-12 13:17:00',6,'2025-12-12 13:17:20'),(251,16,'deposit',1.00,'إيداع محفظة - مبلغ 1.00 ج.م',NULL,NULL,NULL,66,NULL,175.00,175.00,1808.00,1809.00,'2025-12-12 13:21:00',6,'2025-12-12 13:21:14'),(252,16,'deposit',18.00,'إيداع محفظة - مبلغ 18.00 ج.م',NULL,NULL,NULL,67,NULL,175.00,175.00,1809.00,1827.00,'2025-12-12 13:25:00',6,'2025-12-12 13:25:39'),(253,16,'withdraw',-10.00,'سحب محفظة - مبلغ 10.00 ج.م',NULL,NULL,NULL,68,NULL,175.00,175.00,1827.00,1817.00,'2025-12-12 15:49:00',6,'2025-12-12 15:49:45'),(254,16,'deposit',10.00,'إيداع محفظة - مبلغ 10.00 ج.م',NULL,NULL,NULL,69,NULL,175.00,175.00,1817.00,1827.00,'2025-12-12 15:49:00',6,'2025-12-12 15:51:28'),(255,16,'deposit',5.00,'إيداع محفظة - مبلغ 5.00 ج.م',NULL,NULL,NULL,70,NULL,175.00,175.00,1827.00,1832.00,'2025-12-12 15:51:00',6,'2025-12-12 15:51:41'),(256,16,'deposit',10.00,'إيداع محفظة - مبلغ 10.00 ج.م',NULL,NULL,NULL,71,NULL,175.00,175.00,1832.00,1842.00,'2025-12-12 15:51:00',6,'2025-12-12 15:51:59'),(257,16,'deposit',5.00,'إيداع محفظة - مبلغ 5.00 ج.م',NULL,NULL,NULL,72,NULL,175.00,175.00,1842.00,1847.00,'2025-12-12 15:55:00',6,'2025-12-12 15:55:29'),(258,16,'deposit',5.00,'إيداع محفظة - مبلغ 5.00 ج.م',NULL,NULL,NULL,73,NULL,175.00,175.00,1847.00,1852.00,'2025-12-12 15:56:00',6,'2025-12-12 15:56:43'),(259,10,'deposit',5.00,'إيداع محفظة - مبلغ 5.00 ج.م',NULL,12,NULL,74,NULL,0.00,0.00,0.00,5.00,'2025-12-13 11:11:00',5,'2025-12-13 11:11:22'),(260,8,'payment',-5.00,'سداد فاتورة #233 - 5.00 ج.م (cash)',233,87,NULL,NULL,NULL,34652.00,34647.00,109.00,109.00,'2025-12-13 18:51:45',6,'2025-12-13 18:51:45'),(261,8,'payment',-3.00,'سداد فاتورة #233 - 3.00 ج.م (cash)',233,88,NULL,NULL,NULL,34647.00,34644.00,109.00,109.00,'2025-12-13 18:55:34',6,'2025-12-13 18:55:34'),(262,8,'payment',-1.00,'سداد فاتورة #232 - 1.00 ج.م (wallet)',232,89,NULL,NULL,NULL,34644.00,34643.00,109.00,108.00,'2025-12-13 18:56:57',6,'2025-12-13 18:56:57'),(263,8,'payment',-2.00,'سداد دفعة متعددة (فاتورة #233: 1.00 ج.م cash، فاتورة #232: 1.00 ج.م wallet) | طرق الدفع: 1.00 ج.م cash + 1.00 ج.م wallet',NULL,NULL,NULL,NULL,NULL,34643.00,34641.00,108.00,107.00,'2025-12-13 19:14:18',5,'2025-12-13 19:14:18'),(264,8,'payment',-57.00,'سداد دفعة متعددة (فاتورة #230: 5.00 ج.م cash، فاتورة #231: 12.00 ج.م cash، فاتورة #229: 39.99 ج.م wallet)',NULL,NULL,NULL,NULL,NULL,34641.00,34584.00,107.00,67.01,'2025-12-13 19:20:41',6,'2025-12-13 19:20:41'),(265,8,'payment',-17.00,'سداد دفعة متعددة (فاتورة #233: 1.00 ج.م cash، فاتورة #232: 2.00 ج.م cash، فاتورة #228: 2.00 ج.م cash + 12.00 ج.م wallet)',NULL,NULL,NULL,NULL,NULL,34584.00,34567.00,67.01,55.01,'2025-12-13 19:24:34',6,'2025-12-13 19:24:34'),(266,8,'payment',-3303.00,'سداد دفعة متعددة (فاتورة #104: 20.00 ج.م cash، فاتورة #102: 20.00 ج.م cash، فاتورة #6: 80.00 ج.م cash، فاتورة #115: 100.00 ج.م cash، فاتورة #113: 100.00 ج.م cash، فاتورة #8: 100.00 ج.م cash، فاتورة #107: 200.00 ج.م cash، فاتورة #122: 363.00 ج.م cash، فاتو',NULL,NULL,NULL,NULL,NULL,34567.00,31264.00,55.01,52.01,'2025-12-13 19:29:35',6,'2025-12-13 19:29:35'),(267,8,'payment',-10.00,'سداد فاتورة #199 - 10.00 ج.م (نقدي)',199,110,NULL,NULL,NULL,31264.00,31254.00,52.01,52.01,'2025-12-13 19:49:51',6,'2025-12-13 19:49:51'),(268,8,'payment',-255.00,'سداد 3 فواتير (مجموع: 255.00 ج.م) - منها 5.00 ج.م من المحفظة | طرق الدفع: 100.00 ج.م نقدي + 150.00 ج.م بطاقة + 5.00 ج.م محفظة',NULL,NULL,NULL,NULL,NULL,31254.00,30999.00,52.01,47.01,'2025-12-13 19:53:38',6,'2025-12-13 19:53:38'),(269,8,'payment',-115.00,'سداد فاتورة #222 - 115.00 ج.م (نقدي)',222,114,NULL,NULL,NULL,30999.00,30884.00,47.01,47.01,'2025-12-13 20:05:37',6,'2025-12-13 20:05:37'),(270,8,'payment',-510.00,'سداد 2 فواتير (مجموع: 510.00 ج.م) - منها 2.00 ج.م من المحفظة | طرق الدفع: 500.00 ج.م نقدي + 2.00 ج.م محفظة + 8.00 ج.م شيك',NULL,NULL,NULL,NULL,NULL,30884.00,30374.00,47.01,45.01,'2025-12-13 20:12:56',6,'2025-12-13 20:12:56'),(271,8,'payment',-57.00,'سداد 2 فواتير (مجموع: 57.00 ج.م) | طرق الدفع: 7.00 ج.م نقدي + 50.00 ج.م شيك',NULL,NULL,NULL,NULL,NULL,30374.00,30317.00,45.01,45.01,'2025-12-13 20:14:37',6,'2025-12-13 20:14:37'),(272,8,'payment',-100.00,'سداد فاتورة #215 - 100.00 ج.م (نقدي)',215,119,NULL,NULL,NULL,30317.00,30217.00,45.01,45.01,'2025-12-13 20:19:47',6,'2025-12-13 20:19:47'),(273,8,'payment',-2.00,'سداد فاتورة #215 - 2.00 ج.م (محفظة)',215,120,NULL,NULL,NULL,30217.00,30215.00,45.01,43.01,'2025-12-13 20:24:21',6,'2025-12-13 20:24:21'),(274,8,'payment',-45.00,'سداد دفعة متعددة (فاتورة #215: 10.00 ج.م نقدي، فاتورة #197: 13.00 ج.م نقدي + 2.00 ج.م بطاقة، فاتورة #199: 18.00 ج.م بطاقة + 2.00 ج.م محفظة)',NULL,NULL,NULL,NULL,NULL,30215.00,30170.00,43.01,41.01,'2025-12-13 20:27:46',6,'2025-12-13 20:27:46'),(275,8,'payment',-10.00,'سداد فاتورة #215 - 10.00 ج.م (نقدي)',215,124,NULL,NULL,NULL,30170.00,30160.00,41.01,41.01,'2025-12-13 20:36:14',6,'2025-12-13 20:36:14'),(276,8,'payment',-10.00,'سداد دفعة متعددة (فاتورة #215: 5.00 ج.م نقدي، فاتورة #199: 2.00 ج.م محفظة + 3.00 ج.م شيك)',NULL,NULL,NULL,NULL,NULL,30160.00,30150.00,41.01,39.01,'2025-12-13 20:41:12',6,'2025-12-13 20:41:12'),(277,8,'payment',-10.00,'سداد فاتورة #196 - 10.00 ج.م (نقدي)',196,127,NULL,NULL,NULL,30150.00,30140.00,39.01,39.01,'2025-12-13 20:47:22',6,'2025-12-13 20:47:22'),(278,8,'payment',-5.00,'سداد فاتورة #195 - 5.00 ج.م (محفظة)',195,128,NULL,NULL,NULL,30140.00,30135.00,39.01,34.01,'2025-12-13 20:49:36',6,'2025-12-13 20:49:36'),(279,8,'payment',-20.00,'سداد فاتورة #194 - 20.00 ج.م (نقدي)',194,129,NULL,NULL,NULL,30135.00,30115.00,34.01,34.01,'2025-12-13 20:52:52',6,'2025-12-13 20:52:52'),(280,8,'payment',-5.00,'سداد فاتورة #196 - 5.00 ج.م (محفظة)',196,130,NULL,NULL,NULL,30115.00,30110.00,34.01,29.01,'2025-12-13 20:55:10',6,'2025-12-13 20:55:10'),(281,8,'payment',-16.00,'سداد دفعة متعددة (فاتورة #199: 3.00 ج.م نقدي، فاتورة #215: 10.00 ج.م نقدي + 3.00 ج.م محفظة)',NULL,NULL,NULL,NULL,NULL,30110.00,30094.00,29.01,26.01,'2025-12-13 21:11:39',6,'2025-12-13 21:11:39'),(282,8,'payment',-20.00,'سداد دفعة متعددة (فاتورة #215: 10.00 ج.م نقدي، فاتورة #199: 5.00 ج.م نقدي + 5.00 ج.م محفظة)',NULL,NULL,NULL,NULL,NULL,30094.00,30074.00,26.01,21.01,'2025-12-13 21:15:54',6,'2025-12-13 21:15:54'),(283,8,'deposit',20.00,'إيداع محفظة - مبلغ 20.00 ج.م',NULL,NULL,NULL,91,NULL,30074.00,30074.00,21.01,41.01,'2025-12-13 21:36:00',6,'2025-12-13 21:36:47'),(284,8,'deposit',2.00,'إيداع محفظة - مبلغ 2.00 ج.م',NULL,NULL,NULL,92,NULL,30074.00,30074.00,41.01,43.01,'2025-12-13 21:37:00',6,'2025-12-13 21:37:54'),(285,8,'deposit',20.00,'إيداع محفظة - مبلغ 20.00 ج.م',NULL,NULL,NULL,93,NULL,30074.00,30074.00,43.01,63.01,'2025-12-13 21:38:00',6,'2025-12-13 21:38:49'),(286,8,'deposit',10.00,'إيداع محفظة - مبلغ 10.00 ج.م',NULL,NULL,NULL,94,NULL,30074.00,30074.00,63.01,73.01,'2025-12-13 21:39:00',6,'2025-12-13 21:39:28'),(287,8,'deposit',10.00,'إيداع محفظة - مبلغ 10.00 ج.م',NULL,NULL,NULL,95,NULL,30074.00,30074.00,73.01,83.01,'2025-12-13 21:39:00',6,'2025-12-13 21:39:52'),(288,8,'deposit',5.00,'إيداع محفظة - مبلغ 5.00 ج.م',NULL,NULL,NULL,96,NULL,30074.00,30074.00,83.01,88.01,'2025-12-13 21:40:00',6,'2025-12-13 21:40:32'),(289,8,'deposit',5.00,'إيداع محفظة - مبلغ 5.00 ج.م',NULL,NULL,NULL,97,NULL,30074.00,30074.00,88.01,93.01,'2025-12-13 21:42:00',6,'2025-12-13 21:42:09'),(290,8,'deposit',5.00,'إيداع محفظة - مبلغ 5.00 ج.م',NULL,NULL,NULL,98,NULL,30074.00,30074.00,93.01,98.01,'2025-12-13 21:43:00',6,'2025-12-13 21:43:06'),(291,8,'deposit',5.00,'إيداع محفظة - مبلغ 5.00 ج.م',NULL,NULL,NULL,99,NULL,30074.00,30074.00,98.01,103.01,'2025-12-13 21:46:00',6,'2025-12-13 21:46:10'),(292,8,'deposit',52.00,'إيداع محفظة - مبلغ 52.00 ج.م',NULL,NULL,NULL,100,NULL,30074.00,30074.00,103.01,155.01,'2025-12-13 21:54:00',6,'2025-12-13 21:54:12'),(293,8,'deposit',6.00,'إيداع محفظة - مبلغ 6.00 ج.م',NULL,NULL,NULL,101,NULL,30074.00,30074.00,155.01,161.01,'2025-12-13 21:54:00',6,'2025-12-13 21:54:46'),(294,8,'deposit',1.00,'إيداع محفظة - مبلغ 1.00 ج.م',NULL,NULL,NULL,102,NULL,30074.00,30074.00,161.01,162.01,'2025-12-13 21:56:00',6,'2025-12-13 21:56:18'),(295,8,'deposit',1.00,'إيداع محفظة - مبلغ 1.00 ج.م',NULL,NULL,NULL,103,NULL,30074.00,30074.00,162.01,163.01,'2025-12-13 21:59:00',6,'2025-12-13 21:59:13'),(296,8,'deposit',2.00,'إيداع محفظة - مبلغ 2.00 ج.م',NULL,NULL,NULL,104,NULL,30074.00,30074.00,163.01,165.01,'2025-12-12 22:01:00',6,'2025-12-13 22:01:22'),(297,8,'deposit',5.00,'إيداع محفظة - مبلغ 5.00 ج.م',NULL,NULL,NULL,105,NULL,30074.00,30074.00,165.01,170.01,'2025-12-12 22:02:00',6,'2025-12-13 22:02:55'),(298,8,'deposit',10.00,'إيداع محفظة - مبلغ 10.00 ج.م',NULL,NULL,NULL,106,NULL,30074.00,30074.00,170.01,180.01,'2025-12-12 22:05:00',6,'2025-12-13 22:05:09'),(299,8,'deposit',10.00,'إيداع محفظة - مبلغ 10.00 ج.م',NULL,NULL,NULL,107,NULL,30074.00,30074.00,180.01,190.01,'2025-12-12 22:08:00',6,'2025-12-13 22:08:59'),(300,8,'deposit',2.00,'إيداع محفظة - مبلغ 2.00 ج.م',NULL,NULL,NULL,108,NULL,30074.00,30074.00,190.01,192.01,'2025-12-12 22:10:00',6,'2025-12-13 22:10:15'),(301,8,'deposit',1.00,'إيداع محفظة - مبلغ 1.00 ج.م',NULL,NULL,NULL,109,NULL,30074.00,30074.00,192.01,193.01,'2025-12-12 22:10:00',6,'2025-12-13 22:10:43'),(302,8,'deposit',1.00,'إيداع محفظة - مبلغ 1.00 ج.م',NULL,NULL,NULL,110,NULL,30074.00,30074.00,193.01,194.01,'2025-12-12 22:11:00',6,'2025-12-13 22:11:21'),(303,8,'deposit',2.00,'إيداع محفظة - مبلغ 2.00 ج.م',NULL,NULL,NULL,111,NULL,30074.00,30074.00,194.01,196.01,'2025-12-12 22:11:00',6,'2025-12-13 22:11:35'),(304,8,'deposit',2.00,'إيداع محفظة - مبلغ 2.00 ج.م',NULL,NULL,NULL,112,NULL,30074.00,30074.00,196.01,198.01,'2025-12-12 22:12:00',6,'2025-12-13 22:12:25'),(305,8,'deposit',1.00,'إيداع محفظة - مبلغ 1.00 ج.م',NULL,NULL,NULL,113,NULL,30074.00,30074.00,198.01,199.01,'2025-12-12 22:13:00',6,'2025-12-13 22:13:22'),(306,8,'deposit',2.00,'إيداع محفظة - مبلغ 2.00 ج.م',NULL,NULL,NULL,114,NULL,30074.00,30074.00,199.01,201.01,'2025-12-12 22:14:00',6,'2025-12-13 22:14:25'),(307,8,'payment',-20.00,'سداد دفعة متعددة (فاتورة #215: 10.00 ج.م نقدي، فاتورة #199: 10.00 ج.م نقدي)',NULL,NULL,NULL,NULL,NULL,30074.00,30054.00,201.01,201.01,'2025-12-14 09:11:55',6,'2025-12-14 09:11:55'),(308,8,'payment',-10.00,'سداد فاتورة #195 - 10.00 ج.م (نقدي)',195,137,NULL,NULL,NULL,30054.00,30044.00,201.01,201.01,'2025-12-14 09:16:16',6,'2025-12-14 09:16:16'),(309,8,'payment',-10.00,'سداد فاتورة #215 - 10.00 ج.م (مختلط: )',215,138,NULL,NULL,NULL,30044.00,30034.00,201.01,196.01,'2025-12-14 09:16:58',6,'2025-12-14 09:16:58'),(310,8,'payment',-35.00,'سداد دفعة متعددة (فاتورة #199: 10.00 ج.م نقدي، فاتورة #215: 1.00 ج.م نقدي + 11.00 ج.م محفظة، فاتورة #197: 4.00 ج.م محفظة + 9.00 ج.م شيك)',NULL,NULL,NULL,NULL,NULL,30034.00,29999.00,196.01,181.01,'2025-12-14 09:19:07',6,'2025-12-14 09:19:07'),(311,8,'payment',-20.00,'سداد دفعة متعددة (فاتورة #215: 10.00 ج.م نقدي، فاتورة #199: 10.00 ج.م نقدي)',NULL,NULL,NULL,NULL,NULL,29999.00,29979.00,181.01,181.01,'2025-12-14 09:24:15',6,'2025-12-14 09:24:15'),(312,8,'payment',-10.00,'سداد دفعة متعددة (فاتورة #194: 5.00 ج.م نقدي، فاتورة #193: 5.00 ج.م محفظة)',NULL,NULL,NULL,NULL,NULL,29979.00,29969.00,181.01,176.01,'2025-12-14 09:25:31',6,'2025-12-14 09:25:31'),(313,8,'payment',-10.00,'سداد فاتورة #184 - 10.00 ج.م (نقدي)',184,146,NULL,NULL,NULL,29969.00,29959.00,176.01,176.01,'2025-12-14 09:26:15',6,'2025-12-14 09:26:15'),(314,8,'payment',-30.00,'سداد فاتورة #215 - 30.00 ج.م (مختلط: )',215,147,NULL,NULL,NULL,29959.00,29929.00,176.01,166.01,'2025-12-14 09:26:55',6,'2025-12-14 09:26:55'),(315,8,'payment',-25.00,'سداد فاتورة #215: 10.00 ج.م نقدي + 10.00 ج.م محفظة + 5.00 ج.م بطاقة',215,148,NULL,NULL,NULL,29929.00,29904.00,166.01,156.01,'2025-12-14 09:43:48',6,'2025-12-14 09:43:48'),(316,8,'payment',-20.00,'سداد دفعة متعددة (فاتورة #215: 10.00 ج.م نقدي، فاتورة #199: 10.00 ج.م نقدي)',NULL,NULL,NULL,NULL,NULL,29904.00,29884.00,156.01,156.01,'2025-12-14 09:44:50',6,'2025-12-14 09:44:50'),(317,8,'payment',-30.00,'سداد دفعة متعددة (فاتورة #215: 10.00 ج.م نقدي، فاتورة #199: 10.00 ج.م شيك، فاتورة #197: 10.00 ج.م محفظة)',NULL,NULL,NULL,NULL,NULL,29884.00,29854.00,156.01,146.01,'2025-12-14 09:50:57',6,'2025-12-14 09:50:57'),(318,8,'payment',-10.00,'سداد دفعة متعددة (فاتورة #215: 5.00 ج.م نقدي، فاتورة #199: 5.00 ج.م نقدي)',NULL,NULL,NULL,NULL,NULL,29854.00,29844.00,146.01,146.01,'2025-12-14 09:51:55',6,'2025-12-14 09:51:55'),(319,8,'payment',-20.00,'سداد فاتورة #188: 10.00 ج.م نقدي + 10.00 ج.م بطاقة',188,156,NULL,NULL,NULL,29844.00,29824.00,146.01,146.01,'2025-12-14 09:52:59',6,'2025-12-14 09:52:59'),(322,11,'invoice',15.00,'فاتورة مبيعات جديدة #238 (مرتبطة بالشغلانة #5)',238,NULL,NULL,NULL,5,2042.50,2057.50,0.00,0.00,'2025-12-14 22:00:00',5,'2025-12-15 20:50:35'),(323,11,'invoice',15.00,'فاتورة مبيعات جديدة #239 (مرتبطة بالشغلانة #5)',239,NULL,NULL,NULL,5,2057.50,2072.50,0.00,0.00,'2025-12-14 22:00:00',5,'2025-12-15 20:58:37'),(326,11,'invoice',15.00,'فاتورة مبيعات جديدة #246 (مرتبطة بالشغلانة \'\')',246,NULL,NULL,NULL,5,2072.50,2087.50,0.00,0.00,'2025-12-14 22:00:00',5,'2025-12-15 21:30:26'),(327,11,'invoice',15.00,'فاتورة مبيعات جديدة #247 (مرتبطة بالشغلانة \'باب فيلا  5\')',247,NULL,NULL,NULL,5,2087.50,2102.50,0.00,0.00,'2025-12-14 22:00:00',5,'2025-12-15 21:38:18'),(328,11,'invoice',40.00,'فاتورة مبيعات جديدة #248 (مرتبطة بالشغلانة \'باب فيلا  5\')',248,NULL,NULL,NULL,5,2102.50,2142.50,0.00,0.00,'2025-12-15 21:46:32',5,'2025-12-15 21:46:32'),(329,11,'payment',-20.00,'سداد فاتورة #248 - 20.00 ج.م (نقدي)',248,157,NULL,NULL,NULL,2142.50,2122.50,0.00,0.00,'2025-12-15 21:49:03',5,'2025-12-15 21:49:03'),(330,17,'invoice',45.00,'فاتورة مبيعات جديدة #252 (الشغلانة: \"شغلانه التجاره\" رقم #34)',252,NULL,NULL,NULL,34,0.00,45.00,0.00,0.00,'2025-12-15 22:09:31',5,'2025-12-15 22:09:31'),(331,11,'invoice',100.00,'فاتورة مبيعات جديدة #254 (الشغلانة: \"باب فيلا\" رقم #5)',254,NULL,NULL,NULL,5,2122.50,2222.50,0.00,0.00,'2025-12-15 22:16:55',5,'2025-12-15 22:16:55'),(332,16,'invoice',15.00,'فاتورة مبيعات جديدة #256 (الشغلانة: \"تركيب باب \" رقم #4)',256,NULL,NULL,NULL,4,175.00,190.00,0.00,0.00,'2025-12-15 22:28:06',5,'2025-12-15 22:28:06'),(333,11,'invoice',15.00,'فاتورة مبيعات جديدة #257 (الشغلانة: \"باب فيلا\" رقم #5)',257,NULL,NULL,NULL,5,2222.50,2237.50,0.00,0.00,'2025-12-15 22:38:29',5,'2025-12-15 22:38:29'),(334,8,'invoice',15.00,'فاتورة مبيعات جديدة #261',261,NULL,NULL,NULL,NULL,29824.00,29839.00,0.00,0.00,'2025-12-16 09:10:23',5,'2025-12-16 09:10:23'),(335,11,'invoice',15.00,'فاتورة مبيعات جديدة #262 (الشغلانة: \"باب فيلا\" رقم #5)',262,NULL,NULL,NULL,5,2237.50,2252.50,0.00,0.00,'2025-12-16 09:16:31',5,'2025-12-16 09:16:31'),(336,11,'deposit',5000.00,'إيداع محفظة - مبلغ 5000.00 ج.م',NULL,NULL,NULL,121,NULL,2252.50,2252.50,0.00,5000.00,'2025-12-16 09:17:00',5,'2025-12-16 09:17:20'),(337,11,'invoice',15.00,'فاتورة مبيعات جديدة #263',263,NULL,NULL,NULL,NULL,2252.50,2267.50,0.00,0.00,'2025-12-16 09:17:57',5,'2025-12-16 09:17:57'),(338,8,'invoice',15.00,'فاتورة مبيعات جديدة #272',272,NULL,NULL,NULL,NULL,29839.00,29854.00,146.01,146.01,'2025-12-16 09:31:34',5,'2025-12-16 09:31:34'),(339,11,'invoice',15.00,'فاتورة مبيعات جديدة #273 (الشغلانة: \"باب فيلا\" رقم #5)',273,NULL,NULL,NULL,5,2267.50,2282.50,5000.00,5000.00,'2025-12-16 09:34:46',5,'2025-12-16 09:34:46'),(340,8,'invoice',500.00,'فاتورة مبيعات جديدة #274',274,NULL,NULL,NULL,NULL,29854.00,30354.00,146.01,146.01,'2025-12-16 15:47:37',5,'2025-12-16 15:47:37'),(341,8,'invoice',500.00,'فاتورة مبيعات جديدة #275',275,NULL,NULL,NULL,NULL,30354.00,30854.00,146.01,146.01,'2025-12-16 15:48:25',5,'2025-12-16 15:48:25'),(342,11,'invoice',250.00,'فاتورة مبيعات جديدة #276 (الشغلانة: \"باب فيلا\" رقم #5)',276,NULL,NULL,NULL,5,2282.50,2532.50,5000.00,5000.00,'2025-12-16 15:53:31',5,'2025-12-16 15:53:31'),(343,11,'invoice',250.00,'فاتورة مبيعات جديدة #277',277,NULL,NULL,NULL,NULL,2532.50,2782.50,5000.00,5000.00,'2025-12-16 15:56:22',5,'2025-12-16 15:56:22'),(344,8,'invoice',250.00,'فاتورة مبيعات جديدة #278',278,NULL,NULL,NULL,NULL,30854.00,31104.00,146.01,146.01,'2025-12-16 15:58:34',5,'2025-12-16 15:58:34'),(345,8,'invoice',150.00,'فاتورة مبيعات جديدة #279',279,NULL,NULL,NULL,NULL,31104.00,31254.00,146.01,146.01,'2025-12-16 16:03:49',5,'2025-12-16 16:03:49'),(347,8,'invoice',120.00,'فاتورة مبيعات جديدة #281',281,NULL,NULL,NULL,NULL,31254.00,31374.00,146.01,146.01,'2025-12-16 16:21:48',5,'2025-12-16 16:21:48'),(350,8,'invoice',210.00,'فاتورة مبيعات جديدة #283',283,NULL,NULL,NULL,NULL,31374.00,31584.00,146.01,146.01,'2025-12-16 16:26:28',5,'2025-12-16 16:26:28'),(351,8,'payment',-10.00,'سداد فاتورة #283 - 10.00 ج.م (cash)',283,160,NULL,NULL,NULL,31584.00,31574.00,146.01,146.01,'2025-12-16 16:26:28',5,'2025-12-16 16:26:28'),(352,11,'invoice',105.00,'فاتورة مبيعات جديدة #284',284,NULL,NULL,NULL,NULL,2782.50,2887.50,5000.00,5000.00,'2025-12-16 16:42:39',5,'2025-12-16 16:42:39'),(353,11,'payment',-100.00,'سداد فاتورة #284 - 100.00 ج.م (wallet)',284,161,NULL,NULL,NULL,2887.50,2787.50,5000.00,4900.00,'2025-12-16 16:42:39',5,'2025-12-16 16:42:39'),(354,11,'payment',-5.00,'سداد فاتورة #284 - 5.00 ج.م (cash)',284,162,NULL,NULL,NULL,2787.50,2782.50,4900.00,4900.00,'2025-12-16 16:42:39',5,'2025-12-16 16:42:39'),(355,8,'invoice',15.00,'فاتورة مبيعات جديدة #285',285,NULL,NULL,NULL,NULL,31574.00,31589.00,146.01,146.01,'2025-12-17 08:52:50',5,'2025-12-17 08:52:50'),(356,8,'invoice',20.00,'فاتورة مبيعات جديدة #286',286,NULL,NULL,NULL,NULL,31589.00,31609.00,146.01,146.01,'2025-12-17 08:54:47',5,'2025-12-17 08:54:47'),(357,11,'invoice',120.00,'فاتورة مبيعات جديدة #287',287,NULL,NULL,NULL,NULL,2782.50,2902.50,4900.00,4900.00,'2025-12-17 08:57:29',5,'2025-12-17 08:57:29'),(358,11,'invoice',150.00,'فاتورة مبيعات جديدة #288',288,NULL,NULL,NULL,NULL,2902.50,3052.50,4900.00,4900.00,'2025-12-17 09:01:32',5,'2025-12-17 09:01:32'),(359,11,'invoice',120.00,'فاتورة مبيعات جديدة #289',289,NULL,NULL,NULL,NULL,3052.50,3172.50,4900.00,4900.00,'2025-12-17 09:05:51',5,'2025-12-17 09:05:51'),(360,11,'invoice',150.00,'فاتورة مبيعات جديدة #290 (الشغلانة: \"باب فيلا\" رقم #5)',290,NULL,NULL,NULL,5,3172.50,3322.50,4900.00,4900.00,'2025-12-17 09:08:34',5,'2025-12-17 09:08:34'),(361,11,'invoice',120.00,'فاتورة مبيعات جديدة #291',291,NULL,NULL,NULL,NULL,3322.50,3442.50,4900.00,4900.00,'2025-12-17 09:12:15',5,'2025-12-17 09:12:15'),(362,11,'invoice',100.00,'فاتورة مبيعات جديدة #292 (الشغلانة: \"باب فيلا\" رقم #5)',292,NULL,NULL,NULL,5,3442.50,3542.50,4900.00,4900.00,'2025-12-17 10:51:49',5,'2025-12-17 10:51:49'),(363,11,'payment',-50.00,'سداد فاتورة #292 - 50.00 ج.م (cash)',292,163,NULL,NULL,NULL,3542.50,3492.50,4900.00,4900.00,'2025-12-17 10:51:49',5,'2025-12-17 10:51:49'),(364,11,'payment',-10.00,'سداد فاتورة #292 - 10.00 ج.م (wallet)',292,164,NULL,NULL,NULL,3492.50,3482.50,4900.00,4890.00,'2025-12-17 10:51:49',5,'2025-12-17 10:51:49'),(365,11,'payment',-10.00,'سداد فاتورة #292 - 10.00 ج.م (wallet)',292,165,NULL,NULL,NULL,3482.50,3472.50,4890.00,4880.00,'2025-12-17 10:51:49',5,'2025-12-17 10:51:49'),(366,11,'payment',-10.00,'سداد فاتورة #292 - 10.00 ج.م (card)',292,166,NULL,NULL,NULL,3472.50,3462.50,4880.00,4880.00,'2025-12-17 10:51:49',5,'2025-12-17 10:51:49'),(367,11,'payment',-20.00,'سداد فاتورة #292 - 20.00 ج.م (card)',292,167,NULL,NULL,NULL,3462.50,3442.50,4880.00,4880.00,'2025-12-17 10:51:49',5,'2025-12-17 10:51:49'),(368,11,'invoice',100.00,'فاتورة مبيعات جديدة #293 (الشغلانة: \"باب فيلا\" رقم #5)',293,NULL,NULL,NULL,5,3442.50,3542.50,4880.00,4880.00,'2025-12-17 10:54:26',5,'2025-12-17 10:54:26'),(369,11,'payment',-50.00,'سداد فاتورة #293 - 50.00 ج.م (cash)',293,168,NULL,NULL,NULL,3542.50,3492.50,4880.00,4880.00,'2025-12-17 10:54:26',5,'2025-12-17 10:54:26'),(370,8,'invoice',150.00,'فاتورة مبيعات جديدة #294',294,NULL,NULL,NULL,NULL,31609.00,31759.00,146.01,146.01,'2025-12-17 11:06:00',5,'2025-12-17 11:06:00'),(371,8,'payment',-50.00,'سداد فاتورة #294 - 50.00 ج.م (cash)',294,169,NULL,NULL,NULL,31759.00,31709.00,146.01,146.01,'2025-12-17 11:06:00',5,'2025-12-17 11:06:00'),(372,8,'invoice',15.00,'فاتورة مبيعات جديدة #295',295,NULL,NULL,NULL,NULL,31709.00,31724.00,146.01,146.01,'2025-12-17 11:41:34',5,'2025-12-17 11:41:34'),(375,11,'invoice',15.00,'فاتورة مبيعات جديدة #298 (الشغلانة: \"باب فيلا\" رقم #5)',298,NULL,NULL,NULL,5,3492.50,3507.50,4880.00,4880.00,'2025-12-17 11:51:06',5,'2025-12-17 11:51:06'),(377,8,'invoice',150.00,'فاتورة مبيعات جديدة #300',300,NULL,NULL,NULL,NULL,31724.00,31874.00,146.01,146.01,'2025-12-17 12:00:00',5,'2025-12-17 12:00:00'),(383,8,'invoice',15.00,'فاتورة مبيعات جديدة #305',305,NULL,NULL,NULL,NULL,31874.00,31889.00,146.01,146.01,'2025-12-17 12:18:23',5,'2025-12-17 12:18:23'),(384,8,'invoice',15.00,'فاتورة مبيعات جديدة #306',306,NULL,NULL,NULL,NULL,31889.00,31904.00,146.01,146.01,'2025-12-17 12:18:55',5,'2025-12-17 12:18:55'),(385,8,'payment',-1.00,'سداد فاتورة #306 - 1.00 ج.م (cash)',306,179,NULL,NULL,NULL,31904.00,31903.00,146.01,146.01,'2025-12-17 12:18:55',5,'2025-12-17 12:18:55'),(386,8,'payment',-14.00,'سداد فاتورة #306 - 14.00 ج.م (cash)',306,180,NULL,NULL,NULL,31903.00,31889.00,146.01,146.01,'2025-12-17 12:18:55',5,'2025-12-17 12:18:55'),(387,8,'invoice',100.00,'فاتورة مبيعات جديدة #307',307,NULL,NULL,NULL,NULL,31889.00,31989.00,146.01,146.01,'2025-12-17 12:31:24',5,'2025-12-17 12:31:24'),(388,8,'payment',-30.00,'سداد فاتورة #307 - 30.00 ج.م (cash)',307,181,NULL,NULL,NULL,31989.00,31959.00,146.01,146.01,'2025-12-17 12:31:24',5,'2025-12-17 12:31:24'),(390,8,'invoice',150.00,'فاتورة مبيعات جديدة #309',309,NULL,NULL,NULL,NULL,31959.00,32109.00,146.01,146.01,'2025-12-17 12:51:53',5,'2025-12-17 12:51:53'),(391,8,'payment',-150.00,'سداد فاتورة #309 - نقدي: 150.00 ج.م',309,NULL,NULL,NULL,NULL,32109.00,31959.00,146.01,146.01,'2025-12-17 12:51:53',5,'2025-12-17 12:51:53'),(392,11,'invoice',15.00,'فاتورة مبيعات جديدة #310',310,NULL,NULL,NULL,NULL,3507.50,3522.50,4880.00,4880.00,'2025-12-17 12:57:21',5,'2025-12-17 12:57:21'),(393,11,'payment',-20.00,'سداد فاتورة #310 - نقدي: 5.00 ج.م + محفظة: 5.00 ج.م + card: 5.00 ج.م',310,NULL,NULL,NULL,NULL,3522.50,3502.50,4880.00,4875.00,'2025-12-17 12:57:21',5,'2025-12-17 12:57:21'),(394,8,'invoice',15.00,'فاتورة مبيعات جديدة #311',311,NULL,NULL,NULL,NULL,31959.00,31974.00,146.01,146.01,'2025-12-17 13:03:20',5,'2025-12-17 13:03:20'),(395,8,'payment',-5.00,'سداد فاتورة #311 - 5.00 ج.م (cash)',311,187,NULL,NULL,NULL,31974.00,31969.00,146.01,146.01,'2025-12-17 13:03:20',5,'2025-12-17 13:03:20'),(396,8,'payment',-10.00,'سداد فاتورة #311 - 10.00 ج.م (bank_transfer)',311,188,NULL,NULL,NULL,31969.00,31959.00,146.01,146.01,'2025-12-17 13:03:20',5,'2025-12-17 13:03:20'),(397,8,'invoice',150.00,'فاتورة مبيعات جديدة #312',312,NULL,NULL,NULL,NULL,31959.00,32109.00,146.01,146.01,'2025-12-17 15:19:42',5,'2025-12-17 15:19:42'),(398,8,'invoice',150.00,'فاتورة مبيعات جديدة #313',313,NULL,NULL,NULL,NULL,32109.00,32259.00,146.01,146.01,'2025-12-17 15:21:14',5,'2025-12-17 15:21:14'),(399,8,'payment',-150.00,'سداد فاتورة #313: 100.00 ج.م نقدي + 50.00 ج.م تحويل بنكي',313,NULL,NULL,NULL,NULL,32109.00,32259.00,146.01,146.01,'2025-12-17 15:21:14',5,'2025-12-17 15:21:14'),(400,8,'invoice',100.00,'فاتورة مبيعات جديدة #314',314,NULL,NULL,NULL,NULL,32109.00,32209.00,146.01,146.01,'2025-12-17 15:36:33',5,'2025-12-17 15:36:33'),(401,8,'payment',-100.00,'سداد فاتورة #314: 50.00 ج.م نقدي + 50.00 ج.م شيك',314,NULL,NULL,NULL,NULL,32209.00,32109.00,146.01,146.01,'2025-12-17 15:36:33',5,'2025-12-17 15:36:33'),(404,11,'invoice',100.00,'فاتورة مبيعات جديدة #317 (الشغلانة: \"باب فيلا\" رقم #5)',317,NULL,NULL,NULL,5,3502.50,3602.50,4875.00,4875.00,'2025-12-17 15:45:36',5,'2025-12-17 15:45:36'),(405,11,'payment',-70.00,'سداد فاتورة #317: 10.00 ج.م نقدي + 30.00 ج.م محفظة + 30.00 ج.م card',317,NULL,NULL,NULL,5,3602.50,3532.50,4875.00,4845.00,'2025-12-17 15:45:36',5,'2025-12-17 15:45:36'),(406,11,'invoice',150.00,'فاتورة مبيعات جديدة #318 (الشغلانة: \"باب فيلا\" رقم #5)',318,NULL,NULL,NULL,5,3532.50,3682.50,4845.00,4845.00,'2025-12-17 15:49:05',5,'2025-12-17 15:49:05'),(407,11,'payment',-150.00,'سداد فاتورة #318: 100.00 ج.م نقدي + 50.00 ج.م محفظة',318,NULL,NULL,NULL,5,3682.50,3532.50,4845.00,4795.00,'2025-12-17 15:49:05',5,'2025-12-17 15:49:05'),(408,11,'invoice',150.00,'فاتورة مبيعات جديدة #319 (الشغلانة: \"باب فيلا\" رقم #5)',319,NULL,NULL,NULL,5,3532.50,3682.50,4795.00,4795.00,'2025-12-17 16:16:46',5,'2025-12-17 16:16:46'),(409,11,'payment',-150.00,'سداد فاتورة #319: 50.00 ج.م نقدي + 50.00 ج.م تحويل بنكي + 30.00 ج.م محفظة + 20.00 ج.م شيك (شغلانة رقم 5 باسم باب فيلا)',319,NULL,NULL,NULL,5,3682.50,3532.50,4795.00,4765.00,'2025-12-17 16:16:46',5,'2025-12-17 16:16:46'),(410,11,'payment',-10.00,'سداد فاتورة #317 - 10.00 ج.م (نقدي)',317,204,NULL,NULL,NULL,3532.50,3522.50,4765.00,4765.00,'2025-12-17 18:25:01',5,'2025-12-17 18:25:01'),(411,11,'payment',-20.00,'سداد فاتورة #317 - 20.00 ج.م (نقدي)',317,205,NULL,NULL,NULL,3522.50,3502.50,4765.00,4765.00,'2025-12-17 18:26:00',5,'2025-12-17 18:26:00'),(412,11,'payment',-15.00,'سداد فاتورة #298 - 15.00 ج.م (نقدي)',298,206,NULL,NULL,NULL,3502.50,3487.50,4765.00,4765.00,'2025-12-17 18:26:44',5,'2025-12-17 18:26:44'),(413,11,'payment',-50.00,'سداد فاتورة #293 - 50.00 ج.م (نقدي)',293,207,NULL,NULL,NULL,3487.50,3437.50,4765.00,4765.00,'2025-12-18 12:41:38',6,'2025-12-18 12:41:38'),(414,11,'invoice',150.00,'فاتورة مبيعات جديدة #320 (الشغلانة: \"باب فيلا\" رقم #5)',320,NULL,NULL,NULL,5,3437.50,3587.50,4765.00,4765.00,'2025-12-18 13:56:24',6,'2025-12-18 13:56:24'),(415,11,'payment',-5.00,'سداد فاتورة #320 - 5.00 ج.م (نقدي)',320,208,NULL,NULL,NULL,4192.50,4187.50,4765.00,4765.00,'2025-12-18 14:03:53',6,'2025-12-18 14:03:53'),(416,11,'payment',-10.00,'سداد فاتورة #320 - 10.00 ج.م (نقدي)',320,209,NULL,NULL,NULL,4187.50,4177.50,4765.00,4765.00,'2025-12-18 14:05:05',6,'2025-12-18 14:05:05'),(417,11,'payment',-20.00,'سداد دفعة متعددة (فاتورة #320: 10.00 ج.م نقدي، فاتورة #290: 10.00 ج.م نقدي)',NULL,NULL,NULL,NULL,5,4177.50,4157.50,4765.00,4765.00,'2025-12-18 14:06:06',6,'2025-12-18 14:06:06'),(418,8,'payment',-10.00,'سداد فاتورة #312 - 10.00 ج.م (نقدي)',312,212,NULL,NULL,NULL,33489.00,33479.00,146.01,146.01,'2025-12-18 17:34:12',6,'2025-12-18 17:34:12'),(419,11,'deposit',51.00,'إيداع محفظة - مبلغ 51.00 ج.م',NULL,NULL,NULL,129,NULL,4157.50,4157.50,4765.00,4816.00,'2025-12-20 09:31:00',5,'2025-12-20 09:32:04'),(420,11,'deposit',15.00,'إيداع محفظة - مبلغ 15.00 ج.م',NULL,NULL,NULL,130,NULL,4157.50,4157.50,4816.00,4831.00,'2025-12-20 11:20:00',5,'2025-12-20 11:20:45'),(421,11,'deposit',1.00,'إيداع محفظة - مبلغ 1.00 ج.م',NULL,NULL,NULL,131,NULL,4157.50,4157.50,4831.00,4832.00,'2025-12-20 11:35:00',5,'2025-12-20 11:36:26'),(422,11,'deposit',2.00,'إيداع محفظة - مبلغ 2.00 ج.م',NULL,NULL,NULL,132,NULL,4157.50,4157.50,4832.00,4834.00,'2025-12-20 11:44:00',5,'2025-12-20 11:44:28'),(423,11,'deposit',1.00,'إيداع محفظة - مبلغ 1.00 ج.م',NULL,NULL,NULL,133,NULL,4157.50,4157.50,4834.00,4835.00,'2025-12-20 11:46:00',5,'2025-12-20 11:46:18'),(424,11,'deposit',10.00,'إيداع محفظة - مبلغ 10.00 ج.م',NULL,NULL,NULL,134,NULL,4157.50,4157.50,4835.00,4845.00,'2025-12-20 11:48:00',5,'2025-12-20 11:48:58'),(425,11,'deposit',5.00,'إيداع محفظة - مبلغ 5.00 ج.م',NULL,NULL,NULL,135,NULL,4157.50,4157.50,4845.00,4850.00,'2025-12-20 12:01:00',5,'2025-12-20 12:01:40'),(426,11,'deposit',2.00,'إيداع محفظة - مبلغ 2.00 ج.م',NULL,NULL,NULL,136,NULL,4157.50,4157.50,4850.00,4852.00,'2025-12-20 12:05:00',5,'2025-12-20 12:05:15'),(427,11,'deposit',4.00,'إيداع محفظة - مبلغ 4.00 ج.م',NULL,NULL,NULL,137,NULL,4157.50,4157.50,4852.00,4856.00,'2025-12-20 12:09:00',5,'2025-12-20 12:09:13'),(428,11,'withdraw',-0.50,'سحب محفظة - مبلغ 0.50 ج.م',NULL,NULL,NULL,138,NULL,4157.50,4157.50,4856.00,4855.50,'2025-12-20 12:10:00',5,'2025-12-20 12:10:13'),(429,11,'deposit',0.50,'إيداع محفظة - مبلغ 0.50 ج.م',NULL,NULL,NULL,139,NULL,4157.50,4157.50,4855.50,4856.00,'2025-12-20 12:11:00',5,'2025-12-20 12:11:35'),(430,11,'payment',-4000.00,'سداد 26 فواتير (مجموع: 4,000.00 ج.م) | طرق الدفع: 4,000.00 ج.م نقدي',NULL,NULL,NULL,NULL,NULL,4157.50,157.50,4856.00,4856.00,'2025-12-20 14:59:03',5,'2025-12-20 14:59:03'),(431,11,'invoice',150.00,'فاتورة مبيعات جديدة #321 (الشغلانة: \"باب فيلا\" رقم #5)',321,NULL,NULL,NULL,5,157.50,307.50,4856.00,4856.00,'2025-12-20 15:08:31',5,'2025-12-20 15:08:31'),(432,11,'invoice',150.00,'فاتورة مبيعات جديدة #322 (الشغلانة: \"باب فيلا\" رقم #5)',322,NULL,NULL,NULL,5,307.50,457.50,4856.00,4856.00,'2025-12-20 15:08:55',5,'2025-12-20 15:08:55'),(433,11,'invoice',170.00,'فاتورة مبيعات جديدة #323',323,NULL,NULL,NULL,NULL,457.50,627.50,4856.00,4856.00,'2025-12-20 15:09:31',5,'2025-12-20 15:09:31'),(434,11,'payment',-60.00,'سداد فاتورة #323: 60.00 ج.م نقدي',323,NULL,NULL,NULL,NULL,627.50,567.50,4856.00,4856.00,'2025-12-20 15:09:31',5,'2025-12-20 15:09:31'),(435,8,'invoice',150.00,'فاتورة مبيعات جديدة #324',324,NULL,NULL,NULL,NULL,33479.00,33629.00,146.01,146.01,'2025-12-20 19:21:33',5,'2025-12-20 19:21:33'),(436,11,'invoice',265.00,'فاتورة مبيعات جديدة #325 (الشغلانة: \"باب وشباك\" رقم #35)',325,NULL,NULL,NULL,35,567.50,832.50,4856.00,4856.00,'2025-12-20 19:25:46',5,'2025-12-20 19:25:46'),(437,11,'payment',-60.00,'سداد فاتورة #325: 50.00 ج.م نقدي + 10.00 ج.م محفظة (شغلانة رقم 35 باسم باب وشباك)',325,NULL,NULL,NULL,35,832.50,772.50,4856.00,4846.00,'2025-12-20 19:25:46',5,'2025-12-20 19:25:46'),(438,8,'invoice',150.00,'فاتورة مبيعات جديدة #326',326,NULL,NULL,NULL,NULL,33629.00,33779.00,146.01,146.01,'2025-12-20 20:05:01',5,'2025-12-20 20:05:01'),(439,11,'invoice',275.00,'فاتورة مبيعات جديدة #327 (الشغلانة: \"باب فيلا\" رقم #5)',327,NULL,NULL,NULL,5,772.50,1047.50,4846.00,4846.00,'2025-12-20 20:10:32',5,'2025-12-20 20:10:32'),(440,11,'payment',-25.00,'سداد فاتورة #327: 10.00 ج.م نقدي + 15.00 ج.م محفظة (شغلانة رقم 5 باسم باب فيلا)',327,NULL,NULL,NULL,5,1047.50,1022.50,4846.00,4831.00,'2025-12-20 20:10:32',5,'2025-12-20 20:10:32'),(441,11,'deposit',1000.00,'\n',NULL,NULL,NULL,142,NULL,1022.50,1022.50,4831.00,5831.00,'2025-12-20 20:10:00',5,'2025-12-20 20:11:37'),(442,11,'deposit',15.00,'إيداع محفظة - مبلغ 15.00 ج.م',NULL,NULL,NULL,143,NULL,1022.50,1022.50,5831.00,5846.00,'2025-12-20 20:12:00',5,'2025-12-20 20:12:04'),(443,11,'withdraw',-1500.00,'سحب محفظة - مبلغ 1500.00 ج.م',NULL,NULL,NULL,144,NULL,1022.50,1022.50,5846.00,4346.00,'2025-12-20 20:10:00',5,'2025-12-20 20:12:32'),(444,11,'payment',-25.00,'سداد فاتورة #325: 10.00 ج.م نقدي + 15.00 ج.م محفظة',325,244,NULL,NULL,NULL,1022.50,997.50,4346.00,4331.00,'2025-12-20 20:23:11',5,'2025-12-20 20:23:11'),(445,11,'payment',-10.00,'سداد فاتورة #323 - 10.00 ج.م (نقدي)',323,245,NULL,NULL,NULL,997.50,987.50,4331.00,4331.00,'2025-12-21 07:48:45',5,'2025-12-21 07:48:45'),(446,11,'payment',-10.00,'سداد فاتورة #327 - 10.00 ج.م (نقدي)',327,246,NULL,NULL,NULL,987.50,977.50,4331.00,4331.00,'2025-12-21 07:49:28',5,'2025-12-21 07:49:28'),(447,11,'payment',-10.00,'سداد فاتورة #325 - 10.00 ج.م (نقدي)',325,247,NULL,NULL,NULL,977.50,967.50,4331.00,4331.00,'2025-12-21 07:50:33',5,'2025-12-21 07:50:33'),(448,11,'payment',-5.00,'سداد فاتورة #325 - 5.00 ج.م (نقدي)',325,248,NULL,NULL,NULL,967.50,962.50,4331.00,4331.00,'2025-12-21 07:51:03',5,'2025-12-21 07:51:03'),(449,11,'payment',-5.00,'سداد فاتورة #323 - 5.00 ج.م (نقدي)',323,249,NULL,NULL,NULL,962.50,957.50,4331.00,4331.00,'2025-12-21 08:01:50',5,'2025-12-21 08:01:50'),(450,11,'payment',-5.00,'سداد فاتورة #323 - 5.00 ج.م (نقدي)',323,250,NULL,NULL,NULL,957.50,952.50,4331.00,4331.00,'2025-12-21 08:14:05',5,'2025-12-21 08:14:05'),(451,11,'payment',-15.00,'سداد فاتورة #323 - 15.00 ج.م (نقدي)',323,251,NULL,NULL,NULL,952.50,937.50,4331.00,4331.00,'2025-12-21 09:49:49',5,'2025-12-21 09:49:49'),(452,11,'payment',-5.00,'سداد فاتورة #323 - 5.00 ج.م (نقدي)',323,252,NULL,NULL,NULL,937.50,932.50,4331.00,4331.00,'2025-12-21 09:52:02',5,'2025-12-21 09:52:02'),(453,11,'payment',-5.00,'سداد فاتورة #327 تابعة لشغلانة #5 - 5.00 ج.م (نقدي)',327,253,NULL,NULL,5,932.50,927.50,4331.00,4331.00,'2025-12-21 09:53:02',5,'2025-12-21 09:53:02'),(454,11,'payment',-5.00,'سداد فاتورة #327 تابعة لشغلانة #5 (باب فيلا) - 5.00 ج.م (نقدي)',327,254,NULL,NULL,5,927.50,922.50,4331.00,4331.00,'2025-12-21 09:56:34',5,'2025-12-21 09:56:34'),(455,11,'payment',-5.00,'سداد فاتورة #327 تابعة لشغلانة #5 (باب فيلا) - 5.00 ج.م (محفظة)',327,255,NULL,NULL,5,922.50,917.50,4331.00,4326.00,'2025-12-21 09:57:42',5,'2025-12-21 09:57:42'),(456,11,'payment',-5.00,'سداد فاتورة #327 تابعة لشغلانة #5 (باب فيلا) - 5.00 ج.م (نقدي)',327,256,NULL,NULL,5,917.50,912.50,4326.00,4326.00,'2025-12-21 09:59:02',5,'2025-12-21 09:59:02'),(457,11,'payment',-4.00,'سداد فاتورة #323 - 4.00 ج.م (نقدي)',323,257,NULL,NULL,NULL,912.50,908.50,4326.00,4326.00,'2025-12-21 10:02:51',5,'2025-12-21 10:02:51'),(458,11,'payment',-30.00,'سداد فاتورة #325 تابعة لشغلانة #35 (باب وشباك): 10.00 ج.م نقدي + 10.00 ج.م محفظة + 10.00 ج.م بطاقة',325,258,NULL,NULL,35,908.50,878.50,4326.00,4316.00,'2025-12-21 10:04:02',5,'2025-12-21 10:04:02'),(459,11,'payment',-5.00,'سداد فاتورة #323 - 5.00 ج.م (نقدي)',323,259,NULL,NULL,NULL,878.50,873.50,4316.00,4316.00,'2025-12-21 10:07:33',5,'2025-12-21 10:07:33'),(460,11,'payment',-40.00,'سداد دفعة متعددة (فاتورة #323: 7.50 ج.م نقدي، فاتورة #287: 32.50 ج.م نقدي)',NULL,NULL,NULL,NULL,NULL,873.50,833.50,4316.00,4316.00,'2025-12-21 10:58:52',5,'2025-12-21 10:58:52'),(461,11,'payment',-350.00,'سداد دفعة متعددة (فاتورة #323: 53.50 ج.م نقدي، فاتورة #325: 96.50 ج.م نقدي + 38.50 ج.م بطاقة، فاتورة #327: 61.50 ج.م بطاقة + 100.00 ج.م محفظة)',NULL,NULL,NULL,NULL,NULL,833.50,483.50,4316.00,4216.00,'2025-12-21 11:00:56',5,'2025-12-21 11:00:56'),(462,11,'payment',-40.00,'سداد فاتورة #327 تابعة لشغلانة #5 (باب فيلا): 15.00 ج.م نقدي + 15.00 ج.م محفظة + 10.00 ج.م بطاقة',327,265,NULL,NULL,5,483.50,443.50,4216.00,4201.00,'2025-12-21 11:05:31',5,'2025-12-21 11:05:31'),(463,11,'payment',-168.50,'سداد دفعة متعددة (فاتورة #327: 18.50 ج.م نقدي، فاتورة #322: 141.50 ج.م نقدي + 8.50 ج.م محفظة)',NULL,NULL,NULL,NULL,NULL,443.50,275.00,4201.00,4192.50,'2025-12-21 11:10:52',5,'2025-12-21 11:10:52'),(464,11,'payment',-30.00,'سداد دفعة متعددة (فاتورة #321: 15.00 ج.م نقدي، فاتورة #320: 15.00 ج.م نقدي)',NULL,NULL,NULL,NULL,NULL,275.00,245.00,4192.50,4192.50,'2025-12-21 11:12:03',5,'2025-12-21 11:12:03'),(465,11,'invoice',150.00,'فاتورة مبيعات جديدة #328 (الشغلانة: \"باب الحدسقه\" رقم #6)',328,NULL,NULL,NULL,6,245.00,395.00,4192.50,4192.50,'2025-12-21 11:17:18',5,'2025-12-21 11:17:18'),(466,11,'invoice',135.00,'فاتورة مبيعات جديدة #329 (الشغلانة: \"باب الحدسقه\" رقم #6)',329,NULL,NULL,NULL,6,395.00,530.00,4192.50,4192.50,'2025-12-21 11:17:56',5,'2025-12-21 11:17:56'),(467,11,'invoice',250.00,'فاتورة مبيعات جديدة #330',330,NULL,NULL,NULL,NULL,530.00,780.00,4192.50,4192.50,'2025-12-21 11:18:21',5,'2025-12-21 11:18:21'),(468,11,'invoice',150.00,'فاتورة مبيعات جديدة #331',331,NULL,NULL,NULL,NULL,780.00,930.00,4192.50,4192.50,'2025-12-21 11:18:37',5,'2025-12-21 11:18:37'),(469,11,'payment',-20.00,'💳 سداد دفعة متعددة (فاتورة #331: 10.00 ج.م نقدي، فاتورة #330: 10.00 ج.م نقدي)',NULL,NULL,NULL,NULL,NULL,930.00,910.00,4192.50,4192.50,'2025-12-21 11:40:58',5,'2025-12-21 11:40:58'),(470,11,'payment',-20.00,'💳 سداد دفعة متعددة (فاتورة #331: 3.00 ج.م نقدي + 3.00 ج.م نقدي + 4.00 ج.م محفظة، فاتورة #330: 6.00 ج.م محفظة + 4.00 ج.م بطاقة)',NULL,NULL,NULL,NULL,NULL,910.00,890.00,4192.50,4182.50,'2025-12-21 11:42:36',5,'2025-12-21 11:42:36'),(471,11,'payment',-20.00,'💳 سداد دفعة متعددة (فاتورة #329 تابعة لشغلانة #6 (باب الحدسقه): 10.00 ج.م نقدي، فاتورة #328 تابعة لشغلانة #6 (باب الحدسقه): 10.00 ج.م نقدي)',NULL,NULL,NULL,NULL,6,890.00,870.00,4182.50,4182.50,'2025-12-21 11:44:47',5,'2025-12-21 11:44:47'),(472,11,'payment',-100.00,'💳 سداد 5 فواتير (فواتير 331 و 330 و 329 و 321 و 320) تابعة لـ شغلانة #6 (باب الحدسقه): #329، شغلانة #5 (باب فيلا): #321 و #320 - المجموع: 100.00 ج.م | طرق الدفع: 50.00 ج.م ...',NULL,NULL,NULL,NULL,NULL,870.00,770.00,4182.50,4172.50,'2025-12-21 11:46:37',5,'2025-12-21 11:46:37'),(473,8,'invoice',150.00,'فاتورة مبيعات جديدة #332',332,NULL,NULL,NULL,NULL,33779.00,33929.00,146.01,146.01,'2025-12-22 10:14:32',5,'2025-12-22 10:14:32'),(474,8,'invoice',1100.00,'فاتورة مبيعات جديدة #333',333,NULL,NULL,NULL,NULL,33929.00,35029.00,146.01,146.01,'2025-12-22 10:14:52',5,'2025-12-22 10:14:52'),(479,8,'invoice',20.00,'فاتورة مبيعات جديدة #338',338,NULL,NULL,NULL,NULL,35029.00,35049.00,146.01,146.01,'2025-12-22 12:42:47',5,'2025-12-22 12:42:47'),(480,8,'invoice',465.00,'فاتورة مبيعات جديدة #339',339,NULL,NULL,NULL,NULL,35049.00,35514.00,146.01,146.01,'2025-12-22 12:45:24',5,'2025-12-22 12:45:24'),(481,8,'invoice',150.00,'فاتورة مبيعات جديدة #340',340,NULL,NULL,NULL,NULL,35514.00,35664.00,146.01,146.01,'2025-12-22 14:22:59',5,'2025-12-22 14:22:59'),(482,8,'invoice',275.00,'فاتورة مبيعات جديدة #341',341,NULL,NULL,NULL,NULL,35664.00,35939.00,146.01,146.01,'2025-12-22 14:24:18',5,'2025-12-22 14:24:18'),(483,8,'invoice',20.00,'فاتورة مبيعات جديدة #342',342,NULL,NULL,NULL,NULL,35939.00,35959.00,146.01,146.01,'2025-12-22 14:49:35',5,'2025-12-22 14:49:35'),(484,8,'invoice',30.00,'فاتورة مبيعات جديدة #343',343,NULL,NULL,NULL,NULL,35959.00,35989.00,146.01,146.01,'2025-12-22 14:50:58',5,'2025-12-22 14:50:58'),(485,8,'invoice',150.00,'فاتورة مبيعات جديدة #344',344,NULL,NULL,NULL,NULL,35989.00,36139.00,146.01,146.01,'2025-12-22 14:53:54',5,'2025-12-22 14:53:54'),(486,8,'invoice',30.00,'فاتورة مبيعات جديدة #345',345,NULL,NULL,NULL,NULL,36139.00,36169.00,146.01,146.01,'2025-12-22 14:55:11',5,'2025-12-22 14:55:11'),(487,8,'invoice',415.00,'فاتورة مبيعات جديدة #346',346,NULL,NULL,NULL,NULL,36169.00,36584.00,146.01,146.01,'2025-12-22 15:02:14',5,'2025-12-22 15:02:14'),(488,8,'invoice',3.00,'فاتورة مبيعات جديدة #347',347,NULL,NULL,NULL,NULL,36584.00,36587.00,146.01,146.01,'2025-12-22 15:19:26',5,'2025-12-22 15:19:26'),(489,8,'invoice',2000.00,'فاتورة مبيعات جديدة #348',348,NULL,NULL,NULL,NULL,36587.00,38587.00,146.01,146.01,'2025-12-22 15:58:13',5,'2025-12-22 15:58:13'),(490,11,'invoice',1490.00,'فاتورة مبيعات جديدة #349 (الشغلانة: \"باب فيلا\" رقم #5)',349,NULL,NULL,NULL,5,770.00,2260.00,4172.50,4172.50,'2025-12-22 17:41:46',5,'2025-12-22 17:41:46'),(491,8,'invoice',600.00,'فاتورة مبيعات جديدة #350',350,NULL,NULL,NULL,NULL,38587.00,39187.00,146.01,146.01,'2025-12-23 04:39:33',5,'2025-12-23 04:39:33'),(492,8,'invoice',150.00,'فاتورة مبيعات جديدة #351',351,NULL,NULL,NULL,NULL,39187.00,39337.00,146.01,146.01,'2025-12-23 11:12:21',5,'2025-12-23 11:12:21'),(493,8,'invoice',150.00,'فاتورة مبيعات جديدة #352',352,NULL,NULL,NULL,NULL,39337.00,39487.00,146.01,146.01,'2025-12-23 15:55:23',5,'2025-12-23 15:55:23'),(494,8,'return',150.00,'0',352,NULL,1,NULL,NULL,39487.00,39337.00,146.01,146.01,'2025-12-23 18:32:48',5,'2025-12-23 18:32:48'),(495,8,'return',150.00,'0',351,NULL,7,NULL,NULL,39337.00,39187.00,146.01,146.01,'2025-12-23 19:54:48',5,'2025-12-23 19:54:48'),(496,8,'invoice',1470.00,'فاتورة مبيعات جديدة #353',353,NULL,NULL,NULL,NULL,39187.00,40657.00,146.01,146.01,'2025-12-23 19:58:57',5,'2025-12-23 19:58:57'),(497,8,'return',150.00,'0',353,NULL,8,NULL,NULL,40657.00,40507.00,146.01,146.01,'2025-12-23 19:59:54',5,'2025-12-23 19:59:54'),(498,8,'invoice',300.00,'فاتورة مبيعات جديدة #354',354,NULL,NULL,NULL,NULL,40507.00,40807.00,146.01,146.01,'2025-12-23 20:08:23',5,'2025-12-23 20:08:23'),(499,8,'return',150.00,'0',354,NULL,9,NULL,NULL,40807.00,40657.00,146.01,146.01,'2025-12-23 20:09:07',5,'2025-12-23 20:09:07'),(500,8,'return',150.00,'0',353,NULL,10,NULL,NULL,40657.00,40507.00,146.01,146.01,'2025-12-23 20:11:47',5,'2025-12-23 20:11:47'),(501,8,'invoice',360.00,'فاتورة مبيعات جديدة #355',355,NULL,NULL,NULL,NULL,40507.00,40867.00,146.01,146.01,'2025-12-23 20:14:59',5,'2025-12-23 20:14:59'),(502,8,'return',240.00,'0',355,NULL,11,NULL,NULL,40867.00,40627.00,146.01,146.01,'2025-12-23 20:16:05',5,'2025-12-23 20:16:05'),(503,8,'payment',-120.00,'سداد فاتورة #355 - 120.00 ج.م (نقدي)',355,283,NULL,NULL,NULL,40627.00,40507.00,146.01,146.01,'2025-12-23 20:17:36',5,'2025-12-23 20:17:36'),(504,8,'invoice',600.00,'فاتورة مبيعات جديدة #356',356,NULL,NULL,NULL,NULL,40507.00,41107.00,146.01,146.01,'2025-12-23 20:42:12',5,'2025-12-23 20:42:12'),(505,8,'return',400.00,'0',356,NULL,15,NULL,NULL,41107.00,40707.00,146.01,146.01,'2025-12-23 20:43:19',5,'2025-12-23 20:43:19'),(506,8,'return',200.00,'0',356,NULL,19,NULL,NULL,40707.00,40507.00,146.01,146.01,'2025-12-23 21:14:52',5,'2025-12-23 21:14:52'),(507,8,'invoice',900.00,'فاتورة مبيعات جديدة #357',357,NULL,NULL,NULL,NULL,40507.00,41407.00,146.01,146.01,'2025-12-23 21:20:13',5,'2025-12-23 21:20:13'),(508,8,'return',600.00,'0',357,NULL,20,NULL,NULL,41407.00,40807.00,146.01,146.01,'2025-12-23 21:20:49',5,'2025-12-23 21:20:49'),(509,8,'invoice',1050.00,'فاتورة مبيعات جديدة #358',358,NULL,NULL,NULL,NULL,40807.00,41857.00,146.01,146.01,'2025-12-23 21:27:11',5,'2025-12-23 21:27:11'),(510,8,'return',350.00,'0',358,NULL,21,NULL,NULL,41857.00,41507.00,146.01,146.01,'2025-12-23 21:28:09',5,'2025-12-23 21:28:09'),(511,8,'return',350.00,'0',358,NULL,22,NULL,NULL,41507.00,41157.00,146.01,146.01,'2025-12-24 09:04:28',5,'2025-12-24 09:04:28'),(512,8,'invoice',4500.00,'فاتورة مبيعات جديدة #359',359,NULL,NULL,NULL,NULL,41157.00,45657.00,146.01,146.01,'2025-12-24 09:29:36',5,'2025-12-24 09:29:36'),(513,8,'invoice',237.00,'فاتورة مبيعات جديدة #360',360,NULL,NULL,NULL,NULL,45657.00,45894.00,146.01,146.01,'2025-12-24 09:37:54',5,'2025-12-24 09:37:54'),(514,8,'invoice',750.00,'فاتورة مبيعات جديدة #361',361,NULL,NULL,NULL,NULL,45894.00,46644.00,146.01,146.01,'2025-12-24 10:32:15',5,'2025-12-24 10:32:15'),(515,8,'return',150.00,'0',361,NULL,24,NULL,NULL,46644.00,46494.00,146.01,146.01,'2025-12-24 10:46:01',5,'2025-12-24 10:46:01'),(516,8,'return',150.00,'0',361,NULL,25,NULL,NULL,46494.00,46344.00,146.01,146.01,'2025-12-24 11:26:17',5,'2025-12-24 11:26:17'),(517,8,'return',150.00,'0',361,NULL,28,NULL,NULL,46344.00,46194.00,146.01,146.01,'2025-12-24 12:19:18',5,'2025-12-24 12:19:18'),(518,8,'return',150.00,'0',361,NULL,34,NULL,NULL,46194.00,46044.00,146.01,146.01,'2025-12-24 12:40:03',5,'2025-12-24 12:40:03'),(519,8,'return',150.00,'0',361,NULL,36,NULL,NULL,46044.00,45894.00,146.01,146.01,'2025-12-24 12:43:39',5,'2025-12-24 12:43:39'),(520,8,'invoice',450.00,'فاتورة مبيعات جديدة #362',362,NULL,NULL,NULL,NULL,45894.00,46344.00,146.01,146.01,'2025-12-24 12:55:34',5,'2025-12-24 12:55:34'),(521,8,'return',150.00,'0',362,NULL,37,NULL,NULL,46344.00,46194.00,146.01,146.01,'2025-12-24 12:56:27',5,'2025-12-24 12:56:27'),(522,8,'return',300.00,'0',362,NULL,38,NULL,NULL,46194.00,45894.00,146.01,146.01,'2025-12-24 12:56:56',5,'2025-12-24 12:56:56'),(523,8,'return',350.00,'0',358,NULL,39,NULL,NULL,45894.00,45544.00,146.01,146.01,'2025-12-24 13:04:33',5,'2025-12-24 13:04:33'),(524,8,'return',40.00,'0',342,NULL,40,NULL,NULL,45544.00,45504.00,146.01,146.01,'2025-12-24 13:08:50',5,'2025-12-24 13:08:50'),(525,8,'return',20.00,'0',338,NULL,41,NULL,NULL,45504.00,45484.00,146.01,146.01,'2025-12-24 13:11:09',5,'2025-12-24 13:11:09'),(526,8,'return',300.00,'0',357,NULL,42,NULL,NULL,45484.00,45184.00,146.01,146.01,'2025-12-24 13:12:01',5,'2025-12-24 13:12:01'),(527,8,'return',1500.00,'0',359,NULL,43,NULL,NULL,45184.00,43684.00,146.01,146.01,'2025-12-24 13:12:43',5,'2025-12-24 13:12:43'),(528,8,'return',150.00,'0',354,NULL,44,NULL,NULL,43684.00,43534.00,146.01,146.01,'2025-12-24 13:14:08',5,'2025-12-24 13:14:08'),(529,8,'return',1500.00,'0',359,NULL,45,NULL,NULL,43534.00,42034.00,146.01,146.01,'2025-12-24 13:15:46',5,'2025-12-24 13:15:46'),(530,8,'return',237.00,'0',360,NULL,46,NULL,NULL,42034.00,41797.00,146.01,146.01,'2025-12-24 13:18:30',5,'2025-12-24 13:18:30'),(531,8,'return',1170.00,'0',353,NULL,47,NULL,NULL,41797.00,40627.00,146.01,146.01,'2025-12-24 13:24:38',5,'2025-12-24 13:24:38'),(532,8,'return',120.00,'0',355,NULL,48,NULL,NULL,40627.00,40507.00,146.01,146.01,'2025-12-24 13:28:08',5,'2025-12-24 13:28:08'),(533,8,'return',1500.00,'0',359,NULL,49,NULL,NULL,40627.00,39127.00,266.01,266.01,'2025-12-24 13:29:27',5,'2025-12-24 13:29:27'),(534,8,'return',15.00,'0',348,NULL,50,NULL,NULL,39127.00,39112.00,266.01,266.01,'2025-12-24 13:34:24',5,'2025-12-24 13:34:24'),(535,8,'return',120.00,'0',350,NULL,51,NULL,NULL,39112.00,38992.00,266.01,266.01,'2025-12-24 13:36:50',5,'2025-12-24 13:36:50'),(536,8,'invoice',750.00,'فاتورة مبيعات جديدة #363',363,NULL,NULL,NULL,NULL,38992.00,39742.00,266.01,266.01,'2025-12-24 15:56:05',5,'2025-12-24 15:56:05'),(537,8,'return',150.00,'0',363,NULL,52,NULL,NULL,39742.00,39592.00,266.01,266.01,'2025-12-24 15:59:40',5,'2025-12-24 15:59:40'),(538,8,'return',150.00,'0',363,NULL,53,NULL,NULL,39592.00,39442.00,266.01,266.01,'2025-12-24 16:46:56',5,'2025-12-24 16:46:56'),(539,8,'return',450.00,'0',363,NULL,54,NULL,NULL,39442.00,38992.00,266.01,266.01,'2025-12-24 16:49:20',5,'2025-12-24 16:49:20'),(540,8,'invoice',1800.00,'فاتورة مبيعات جديدة #364',364,NULL,NULL,NULL,NULL,38992.00,40792.00,266.01,266.01,'2025-12-24 17:15:50',5,'2025-12-24 17:15:50'),(541,8,'return',600.00,'0',364,NULL,55,NULL,NULL,40792.00,40192.00,266.01,266.01,'2025-12-24 17:18:14',5,'2025-12-24 17:18:14'),(542,8,'invoice',1216.00,'فاتورة مبيعات جديدة #365',365,NULL,NULL,NULL,NULL,40192.00,41408.00,266.01,266.01,'2025-12-24 17:27:40',5,'2025-12-24 17:27:40'),(543,8,'return',1216.00,'0',365,NULL,56,NULL,NULL,41408.00,40192.00,266.01,266.01,'2025-12-24 17:28:42',5,'2025-12-24 17:28:42'),(544,8,'invoice',4710.00,'فاتورة مبيعات جديدة #366',366,NULL,NULL,NULL,NULL,40192.00,44902.00,266.01,266.01,'2025-12-24 17:34:41',5,'2025-12-24 17:34:41'),(545,8,'return',1475.00,'0',366,NULL,57,NULL,NULL,44902.00,43427.00,266.01,266.01,'2025-12-24 17:35:15',5,'2025-12-24 17:35:15'),(546,8,'return',3235.00,'0',366,NULL,58,NULL,NULL,43427.00,40192.00,266.01,266.01,'2025-12-25 05:31:55',5,'2025-12-25 05:31:55'),(547,11,'invoice',900.00,'فاتورة مبيعات جديدة #367 (الشغلانة: \"اختبار مرتجع\" رقم #36)',367,NULL,NULL,NULL,36,2260.00,3160.00,4172.50,4172.50,'2025-12-25 06:59:16',5,'2025-12-25 06:59:16'),(548,11,'return',360.00,'0',367,NULL,59,NULL,NULL,3160.00,2800.00,4172.50,4172.50,'2025-12-25 07:20:51',5,'2025-12-25 07:20:51'),(549,11,'return',180.00,'0',367,NULL,60,NULL,NULL,2800.00,2620.00,4172.50,4172.50,'2025-12-25 07:23:18',5,'2025-12-25 07:23:18'),(550,11,'return',360.00,'0',367,NULL,63,NULL,NULL,2620.00,2260.00,4172.50,4172.50,'2025-12-25 07:56:21',5,'2025-12-25 07:56:21'),(551,11,'invoice',900.00,'فاتورة مبيعات جديدة #368 (الشغلانة: \"اختبار مرتجع\" رقم #36)',368,NULL,NULL,NULL,36,2260.00,3160.00,4172.50,4172.50,'2025-12-25 08:03:08',5,'2025-12-25 08:03:08'),(552,11,'return',300.00,'0',368,NULL,64,NULL,NULL,3160.00,2860.00,4172.50,4172.50,'2025-12-25 08:06:50',5,'2025-12-25 08:06:50'),(553,11,'return',150.00,'0',368,NULL,65,NULL,NULL,2860.00,2710.00,4172.50,4172.50,'2025-12-25 08:16:30',5,'2025-12-25 08:16:30'),(554,11,'return',450.00,'0',368,NULL,67,NULL,NULL,2710.00,2260.00,4172.50,4172.50,'2025-12-25 08:26:47',5,'2025-12-25 08:26:47'),(555,11,'invoice',1800.00,'فاتورة مبيعات جديدة #369 (الشغلانة: \"اختبار مرتجع\" رقم #36)',369,NULL,NULL,NULL,36,2260.00,4060.00,4172.50,4172.50,'2025-12-25 08:28:38',5,'2025-12-25 08:28:38'),(556,11,'return',750.00,'0',369,NULL,68,NULL,NULL,4060.00,3310.00,4172.50,4172.50,'2025-12-25 08:35:47',5,'2025-12-25 08:35:47'),(557,11,'return',150.00,'0',369,NULL,69,NULL,NULL,3310.00,3160.00,4172.50,4172.50,'2025-12-25 08:36:50',5,'2025-12-25 08:36:50'),(558,11,'return',150.00,'1',369,NULL,70,NULL,NULL,3160.00,3010.00,4172.50,4172.50,'2025-12-25 08:39:12',5,'2025-12-25 08:39:12'),(559,11,'return',150.00,'1',369,NULL,71,NULL,NULL,3010.00,2860.00,4172.50,4172.50,'2025-12-25 08:41:46',5,'2025-12-25 08:41:46'),(560,11,'return',150.00,'0',369,NULL,72,NULL,NULL,2860.00,2710.00,4172.50,4172.50,'2025-12-25 08:44:36',5,'2025-12-25 08:44:36'),(561,11,'return',150.00,'0',369,NULL,73,NULL,NULL,2710.00,2560.00,4172.50,4172.50,'2025-12-25 08:57:03',5,'2025-12-25 08:57:03'),(562,11,'payment',-300.00,'سداد فاتورة #369 تابعة لشغلانة #36 (اختبار مرتجع) - 300.00 ج.م (نقدي)',369,284,NULL,NULL,36,2560.00,2260.00,4172.50,4172.50,'2025-12-25 09:00:55',5,'2025-12-25 09:00:55'),(563,11,'return',150.00,'0',369,NULL,74,NULL,NULL,2260.00,2110.00,4172.50,4172.50,'2025-12-25 09:01:29',5,'2025-12-25 09:01:29'),(564,11,'return',150.00,'0',369,NULL,75,NULL,NULL,2260.00,2110.00,4172.50,4172.50,'2025-12-25 11:56:56',5,'2025-12-25 11:56:56'),(565,11,'return',1490.00,'0',349,NULL,76,NULL,NULL,2260.00,770.00,4322.50,4322.50,'2025-12-25 14:48:39',5,'2025-12-25 14:48:39'),(566,8,'payment',-10.00,'سداد فاتورة #364 - 10.00 ج.م (نقدي)',364,285,NULL,NULL,NULL,40192.00,40182.00,266.01,266.01,'2025-12-25 14:49:58',5,'2025-12-25 14:49:58'),(567,8,'return',1200.00,'0',364,NULL,77,NULL,NULL,40182.00,38982.00,266.01,266.01,'2025-12-25 14:51:21',5,'2025-12-25 14:51:21'),(568,8,'payment',-150.00,'سداد فاتورة #340 - 150.00 ج.م (نقدي)',340,286,NULL,NULL,NULL,38992.00,38842.00,276.01,276.01,'2025-12-25 14:54:10',5,'2025-12-25 14:54:10'),(569,8,'return',150.00,'0',340,NULL,78,NULL,NULL,38842.00,38692.00,276.01,276.01,'2025-12-25 14:54:34',5,'2025-12-25 14:54:34'),(570,8,'payment',-50.00,'سداد فاتورة #350 - 50.00 ج.م (نقدي)',350,287,NULL,NULL,NULL,38842.00,38792.00,426.01,426.01,'2025-12-25 14:57:52',5,'2025-12-25 14:57:52'),(571,8,'payment',-10.00,'سداد فاتورة #348 - 10.00 ج.م (نقدي)',348,288,NULL,NULL,NULL,38792.00,38782.00,426.01,426.01,'2025-12-25 22:00:54',5,'2025-12-25 22:00:54'),(572,8,'return',360.00,'0',350,NULL,79,NULL,NULL,38782.00,38422.00,426.01,426.01,'2025-12-25 22:01:56',5,'2025-12-25 22:01:56'),(573,8,'return',120.00,'0',350,NULL,80,NULL,NULL,38472.00,38352.00,476.01,476.01,'2025-12-25 22:04:38',5,'2025-12-25 22:04:38'),(574,8,'invoice',150.00,'فاتورة مبيعات جديدة #370',370,NULL,NULL,NULL,NULL,38352.00,38502.00,476.01,476.01,'2025-12-25 22:35:02',5,'2025-12-25 22:35:02'),(575,8,'payment',-10.00,'سداد فاتورة #370 - 10.00 ج.م (نقدي)',370,289,NULL,NULL,NULL,38502.00,38492.00,476.01,476.01,'2025-12-27 06:49:42',5,'2025-12-27 06:49:42'),(576,8,'payment',-140.00,'سداد فاتورة #370 - 140.00 ج.م (نقدي)',370,290,NULL,NULL,NULL,38492.00,38352.00,476.01,476.01,'2025-12-27 07:16:01',5,'2025-12-27 07:16:01'),(577,8,'return',-150.00,'0',370,NULL,91,NULL,NULL,38352.00,38202.00,476.01,476.01,'2025-12-27 10:06:21',5,'2025-12-27 10:06:21'),(578,8,'return',-15.00,'0',348,NULL,93,NULL,NULL,38352.00,38337.00,476.01,476.01,'2025-12-27 10:11:56',5,'2025-12-27 10:11:56'),(579,11,'invoice',885.00,'فاتورة مبيعات جديدة #371',371,NULL,NULL,NULL,NULL,770.00,1655.00,4322.50,4322.50,'2025-12-27 11:23:01',5,'2025-12-27 11:23:01'),(580,11,'invoice',450.00,'فاتورة مبيعات جديدة #372 (الشغلانة: \"اختبار مرتجع\" رقم #36)',372,NULL,NULL,NULL,36,1655.00,2105.00,4322.50,4322.50,'2025-12-27 11:23:26',5,'2025-12-27 11:23:26'),(581,11,'payment',-10.00,'سداد فاتورة #372: 10.00 ج.م نقدي (شغلانة رقم 36 باسم اختبار مرتجع)',372,NULL,NULL,NULL,36,2105.00,2095.00,4322.50,4322.50,'2025-12-27 11:23:26',5,'2025-12-27 11:23:26'),(582,8,'invoice',420.00,'فاتورة مبيعات جديدة #373',373,NULL,NULL,NULL,NULL,38337.00,38757.00,476.01,476.01,'2025-12-27 11:24:03',5,'2025-12-27 11:24:03'),(583,11,'invoice',675.00,'فاتورة مبيعات جديدة #374 (الشغلانة: \"اختبار مرتجع\" رقم #36)',374,NULL,NULL,NULL,36,2095.00,2770.00,4322.50,4322.50,'2025-12-27 11:24:42',5,'2025-12-27 11:24:42'),(584,11,'payment',-675.00,'سداد فاتورة #374: 675.00 ج.م نقدي (شغلانة رقم 36 باسم اختبار مرتجع)',374,NULL,NULL,NULL,36,2770.00,2095.00,4322.50,4322.50,'2025-12-27 11:24:42',5,'2025-12-27 11:24:42'),(585,11,'return',-135.00,'0',374,NULL,94,NULL,NULL,2095.00,1960.00,4322.50,4457.50,'2025-12-27 11:25:21',5,'2025-12-27 11:25:21'),(586,11,'return',-297.00,'0',371,NULL,95,NULL,NULL,2095.00,1798.00,4457.50,4457.50,'2025-12-27 11:26:37',5,'2025-12-27 11:26:37'),(587,11,'invoice',3074.00,'فاتورة مبيعات جديدة #375 (الشغلانة: \"بسم الله نبدء\" رقم #37)',375,NULL,NULL,NULL,37,1798.00,4872.00,4457.50,4457.50,'2025-12-27 15:41:07',5,'2025-12-27 15:41:07'),(588,11,'invoice',325.00,'فاتورة مبيعات جديدة #376',376,NULL,NULL,NULL,NULL,4872.00,5197.00,4457.50,4457.50,'2025-12-27 15:41:30',5,'2025-12-27 15:41:30'),(589,11,'return',-150.00,'0',376,NULL,96,NULL,NULL,5197.00,5047.00,4457.50,4457.50,'2025-12-27 15:44:22',5,'2025-12-27 15:44:22'),(590,11,'return',-60.00,'0',375,NULL,97,NULL,NULL,5047.00,4987.00,4457.50,4457.50,'2025-12-27 15:51:04',5,'2025-12-27 15:51:04'),(591,11,'return',-60.00,'0',375,NULL,98,NULL,NULL,4987.00,4927.00,4457.50,4457.50,'2025-12-27 15:59:39',5,'2025-12-27 15:59:39'),(592,11,'return',-1477.00,'مرتجع فاتورة رقم 375  - شغلانة رقم: 37 باسم: بسم الله نبدء - تفاصيل الاسترداد: تم التعديل على الرصيد - خصم من المتبقي: 1477 جنيه - خصم من المتبقي: 1477 جنيه - إجمالي المرتجع: 1477 جنيه',375,NULL,101,NULL,NULL,4927.00,3450.00,4457.50,4457.50,'2025-12-27 16:31:02',5,'2025-12-27 16:31:02'),(593,11,'payment',-10.00,'سداد فاتورة #375 تابعة لشغلانة #37 (بسم الله نبدء) - 10.00 ج.م (نقدي)',375,298,NULL,NULL,37,3450.00,3440.00,4457.50,4457.50,'2025-12-27 16:32:45',5,'2025-12-27 16:32:45'),(594,11,'return',-1477.00,'مرتجع فاتورة رقم 375  - شغلانة رقم: 37 باسم: بسم الله نبدء - تفاصيل الاسترداد: تم الإضافة للمحفظة بمبلغ 10 جنيه (قبل: 4457.50، بعد: 4467.5) - خصم من المتبقي: 1467 جنيه - استرداد مباشر: 10 جنيه - إجمالي المرتجع: 1477 جنيه',375,NULL,102,NULL,NULL,3440.00,1963.00,4457.50,4467.50,'2025-12-27 16:42:38',5,'2025-12-27 16:42:38'),(595,11,'invoice',600.00,'فاتورة مبيعات جديدة #377 (الشغلانة: \"بسم الله نبدء\" رقم #37)',377,NULL,NULL,NULL,37,1973.00,2573.00,4467.50,4467.50,'2025-12-27 17:28:18',5,'2025-12-27 17:28:18'),(596,11,'return',-150.00,'مرتجع فاتورة رقم 377  - شغلانة رقم: 37 باسم: بسم الله نبدء - تفاصيل الاسترداد: تم التعديل على الرصيد - خصم من المتبقي: 150 جنيه - خصم من المتبقي: 150 جنيه - إجمالي المرتجع: 150 جنيه',377,NULL,103,NULL,NULL,2573.00,2423.00,4467.50,4467.50,'2025-12-27 17:28:44',5,'2025-12-27 17:28:44'),(597,11,'payment',-300.00,'سداد فاتورة #377 تابعة لشغلانة #37 (بسم الله نبدء) - 300.00 ج.م (نقدي)',377,299,NULL,NULL,37,2423.00,2123.00,4467.50,4467.50,'2025-12-27 17:29:06',5,'2025-12-27 17:29:06'),(598,11,'return',-300.00,'مرتجع فاتورة رقم 377  - شغلانة رقم: 37 باسم: بسم الله نبدء - تفاصيل الاسترداد: تم الرد نقدي بمبلغ 150 جنيه - خصم من المتبقي: 150 جنيه - استرداد مباشر: 150 جنيه - إجمالي المرتجع: 300 جنيه',377,NULL,104,NULL,NULL,2123.00,1823.00,4467.50,4467.50,'2025-12-27 17:31:59',5,'2025-12-27 17:31:59'),(599,11,'return',-150.00,'مرتجع فاتورة رقم 377  - شغلانة رقم: 37 باسم: بسم الله نبدء - تفاصيل الاسترداد: تم الرد نقدي بمبلغ 150 جنيه - إجمالي المرتجع: 150 جنيه',377,NULL,107,NULL,NULL,1973.00,1823.00,4467.50,4467.50,'2025-12-27 17:40:17',5,'2025-12-27 17:40:17'),(600,11,'invoice',600.00,'فاتورة مبيعات جديدة #378 (الشغلانة: \"بسم الله نبدء\" رقم #37)',378,NULL,NULL,NULL,37,1973.00,2573.00,4467.50,4467.50,'2025-12-27 17:41:19',5,'2025-12-27 17:41:19'),(601,11,'payment',-300.00,'سداد فاتورة #378 تابعة لشغلانة #37 (بسم الله نبدء) - 300.00 ج.م (نقدي)',378,304,NULL,NULL,37,2573.00,2273.00,4467.50,4467.50,'2025-12-27 17:41:45',5,'2025-12-27 17:41:45'),(602,11,'return',-450.00,'مرتجع فاتورة رقم 378  - شغلانة رقم: 37 باسم: بسم الله نبدء - تفاصيل الاسترداد: تم الإضافة للمحفظة بمبلغ 150 جنيه (قبل: 4467.50، بعد: 4617.5) - خصم من المتبقي: 300 جنيه - إجمالي المرتجع: 450 جنيه',378,NULL,110,NULL,NULL,2273.00,1823.00,4467.50,4617.50,'2025-12-27 17:49:05',5,'2025-12-27 17:49:05'),(603,11,'return',-150.00,'مرتجع   فاتورة رقم 378  - شغلانة رقم: 37 باسم: بسم الله نبدء - تفاصيل الاسترداد: تم الإضافة للمحفظة بمبلغ 150 جنيه (قبل: 4617.50، بعد: 4767.5). رقم فاتورة المرتجع: 111 - إجمالي المرتجع: 150 جنيه',378,NULL,111,NULL,NULL,1973.00,1823.00,4617.50,4767.50,'2025-12-27 18:14:36',5,'2025-12-27 18:14:36'),(604,11,'payment',-175.00,'سداد فاتورة #376 - 175.00 ج.م (نقدي)',376,309,NULL,NULL,NULL,1973.00,1798.00,4767.50,4767.50,'2025-12-27 18:17:32',5,'2025-12-27 18:17:32'),(605,11,'return',-175.00,'مرتجع   فاتورة رقم 376  - تفاصيل الاسترداد: تم الرد نقدي بمبلغ 175 جنيه. رقم فاتورة المرتجع: 112 - إجمالي المرتجع: 175 جنيه',376,NULL,112,NULL,NULL,1798.00,1623.00,4767.50,4767.50,'2025-12-27 18:17:55',5,'2025-12-27 18:17:55'),(606,11,'invoice',450.00,'فاتورة مبيعات جديدة #379 (الشغلانة: \"بسم الله نبدء\" رقم #37)',379,NULL,NULL,NULL,37,1798.00,2248.00,4767.50,4767.50,'2025-12-27 19:55:28',5,'2025-12-27 19:55:28'),(607,11,'return',-150.00,'مرتجع   فاتورة رقم 379  - شغلانة رقم: 37 باسم: بسم الله نبدء - تفاصيل الاسترداد: تم التعديل على الرصيد - خصم من المتبقي: 150 جنيه - خصم من المتبقي: 150 جنيه. رقم فاتورة المرتجع: 113 - إجمالي المرتجع: 150 جنيه',379,NULL,113,NULL,NULL,2248.00,2098.00,4767.50,4767.50,'2025-12-27 19:56:15',5,'2025-12-27 19:56:15'),(608,11,'return',-150.00,'مرتجع   فاتورة رقم 379  - شغلانة رقم: 37 باسم: بسم الله نبدء - تفاصيل الاسترداد: تم التعديل على الرصيد - خصم من المتبقي: 150 جنيه - خصم من المتبقي: 150 جنيه. رقم فاتورة المرتجع: 114 - إجمالي المرتجع: 150 جنيه',379,NULL,114,NULL,NULL,2098.00,1948.00,4767.50,4767.50,'2025-12-27 20:01:19',5,'2025-12-27 20:01:19'),(609,11,'return',-60.00,'مرتجع   فاتورة رقم 379  - شغلانة رقم: 37 باسم: بسم الله نبدء - تفاصيل الاسترداد: تم التعديل على الرصيد - خصم من المتبقي: 60 جنيه - خصم من المتبقي: 60 جنيه. رقم فاتورة المرتجع: 115 - إجمالي المرتجع: 60 جنيه',379,NULL,115,NULL,NULL,1948.00,1888.00,4767.50,4767.50,'2025-12-27 20:01:56',5,'2025-12-27 20:01:56'),(610,11,'return',-90.00,'مرتجع   فاتورة رقم 379  - شغلانة رقم: 37 باسم: بسم الله نبدء - تفاصيل الاسترداد: تم التعديل على الرصيد - خصم من المتبقي: 90 جنيه - خصم من المتبقي: 90 جنيه. رقم فاتورة المرتجع: 116 - إجمالي المرتجع: 90 جنيه',379,NULL,116,NULL,NULL,1888.00,1798.00,4767.50,4767.50,'2025-12-27 20:03:37',5,'2025-12-27 20:03:37'),(611,11,'return',-135.00,'مرتجع   فاتورة رقم 374  - شغلانة رقم: 36 باسم: اختبار مرتجع - تفاصيل الاسترداد: تم الإضافة للمحفظة بمبلغ 135 جنيه (قبل: 4767.50، بعد: 4902.5). رقم فاتورة المرتجع: 117 - إجمالي المرتجع: 135 جنيه',374,NULL,117,NULL,NULL,1798.00,1663.00,4767.50,4902.50,'2025-12-27 20:04:11',5,'2025-12-27 20:04:11'),(612,11,'return',-67.50,'مرتجع   فاتورة رقم 374  - شغلانة رقم: 36 باسم: اختبار مرتجع - تفاصيل الاسترداد: تم الإضافة للمحفظة بمبلغ 67.5 جنيه (قبل: 4902.50، بعد: 4970). رقم فاتورة المرتجع: 118 - إجمالي المرتجع: 67.5 جنيه',374,NULL,118,NULL,NULL,1798.00,1730.50,4902.50,4970.00,'2025-12-27 20:06:40',5,'2025-12-27 20:06:40'),(613,11,'invoice',620.00,'فاتورة مبيعات جديدة #380 (الشغلانة: \"بسم الله نبدء\" رقم #37)',380,NULL,NULL,NULL,37,1798.00,2418.00,4970.00,4970.00,'2025-12-27 20:12:54',5,'2025-12-27 20:12:54'),(614,11,'return',-20.00,'مرتجع   فاتورة رقم 380  - شغلانة رقم: 37 باسم: بسم الله نبدء - تفاصيل الاسترداد: تم التعديل على الرصيد - خصم من المتبقي: 20 جنيه - خصم من المتبقي: 20 جنيه. رقم فاتورة المرتجع: 119 - إجمالي المرتجع: 20 جنيه',380,NULL,119,NULL,NULL,2418.00,2398.00,4970.00,4970.00,'2025-12-27 20:13:30',5,'2025-12-27 20:13:30'),(615,11,'payment',-10.00,'سداد فاتورة #380 تابعة لشغلانة #37 (بسم الله نبدء) - 10.00 ج.م (نقدي)',380,313,NULL,NULL,37,2398.00,2388.00,4970.00,4970.00,'2025-12-27 20:17:16',5,'2025-12-27 20:17:16'),(616,11,'return',-150.00,'مرتجع   فاتورة رقم 380  - شغلانة رقم: 37 باسم: بسم الله نبدء - تفاصيل الاسترداد: تم التعديل على الرصيد - خصم من المتبقي: 150 جنيه - خصم من المتبقي: 150 جنيه. رقم فاتورة المرتجع: 120 - إجمالي المرتجع: 150 جنيه',380,NULL,120,NULL,NULL,2388.00,2238.00,4970.00,4970.00,'2025-12-27 20:17:56',5,'2025-12-27 20:17:56'),(617,11,'payment',-10.00,'سداد فاتورة #380 تابعة لشغلانة #37 (بسم الله نبدء) - 10.00 ج.م (نقدي)',380,314,NULL,NULL,37,2238.00,2228.00,4970.00,4970.00,'2025-12-27 20:19:50',5,'2025-12-27 20:19:50'),(618,11,'payment',-10.00,'سداد فاتورة #380 تابعة لشغلانة #37 (بسم الله نبدء) - 10.00 ج.م (نقدي)',380,315,NULL,NULL,37,2228.00,2218.00,4970.00,4970.00,'2025-12-27 21:34:21',5,'2025-12-27 21:34:21'),(619,11,'payment',-10.00,'سداد فاتورة #380 تابعة لشغلانة #37 (بسم الله نبدء) - 10.00 ج.م (نقدي)',380,316,NULL,NULL,37,2218.00,2208.00,4970.00,4970.00,'2025-12-27 21:34:43',5,'2025-12-27 21:34:43'),(620,11,'payment',-1200.00,'💳 سداد دفعة متعددة (فاتورة #380 تابعة لشغلانة #37 (بسم الله نبدء): 172.00 ج.م نقدي، فاتورة #372 تابعة لشغلانة #36 (اختبار مرتجع): 440.00 ج.م نقدي، فاتورة #371: 588.00 ج.م نقدي)',NULL,NULL,NULL,NULL,NULL,2208.00,1008.00,4970.00,4970.00,'2025-12-27 21:36:01',5,'2025-12-27 21:36:01'),(621,11,'payment',-320.00,'💳 سداد دفعة متعددة (فاتورة #331: 110.00 ج.م نقدي، فاتورة #330: 110.00 ج.م نقدي + 100.00 ج.م نقدي)',NULL,NULL,NULL,NULL,NULL,1008.00,688.00,4970.00,4970.00,'2025-12-27 21:36:52',5,'2025-12-27 21:36:52'),(622,11,'payment',-150.00,'سداد فاتورة #380 تابعة لشغلانة #37 (بسم الله نبدء): 100.00 ج.م نقدي + 50.00 ج.م نقدي',380,322,NULL,NULL,37,688.00,538.00,4970.00,4970.00,'2025-12-27 21:37:54',5,'2025-12-27 21:37:54'),(623,11,'payment',-88.00,'سداد فاتورة #380 تابعة لشغلانة #37 (بسم الله نبدء) - 88.00 ج.م (نقدي)',380,323,NULL,NULL,37,538.00,450.00,4970.00,4970.00,'2025-12-27 21:38:54',5,'2025-12-27 21:38:54');
/*!40000 ALTER TABLE `customer_transactions` ENABLE KEYS */;
UNLOCK TABLES;

--
-- Table structure for table `customer_transactions_backup`
--

DROP TABLE IF EXISTS `customer_transactions_backup`;
/*!40101 SET @saved_cs_client     = @@character_set_client */;
/*!40101 SET character_set_client = utf8 */;
CREATE TABLE `customer_transactions_backup` (
  `id` int(11) NOT NULL DEFAULT 0,
  `customer_id` int(11) NOT NULL,
  `transaction_type` enum('invoice','payment','return','deposit','withdraw','adjustment') CHARACTER SET utf8mb4 COLLATE utf8mb4_unicode_ci NOT NULL,
  `amount` decimal(12,2) NOT NULL COMMENT 'موجب للزيادة، سالب للنقصان',
  `description` varchar(255) CHARACTER SET utf8mb4 COLLATE utf8mb4_unicode_ci NOT NULL,
  `invoice_id` int(11) DEFAULT NULL,
  `payment_id` int(11) DEFAULT NULL,
  `return_id` int(11) DEFAULT NULL,
  `wallet_transaction_id` int(11) DEFAULT NULL,
  `work_order_id` int(11) DEFAULT NULL,
  `balance_before` decimal(12,2) DEFAULT 0.00,
  `balance_after` decimal(12,2) DEFAULT 0.00,
  `wallet_before` decimal(12,2) DEFAULT 0.00,
  `wallet_after` decimal(12,2) DEFAULT 0.00,
  `transaction_date` date NOT NULL,
  `created_by` int(11) NOT NULL,
  `created_at` timestamp NOT NULL DEFAULT current_timestamp()
) ENGINE=InnoDB DEFAULT CHARSET=utf8mb4 COLLATE=utf8mb4_general_ci;
/*!40101 SET character_set_client = @saved_cs_client */;

--
-- Dumping data for table `customer_transactions_backup`
--

LOCK TABLES `customer_transactions_backup` WRITE;
/*!40000 ALTER TABLE `customer_transactions_backup` DISABLE KEYS */;
INSERT INTO `customer_transactions_backup` VALUES (1,8,'invoice',100.00,'فاتورة رقم 8',8,NULL,NULL,NULL,NULL,0.00,100.00,0.00,0.00,'2025-10-11',5,'2025-12-07 06:30:20'),(2,8,'invoice',20.00,'فاتورة رقم 9',9,NULL,NULL,NULL,NULL,100.00,120.00,0.00,0.00,'2025-10-11',5,'2025-12-07 06:30:20'),(3,8,'invoice',520.00,'فاتورة رقم 78',78,NULL,NULL,NULL,NULL,120.00,640.00,0.00,0.00,'2025-10-12',5,'2025-12-07 06:30:20'),(4,8,'invoice',1000.00,'فاتورة رقم 95',95,NULL,NULL,NULL,NULL,640.00,1640.00,0.00,0.00,'2025-10-13',5,'2025-12-07 06:30:20'),(5,8,'invoice',20.00,'فاتورة رقم 102',102,NULL,NULL,NULL,NULL,1640.00,1660.00,0.00,0.00,'2025-10-23',5,'2025-12-07 06:30:20'),(6,8,'invoice',20.00,'فاتورة رقم 104',104,NULL,NULL,NULL,NULL,1660.00,1680.00,0.00,0.00,'2025-10-23',5,'2025-12-07 06:30:20'),(7,8,'invoice',200.00,'فاتورة رقم 107',107,NULL,NULL,NULL,NULL,1680.00,1880.00,0.00,0.00,'2025-10-24',5,'2025-12-07 06:30:20'),(8,8,'invoice',400.00,'فاتورة رقم 111',111,NULL,NULL,NULL,NULL,1880.00,2280.00,0.00,0.00,'2025-10-25',5,'2025-12-07 06:30:20'),(9,8,'invoice',80.00,'فاتورة رقم 121',121,NULL,NULL,NULL,NULL,2280.00,2360.00,0.00,0.00,'2025-10-26',5,'2025-12-07 06:30:20'),(10,8,'invoice',1100.00,'فاتورة رقم 122',122,NULL,NULL,NULL,NULL,2360.00,3460.00,0.00,0.00,'2025-10-26',5,'2025-12-07 06:30:20'),(11,8,'invoice',20.00,'فاتورة رقم 129',129,NULL,NULL,NULL,NULL,3460.00,3480.00,0.00,0.00,'2025-11-05',5,'2025-12-07 06:30:20'),(12,8,'invoice',20.00,'فاتورة رقم 130',130,NULL,NULL,NULL,NULL,3480.00,3500.00,0.00,0.00,'2025-11-05',5,'2025-12-07 06:30:20'),(13,8,'invoice',20.00,'فاتورة رقم 131',131,NULL,NULL,NULL,NULL,3500.00,3520.00,0.00,0.00,'2025-11-05',5,'2025-12-07 06:30:20'),(14,8,'invoice',84.00,'فاتورة رقم 137',137,NULL,NULL,NULL,NULL,3520.00,3604.00,0.00,0.00,'2025-11-08',5,'2025-12-07 06:30:20'),(15,8,'invoice',1100.00,'فاتورة رقم 153',153,NULL,NULL,NULL,NULL,3604.00,4704.00,0.00,0.00,'2025-11-17',5,'2025-12-07 06:30:20'),(16,8,'invoice',96.00,'فاتورة رقم 154',154,NULL,NULL,NULL,NULL,4704.00,4800.00,0.00,0.00,'2025-11-17',5,'2025-12-07 06:30:20'),(17,8,'invoice',17.00,'فاتورة رقم 155',155,NULL,NULL,NULL,NULL,4800.00,4817.00,0.00,0.00,'2025-11-17',5,'2025-12-07 06:30:20'),(18,8,'invoice',20.00,'فاتورة رقم 156',156,NULL,NULL,NULL,NULL,4817.00,4837.00,0.00,0.00,'2025-11-17',5,'2025-12-07 06:30:20'),(19,8,'invoice',960.00,'فاتورة رقم 157',157,NULL,NULL,NULL,NULL,4837.00,5797.00,0.00,0.00,'2025-11-17',5,'2025-12-07 06:30:20'),(20,8,'invoice',16.00,'فاتورة رقم 158',158,NULL,NULL,NULL,NULL,5797.00,5813.00,0.00,0.00,'2025-11-17',5,'2025-12-07 06:30:20'),(21,8,'invoice',50.00,'فاتورة رقم 159',159,NULL,NULL,NULL,NULL,5813.00,5863.00,0.00,0.00,'2025-11-17',5,'2025-12-07 06:30:20'),(22,8,'invoice',1200.00,'فاتورة رقم 160',160,NULL,NULL,NULL,NULL,5863.00,7063.00,0.00,0.00,'2025-11-17',5,'2025-12-07 06:30:20'),(23,8,'payment',20.00,'دفعة على فاتورة رقم 9',9,2,NULL,NULL,NULL,7063.00,7043.00,0.00,0.00,'2025-11-17',5,'2025-12-07 06:30:20'),(24,8,'payment',0.00,'دفعة على فاتورة رقم 43',43,4,NULL,NULL,NULL,7043.00,7043.00,0.00,0.00,'2025-11-17',5,'2025-12-07 06:30:20'),(25,8,'payment',0.00,'دفعة على فاتورة رقم 44',44,5,NULL,NULL,NULL,7043.00,7043.00,0.00,0.00,'2025-11-17',5,'2025-12-07 06:30:20'),(26,8,'payment',0.00,'دفعة على فاتورة رقم 45',45,6,NULL,NULL,NULL,7043.00,7043.00,0.00,0.00,'2025-11-17',5,'2025-12-07 06:30:20'),(27,8,'payment',0.00,'دفعة على فاتورة رقم 47',47,7,NULL,NULL,NULL,7043.00,7043.00,0.00,0.00,'2025-11-17',5,'2025-12-07 06:30:20'),(28,8,'payment',0.00,'دفعة على فاتورة رقم 48',48,8,NULL,NULL,NULL,7043.00,7043.00,0.00,0.00,'2025-11-17',5,'2025-12-07 06:30:20'),(29,8,'payment',0.00,'دفعة على فاتورة رقم 50',50,9,NULL,NULL,NULL,7043.00,7043.00,0.00,0.00,'2025-11-17',5,'2025-12-07 06:30:20'),(30,8,'payment',0.00,'دفعة على فاتورة رقم 51',51,10,NULL,NULL,NULL,7043.00,7043.00,0.00,0.00,'2025-11-17',5,'2025-12-07 06:30:20'),(31,8,'payment',0.00,'دفعة على فاتورة رقم 90',90,11,NULL,NULL,NULL,7043.00,7043.00,0.00,0.00,'2025-11-17',5,'2025-12-07 06:30:20'),(32,8,'payment',84.00,'دفعة على فاتورة رقم 137',137,14,NULL,NULL,NULL,7043.00,6959.00,0.00,0.00,'2025-11-17',5,'2025-12-07 06:30:20'),(33,8,'payment',96.00,'دفعة على فاتورة رقم 154',154,18,NULL,NULL,NULL,6959.00,6863.00,0.00,0.00,'2025-11-17',5,'2025-12-07 06:30:20'),(34,8,'payment',960.00,'دفعة على فاتورة رقم 157',157,19,NULL,NULL,NULL,6863.00,5903.00,0.00,0.00,'2025-11-17',5,'2025-12-07 06:30:20'),(35,8,'payment',16.00,'دفعة على فاتورة رقم 158',158,20,NULL,NULL,NULL,5903.00,5887.00,0.00,0.00,'2025-11-17',5,'2025-12-07 06:30:20'),(36,8,'payment',50.00,'دفعة على فاتورة رقم 159',159,21,NULL,NULL,NULL,5887.00,5837.00,0.00,0.00,'2025-11-17',5,'2025-12-07 06:30:20'),(37,8,'invoice',1200.00,'فاتورة رقم 161',161,NULL,NULL,NULL,NULL,5837.00,7037.00,0.00,0.00,'2025-11-17',5,'2025-12-07 06:30:20'),(38,8,'invoice',20.00,'فاتورة رقم 164',164,NULL,NULL,NULL,NULL,7037.00,7057.00,0.00,0.00,'2025-11-18',5,'2025-12-07 06:30:20'),(39,8,'invoice',1100.00,'فاتورة رقم 165',165,NULL,NULL,NULL,NULL,7057.00,8157.00,0.00,0.00,'2025-11-18',5,'2025-12-07 06:30:20'),(40,8,'payment',1100.00,'دفعة على فاتورة رقم 165',165,22,NULL,NULL,NULL,8157.00,7057.00,0.00,0.00,'2025-11-18',5,'2025-12-07 06:30:20'),(41,8,'invoice',960.00,'فاتورة رقم 166',166,NULL,NULL,NULL,NULL,7057.00,8017.00,0.00,0.00,'2025-11-18',5,'2025-12-07 06:30:20'),(42,8,'payment',960.00,'دفعة على فاتورة رقم 166',166,23,NULL,NULL,NULL,8017.00,7057.00,0.00,0.00,'2025-11-18',5,'2025-12-07 06:30:20'),(43,8,'invoice',2400.00,'فاتورة رقم 167',167,NULL,NULL,NULL,NULL,7057.00,9457.00,0.00,0.00,'2025-11-18',5,'2025-12-07 06:30:20'),(44,8,'invoice',6000.00,'فاتورة رقم 168',168,NULL,NULL,NULL,NULL,9457.00,15457.00,0.00,0.00,'2025-11-18',5,'2025-12-07 06:30:20'),(45,8,'invoice',59.50,'فاتورة رقم 169',169,NULL,NULL,NULL,NULL,15457.00,15516.50,0.00,0.00,'2025-11-18',5,'2025-12-07 06:30:20'),(46,8,'payment',59.50,'دفعة على فاتورة رقم 169',169,24,NULL,NULL,NULL,15516.50,15457.00,0.00,0.00,'2025-11-18',5,'2025-12-07 06:30:20'),(47,8,'invoice',5500.00,'فاتورة رقم 170',170,NULL,NULL,NULL,NULL,15457.00,20957.00,0.00,0.00,'2025-11-18',5,'2025-12-07 06:30:20'),(48,8,'payment',1000.00,'دفعة على فاتورة رقم 170',170,25,NULL,NULL,NULL,20957.00,19957.00,0.00,0.00,'2025-11-18',5,'2025-12-07 06:30:20'),(49,8,'invoice',880.00,'فاتورة رقم 171',171,NULL,NULL,NULL,NULL,19957.00,20837.00,0.00,0.00,'2025-11-18',5,'2025-12-07 06:30:20'),(50,8,'payment',100.00,'دفعة على فاتورة رقم 171',171,26,NULL,NULL,NULL,20837.00,20737.00,0.00,0.00,'2025-11-18',5,'2025-12-07 06:30:20'),(51,8,'payment',10.00,'دفعة على فاتورة رقم 171',171,27,NULL,NULL,NULL,20737.00,20727.00,0.00,0.00,'2025-11-18',5,'2025-12-07 06:30:20'),(52,8,'invoice',130.00,'فاتورة رقم 172',172,NULL,NULL,NULL,NULL,20727.00,20857.00,0.00,0.00,'2025-11-18',5,'2025-12-07 06:30:20'),(53,8,'invoice',880.00,'فاتورة رقم 173',173,NULL,NULL,NULL,NULL,20857.00,21737.00,0.00,0.00,'2025-11-18',5,'2025-12-07 06:30:20'),(54,8,'payment',100.00,'دفعة على فاتورة رقم 173',173,28,NULL,NULL,NULL,21737.00,21637.00,0.00,0.00,'2025-11-18',5,'2025-12-07 06:30:20'),(55,8,'payment',200.00,'دفعة على فاتورة رقم 173',173,29,NULL,NULL,NULL,21637.00,21437.00,0.00,0.00,'2025-11-18',5,'2025-12-07 06:30:20'),(56,8,'invoice',320.00,'فاتورة رقم 174',174,NULL,NULL,NULL,NULL,21437.00,21757.00,0.00,0.00,'2025-11-18',5,'2025-12-07 06:30:20'),(57,8,'payment',100.00,'دفعة على فاتورة رقم 174',174,30,NULL,NULL,NULL,21757.00,21657.00,0.00,0.00,'2025-11-18',5,'2025-12-07 06:30:20'),(58,8,'invoice',14.00,'فاتورة رقم 175',175,NULL,NULL,NULL,NULL,21657.00,21671.00,0.00,0.00,'2025-11-18',5,'2025-12-07 06:30:20'),(59,8,'invoice',14.00,'فاتورة رقم 176',176,NULL,NULL,NULL,NULL,21671.00,21685.00,0.00,0.00,'2025-11-18',5,'2025-12-07 06:30:20'),(60,8,'payment',5.00,'دفعة على فاتورة رقم 176',176,31,NULL,NULL,NULL,21685.00,21680.00,0.00,0.00,'2025-11-18',5,'2025-12-07 06:30:20'),(61,8,'payment',2.00,'دفعة على فاتورة رقم 176',176,32,NULL,NULL,NULL,21680.00,21678.00,0.00,0.00,'2025-11-18',5,'2025-12-07 06:30:20'),(62,8,'invoice',2200.00,'فاتورة رقم 177',177,NULL,NULL,NULL,NULL,21678.00,23878.00,0.00,0.00,'2025-11-18',5,'2025-12-07 06:30:20'),(63,8,'payment',100.00,'دفعة على فاتورة رقم 177',177,33,NULL,NULL,NULL,23878.00,23778.00,0.00,0.00,'2025-11-18',5,'2025-12-07 06:30:20'),(64,8,'payment',10.00,'دفعة على فاتورة رقم 177',177,34,NULL,NULL,NULL,23778.00,23768.00,0.00,0.00,'2025-11-18',5,'2025-12-07 06:30:20'),(65,8,'invoice',20.00,'فاتورة رقم 178',178,NULL,NULL,NULL,NULL,23768.00,23788.00,0.00,0.00,'2025-11-18',5,'2025-12-07 06:30:20'),(66,8,'invoice',17.00,'فاتورة رقم 179',179,NULL,NULL,NULL,NULL,23788.00,23805.00,0.00,0.00,'2025-11-18',5,'2025-12-07 06:30:20'),(67,8,'payment',12.00,'دفعة على فاتورة رقم 179',179,35,NULL,NULL,NULL,23805.00,23793.00,0.00,0.00,'2025-11-18',5,'2025-12-07 06:30:20'),(68,8,'invoice',935.00,'فاتورة رقم 180',180,NULL,NULL,NULL,NULL,23793.00,24728.00,0.00,0.00,'2025-11-18',5,'2025-12-07 06:30:20'),(69,8,'payment',935.00,'دفعة على فاتورة رقم 180',180,36,NULL,NULL,NULL,24728.00,23793.00,0.00,0.00,'2025-11-18',5,'2025-12-07 06:30:20'),(70,8,'invoice',20.00,'فاتورة رقم 181',181,NULL,NULL,NULL,NULL,23793.00,23813.00,0.00,0.00,'2025-11-18',5,'2025-12-07 06:30:20'),(71,8,'payment',20.00,'دفعة على فاتورة رقم 181',181,37,NULL,NULL,NULL,23813.00,23793.00,0.00,0.00,'2025-11-18',5,'2025-12-07 06:30:20'),(72,8,'invoice',960.00,'فاتورة رقم 182',182,NULL,NULL,NULL,NULL,23793.00,24753.00,0.00,0.00,'2025-11-18',5,'2025-12-07 06:30:20'),(73,8,'invoice',960.00,'فاتورة رقم 183',183,NULL,NULL,NULL,NULL,24753.00,25713.00,0.00,0.00,'2025-11-18',5,'2025-12-07 06:30:20'),(74,8,'invoice',17.00,'فاتورة رقم 184',184,NULL,NULL,NULL,NULL,25713.00,25730.00,0.00,0.00,'2025-11-18',5,'2025-12-07 06:30:20'),(75,8,'invoice',935.00,'فاتورة رقم 185',185,NULL,NULL,NULL,NULL,25730.00,26665.00,0.00,0.00,'2025-11-18',5,'2025-12-07 06:30:20'),(76,8,'invoice',960.00,'فاتورة رقم 186',186,NULL,NULL,NULL,NULL,26665.00,27625.00,0.00,0.00,'2025-11-18',5,'2025-12-07 06:30:20'),(77,8,'payment',960.00,'دفعة على فاتورة رقم 186',186,38,NULL,NULL,NULL,27625.00,26665.00,0.00,0.00,'2025-11-18',5,'2025-12-07 06:30:20'),(78,8,'invoice',960.00,'فاتورة رقم 187',187,NULL,NULL,NULL,NULL,26665.00,27625.00,0.00,0.00,'2025-11-18',5,'2025-12-07 06:30:20'),(79,8,'invoice',1000.00,'فاتورة رقم 188',188,NULL,NULL,NULL,NULL,27625.00,28625.00,0.00,0.00,'2025-11-18',5,'2025-12-07 06:30:20'),(80,8,'invoice',1080.00,'فاتورة رقم 189',189,NULL,NULL,NULL,NULL,28625.00,29705.00,0.00,0.00,'2025-11-18',5,'2025-12-07 06:30:20'),(81,8,'invoice',1100.00,'فاتورة رقم 190',190,NULL,NULL,NULL,NULL,29705.00,30805.00,0.00,0.00,'2025-11-18',5,'2025-12-07 06:30:20'),(82,8,'payment',100.00,'دفعة على فاتورة رقم 190',190,39,NULL,NULL,NULL,30805.00,30705.00,0.00,0.00,'2025-11-18',5,'2025-12-07 06:30:20'),(83,8,'payment',10.00,'دفعة على فاتورة رقم 190',190,40,NULL,NULL,NULL,30705.00,30695.00,0.00,0.00,'2025-11-18',5,'2025-12-07 06:30:20'),(84,8,'payment',10.00,'دفعة على فاتورة رقم 190',190,41,NULL,NULL,NULL,30695.00,30685.00,0.00,0.00,'2025-11-18',5,'2025-12-07 06:30:20'),(85,8,'invoice',880.00,'فاتورة رقم 191',191,NULL,NULL,NULL,NULL,30685.00,31565.00,0.00,0.00,'2025-11-18',5,'2025-12-07 06:30:20'),(86,8,'payment',100.00,'دفعة على فاتورة رقم 191',191,42,NULL,NULL,NULL,31565.00,31465.00,0.00,0.00,'2025-11-18',5,'2025-12-07 06:30:20'),(87,8,'invoice',1100.00,'فاتورة رقم 192',192,NULL,NULL,NULL,NULL,31465.00,32565.00,0.00,0.00,'2025-11-18',5,'2025-12-07 06:30:20'),(88,8,'invoice',880.00,'فاتورة رقم 193',193,NULL,NULL,NULL,NULL,32565.00,33445.00,0.00,0.00,'2025-11-18',5,'2025-12-07 06:30:20'),(89,8,'invoice',1020.00,'فاتورة رقم 194',194,NULL,NULL,NULL,NULL,33445.00,34465.00,0.00,0.00,'2025-11-18',5,'2025-12-07 06:30:20'),(90,8,'invoice',960.00,'فاتورة رقم 195',195,NULL,NULL,NULL,NULL,34465.00,35425.00,0.00,0.00,'2025-11-18',5,'2025-12-07 06:30:20'),(91,8,'invoice',960.00,'فاتورة رقم 196',196,NULL,NULL,NULL,NULL,35425.00,36385.00,0.00,0.00,'2025-11-18',5,'2025-12-07 06:30:20'),(92,8,'invoice',1080.00,'فاتورة رقم 197',197,NULL,NULL,NULL,NULL,36385.00,37465.00,0.00,0.00,'2025-11-18',5,'2025-12-07 06:30:20'),(93,8,'invoice',17.00,'فاتورة رقم 198',198,NULL,NULL,NULL,NULL,37465.00,37482.00,0.00,0.00,'2025-11-18',5,'2025-12-07 06:30:20'),(94,8,'invoice',880.00,'فاتورة رقم 199',199,NULL,NULL,NULL,NULL,37482.00,38362.00,0.00,0.00,'2025-11-18',5,'2025-12-07 06:30:20'),(95,8,'invoice',880.00,'فاتورة رقم 200',200,NULL,NULL,NULL,NULL,38362.00,39242.00,0.00,0.00,'2025-11-18',5,'2025-12-07 06:30:20'),(96,8,'payment',880.00,'دفعة على فاتورة رقم 200',200,43,NULL,NULL,NULL,39242.00,38362.00,0.00,0.00,'2025-11-18',5,'2025-12-07 06:30:20'),(97,8,'invoice',1000.00,'فاتورة رقم 201',201,NULL,NULL,NULL,NULL,38362.00,39362.00,0.00,0.00,'2025-11-18',5,'2025-12-07 06:30:20'),(98,8,'payment',1000.00,'دفعة على فاتورة رقم 201',201,44,NULL,NULL,NULL,39362.00,38362.00,0.00,0.00,'2025-11-18',5,'2025-12-07 06:30:20'),(99,8,'invoice',40.00,'فاتورة رقم 202',202,NULL,NULL,NULL,NULL,38362.00,38402.00,0.00,0.00,'2025-11-18',5,'2025-12-07 06:30:20'),(100,8,'payment',40.00,'دفعة على فاتورة رقم 202',202,45,NULL,NULL,NULL,38402.00,38362.00,0.00,0.00,'2025-11-18',5,'2025-12-07 06:30:20'),(101,8,'invoice',1100.00,'فاتورة رقم 203',203,NULL,NULL,NULL,NULL,38362.00,39462.00,0.00,0.00,'2025-11-18',5,'2025-12-07 06:30:20'),(102,8,'payment',1100.00,'دفعة على فاتورة رقم 203',203,46,NULL,NULL,NULL,39462.00,38362.00,0.00,0.00,'2025-11-18',5,'2025-12-07 06:30:20'),(103,8,'invoice',1100.00,'فاتورة رقم 204',204,NULL,NULL,NULL,NULL,38362.00,39462.00,0.00,0.00,'2025-11-18',5,'2025-12-07 06:30:20'),(104,8,'payment',1100.00,'دفعة على فاتورة رقم 204',204,47,NULL,NULL,NULL,39462.00,38362.00,0.00,0.00,'2025-11-18',5,'2025-12-07 06:30:20'),(105,8,'invoice',20.00,'فاتورة رقم 205',205,NULL,NULL,NULL,NULL,38362.00,38382.00,0.00,0.00,'2025-11-18',5,'2025-12-07 06:30:20'),(106,8,'payment',20.00,'دفعة على فاتورة رقم 205',205,48,NULL,NULL,NULL,38382.00,38362.00,0.00,0.00,'2025-11-18',5,'2025-12-07 06:30:20'),(107,8,'invoice',1200.00,'فاتورة رقم 206',206,NULL,NULL,NULL,NULL,38362.00,39562.00,0.00,0.00,'2025-11-18',5,'2025-12-07 06:30:20'),(108,8,'payment',1200.00,'دفعة على فاتورة رقم 206',206,49,NULL,NULL,NULL,39562.00,38362.00,0.00,0.00,'2025-11-18',5,'2025-12-07 06:30:20'),(109,8,'invoice',1200.00,'فاتورة رقم 207',207,NULL,NULL,NULL,NULL,38362.00,39562.00,0.00,0.00,'2025-11-18',5,'2025-12-07 06:30:20'),(110,8,'payment',1200.00,'دفعة على فاتورة رقم 207',207,50,NULL,NULL,NULL,39562.00,38362.00,0.00,0.00,'2025-11-18',5,'2025-12-07 06:30:20'),(111,8,'invoice',960.00,'فاتورة رقم 208',208,NULL,NULL,NULL,NULL,38362.00,39322.00,0.00,0.00,'2025-11-18',5,'2025-12-07 06:30:20'),(112,8,'payment',960.00,'دفعة على فاتورة رقم 208',208,51,NULL,NULL,NULL,39322.00,38362.00,0.00,0.00,'2025-11-18',5,'2025-12-07 06:30:20'),(113,8,'invoice',880.00,'فاتورة رقم 209',209,NULL,NULL,NULL,NULL,38362.00,39242.00,0.00,0.00,'2025-11-18',5,'2025-12-07 06:30:20'),(114,8,'payment',880.00,'دفعة على فاتورة رقم 209',209,52,NULL,NULL,NULL,39242.00,38362.00,0.00,0.00,'2025-11-18',5,'2025-12-07 06:30:20'),(115,8,'invoice',960.00,'فاتورة رقم 210',210,NULL,NULL,NULL,NULL,38362.00,39322.00,0.00,0.00,'2025-11-18',5,'2025-12-07 06:30:20'),(116,8,'payment',960.00,'دفعة على فاتورة رقم 210',210,53,NULL,NULL,NULL,39322.00,38362.00,0.00,0.00,'2025-11-18',5,'2025-12-07 06:30:20'),(117,8,'invoice',960.00,'فاتورة رقم 211',211,NULL,NULL,NULL,NULL,38362.00,39322.00,0.00,0.00,'2025-11-18',5,'2025-12-07 06:30:20'),(118,8,'payment',960.00,'دفعة على فاتورة رقم 211',211,54,NULL,NULL,NULL,39322.00,38362.00,0.00,0.00,'2025-11-18',5,'2025-12-07 06:30:20'),(119,8,'invoice',960.00,'فاتورة رقم 212',212,NULL,NULL,NULL,NULL,38362.00,39322.00,0.00,0.00,'2025-11-18',5,'2025-12-07 06:30:20'),(120,8,'payment',960.00,'دفعة على فاتورة رقم 212',212,55,NULL,NULL,NULL,39322.00,38362.00,0.00,0.00,'2025-11-18',5,'2025-12-07 06:30:20'),(121,8,'invoice',880.00,'فاتورة رقم 213',213,NULL,NULL,NULL,NULL,38362.00,39242.00,0.00,0.00,'2025-11-18',5,'2025-12-07 06:30:20'),(122,8,'payment',880.00,'دفعة على فاتورة رقم 213',213,56,NULL,NULL,NULL,39242.00,38362.00,0.00,0.00,'2025-11-18',5,'2025-12-07 06:30:20'),(123,8,'invoice',880.00,'فاتورة رقم 214',214,NULL,NULL,NULL,NULL,38362.00,39242.00,0.00,0.00,'2025-11-18',5,'2025-12-07 06:30:20'),(124,8,'payment',880.00,'دفعة على فاتورة رقم 214',214,57,NULL,NULL,NULL,39242.00,38362.00,0.00,0.00,'2025-11-18',5,'2025-12-07 06:30:20'),(125,8,'invoice',1100.00,'فاتورة رقم 215',215,NULL,NULL,NULL,NULL,38362.00,39462.00,0.00,0.00,'2025-11-18',5,'2025-12-07 06:30:20'),(126,8,'payment',100.00,'دفعة على فاتورة رقم 215',215,58,NULL,NULL,NULL,39462.00,39362.00,0.00,0.00,'2025-11-18',5,'2025-12-07 06:30:20'),(127,8,'invoice',775.00,'فاتورة رقم 216',216,NULL,NULL,NULL,NULL,39362.00,40137.00,0.00,0.00,'2025-11-18',5,'2025-12-07 06:30:20'),(128,8,'payment',775.00,'دفعة على فاتورة رقم 216',216,59,NULL,NULL,NULL,40137.00,39362.00,0.00,0.00,'2025-11-18',5,'2025-12-07 06:30:20'),(129,8,'invoice',175.00,'فاتورة رقم 218',218,NULL,NULL,NULL,NULL,39362.00,39537.00,0.00,0.00,'2025-11-24',5,'2025-12-07 06:30:20'),(130,8,'payment',175.00,'دفعة على فاتورة رقم 218',218,60,NULL,NULL,NULL,39537.00,39362.00,0.00,0.00,'2025-11-24',5,'2025-12-07 06:30:20'),(131,8,'invoice',175.00,'فاتورة رقم 219',219,NULL,NULL,NULL,NULL,39362.00,39537.00,0.00,0.00,'2025-11-24',5,'2025-12-07 06:30:20'),(132,8,'payment',175.00,'دفعة على فاتورة رقم 219',219,61,NULL,NULL,NULL,39537.00,39362.00,0.00,0.00,'2025-11-24',5,'2025-12-07 06:30:20'),(133,8,'invoice',30.00,'فاتورة رقم 220',220,NULL,NULL,NULL,NULL,39362.00,39392.00,0.00,0.00,'2025-11-24',5,'2025-12-07 06:30:20'),(134,8,'payment',30.00,'دفعة على فاتورة رقم 220',220,62,NULL,NULL,NULL,39392.00,39362.00,0.00,0.00,'2025-11-24',5,'2025-12-07 06:30:20'),(135,8,'invoice',175.00,'فاتورة رقم 221',221,NULL,NULL,NULL,NULL,39362.00,39537.00,0.00,0.00,'2025-11-24',5,'2025-12-07 06:30:20'),(136,8,'payment',175.00,'دفعة على فاتورة رقم 221',221,63,NULL,NULL,NULL,39537.00,39362.00,0.00,0.00,'2025-11-24',5,'2025-12-07 06:30:20'),(137,8,'invoice',175.00,'فاتورة رقم 222',222,NULL,NULL,NULL,NULL,39362.00,39537.00,0.00,0.00,'2025-11-24',5,'2025-12-07 06:30:20'),(138,8,'payment',10.00,'دفعة على فاتورة رقم 222',222,64,NULL,NULL,NULL,39537.00,39527.00,0.00,0.00,'2025-11-24',5,'2025-12-07 06:30:20'),(139,8,'payment',20.00,'دفعة على فاتورة رقم 222',222,65,NULL,NULL,NULL,39527.00,39507.00,0.00,0.00,'2025-11-24',5,'2025-12-07 06:30:20'),(140,8,'payment',30.00,'دفعة على فاتورة رقم 222',222,66,NULL,NULL,NULL,39507.00,39477.00,0.00,0.00,'2025-11-24',5,'2025-12-07 06:30:20'),(141,8,'invoice',175.00,'فاتورة رقم 223',223,NULL,NULL,NULL,NULL,39477.00,39652.00,0.00,0.00,'2025-11-24',5,'2025-12-07 06:30:20'),(142,8,'payment',175.00,'دفعة على فاتورة رقم 223',223,67,NULL,NULL,NULL,39652.00,39477.00,0.00,0.00,'2025-11-24',5,'2025-12-07 06:30:20'),(143,8,'invoice',175.00,'فاتورة رقم 224',224,NULL,NULL,NULL,NULL,39477.00,39652.00,0.00,0.00,'2025-11-24',5,'2025-12-07 06:30:20'),(144,8,'payment',100.00,'دفعة على فاتورة رقم 224',224,68,NULL,NULL,NULL,39652.00,39552.00,0.00,0.00,'2025-11-24',5,'2025-12-07 06:30:20'),(145,8,'invoice',150.00,'فاتورة رقم 225',225,NULL,NULL,NULL,NULL,39552.00,39702.00,0.00,0.00,'2025-11-24',5,'2025-12-07 06:30:20'),(146,8,'payment',20.00,'دفعة على فاتورة رقم 225',225,69,NULL,NULL,NULL,39702.00,39682.00,0.00,0.00,'2025-11-24',5,'2025-12-07 06:30:20'),(147,8,'invoice',150.00,'فاتورة رقم 226',226,NULL,NULL,NULL,NULL,39682.00,39832.00,0.00,0.00,'2025-11-24',5,'2025-12-07 06:30:20'),(148,8,'payment',100.00,'دفعة على فاتورة رقم 226',226,70,NULL,NULL,NULL,39832.00,39732.00,0.00,0.00,'2025-11-24',5,'2025-12-07 06:30:20'),(149,8,'invoice',15.00,'فاتورة رقم 227',227,NULL,NULL,NULL,NULL,39732.00,39747.00,0.00,0.00,'2025-11-24',5,'2025-12-07 06:30:20'),(150,8,'payment',15.00,'دفعة على فاتورة رقم 227',227,71,NULL,NULL,NULL,39747.00,39732.00,0.00,0.00,'2025-11-24',5,'2025-12-07 06:30:20'),(151,8,'invoice',14.00,'فاتورة رقم 228',228,NULL,NULL,NULL,NULL,39732.00,39746.00,0.00,0.00,'2025-11-24',5,'2025-12-07 06:30:20'),(152,8,'invoice',150.00,'فاتورة رقم 229',229,NULL,NULL,NULL,NULL,39746.00,39896.00,0.00,0.00,'2025-11-24',5,'2025-12-07 06:30:20'),(153,8,'payment',100.00,'دفعة على فاتورة رقم 229',229,72,NULL,NULL,NULL,39896.00,39796.00,0.00,0.00,'2025-11-24',5,'2025-12-07 06:30:20'),(154,8,'payment',10.00,'دفعة على فاتورة رقم 229',229,73,NULL,NULL,NULL,39796.00,39786.00,0.00,0.00,'2025-11-24',5,'2025-12-07 06:30:20'),(155,8,'invoice',15.00,'فاتورة رقم 230',230,NULL,NULL,NULL,NULL,39786.00,39801.00,0.00,0.00,'2025-11-24',5,'2025-12-07 06:30:20'),(156,8,'payment',10.00,'دفعة على فاتورة رقم 230',230,74,NULL,NULL,NULL,39801.00,39791.00,0.00,0.00,'2025-11-24',5,'2025-12-07 06:30:20'),(157,8,'invoice',14.00,'فاتورة رقم 231',231,NULL,NULL,NULL,NULL,39791.00,39805.00,0.00,0.00,'2025-11-24',5,'2025-12-07 06:30:20'),(158,8,'payment',2.00,'دفعة على فاتورة رقم 231',231,75,NULL,NULL,NULL,39805.00,39803.00,0.00,0.00,'2025-11-24',5,'2025-12-07 06:30:20'),(159,8,'invoice',14.00,'فاتورة رقم 232',232,NULL,NULL,NULL,NULL,39803.00,39817.00,0.00,0.00,'2025-11-24',5,'2025-12-07 06:30:20'),(160,8,'payment',10.00,'دفعة على فاتورة رقم 232',232,76,NULL,NULL,NULL,39817.00,39807.00,0.00,0.00,'2025-11-24',5,'2025-12-07 06:30:20'),(161,8,'invoice',14.00,'فاتورة رقم 233',233,NULL,NULL,NULL,NULL,39807.00,39821.00,0.00,0.00,'2025-11-24',5,'2025-12-07 06:30:20'),(162,8,'payment',4.00,'دفعة على فاتورة رقم 233',233,77,NULL,NULL,NULL,39821.00,39817.00,0.00,0.00,'2025-11-24',5,'2025-12-07 06:30:20'),(163,8,'payment',130.00,'دفعة على فاتورة رقم 172',172,79,NULL,NULL,NULL,39817.00,39687.00,0.00,0.00,'2025-12-07',5,'2025-12-07 06:30:20'),(164,8,'payment',960.00,'دفعة على فاتورة رقم 182',182,80,NULL,NULL,NULL,39687.00,38727.00,0.00,0.00,'2025-12-07',5,'2025-12-07 06:30:20'),(165,8,'payment',960.00,'دفعة على فاتورة رقم 183',183,81,NULL,NULL,NULL,38727.00,37767.00,0.00,0.00,'2025-12-07',5,'2025-12-07 06:30:20'),(166,8,'payment',935.00,'دفعة على فاتورة رقم 185',185,82,NULL,NULL,NULL,37767.00,36832.00,0.00,0.00,'2025-12-07',5,'2025-12-07 06:30:20'),(167,8,'payment',1080.00,'دفعة على فاتورة رقم 189',189,83,NULL,NULL,NULL,36832.00,35752.00,0.00,0.00,'2025-12-07',5,'2025-12-07 06:30:20'),(168,8,'payment',1100.00,'دفعة على فاتورة رقم 192',192,84,NULL,NULL,NULL,35752.00,34652.00,0.00,0.00,'2025-12-07',5,'2025-12-07 06:30:20'),(169,9,'invoice',60.00,'فاتورة رقم 1',1,NULL,NULL,NULL,NULL,0.00,60.00,0.00,0.00,'2025-10-01',5,'2025-12-07 06:30:20'),(170,9,'invoice',15.00,'فاتورة رقم 2',2,NULL,NULL,NULL,NULL,60.00,75.00,0.00,0.00,'2025-10-01',5,'2025-12-07 06:30:20'),(171,9,'invoice',30.00,'فاتورة رقم 3',3,NULL,NULL,NULL,NULL,75.00,105.00,0.00,0.00,'2025-10-01',5,'2025-12-07 06:30:20'),(172,9,'invoice',15.00,'فاتورة رقم 4',4,NULL,NULL,NULL,NULL,105.00,120.00,0.00,0.00,'2025-10-01',5,'2025-12-07 06:30:20'),(173,9,'invoice',40.00,'فاتورة رقم 101',101,NULL,NULL,NULL,NULL,120.00,160.00,0.00,0.00,'2025-10-23',5,'2025-12-07 06:30:20'),(174,9,'invoice',400.00,'فاتورة رقم 109',109,NULL,NULL,NULL,NULL,160.00,560.00,0.00,0.00,'2025-10-25',5,'2025-12-07 06:30:20'),(175,10,'invoice',10.00,'فاتورة رقم 5',5,NULL,NULL,NULL,NULL,0.00,10.00,0.00,0.00,'2025-10-02',5,'2025-12-07 06:30:20'),(176,11,'invoice',80.00,'فاتورة رقم 7',7,NULL,NULL,NULL,NULL,0.00,80.00,0.00,0.00,'2025-10-11',5,'2025-12-07 06:30:20'),(177,11,'invoice',5.00,'فاتورة رقم 21',21,NULL,NULL,NULL,NULL,80.00,85.00,0.00,0.00,'2025-10-11',5,'2025-12-07 06:30:20'),(178,11,'invoice',1400.00,'فاتورة رقم 108',108,NULL,NULL,NULL,NULL,85.00,1485.00,0.00,0.00,'2025-10-24',5,'2025-12-07 06:30:20'),(179,11,'invoice',200.00,'فاتورة رقم 110',110,NULL,NULL,NULL,NULL,1485.00,1685.00,0.00,0.00,'2025-10-25',5,'2025-12-07 06:30:20'),(180,11,'invoice',300.00,'فاتورة رقم 120',120,NULL,NULL,NULL,NULL,1685.00,1985.00,0.00,0.00,'2025-10-26',5,'2025-12-07 06:30:20'),(181,11,'invoice',15.00,'فاتورة رقم 127',127,NULL,NULL,NULL,NULL,1985.00,2000.00,0.00,0.00,'2025-11-03',5,'2025-12-07 06:30:20'),(182,11,'invoice',10.00,'فاتورة رقم 128',128,NULL,NULL,NULL,NULL,2000.00,2010.00,0.00,0.00,'2025-11-03',5,'2025-12-07 06:30:20'),(183,11,'invoice',112.50,'فاتورة رقم 132',132,NULL,NULL,NULL,NULL,2010.00,2122.50,0.00,0.00,'2025-11-06',5,'2025-12-07 06:30:20'),(184,11,'invoice',1320.00,'فاتورة رقم 134',134,NULL,NULL,NULL,NULL,2122.50,3442.50,0.00,0.00,'2025-11-08',5,'2025-12-07 06:30:20'),(185,11,'invoice',110.00,'فاتورة رقم 136',136,NULL,NULL,NULL,NULL,3442.50,3552.50,0.00,0.00,'2025-11-08',5,'2025-12-07 06:30:20'),(186,11,'invoice',14.00,'فاتورة رقم 138',138,NULL,NULL,NULL,NULL,3552.50,3566.50,0.00,0.00,'2025-11-09',5,'2025-12-07 06:30:20'),(187,11,'invoice',18.00,'فاتورة رقم 139',139,NULL,NULL,NULL,NULL,3566.50,3584.50,0.00,0.00,'2025-11-09',5,'2025-12-07 06:30:20'),(188,11,'invoice',150.00,'فاتورة رقم 140',140,NULL,NULL,NULL,NULL,3584.50,3734.50,0.00,0.00,'2025-11-09',5,'2025-12-07 06:30:20'),(189,11,'payment',80.00,'دفعة على فاتورة رقم 7',7,1,NULL,NULL,NULL,3734.50,3654.50,0.00,0.00,'2025-11-17',5,'2025-12-07 06:30:20'),(190,11,'payment',0.00,'دفعة على فاتورة رقم 33',33,3,NULL,NULL,NULL,3654.50,3654.50,0.00,0.00,'2025-11-17',5,'2025-12-07 06:30:20'),(191,11,'payment',1320.00,'دفعة على فاتورة رقم 134',134,12,NULL,NULL,NULL,3654.50,2334.50,0.00,0.00,'2025-11-17',5,'2025-12-07 06:30:20'),(192,11,'payment',110.00,'دفعة على فاتورة رقم 136',136,13,NULL,NULL,NULL,2334.50,2224.50,0.00,0.00,'2025-11-17',5,'2025-12-07 06:30:20'),(193,11,'payment',14.00,'دفعة على فاتورة رقم 138',138,15,NULL,NULL,NULL,2224.50,2210.50,0.00,0.00,'2025-11-17',5,'2025-12-07 06:30:20'),(194,11,'payment',18.00,'دفعة على فاتورة رقم 139',139,16,NULL,NULL,NULL,2210.50,2192.50,0.00,0.00,'2025-11-17',5,'2025-12-07 06:30:20'),(195,11,'payment',150.00,'دفعة على فاتورة رقم 140',140,17,NULL,NULL,NULL,2192.50,2042.50,0.00,0.00,'2025-11-17',5,'2025-12-07 06:30:20'),(196,16,'invoice',175.00,'فاتورة رقم 217',217,NULL,NULL,NULL,NULL,0.00,175.00,0.00,0.00,'2025-11-18',5,'2025-12-07 06:30:20'),(202,16,'deposit',5420.00,'إيداع محفظة - مبلغ 5420.00 ج.م',NULL,NULL,NULL,15,NULL,0.00,0.00,0.00,5420.00,'2025-12-11',5,'2025-12-11 21:30:37'),(203,16,'deposit',100.00,'إيداع محفظة - مبلغ 100.00 ج.م',NULL,NULL,NULL,16,NULL,0.00,0.00,5420.00,5520.00,'2025-12-11',5,'2025-12-11 21:31:14'),(204,16,'withdraw',-4000.00,'سحب محفظة - مبلغ 4000.00 ج.م',NULL,NULL,NULL,17,NULL,0.00,0.00,5520.00,1520.00,'2025-12-11',5,'2025-12-11 21:31:52'),(205,16,'deposit',5.00,'إيداع محفظة - مبلغ 5.00 ج.م',NULL,NULL,NULL,18,NULL,0.00,0.00,1520.00,1525.00,'2025-12-12',5,'2025-12-12 04:15:04'),(206,16,'deposit',50.00,'إيداع محفظة - مبلغ 50.00 ج.م',NULL,NULL,NULL,19,NULL,175.00,175.00,1525.00,1575.00,'2025-12-12',5,'2025-12-12 04:22:12'),(207,16,'deposit',5.00,'إيداع محفظة - مبلغ 5.00 ج.م',NULL,NULL,NULL,20,NULL,175.00,175.00,1575.00,1580.00,'2025-12-12',5,'2025-12-12 04:23:27'),(208,16,'withdraw',-10.00,'سحب محفظة - مبلغ 10.00 ج.م',NULL,NULL,NULL,21,NULL,175.00,175.00,1580.00,1570.00,'2025-12-12',5,'2025-12-12 04:24:32'),(209,16,'withdraw',-10.00,'سحب محفظة - مبلغ 10.00 ج.م',NULL,NULL,NULL,22,NULL,175.00,175.00,1570.00,1560.00,'2025-12-12',5,'2025-12-12 04:34:31'),(210,16,'deposit',10.00,'إيداع محفظة - مبلغ 10.00 ج.م',NULL,NULL,NULL,23,NULL,175.00,175.00,1560.00,1570.00,'2025-12-12',5,'2025-12-12 04:36:00'),(211,16,'withdraw',-10.00,'سحب محفظة - مبلغ 10.00 ج.م',NULL,NULL,NULL,24,NULL,175.00,175.00,1570.00,1560.00,'2025-12-12',5,'2025-12-12 04:36:22');
/*!40000 ALTER TABLE `customer_transactions_backup` ENABLE KEYS */;
UNLOCK TABLES;

--
-- Table structure for table `customer_transactions_staging_test`
--

DROP TABLE IF EXISTS `customer_transactions_staging_test`;
/*!40101 SET @saved_cs_client     = @@character_set_client */;
/*!40101 SET character_set_client = utf8 */;
CREATE TABLE `customer_transactions_staging_test` (
  `id` int(11) NOT NULL AUTO_INCREMENT,
  `customer_id` int(11) NOT NULL,
  `transaction_type` enum('invoice','payment','return','deposit','adjustment') NOT NULL,
  `amount` decimal(12,2) NOT NULL COMMENT 'موجب للزيادة، سالب للنقصان',
  `description` varchar(255) NOT NULL,
  `invoice_id` int(11) DEFAULT NULL,
  `payment_id` int(11) DEFAULT NULL,
  `return_id` int(11) DEFAULT NULL,
  `deposit_id` int(11) DEFAULT NULL,
  `work_order_id` int(11) DEFAULT NULL,
  `balance_before` decimal(12,2) DEFAULT 0.00,
  `balance_after` decimal(12,2) DEFAULT 0.00,
  `wallet_before` decimal(12,2) DEFAULT 0.00,
  `wallet_after` decimal(12,2) DEFAULT 0.00,
  `transaction_date` date NOT NULL,
  `created_by` int(11) NOT NULL,
  `created_at` datetime NOT NULL,
  `transaction_datetime` datetime DEFAULT NULL,
  `created_at_ts` timestamp NOT NULL DEFAULT current_timestamp(),
  PRIMARY KEY (`id`)
) ENGINE=InnoDB DEFAULT CHARSET=utf8mb4 COLLATE=utf8mb4_unicode_ci;
/*!40101 SET character_set_client = @saved_cs_client */;

--
-- Dumping data for table `customer_transactions_staging_test`
--

LOCK TABLES `customer_transactions_staging_test` WRITE;
/*!40000 ALTER TABLE `customer_transactions_staging_test` DISABLE KEYS */;
/*!40000 ALTER TABLE `customer_transactions_staging_test` ENABLE KEYS */;
UNLOCK TABLES;

--
-- Table structure for table `customers`
--

DROP TABLE IF EXISTS `customers`;
/*!40101 SET @saved_cs_client     = @@character_set_client */;
/*!40101 SET character_set_client = utf8 */;
CREATE TABLE `customers` (
  `id` int(11) NOT NULL AUTO_INCREMENT,
  `name` varchar(150) NOT NULL COMMENT 'اسم العميل',
  `mobile` varchar(11) NOT NULL COMMENT 'رقم الموبايل (11 رقم)',
  `city` varchar(100) NOT NULL COMMENT 'المدينة',
  `address` varchar(255) DEFAULT NULL COMMENT 'العنوان التفصيلي',
  `notes` text DEFAULT NULL,
  `created_by` int(11) DEFAULT NULL COMMENT 'معرف المستخدم الذي أضاف العميل',
  `created_at` timestamp NOT NULL DEFAULT current_timestamp() COMMENT 'تاريخ الإضافة',
  `balance` decimal(12,2) DEFAULT 0.00 COMMENT 'الرصيد الحالي (مدين + / دائن -)',
  `wallet` decimal(12,2) DEFAULT 0.00 COMMENT 'رصيد المحفظة',
  `join_date` date DEFAULT curdate() COMMENT 'تاريخ الانضمام',
  PRIMARY KEY (`id`),
  UNIQUE KEY `mobile` (`mobile`),
  KEY `fk_customer_user` (`created_by`),
  CONSTRAINT `fk_customer_user` FOREIGN KEY (`created_by`) REFERENCES `users` (`id`) ON DELETE SET NULL
) ENGINE=InnoDB AUTO_INCREMENT=18 DEFAULT CHARSET=utf8mb4 COLLATE=utf8mb4_unicode_ci;
/*!40101 SET character_set_client = @saved_cs_client */;

--
-- Dumping data for table `customers`
--

LOCK TABLES `customers` WRITE;
/*!40000 ALTER TABLE `customers` DISABLE KEYS */;
INSERT INTO `customers` VALUES (8,'عميل نقدي','01096590798','Fayoum','Fayoum, Egypt','',5,'2025-09-01 11:38:46',38757.00,476.01,'2025-12-06'),(9,'اسلام حمدي','01002821969','الفيوم','','',5,'2025-10-01 14:01:17',660.00,0.00,'2025-12-06'),(10,'بولا البلد','01005557898','الفيوم','','',5,'2025-10-01 14:02:04',10.00,5.00,'2025-12-06'),(11,'bebo','01157728787','mn','','عميل رايق',5,'2025-10-02 15:27:30',450.00,4970.00,'2025-12-06'),(12,'حمزه','01157787112','Fayoum','Sheikh Yusuf ST, Fayoum, Egypt','',5,'2025-11-05 11:47:52',0.00,0.00,'2025-12-06'),(13,'محمود شطشط','01157782113','يسيس','Sheikh Yusuf ST, Fayoum, Egypt','',5,'2025-11-05 11:48:10',0.00,0.00,'2025-12-06'),(14,'Mostafa Hussien Ramadan','01157787113','Fayoum','','',5,'2025-11-12 10:49:28',0.00,0.00,'2025-12-06'),(15,'Mostafa Hussien Ramadan','01157787213','Fayoum','','',5,'2025-11-12 17:34:30',0.00,0.00,'2025-12-06'),(16,'المحل','01157787114','Fayoum','','',5,'2025-11-18 19:42:24',190.00,1852.00,'2025-12-06'),(17,'احمد احمد','01157787152','Fayoum','','',5,'2025-12-15 22:09:01',45.00,0.00,'2025-12-16');
/*!40000 ALTER TABLE `customers` ENABLE KEYS */;
UNLOCK TABLES;

--
-- Table structure for table `deposits`
--

DROP TABLE IF EXISTS `deposits`;
/*!40101 SET @saved_cs_client     = @@character_set_client */;
/*!40101 SET character_set_client = utf8 */;
CREATE TABLE `deposits` (
  `id` int(11) NOT NULL AUTO_INCREMENT,
  `customer_id` int(11) NOT NULL,
  `amount` decimal(12,2) NOT NULL,
  `wallet_before` decimal(12,2) DEFAULT 0.00 COMMENT 'رصيد المحفظة قبل الإيداع',
  `wallet_after` decimal(12,2) DEFAULT 0.00 COMMENT 'رصيد المحفظة بعد الإيداع',
  `description` varchar(255) NOT NULL,
  `deposit_date` date NOT NULL,
  `created_by` int(11) NOT NULL,
  `created_at` timestamp NOT NULL DEFAULT current_timestamp(),
  PRIMARY KEY (`id`),
  KEY `created_by` (`created_by`),
  KEY `idx_customer_date` (`customer_id`,`deposit_date`),
  CONSTRAINT `deposits_ibfk_1` FOREIGN KEY (`customer_id`) REFERENCES `customers` (`id`),
  CONSTRAINT `deposits_ibfk_2` FOREIGN KEY (`created_by`) REFERENCES `users` (`id`)
) ENGINE=InnoDB DEFAULT CHARSET=utf8mb4 COLLATE=utf8mb4_unicode_ci;
/*!40101 SET character_set_client = @saved_cs_client */;

--
-- Dumping data for table `deposits`
--

LOCK TABLES `deposits` WRITE;
/*!40000 ALTER TABLE `deposits` DISABLE KEYS */;
/*!40000 ALTER TABLE `deposits` ENABLE KEYS */;
UNLOCK TABLES;

--
-- Table structure for table `expense_categories`
--

DROP TABLE IF EXISTS `expense_categories`;
/*!40101 SET @saved_cs_client     = @@character_set_client */;
/*!40101 SET character_set_client = utf8 */;
CREATE TABLE `expense_categories` (
  `id` int(11) NOT NULL AUTO_INCREMENT,
  `name` varchar(150) NOT NULL COMMENT 'اسم فئة المصروف (مثال: نقل، كهرباء، إيجار)',
  `description` text DEFAULT NULL COMMENT 'وصف إضافي للفئة (اختياري)',
  `created_at` timestamp NOT NULL DEFAULT current_timestamp(),
  PRIMARY KEY (`id`),
  UNIQUE KEY `name` (`name`)
) ENGINE=InnoDB AUTO_INCREMENT=3 DEFAULT CHARSET=utf8mb4 COLLATE=utf8mb4_unicode_ci COMMENT='فئات المصاريف المختلفة';
/*!40101 SET character_set_client = @saved_cs_client */;

--
-- Dumping data for table `expense_categories`
--

LOCK TABLES `expense_categories` WRITE;
/*!40000 ALTER TABLE `expense_categories` DISABLE KEYS */;
INSERT INTO `expense_categories` VALUES (1,'كهرباء مخزن','','2025-11-08 15:48:41'),(2,'ايجار','','2025-11-08 15:48:46');
/*!40000 ALTER TABLE `expense_categories` ENABLE KEYS */;
UNLOCK TABLES;

--
-- Table structure for table `expenses`
--

DROP TABLE IF EXISTS `expenses`;
/*!40101 SET @saved_cs_client     = @@character_set_client */;
/*!40101 SET character_set_client = utf8 */;
CREATE TABLE `expenses` (
  `id` int(11) NOT NULL AUTO_INCREMENT,
  `expense_date` date NOT NULL COMMENT 'تاريخ حدوث المصروف',
  `description` varchar(255) NOT NULL COMMENT 'وصف أو بيان المصروف',
  `amount` decimal(10,2) NOT NULL COMMENT 'قيمة المصروف',
  `category_id` int(11) DEFAULT NULL COMMENT 'معرف فئة المصروف (FK to expense_categories.id)',
  `notes` text DEFAULT NULL COMMENT 'ملاحظات إضافية على المصروف (اختياري)',
  `created_by` int(11) DEFAULT NULL COMMENT 'معرف المستخدم الذي سجل المصروف (FK to users.id)',
  `created_at` timestamp NOT NULL DEFAULT current_timestamp(),
  `updated_at` timestamp NULL DEFAULT NULL ON UPDATE current_timestamp(),
  PRIMARY KEY (`id`),
  KEY `fk_expense_category` (`category_id`),
  KEY `fk_expense_user_creator` (`created_by`),
  CONSTRAINT `fk_expense_category` FOREIGN KEY (`category_id`) REFERENCES `expense_categories` (`id`) ON DELETE SET NULL ON UPDATE CASCADE,
  CONSTRAINT `fk_expense_user_creator` FOREIGN KEY (`created_by`) REFERENCES `users` (`id`) ON DELETE SET NULL ON UPDATE CASCADE
) ENGINE=InnoDB AUTO_INCREMENT=4 DEFAULT CHARSET=utf8mb4 COLLATE=utf8mb4_unicode_ci COMMENT='سجل المصاريف التشغيلية';
/*!40101 SET character_set_client = @saved_cs_client */;

--
-- Dumping data for table `expenses`
--

LOCK TABLES `expenses` WRITE;
/*!40000 ALTER TABLE `expenses` DISABLE KEYS */;
INSERT INTO `expenses` VALUES (1,'2025-11-08','ايجار',1000.00,2,'0',5,'2025-11-08 17:52:15',NULL),(2,'2025-11-14','اكل للعيال',200.00,1,'0',5,'2025-11-14 22:24:54',NULL),(3,'2025-11-15','ايجار',100.00,2,'0',5,'2025-11-15 21:19:25',NULL);
/*!40000 ALTER TABLE `expenses` ENABLE KEYS */;
UNLOCK TABLES;

--
-- Table structure for table `invoice_cancellation_allocations`
--

DROP TABLE IF EXISTS `invoice_cancellation_allocations`;
/*!40101 SET @saved_cs_client     = @@character_set_client */;
/*!40101 SET character_set_client = utf8 */;
CREATE TABLE `invoice_cancellation_allocations` (
  `id` int(11) NOT NULL AUTO_INCREMENT,
  `cancellation_id` int(11) NOT NULL,
  `sale_item_allocation_id` int(11) NOT NULL,
  `batch_id` int(11) NOT NULL,
  `qty_restored` decimal(12,3) NOT NULL,
  `unit_cost` decimal(12,4) DEFAULT NULL,
  PRIMARY KEY (`id`),
  KEY `cancellation_id` (`cancellation_id`),
  CONSTRAINT `fk_ica_cancel` FOREIGN KEY (`cancellation_id`) REFERENCES `invoice_cancellations` (`id`)
) ENGINE=InnoDB AUTO_INCREMENT=26 DEFAULT CHARSET=utf8mb4 COLLATE=utf8mb4_general_ci;
/*!40101 SET character_set_client = @saved_cs_client */;

--
-- Dumping data for table `invoice_cancellation_allocations`
--

LOCK TABLES `invoice_cancellation_allocations` WRITE;
/*!40000 ALTER TABLE `invoice_cancellation_allocations` DISABLE KEYS */;
INSERT INTO `invoice_cancellation_allocations` VALUES (1,1,5,2,0.100,75.0000),(2,2,6,2,0.800,75.0000),(3,3,70,6,2.000,0.0000),(4,4,71,5,2.000,0.0000),(5,4,72,12,1.000,0.0000),(6,4,73,13,1.000,0.5200),(7,6,66,9,1.000,0.0000),(8,6,67,8,1.000,0.0000),(9,8,86,18,3.000,50.0000),(10,9,82,15,3.000,10.0000),(11,9,83,16,1.000,10.0000),(12,9,84,17,1.000,50.0000),(13,10,98,21,3.000,10.0000),(14,10,99,22,1.000,50.0000),(15,11,100,21,1.000,10.0000),(16,12,102,21,3.000,10.0000),(17,12,103,22,1.000,50.0000),(18,13,104,21,1.000,10.0000),(19,14,108,21,1.000,10.0000),(20,15,106,21,1.000,10.0000),(21,16,110,21,2.000,10.0000),(22,17,112,21,3.000,10.0000),(23,18,126,20,5.000,100.0000),(24,18,127,30,2.000,250.0000),(25,19,119,14,1.000,10.0000);
/*!40000 ALTER TABLE `invoice_cancellation_allocations` ENABLE KEYS */;
UNLOCK TABLES;

--
-- Table structure for table `invoice_cancellations`
--

DROP TABLE IF EXISTS `invoice_cancellations`;
/*!40101 SET @saved_cs_client     = @@character_set_client */;
/*!40101 SET character_set_client = utf8 */;
CREATE TABLE `invoice_cancellations` (
  `id` int(11) NOT NULL AUTO_INCREMENT,
  `invoice_out_id` int(11) NOT NULL,
  `cancelled_by` int(11) NOT NULL,
  `cancelled_at` datetime NOT NULL DEFAULT current_timestamp(),
  `reason` text DEFAULT NULL,
  `total_restored_qty` decimal(12,3) DEFAULT 0.000,
  PRIMARY KEY (`id`),
  KEY `invoice_out_id` (`invoice_out_id`),
  CONSTRAINT `fk_ic_invoice` FOREIGN KEY (`invoice_out_id`) REFERENCES `invoices_out` (`id`)
) ENGINE=InnoDB AUTO_INCREMENT=20 DEFAULT CHARSET=utf8mb4 COLLATE=utf8mb4_general_ci;
/*!40101 SET character_set_client = @saved_cs_client */;

--
-- Dumping data for table `invoice_cancellations`
--

LOCK TABLES `invoice_cancellations` WRITE;
/*!40000 ALTER TABLE `invoice_cancellations` DISABLE KEYS */;
INSERT INTO `invoice_cancellations` VALUES (1,5,5,'2025-10-02 18:26:15',',',0.100),(2,6,5,'2025-10-05 10:26:31','1\r\n/.,mn',0.800),(3,99,5,'2025-10-15 22:56:54','0',2.000),(4,100,5,'2025-10-22 21:06:58','\';lkjhgfd',4.000),(5,98,5,'2025-10-22 22:46:03',';lkjmnb',0.000),(6,96,5,'2025-10-22 22:46:09',';lkn',2.000),(7,94,5,'2025-10-22 22:46:20','nn',0.000),(8,106,5,'2025-10-25 07:17:36','i,',3.000),(9,105,5,'2025-10-25 07:54:44','n',5.000),(10,112,5,'2025-10-25 08:04:51','وةى',4.000),(11,113,5,'2025-10-25 08:23:58','وةى',1.000),(12,114,5,'2025-10-25 22:22:32','dpvf',4.000),(13,115,5,'2025-10-26 00:01:33','km',1.000),(14,117,5,'2025-10-26 00:13:19',',',1.000),(15,116,5,'2025-10-26 00:13:28',',',1.000),(16,118,5,'2025-10-26 00:21:33','jhn',2.000),(17,119,5,'2025-10-26 00:33:18','jn',3.000),(18,133,5,'2025-11-06 16:02:22','ى',7.000),(19,126,5,'2025-11-09 15:00:40','m',1.000);
/*!40000 ALTER TABLE `invoice_cancellations` ENABLE KEYS */;
UNLOCK TABLES;

--
-- Table structure for table `invoice_out_items`
--

DROP TABLE IF EXISTS `invoice_out_items`;
/*!40101 SET @saved_cs_client     = @@character_set_client */;
/*!40101 SET character_set_client = utf8 */;
CREATE TABLE `invoice_out_items` (
  `id` int(11) NOT NULL AUTO_INCREMENT COMMENT 'المعرف التلقائي لبند الفاتورة',
  `invoice_out_id` int(11) NOT NULL COMMENT 'معرف الفاتورة الصادرة (مفتاح أجنبي لجدول invoices_out)',
  `product_id` int(11) NOT NULL COMMENT 'معرف المنتج (مفتاح أجنبي لجدول products)',
  `quantity` decimal(10,2) NOT NULL COMMENT 'الكمية المباعة من المنتج',
  `total_before_discount` decimal(10,2) NOT NULL COMMENT 'السعر الإجمالي للبند قبل الخصم (الكمية * سعر الوحدة)',
  `cost_price_per_unit` decimal(10,2) NOT NULL DEFAULT 0.00,
  `created_at` timestamp NOT NULL DEFAULT current_timestamp() COMMENT 'تاريخ إضافة البند',
  `updated_at` timestamp NULL DEFAULT NULL ON UPDATE current_timestamp() COMMENT 'تاريخ آخر تعديل للبند',
  `selling_price` decimal(10,2) NOT NULL,
  `price_type` enum('retail','wholesale') NOT NULL DEFAULT 'wholesale',
  `returned_quantity` decimal(10,2) NOT NULL DEFAULT 0.00 COMMENT 'الكمية المرتجعة',
  `return_flag` tinyint(1) GENERATED ALWAYS AS (case when `returned_quantity` = `quantity` then 1 else 0 end) STORED COMMENT '1 إذا تم إرجاع البند بالكامل (تمام)، 0 جزئي',
  `available_for_return` decimal(10,2) GENERATED ALWAYS AS (`quantity` - `returned_quantity`) STORED COMMENT 'الكمية المتاحة للمرتجع',
  `discount_type` enum('percent','amount') DEFAULT NULL,
  `discount_value` decimal(10,2) DEFAULT 0.00,
  `discount_amount` decimal(12,2) DEFAULT 0.00,
  `total_after_discount` decimal(12,2) DEFAULT 0.00,
  `unit_price_after_discount` decimal(10,2) GENERATED ALWAYS AS (`total_after_discount` / `quantity`) STORED,
  PRIMARY KEY (`id`),
  KEY `fk_invoice_item_to_invoice` (`invoice_out_id`),
  KEY `fk_invoice_item_to_product` (`product_id`),
  CONSTRAINT `fk_invoice_item_to_invoice` FOREIGN KEY (`invoice_out_id`) REFERENCES `invoices_out` (`id`) ON DELETE CASCADE,
  CONSTRAINT `fk_invoice_item_to_product` FOREIGN KEY (`product_id`) REFERENCES `products` (`id`)
) ENGINE=InnoDB AUTO_INCREMENT=358 DEFAULT CHARSET=utf8mb4 COLLATE=utf8mb4_unicode_ci;
/*!40101 SET character_set_client = @saved_cs_client */;

--
-- Dumping data for table `invoice_out_items`
--

LOCK TABLES `invoice_out_items` WRITE;
/*!40000 ALTER TABLE `invoice_out_items` DISABLE KEYS */;
INSERT INTO `invoice_out_items` VALUES (1,1,34,0.50,60.00,80.00,'2025-10-01 14:16:06','2025-12-06 15:59:39',120.00,'wholesale',0.00,0,0.50,NULL,0.00,0.00,0.00,0.00),(2,2,35,0.10,15.00,75.00,'2025-10-01 14:20:00','2025-12-06 15:59:39',150.00,'wholesale',0.00,0,0.10,NULL,0.00,0.00,0.00,0.00),(3,3,34,0.25,30.00,80.00,'2025-10-01 14:47:14','2025-12-06 15:59:39',120.00,'wholesale',0.00,0,0.25,NULL,0.00,0.00,0.00,0.00),(4,4,35,0.10,15.00,75.00,'2025-10-01 14:48:03','2025-12-06 15:59:39',150.00,'wholesale',0.00,0,0.10,NULL,0.00,0.00,0.00,0.00),(5,5,35,0.10,10.00,75.00,'2025-10-02 15:25:59','2025-12-06 15:59:39',100.00,'wholesale',0.00,0,0.10,NULL,0.00,0.00,0.00,0.00),(6,6,35,0.80,80.00,75.00,'2025-10-05 07:25:17','2025-12-06 15:59:39',100.00,'wholesale',0.00,0,0.80,NULL,0.00,0.00,0.00,0.00),(7,7,35,0.80,80.00,75.00,'2025-10-11 14:51:23','2025-12-06 15:59:39',100.00,'wholesale',0.00,0,0.80,NULL,0.00,0.00,0.00,0.00),(8,8,34,1.00,100.00,80.00,'2025-10-11 15:05:28','2025-12-06 15:59:39',100.00,'wholesale',0.00,0,1.00,NULL,0.00,0.00,0.00,0.00),(9,9,34,0.20,20.00,80.00,'2025-10-11 15:05:57','2025-12-06 15:59:39',100.00,'wholesale',0.00,0,0.20,NULL,0.00,0.00,0.00,0.00),(10,21,34,0.05,5.00,80.00,'2025-10-11 15:12:51','2025-12-06 15:59:39',100.00,'wholesale',0.00,0,0.05,NULL,0.00,0.00,0.00,0.00),(14,33,25,1.00,0.00,0.00,'2025-10-11 15:36:00',NULL,0.00,'wholesale',0.00,0,1.00,NULL,0.00,0.00,0.00,0.00),(15,38,25,1.00,0.00,0.00,'2025-10-11 15:42:48',NULL,0.00,'wholesale',0.00,0,1.00,NULL,0.00,0.00,0.00,0.00),(16,39,25,1.00,0.00,0.00,'2025-10-11 15:43:16',NULL,0.00,'wholesale',0.00,0,1.00,NULL,0.00,0.00,0.00,0.00),(17,43,25,1.00,0.00,0.00,'2025-10-11 16:01:07',NULL,0.00,'wholesale',0.00,0,1.00,NULL,0.00,0.00,0.00,0.00),(18,44,25,1.00,0.00,0.00,'2025-10-11 16:01:31',NULL,0.00,'wholesale',0.00,0,1.00,NULL,0.00,0.00,0.00,0.00),(19,45,25,1.00,0.00,0.00,'2025-10-11 16:03:14',NULL,0.00,'wholesale',0.00,0,1.00,NULL,0.00,0.00,0.00,0.00),(20,47,25,1.00,0.00,0.00,'2025-10-11 16:13:54',NULL,0.00,'wholesale',0.00,0,1.00,NULL,0.00,0.00,0.00,0.00),(21,48,25,1.00,0.00,0.00,'2025-10-11 16:20:14',NULL,0.00,'wholesale',0.00,0,1.00,NULL,0.00,0.00,0.00,0.00),(22,50,25,1.00,0.00,0.00,'2025-10-11 16:20:49',NULL,0.00,'wholesale',0.00,0,1.00,NULL,0.00,0.00,0.00,0.00),(23,51,25,1.00,0.00,0.00,'2025-10-11 16:21:00',NULL,0.00,'wholesale',0.00,0,1.00,NULL,0.00,0.00,0.00,0.00),(24,53,25,1.00,0.00,0.00,'2025-10-11 16:22:11',NULL,0.00,'wholesale',0.00,0,1.00,NULL,0.00,0.00,0.00,0.00),(25,56,25,1.00,0.00,0.00,'2025-10-11 16:23:17',NULL,0.00,'wholesale',0.00,0,1.00,NULL,0.00,0.00,0.00,0.00),(26,57,25,1.00,0.00,0.00,'2025-10-11 16:23:30',NULL,0.00,'wholesale',0.00,0,1.00,NULL,0.00,0.00,0.00,0.00),(27,58,25,1.00,0.00,0.00,'2025-10-11 16:24:15',NULL,0.00,'wholesale',0.00,0,1.00,NULL,0.00,0.00,0.00,0.00),(28,59,25,1.00,0.00,0.00,'2025-10-11 16:24:33',NULL,0.00,'wholesale',0.00,0,1.00,NULL,0.00,0.00,0.00,0.00),(29,61,25,1.00,0.00,0.00,'2025-10-11 16:25:01',NULL,0.00,'wholesale',0.00,0,1.00,NULL,0.00,0.00,0.00,0.00),(30,64,25,1.00,0.00,0.00,'2025-10-11 16:26:09',NULL,0.00,'wholesale',0.00,0,1.00,NULL,0.00,0.00,0.00,0.00),(31,65,25,1.00,0.00,0.00,'2025-10-11 16:26:45',NULL,0.00,'wholesale',0.00,0,1.00,NULL,0.00,0.00,0.00,0.00),(32,67,25,1.00,0.00,0.00,'2025-10-11 16:28:12',NULL,0.00,'wholesale',0.00,0,1.00,NULL,0.00,0.00,0.00,0.00),(33,70,25,1.00,0.00,0.00,'2025-10-11 23:19:57',NULL,0.00,'wholesale',0.00,0,1.00,NULL,0.00,0.00,0.00,0.00),(34,71,25,1.00,0.00,0.00,'2025-10-11 23:26:21',NULL,0.00,'wholesale',0.00,0,1.00,NULL,0.00,0.00,0.00,0.00),(35,75,25,1.00,0.00,0.00,'2025-10-11 23:36:25',NULL,0.00,'wholesale',0.00,0,1.00,NULL,0.00,0.00,0.00,0.00),(36,76,25,1.00,0.00,0.00,'2025-10-12 00:14:35',NULL,0.00,'wholesale',0.00,0,1.00,NULL,0.00,0.00,0.00,0.00),(37,77,25,1.00,0.00,0.00,'2025-10-12 00:15:09',NULL,0.00,'wholesale',0.00,0,1.00,NULL,0.00,0.00,0.00,0.00),(38,78,25,1.00,520.00,0.00,'2025-10-12 00:15:50','2025-12-06 15:59:39',520.00,'wholesale',0.00,0,1.00,NULL,0.00,0.00,0.00,0.00),(39,79,25,1.00,0.00,0.00,'2025-10-12 00:16:25',NULL,0.00,'wholesale',0.00,0,1.00,NULL,0.00,0.00,0.00,0.00),(40,80,25,1.00,0.00,0.00,'2025-10-12 00:20:38',NULL,0.00,'wholesale',0.00,0,1.00,NULL,0.00,0.00,0.00,0.00),(41,83,25,1.00,0.00,0.00,'2025-10-12 00:23:04',NULL,0.00,'wholesale',0.00,0,1.00,NULL,0.00,0.00,0.00,0.00),(42,87,25,2.00,0.00,0.00,'2025-10-12 16:30:18',NULL,0.00,'wholesale',0.00,0,2.00,NULL,0.00,0.00,0.00,0.00),(43,88,25,1.00,0.00,0.00,'2025-10-12 16:30:41',NULL,0.00,'wholesale',0.00,0,1.00,NULL,0.00,0.00,0.00,0.00),(44,89,25,1.00,0.00,0.00,'2025-10-12 16:31:26',NULL,0.00,'wholesale',0.00,0,1.00,NULL,0.00,0.00,0.00,0.00),(45,90,25,1.00,0.00,0.00,'2025-10-12 16:37:46',NULL,0.00,'wholesale',0.00,0,1.00,NULL,0.00,0.00,0.00,0.00),(46,91,25,1.00,0.00,0.00,'2025-10-12 16:55:43',NULL,0.00,'wholesale',0.00,0,1.00,NULL,0.00,0.00,0.00,0.00),(47,91,19,1.00,0.00,0.00,'2025-10-12 16:55:43',NULL,0.00,'wholesale',0.00,0,1.00,NULL,0.00,0.00,0.00,0.00),(48,91,18,1.00,0.00,0.00,'2025-10-12 16:55:43',NULL,0.00,'wholesale',0.00,0,1.00,NULL,0.00,0.00,0.00,0.00),(49,91,20,1.00,0.00,0.00,'2025-10-12 16:55:43',NULL,0.00,'wholesale',0.00,0,1.00,NULL,0.00,0.00,0.00,0.00),(50,92,25,1.00,0.00,0.00,'2025-10-12 17:08:50',NULL,0.00,'wholesale',0.00,0,1.00,NULL,0.00,0.00,0.00,0.00),(51,92,20,1.00,0.00,0.00,'2025-10-12 17:08:50',NULL,0.00,'wholesale',0.00,0,1.00,NULL,0.00,0.00,0.00,0.00),(52,92,19,1.00,0.00,0.00,'2025-10-12 17:08:50',NULL,0.00,'wholesale',0.00,0,1.00,NULL,0.00,0.00,0.00,0.00),(53,92,18,1.00,0.00,0.00,'2025-10-12 17:08:50',NULL,0.00,'wholesale',0.00,0,1.00,NULL,0.00,0.00,0.00,0.00),(54,92,13,1.00,0.00,0.00,'2025-10-12 17:08:50',NULL,0.00,'wholesale',0.00,0,1.00,NULL,0.00,0.00,0.00,0.00),(55,92,12,1.00,0.00,0.00,'2025-10-12 17:08:50',NULL,0.00,'wholesale',0.00,0,1.00,NULL,0.00,0.00,0.00,0.00),(56,92,11,1.00,0.00,0.00,'2025-10-12 17:08:50',NULL,0.00,'wholesale',0.00,0,1.00,NULL,0.00,0.00,0.00,0.00),(57,92,10,1.00,0.00,0.00,'2025-10-12 17:08:50',NULL,0.00,'wholesale',0.00,0,1.00,NULL,0.00,0.00,0.00,0.00),(65,95,25,4.00,1000.00,0.00,'2025-10-13 07:43:14','2025-12-06 15:59:39',250.00,'wholesale',0.00,0,4.00,NULL,0.00,0.00,0.00,0.00),(66,96,11,1.00,0.00,0.00,'2025-10-13 22:35:02',NULL,0.00,'wholesale',0.00,0,1.00,NULL,0.00,0.00,0.00,0.00),(67,96,10,2.00,0.00,0.00,'2025-10-13 22:35:02','2025-10-15 20:18:30',0.00,'wholesale',0.00,0,2.00,NULL,0.00,0.00,0.00,0.00),(70,99,25,2.00,0.00,0.00,'2025-10-13 23:09:35',NULL,0.00,'wholesale',0.00,0,2.00,NULL,0.00,0.00,0.00,0.00),(71,100,20,2.00,0.00,0.00,'2025-10-22 08:44:52',NULL,0.00,'wholesale',0.00,0,2.00,NULL,0.00,0.00,0.00,0.00),(72,100,18,2.00,0.00,0.26,'2025-10-22 08:44:52',NULL,0.00,'wholesale',0.00,0,2.00,NULL,0.00,0.00,0.00,0.00),(73,101,36,2.00,40.00,10.00,'2025-10-23 12:23:17','2025-12-06 15:59:39',20.00,'wholesale',0.00,0,2.00,NULL,0.00,0.00,0.00,0.00),(74,102,36,1.00,20.00,10.00,'2025-10-23 12:28:28','2025-12-06 15:59:39',20.00,'wholesale',0.00,0,1.00,NULL,0.00,0.00,0.00,0.00),(76,103,25,1.00,0.00,0.00,'2025-10-23 12:30:33','2025-10-25 05:12:48',0.00,'wholesale',0.00,0,1.00,NULL,0.00,0.00,0.00,0.00),(77,104,36,1.00,20.00,10.00,'2025-10-23 13:13:10','2025-12-06 15:59:39',20.00,'wholesale',0.00,0,1.00,NULL,0.00,0.00,0.00,0.00),(80,105,36,1.00,100.00,18.00,'2025-10-23 19:01:15','2025-12-06 15:59:39',100.00,'wholesale',0.00,0,1.00,NULL,0.00,0.00,0.00,0.00),(82,106,36,1.00,200.00,62.50,'2025-10-23 19:06:04','2025-12-06 15:59:39',200.00,'wholesale',0.00,0,1.00,NULL,0.00,0.00,0.00,0.00),(83,107,36,1.00,200.00,100.00,'2025-10-24 11:17:38','2025-12-06 15:59:39',200.00,'wholesale',0.00,0,1.00,NULL,0.00,0.00,0.00,0.00),(84,108,36,7.00,1400.00,100.00,'2025-10-24 11:19:05','2025-12-06 15:59:39',200.00,'wholesale',0.00,0,7.00,NULL,0.00,0.00,0.00,0.00),(85,108,18,1.00,0.00,0.00,'2025-10-24 11:19:05',NULL,0.00,'wholesale',0.00,0,1.00,NULL,0.00,0.00,0.00,0.00),(86,109,36,2.00,400.00,70.00,'2025-10-25 04:18:30','2025-12-06 15:59:39',200.00,'wholesale',0.00,0,2.00,NULL,0.00,0.00,0.00,0.00),(87,110,36,1.00,200.00,83.33,'2025-10-25 04:27:44','2025-12-06 15:59:39',200.00,'wholesale',0.00,0,1.00,NULL,0.00,0.00,0.00,0.00),(88,111,36,2.00,400.00,18.00,'2025-10-25 04:56:10','2025-12-06 15:59:39',200.00,'wholesale',0.00,0,2.00,NULL,0.00,0.00,0.00,0.00),(89,112,37,4.00,400.00,20.00,'2025-10-25 05:04:30','2025-12-06 15:59:39',100.00,'wholesale',0.00,0,4.00,NULL,0.00,0.00,0.00,0.00),(90,113,37,1.00,100.00,26.00,'2025-10-25 05:05:40','2025-12-06 15:59:39',100.00,'wholesale',0.00,0,1.00,NULL,0.00,0.00,0.00,0.00),(91,114,37,4.00,400.00,26.00,'2025-10-25 05:24:17','2025-12-06 15:59:39',100.00,'wholesale',0.00,0,4.00,NULL,0.00,0.00,0.00,0.00),(92,115,37,1.00,100.00,20.00,'2025-10-25 19:23:55','2025-12-06 15:59:39',100.00,'wholesale',0.00,0,1.00,NULL,0.00,0.00,0.00,0.00),(93,116,37,1.00,100.00,10.00,'2025-10-25 21:02:14','2025-12-06 15:59:39',100.00,'wholesale',0.00,0,1.00,NULL,0.00,0.00,0.00,0.00),(94,117,37,1.00,100.00,10.00,'2025-10-25 21:06:16','2025-12-06 15:59:39',100.00,'wholesale',0.00,0,1.00,NULL,0.00,0.00,0.00,0.00),(95,118,37,2.00,200.00,10.00,'2025-10-25 21:17:13','2025-12-06 15:59:39',100.00,'wholesale',0.00,0,2.00,NULL,0.00,0.00,0.00,0.00),(96,119,37,3.00,300.00,20.00,'2025-10-25 21:22:19','2025-12-06 15:59:39',100.00,'wholesale',0.00,0,3.00,NULL,0.00,0.00,0.00,0.00),(97,120,37,3.00,300.00,10.00,'2025-10-25 21:33:43','2025-12-06 15:59:39',100.00,'wholesale',0.00,0,3.00,NULL,0.00,0.00,0.00,0.00),(98,121,37,1.00,80.00,50.00,'2025-10-25 22:17:39','2025-12-06 15:59:39',80.00,'wholesale',0.00,0,1.00,NULL,0.00,0.00,0.00,0.00),(99,122,37,11.00,1100.00,82.73,'2025-10-26 10:49:44','2025-12-06 15:59:39',100.00,'wholesale',0.00,0,11.00,NULL,0.00,0.00,0.00,0.00),(100,126,36,1.00,20.00,10.00,'2025-11-03 19:43:19','2025-12-06 15:59:39',20.00,'wholesale',0.00,0,1.00,NULL,0.00,0.00,0.00,0.00),(101,127,36,1.00,20.00,10.00,'2025-11-03 19:55:26','2025-12-06 15:59:39',20.00,'wholesale',0.00,0,1.00,NULL,0.00,0.00,0.00,0.00),(102,128,36,1.00,20.00,10.00,'2025-11-03 20:26:02','2025-12-06 15:59:39',20.00,'wholesale',0.00,0,1.00,NULL,0.00,0.00,0.00,0.00),(103,129,36,1.00,20.00,10.00,'2025-11-05 12:57:23','2025-12-06 15:59:39',20.00,'wholesale',0.00,0,1.00,NULL,0.00,0.00,0.00,0.00),(104,130,36,1.00,20.00,50.00,'2025-11-05 12:57:35','2025-12-06 15:59:39',20.00,'wholesale',0.00,0,1.00,NULL,0.00,0.00,0.00,0.00),(105,131,39,1.00,20.00,10.00,'2025-11-05 15:14:47','2025-12-06 15:59:39',20.00,'wholesale',0.00,0,1.00,NULL,0.00,0.00,0.00,0.00),(106,132,39,1.00,150.00,10.00,'2025-11-05 22:39:18','2025-12-06 15:59:39',150.00,'wholesale',0.00,0,1.00,NULL,0.00,0.00,0.00,0.00),(107,133,36,7.00,140.00,142.86,'2025-11-06 10:55:45','2025-12-06 15:59:39',20.00,'wholesale',0.00,0,7.00,NULL,0.00,0.00,0.00,0.00),(108,134,40,11.00,1650.00,20.91,'2025-11-08 16:02:18','2025-12-06 15:59:39',150.00,'wholesale',0.00,0,11.00,NULL,0.00,0.00,0.00,0.00),(109,136,41,10.00,110.00,10.00,'2025-11-08 17:20:39','2025-12-06 15:59:39',11.00,'wholesale',0.00,0,10.00,NULL,0.00,0.00,0.00,0.00),(110,137,41,6.00,84.00,10.33,'2025-11-08 17:41:11','2025-12-06 15:59:39',14.00,'wholesale',0.00,0,6.00,NULL,0.00,0.00,0.00,0.00),(111,138,41,1.00,14.00,12.00,'2025-11-09 10:21:43','2025-12-06 15:59:39',14.00,'wholesale',0.00,0,1.00,NULL,0.00,0.00,0.00,0.00),(112,139,39,1.00,20.00,10.00,'2025-11-09 15:10:19','2025-12-06 15:59:39',20.00,'wholesale',0.00,0,1.00,NULL,0.00,0.00,0.00,0.00),(114,140,36,1.00,100.00,10.00,'2025-11-09 21:18:16','2025-12-06 15:59:39',100.00,'wholesale',0.00,0,1.00,NULL,0.00,0.00,0.00,0.00),(115,153,42,1.00,1100.00,100.00,'2025-11-17 18:07:01','2025-12-06 15:59:39',1100.00,'wholesale',0.00,0,1.00,NULL,0.00,0.00,0.00,0.00),(116,154,36,1.00,120.00,100.00,'2025-11-17 18:10:57','2025-12-06 15:59:39',120.00,'retail',0.00,0,1.00,NULL,0.00,0.00,0.00,0.00),(117,155,36,1.00,20.00,100.00,'2025-11-17 18:13:19','2025-12-06 15:59:39',20.00,'wholesale',0.00,0,1.00,NULL,0.00,0.00,0.00,0.00),(118,156,36,1.00,20.00,100.00,'2025-11-17 18:15:08','2025-12-06 15:59:39',20.00,'wholesale',0.00,0,1.00,NULL,0.00,0.00,0.00,0.00),(119,157,42,1.00,1200.00,100.00,'2025-11-17 18:48:12','2025-12-06 15:59:39',1200.00,'retail',0.00,0,1.00,NULL,0.00,0.00,0.00,0.00),(120,158,36,1.00,20.00,100.00,'2025-11-17 18:55:57','2025-12-06 15:59:39',20.00,'wholesale',0.00,0,1.00,NULL,0.00,0.00,0.00,0.00),(121,159,36,3.00,60.00,200.00,'2025-11-17 19:00:54','2025-12-06 15:59:39',20.00,'wholesale',0.00,0,3.00,NULL,0.00,0.00,0.00,0.00),(122,160,42,1.00,1200.00,100.00,'2025-11-17 19:01:59','2025-12-06 15:59:39',1200.00,'retail',0.00,0,1.00,NULL,0.00,0.00,0.00,0.00),(123,161,42,1.00,1200.00,100.00,'2025-11-17 21:30:18','2025-12-06 15:59:39',1200.00,'retail',0.00,0,1.00,NULL,0.00,0.00,0.00,0.00),(126,164,43,1.00,20.00,10.00,'2025-11-17 22:49:46','2025-12-06 15:59:39',20.00,'wholesale',0.00,0,1.00,NULL,0.00,0.00,0.00,0.00),(127,165,42,1.00,1100.00,100.00,'2025-11-17 22:51:19','2025-12-06 15:59:39',1100.00,'wholesale',0.00,0,1.00,NULL,0.00,0.00,0.00,0.00),(128,166,42,1.00,1200.00,100.00,'2025-11-18 09:37:07','2025-12-06 15:59:39',1200.00,'retail',0.00,0,1.00,NULL,0.00,0.00,0.00,0.00),(129,167,42,2.00,2400.00,100.00,'2025-11-18 10:24:10','2025-12-06 15:59:39',1200.00,'retail',0.00,0,2.00,NULL,0.00,0.00,0.00,0.00),(130,168,42,5.00,6000.00,100.00,'2025-11-18 10:26:34','2025-12-06 15:59:39',1200.00,'retail',0.00,0,5.00,NULL,0.00,0.00,0.00,0.00),(131,169,41,5.00,70.00,5.00,'2025-11-18 10:29:43','2025-12-06 15:59:39',14.00,'wholesale',0.00,0,5.00,NULL,0.00,0.00,0.00,0.00),(132,170,42,5.00,5500.00,100.00,'2025-11-18 10:32:42','2025-12-06 15:59:39',1100.00,'wholesale',0.00,0,5.00,NULL,0.00,0.00,0.00,0.00),(133,171,42,1.00,1100.00,100.00,'2025-11-18 10:37:09','2025-12-06 15:59:39',1100.00,'wholesale',0.00,0,1.00,NULL,0.00,0.00,0.00,0.00),(134,172,40,1.00,150.00,30.00,'2025-11-18 10:42:40','2025-12-06 15:59:39',150.00,'retail',0.00,0,1.00,NULL,0.00,0.00,0.00,0.00),(135,173,42,1.00,1100.00,100.00,'2025-11-18 10:48:55','2025-12-06 15:59:39',1100.00,'wholesale',0.00,0,1.00,NULL,0.00,0.00,0.00,0.00),(136,174,41,2.00,400.00,5.00,'2025-11-18 11:30:58','2025-12-06 15:59:39',200.00,'wholesale',0.00,0,2.00,NULL,0.00,0.00,0.00,0.00),(137,175,41,1.00,14.00,5.00,'2025-11-18 11:31:31','2025-12-06 15:59:39',14.00,'wholesale',0.00,0,1.00,NULL,0.00,0.00,0.00,0.00),(138,176,41,1.00,14.00,5.00,'2025-11-18 11:32:24','2025-12-06 15:59:39',14.00,'wholesale',0.00,0,1.00,NULL,0.00,0.00,0.00,0.00),(139,177,42,2.00,2200.00,100.00,'2025-11-18 11:34:13','2025-12-06 15:59:39',1100.00,'wholesale',0.00,0,2.00,NULL,0.00,0.00,0.00,0.00),(140,178,43,1.00,20.00,10.00,'2025-11-18 11:35:31','2025-12-06 15:59:39',20.00,'wholesale',0.00,0,1.00,NULL,0.00,0.00,0.00,0.00),(141,179,43,1.00,20.00,10.00,'2025-11-18 11:38:36','2025-12-06 15:59:39',20.00,'wholesale',0.00,0,1.00,NULL,0.00,0.00,0.00,0.00),(142,180,42,1.00,1100.00,100.00,'2025-11-18 11:44:30','2025-12-06 15:59:39',1100.00,'wholesale',0.00,0,1.00,NULL,0.00,0.00,0.00,0.00),(143,181,43,1.00,20.00,10.00,'2025-11-18 11:45:04','2025-12-06 15:59:39',20.00,'wholesale',0.00,0,1.00,NULL,0.00,0.00,0.00,0.00),(144,182,42,1.00,1200.00,100.00,'2025-11-18 11:45:40','2025-12-06 15:59:39',1200.00,'retail',0.00,0,1.00,NULL,0.00,0.00,0.00,0.00),(145,183,42,1.00,1200.00,100.00,'2025-11-18 11:45:50','2025-12-06 15:59:39',1200.00,'retail',0.00,0,1.00,NULL,0.00,0.00,0.00,0.00),(146,184,43,1.00,20.00,10.00,'2025-11-18 11:52:29','2025-12-06 15:59:39',20.00,'wholesale',0.00,0,1.00,NULL,0.00,0.00,0.00,0.00),(147,185,42,1.00,1100.00,100.00,'2025-11-18 11:55:33','2025-12-06 15:59:39',1100.00,'wholesale',0.00,0,1.00,NULL,0.00,0.00,0.00,0.00),(148,186,42,1.00,1200.00,100.00,'2025-11-18 11:57:54','2025-12-06 15:59:39',1200.00,'retail',0.00,0,1.00,NULL,0.00,0.00,0.00,0.00),(149,187,42,1.00,1200.00,100.00,'2025-11-18 11:59:08','2025-12-06 15:59:39',1200.00,'retail',0.00,0,1.00,NULL,0.00,0.00,0.00,0.00),(150,188,42,1.00,1100.00,100.00,'2025-11-18 12:01:00','2025-12-06 15:59:39',1100.00,'wholesale',0.00,0,1.00,NULL,0.00,0.00,0.00,0.00),(151,189,42,1.00,1100.00,100.00,'2025-11-18 12:03:48','2025-12-06 15:59:39',1100.00,'wholesale',0.00,0,1.00,NULL,0.00,0.00,0.00,0.00),(152,190,42,1.00,1100.00,100.00,'2025-11-18 12:07:41','2025-12-06 15:59:39',1100.00,'wholesale',0.00,0,1.00,NULL,0.00,0.00,0.00,0.00),(153,191,42,1.00,1100.00,100.00,'2025-11-18 12:13:02','2025-12-06 15:59:39',1100.00,'wholesale',0.00,0,1.00,NULL,0.00,0.00,0.00,0.00),(154,192,42,1.00,1100.00,100.00,'2025-11-18 12:13:29','2025-12-06 15:59:39',1100.00,'wholesale',0.00,0,1.00,NULL,0.00,0.00,0.00,0.00),(155,193,42,1.00,1100.00,100.00,'2025-11-18 12:19:45','2025-12-06 15:59:39',1100.00,'wholesale',0.00,0,1.00,NULL,0.00,0.00,0.00,0.00),(156,194,42,1.00,1200.00,100.00,'2025-11-18 12:26:55','2025-12-06 15:59:39',1200.00,'retail',0.00,0,1.00,NULL,0.00,0.00,0.00,0.00),(157,195,42,1.00,1200.00,100.00,'2025-11-18 12:29:16','2025-12-06 15:59:39',1200.00,'retail',0.00,0,1.00,NULL,0.00,0.00,0.00,0.00),(158,196,42,1.00,1200.00,100.00,'2025-11-18 12:36:52','2025-12-06 15:59:39',1200.00,'retail',0.00,0,1.00,NULL,0.00,0.00,0.00,0.00),(159,197,42,1.00,1100.00,100.00,'2025-11-18 12:37:31','2025-12-06 15:59:39',1100.00,'wholesale',0.00,0,1.00,NULL,0.00,0.00,0.00,0.00),(160,198,43,1.00,20.00,10.00,'2025-11-18 12:42:04','2025-12-06 15:59:39',20.00,'wholesale',0.00,0,1.00,NULL,0.00,0.00,0.00,0.00),(161,199,42,1.00,1100.00,100.00,'2025-11-18 13:25:54','2025-12-06 15:59:39',1100.00,'wholesale',0.00,0,1.00,NULL,0.00,0.00,0.00,0.00),(162,200,42,1.00,1100.00,100.00,'2025-11-18 13:27:36','2025-12-06 15:59:39',1100.00,'wholesale',0.00,0,1.00,NULL,0.00,0.00,0.00,0.00),(163,201,43,1.00,1000.00,10.00,'2025-11-18 13:29:40','2025-12-06 15:59:39',1000.00,'wholesale',0.00,0,1.00,NULL,0.00,0.00,0.00,0.00),(164,202,43,1.00,50.00,10.00,'2025-11-18 13:30:57','2025-12-06 15:59:39',50.00,'wholesale',0.00,0,1.00,NULL,0.00,0.00,0.00,0.00),(165,203,42,1.00,1100.00,100.00,'2025-11-18 13:31:49','2025-12-06 15:59:39',1100.00,'wholesale',0.00,0,1.00,NULL,0.00,0.00,0.00,0.00),(166,204,42,1.00,1100.00,100.00,'2025-11-18 13:47:32','2025-12-06 15:59:39',1100.00,'wholesale',0.00,0,1.00,NULL,0.00,0.00,0.00,0.00),(167,205,43,1.00,20.00,10.00,'2025-11-18 13:48:29','2025-12-06 15:59:39',20.00,'wholesale',0.00,0,1.00,NULL,0.00,0.00,0.00,0.00),(168,206,42,1.00,1200.00,100.00,'2025-11-18 13:49:12','2025-12-06 15:59:39',1200.00,'retail',0.00,0,1.00,NULL,0.00,0.00,0.00,0.00),(169,207,42,1.00,1200.00,100.00,'2025-11-18 13:53:01','2025-12-06 15:59:39',1200.00,'retail',0.00,0,1.00,NULL,0.00,0.00,0.00,0.00),(170,208,42,1.00,1200.00,100.00,'2025-11-18 13:54:37','2025-12-06 15:59:39',1200.00,'retail',0.00,0,1.00,NULL,0.00,0.00,0.00,0.00),(171,209,42,1.00,1100.00,100.00,'2025-11-18 13:57:25','2025-12-06 15:59:39',1100.00,'wholesale',0.00,0,1.00,NULL,0.00,0.00,0.00,0.00),(172,210,42,1.00,1200.00,100.00,'2025-11-18 14:01:02','2025-12-06 15:59:39',1200.00,'retail',0.00,0,1.00,NULL,0.00,0.00,0.00,0.00),(173,211,42,1.00,1200.00,100.00,'2025-11-18 14:04:40','2025-12-06 15:59:39',1200.00,'retail',0.00,0,1.00,NULL,0.00,0.00,0.00,0.00),(174,212,42,1.00,1200.00,100.00,'2025-11-18 14:09:51','2025-12-06 15:59:39',1200.00,'retail',0.00,0,1.00,NULL,0.00,0.00,0.00,0.00),(175,213,42,1.00,1100.00,100.00,'2025-11-18 14:11:41','2025-12-06 15:59:39',1100.00,'wholesale',0.00,0,1.00,NULL,0.00,0.00,0.00,0.00),(176,214,42,1.00,1100.00,1000.00,'2025-11-18 14:26:39','2025-12-06 15:59:39',1100.00,'wholesale',0.00,0,1.00,NULL,0.00,0.00,0.00,0.00),(177,215,42,1.00,1100.00,1000.00,'2025-11-18 17:35:18','2025-12-06 15:59:39',1100.00,'wholesale',0.00,0,1.00,NULL,0.00,0.00,0.00,0.00),(178,216,45,1.00,175.00,150.00,'2025-11-18 19:41:28','2025-12-06 15:59:39',175.00,'wholesale',0.00,0,1.00,NULL,0.00,0.00,0.00,0.00),(179,216,46,200.00,600.00,1.50,'2025-11-18 19:41:28','2025-12-06 15:59:39',3.00,'wholesale',0.00,0,200.00,NULL,0.00,0.00,0.00,0.00),(180,217,45,1.00,175.00,150.00,'2025-11-18 19:42:41','2025-12-06 15:59:39',175.00,'wholesale',0.00,0,1.00,NULL,0.00,0.00,0.00,0.00),(181,218,45,1.00,175.00,150.00,'2025-11-24 05:06:29','2025-12-06 15:59:39',175.00,'wholesale',0.00,0,1.00,NULL,0.00,0.00,0.00,0.00),(182,219,45,1.00,175.00,150.00,'2025-11-24 05:07:11','2025-12-06 15:59:39',175.00,'wholesale',0.00,0,1.00,NULL,0.00,0.00,0.00,0.00),(183,220,43,1.00,30.00,10.00,'2025-11-24 05:09:53','2025-12-06 15:59:39',30.00,'retail',0.00,0,1.00,NULL,0.00,0.00,0.00,0.00),(184,221,45,1.00,175.00,150.00,'2025-11-24 05:10:42','2025-12-06 15:59:39',175.00,'wholesale',0.00,0,1.00,NULL,0.00,0.00,0.00,0.00),(185,222,45,1.00,175.00,150.00,'2025-11-24 05:14:46','2025-12-06 15:59:39',175.00,'wholesale',0.00,0,1.00,NULL,0.00,0.00,0.00,0.00),(186,223,45,1.00,175.00,150.00,'2025-11-24 05:16:56','2025-12-06 15:59:39',175.00,'wholesale',0.00,0,1.00,NULL,0.00,0.00,0.00,0.00),(187,224,45,1.00,175.00,150.00,'2025-11-24 06:12:06','2025-12-06 15:59:39',175.00,'wholesale',0.00,0,1.00,NULL,0.00,0.00,0.00,0.00),(188,225,39,1.00,150.00,10.00,'2025-11-24 06:14:15','2025-12-06 15:59:39',150.00,'retail',0.00,0,1.00,NULL,0.00,0.00,0.00,0.00),(189,226,39,1.00,150.00,10.00,'2025-11-24 06:15:13','2025-12-06 15:59:39',150.00,'retail',0.00,0,1.00,NULL,0.00,0.00,0.00,0.00),(190,227,41,1.00,15.00,5.00,'2025-11-24 06:20:58','2025-12-06 15:59:39',15.00,'retail',0.00,0,1.00,NULL,0.00,0.00,0.00,0.00),(191,228,41,1.00,14.00,6.00,'2025-11-24 06:22:01','2025-12-06 15:59:39',14.00,'wholesale',0.00,0,1.00,NULL,0.00,0.00,0.00,0.00),(192,229,39,1.00,150.00,10.00,'2025-11-24 06:26:04','2025-12-06 15:59:39',150.00,'retail',0.00,0,1.00,NULL,0.00,0.00,0.00,0.00),(193,230,41,1.00,15.00,6.00,'2025-11-24 06:26:46','2025-12-06 15:59:39',15.00,'retail',0.00,0,1.00,NULL,0.00,0.00,0.00,0.00),(194,231,41,1.00,14.00,6.00,'2025-11-24 06:30:33','2025-12-06 15:59:39',14.00,'wholesale',0.00,0,1.00,NULL,0.00,0.00,0.00,0.00),(195,232,41,1.00,14.00,6.00,'2025-11-24 06:37:38','2025-12-06 16:07:54',14.00,'wholesale',0.50,0,0.50,NULL,0.00,0.00,0.00,0.00),(196,233,41,1.00,11.20,6.00,'2025-11-24 07:02:39','2025-12-09 21:36:48',14.00,'wholesale',0.20,0,0.80,NULL,0.00,0.00,0.00,0.00),(199,238,13,1.00,15.00,0.00,'2025-12-15 20:50:35',NULL,15.00,'wholesale',0.00,0,1.00,NULL,0.00,0.00,0.00,0.00),(200,239,11,1.00,15.00,0.00,'2025-12-15 20:58:37',NULL,15.00,'wholesale',0.00,0,1.00,NULL,0.00,0.00,0.00,0.00),(203,246,11,1.00,15.00,0.00,'2025-12-15 21:30:26',NULL,15.00,'wholesale',0.00,0,1.00,NULL,0.00,0.00,0.00,0.00),(204,247,11,1.00,15.00,0.00,'2025-12-15 21:38:18',NULL,15.00,'wholesale',0.00,0,1.00,NULL,0.00,0.00,0.00,0.00),(205,248,12,1.00,15.00,0.00,'2025-12-15 21:46:32',NULL,15.00,'wholesale',0.00,0,1.00,NULL,0.00,0.00,0.00,0.00),(206,248,12,1.00,25.00,0.00,'2025-12-15 21:46:32',NULL,25.00,'retail',0.00,0,1.00,NULL,0.00,0.00,0.00,0.00),(207,252,18,3.00,45.00,0.52,'2025-12-15 22:09:31',NULL,15.00,'wholesale',0.00,0,3.00,NULL,0.00,0.00,0.00,0.00),(208,254,37,1.00,100.00,90.00,'2025-12-15 22:16:55',NULL,100.00,'wholesale',0.00,0,1.00,NULL,0.00,0.00,0.00,0.00),(209,256,10,1.00,15.00,0.00,'2025-12-15 22:28:06',NULL,15.00,'wholesale',0.00,0,1.00,NULL,0.00,0.00,0.00,0.00),(210,257,20,1.00,15.00,0.00,'2025-12-15 22:38:29',NULL,15.00,'wholesale',0.00,0,1.00,NULL,0.00,0.00,0.00,0.00),(211,261,18,1.00,15.00,0.52,'2025-12-16 09:10:23',NULL,15.00,'wholesale',0.00,0,1.00,NULL,0.00,0.00,0.00,0.00),(212,262,18,1.00,15.00,0.52,'2025-12-16 09:16:31',NULL,15.00,'wholesale',0.00,0,1.00,NULL,0.00,0.00,0.00,0.00),(213,263,18,1.00,15.00,0.52,'2025-12-16 09:17:57',NULL,15.00,'wholesale',0.00,0,1.00,NULL,0.00,0.00,0.00,0.00),(214,272,22,1.00,15.00,10.00,'2025-12-16 09:31:34',NULL,15.00,'wholesale',0.00,0,1.00,NULL,0.00,0.00,0.00,0.00),(215,273,18,1.00,15.00,0.52,'2025-12-16 09:34:46',NULL,15.00,'wholesale',0.00,0,1.00,NULL,0.00,0.00,0.00,0.00),(216,274,14,1.00,500.00,50.00,'2025-12-16 15:47:37',NULL,500.00,'wholesale',0.00,0,1.00,NULL,0.00,0.00,0.00,0.00),(217,275,14,1.00,500.00,50.00,'2025-12-16 15:48:25',NULL,500.00,'wholesale',0.00,0,1.00,NULL,0.00,0.00,0.00,0.00),(218,276,15,1.00,250.00,100.00,'2025-12-16 15:53:31',NULL,250.00,'wholesale',0.00,0,1.00,NULL,0.00,0.00,0.00,0.00),(219,277,16,1.00,250.00,30.00,'2025-12-16 15:56:22',NULL,250.00,'wholesale',0.00,0,1.00,NULL,0.00,0.00,0.00,0.00),(220,278,16,1.00,250.00,30.00,'2025-12-16 15:58:34',NULL,250.00,'wholesale',0.00,0,1.00,NULL,0.00,0.00,0.00,0.00),(221,279,16,1.00,150.00,30.00,'2025-12-16 16:03:49',NULL,150.00,'wholesale',0.00,0,1.00,NULL,0.00,0.00,0.00,0.00),(223,281,14,1.00,120.00,50.00,'2025-12-16 16:21:48',NULL,120.00,'wholesale',0.00,0,1.00,NULL,0.00,0.00,0.00,0.00),(225,283,15,1.00,210.00,100.00,'2025-12-16 16:26:28',NULL,210.00,'wholesale',0.00,0,1.00,NULL,0.00,0.00,0.00,0.00),(226,284,15,1.00,105.00,100.00,'2025-12-16 16:42:39',NULL,105.00,'wholesale',0.00,0,1.00,NULL,0.00,0.00,0.00,0.00),(227,285,22,1.00,15.00,10.00,'2025-12-17 08:52:50',NULL,15.00,'wholesale',0.00,0,1.00,NULL,0.00,0.00,0.00,0.00),(228,286,40,1.00,20.00,30.00,'2025-12-17 08:54:47',NULL,20.00,'wholesale',0.00,0,1.00,NULL,0.00,0.00,0.00,0.00),(229,287,12,1.00,120.00,15.00,'2025-12-17 08:57:29',NULL,120.00,'wholesale',0.00,0,1.00,NULL,0.00,0.00,0.00,0.00),(230,288,13,1.00,150.00,52.00,'2025-12-17 09:01:32',NULL,150.00,'wholesale',0.00,0,1.00,NULL,0.00,0.00,0.00,0.00),(231,289,12,1.00,120.00,15.00,'2025-12-17 09:05:51',NULL,120.00,'wholesale',0.00,0,1.00,NULL,0.00,0.00,0.00,0.00),(232,290,13,1.00,150.00,52.00,'2025-12-17 09:08:34',NULL,150.00,'wholesale',0.00,0,1.00,NULL,0.00,0.00,0.00,0.00),(233,291,13,1.00,120.00,52.00,'2025-12-17 09:12:15',NULL,120.00,'wholesale',0.00,0,1.00,NULL,0.00,0.00,0.00,0.00),(234,292,25,1.00,100.00,0.00,'2025-12-17 10:51:49',NULL,100.00,'wholesale',0.00,0,1.00,NULL,0.00,0.00,0.00,0.00),(235,293,13,1.00,100.00,52.00,'2025-12-17 10:54:26',NULL,100.00,'wholesale',0.00,0,1.00,NULL,0.00,0.00,0.00,0.00),(236,294,12,1.00,150.00,15.00,'2025-12-17 11:06:00',NULL,150.00,'wholesale',0.00,0,1.00,NULL,0.00,0.00,0.00,0.00),(237,295,15,1.00,15.00,100.00,'2025-12-17 11:41:34',NULL,15.00,'wholesale',0.00,0,1.00,NULL,0.00,0.00,0.00,0.00),(242,298,15,1.00,15.00,100.00,'2025-12-17 11:51:06',NULL,15.00,'wholesale',0.00,0,1.00,NULL,0.00,0.00,0.00,0.00),(244,300,15,1.00,150.00,100.00,'2025-12-17 12:00:00',NULL,150.00,'wholesale',0.00,0,1.00,NULL,0.00,0.00,0.00,0.00),(249,305,15,1.00,15.00,100.00,'2025-12-17 12:18:23',NULL,15.00,'wholesale',0.00,0,1.00,NULL,0.00,0.00,0.00,0.00),(250,306,15,1.00,15.00,100.00,'2025-12-17 12:18:55',NULL,15.00,'wholesale',0.00,0,1.00,NULL,0.00,0.00,0.00,0.00),(251,307,25,1.00,100.00,0.00,'2025-12-17 12:31:24',NULL,100.00,'wholesale',0.00,0,1.00,NULL,0.00,0.00,0.00,0.00),(253,309,12,1.00,150.00,15.00,'2025-12-17 12:51:53',NULL,150.00,'wholesale',0.00,0,1.00,NULL,0.00,0.00,0.00,0.00),(254,310,11,1.00,15.00,0.00,'2025-12-17 12:57:21',NULL,15.00,'wholesale',0.00,0,1.00,NULL,0.00,0.00,0.00,0.00),(255,311,25,1.00,15.00,0.00,'2025-12-17 13:03:20',NULL,15.00,'wholesale',0.00,0,1.00,NULL,0.00,0.00,0.00,0.00),(256,312,15,1.00,150.00,100.00,'2025-12-17 15:19:42',NULL,150.00,'wholesale',0.00,0,1.00,NULL,0.00,0.00,0.00,0.00),(257,313,10,1.00,150.00,0.00,'2025-12-17 15:21:14',NULL,150.00,'wholesale',0.00,0,1.00,NULL,0.00,0.00,0.00,0.00),(258,314,25,1.00,100.00,0.00,'2025-12-17 15:36:33',NULL,100.00,'wholesale',0.00,0,1.00,NULL,0.00,0.00,0.00,0.00),(261,317,25,1.00,100.00,0.00,'2025-12-17 15:45:36',NULL,100.00,'wholesale',0.00,0,1.00,NULL,0.00,0.00,0.00,0.00),(262,318,10,1.00,150.00,0.00,'2025-12-17 15:49:05',NULL,150.00,'wholesale',0.00,0,1.00,NULL,0.00,0.00,0.00,0.00),(263,319,15,1.00,150.00,100.00,'2025-12-17 16:16:46',NULL,150.00,'wholesale',0.00,0,1.00,NULL,0.00,0.00,0.00,0.00),(264,320,22,1.00,150.00,10.00,'2025-12-18 13:56:24',NULL,150.00,'wholesale',0.00,0,1.00,NULL,0.00,0.00,0.00,0.00),(265,321,10,1.00,150.00,10.00,'2025-12-20 15:08:31',NULL,150.00,'wholesale',0.00,0,1.00,NULL,0.00,0.00,0.00,0.00),(266,322,20,1.00,150.00,0.00,'2025-12-20 15:08:55',NULL,150.00,'wholesale',0.00,0,1.00,NULL,0.00,0.00,0.00,0.00),(267,323,15,1.00,170.00,100.00,'2025-12-20 15:09:31',NULL,170.00,'wholesale',0.00,0,1.00,NULL,0.00,0.00,0.00,0.00),(268,324,15,1.00,150.00,100.00,'2025-12-20 19:21:33',NULL,150.00,'wholesale',0.00,0,1.00,NULL,0.00,0.00,0.00,0.00),(269,325,15,1.00,15.00,100.00,'2025-12-20 19:25:46',NULL,15.00,'wholesale',0.00,0,1.00,NULL,0.00,0.00,0.00,0.00),(270,325,15,1.00,250.00,100.00,'2025-12-20 19:25:46',NULL,250.00,'retail',0.00,0,1.00,NULL,0.00,0.00,0.00,0.00),(271,326,15,1.00,150.00,100.00,'2025-12-20 20:05:01',NULL,150.00,'wholesale',0.00,0,1.00,NULL,0.00,0.00,0.00,0.00),(272,327,23,1.00,125.00,50.00,'2025-12-20 20:10:32',NULL,125.00,'wholesale',0.00,0,1.00,NULL,0.00,0.00,0.00,0.00),(273,327,23,1.00,150.00,50.00,'2025-12-20 20:10:32',NULL,150.00,'retail',0.00,0,1.00,NULL,0.00,0.00,0.00,0.00),(274,328,16,1.00,150.00,30.00,'2025-12-21 11:17:18',NULL,150.00,'wholesale',0.00,0,1.00,NULL,0.00,0.00,0.00,0.00),(275,329,13,1.00,15.00,52.00,'2025-12-21 11:17:56',NULL,15.00,'wholesale',0.00,0,1.00,NULL,0.00,0.00,0.00,0.00),(276,329,46,1.00,120.00,1.50,'2025-12-21 11:17:56',NULL,120.00,'wholesale',0.00,0,1.00,NULL,0.00,0.00,0.00,0.00),(277,330,25,1.00,100.00,0.00,'2025-12-21 11:18:22',NULL,100.00,'wholesale',0.00,0,1.00,NULL,0.00,0.00,0.00,0.00),(278,330,23,1.00,150.00,50.00,'2025-12-21 11:18:22',NULL,150.00,'wholesale',0.00,0,1.00,NULL,0.00,0.00,0.00,0.00),(279,331,35,1.00,150.00,75.00,'2025-12-21 11:18:37',NULL,150.00,'wholesale',0.00,0,1.00,NULL,0.00,0.00,0.00,0.00),(280,332,46,1.00,150.00,1.50,'2025-12-22 10:14:32',NULL,150.00,'wholesale',0.00,0,1.00,NULL,0.00,0.00,0.00,0.00),(281,333,42,1.00,1100.00,1000.00,'2025-12-22 10:14:52',NULL,1100.00,'wholesale',0.00,0,1.00,NULL,0.00,0.00,0.00,0.00),(282,338,40,1.00,20.00,30.00,'2025-12-22 12:42:47','2025-12-24 13:11:09',20.00,'wholesale',1.00,1,0.00,'amount',0.00,0.00,20.00,20.00),(283,339,40,1.00,20.00,30.00,'2025-12-22 12:45:24','2025-12-22 15:27:23',20.00,'wholesale',0.00,0,1.00,'amount',5.00,5.00,15.00,15.00),(284,339,30,1.00,150.00,0.00,'2025-12-22 12:45:24','2025-12-22 15:27:23',150.00,'wholesale',0.00,0,1.00,'amount',150.00,150.00,0.00,0.00),(285,339,11,2.00,300.00,0.00,'2025-12-22 12:45:24',NULL,150.00,'wholesale',0.00,0,2.00,'amount',0.00,0.00,300.00,150.00),(286,339,13,1.00,150.00,52.00,'2025-12-22 12:45:24',NULL,150.00,'retail',0.00,0,1.00,'amount',0.00,0.00,150.00,150.00),(287,340,23,1.00,150.00,50.00,'2025-12-22 14:22:59','2025-12-25 14:54:34',150.00,'wholesale',1.00,1,0.00,'amount',0.00,0.00,150.00,150.00),(288,341,40,1.00,20.00,30.00,'2025-12-22 14:24:18',NULL,20.00,'wholesale',0.00,0,1.00,'amount',20.00,20.00,20.00,20.00),(289,341,23,1.00,150.00,50.00,'2025-12-22 14:24:18',NULL,150.00,'wholesale',0.00,0,1.00,'percent',10.00,15.00,150.00,150.00),(290,341,40,1.00,150.00,30.00,'2025-12-22 14:24:18',NULL,150.00,'retail',0.00,0,1.00,'amount',10.00,10.00,150.00,150.00),(291,342,40,1.00,20.00,30.00,'2025-12-22 14:49:35','2025-12-24 13:08:50',20.00,'wholesale',1.00,1,0.00,'amount',0.00,0.00,20.00,20.00),(292,342,40,1.00,20.00,30.00,'2025-12-22 14:49:35','2025-12-24 13:08:50',20.00,'wholesale',1.00,1,0.00,'amount',0.00,0.00,20.00,20.00),(293,343,40,2.00,40.00,30.00,'2025-12-22 14:50:58',NULL,20.00,'wholesale',0.00,0,2.00,'amount',10.00,10.00,40.00,20.00),(294,343,40,2.00,40.00,30.00,'2025-12-22 14:50:58',NULL,20.00,'wholesale',0.00,0,2.00,'amount',10.00,10.00,40.00,20.00),(295,344,28,1.00,150.00,0.00,'2025-12-22 14:53:54',NULL,150.00,'wholesale',0.00,0,1.00,'amount',0.00,0.00,150.00,150.00),(296,345,35,1.00,150.00,75.00,'2025-12-22 14:55:11',NULL,150.00,'wholesale',0.00,0,1.00,'amount',120.00,120.00,30.00,30.00),(297,346,35,1.00,150.00,75.00,'2025-12-22 15:02:14',NULL,150.00,'wholesale',0.00,0,1.00,'amount',5.00,5.00,145.00,145.00),(298,346,18,1.00,120.00,0.52,'2025-12-22 15:02:14',NULL,120.00,'wholesale',0.00,0,1.00,'amount',120.00,120.00,0.00,0.00),(299,346,30,1.00,150.00,0.00,'2025-12-22 15:02:14',NULL,150.00,'wholesale',0.00,0,1.00,'percent',20.00,30.00,120.00,120.00),(300,346,35,1.00,150.00,75.00,'2025-12-22 15:02:14',NULL,150.00,'retail',0.00,0,1.00,'amount',0.00,0.00,150.00,150.00),(301,347,46,1.00,3.00,1.50,'2025-12-22 15:19:26',NULL,3.00,'wholesale',0.00,0,1.00,'amount',0.00,0.00,3.00,3.00),(302,348,39,2.00,40.00,10.00,'2025-12-22 15:58:13','2025-12-27 10:11:56',20.00,'wholesale',2.00,1,0.00,'amount',10.00,10.00,30.00,15.00),(303,348,38,1.00,20.00,10.00,'2025-12-22 15:58:13',NULL,20.00,'wholesale',0.00,0,1.00,'amount',0.00,0.00,20.00,20.00),(304,348,28,1.00,1550.00,0.00,'2025-12-22 15:58:13',NULL,1550.00,'wholesale',0.00,0,1.00,'amount',0.00,0.00,1550.00,1550.00),(305,348,3,1.00,150.00,0.00,'2025-12-22 15:58:13',NULL,150.00,'wholesale',0.00,0,1.00,'amount',0.00,0.00,150.00,150.00),(306,348,21,1.00,150.00,0.00,'2025-12-22 15:58:13',NULL,150.00,'wholesale',0.00,0,1.00,'amount',0.00,0.00,150.00,150.00),(307,348,24,1.00,150.00,0.00,'2025-12-22 15:58:13',NULL,150.00,'wholesale',0.00,0,1.00,'amount',50.00,50.00,100.00,100.00),(308,349,46,1.00,150.00,1.50,'2025-12-22 17:41:46','2025-12-25 14:48:39',150.00,'wholesale',1.00,1,0.00,'percent',20.00,30.00,120.00,120.00),(309,349,39,1.00,1520.00,10.00,'2025-12-22 17:41:46','2025-12-25 14:48:39',1520.00,'wholesale',1.00,1,0.00,'amount',150.00,150.00,1370.00,1370.00),(310,350,44,5.00,600.00,50.00,'2025-12-23 04:39:33','2025-12-25 22:04:38',120.00,'wholesale',5.00,1,0.00,'amount',0.00,0.00,600.00,120.00),(311,351,9,1.00,150.00,0.00,'2025-12-23 11:12:21','2025-12-23 19:54:48',150.00,'wholesale',1.00,1,0.00,'amount',0.00,0.00,150.00,150.00),(312,352,21,1.00,150.00,0.00,'2025-12-23 15:55:23','2025-12-23 18:32:48',150.00,'wholesale',1.00,1,0.00,'amount',0.00,0.00,150.00,150.00),(313,353,43,3.00,450.00,10.00,'2025-12-23 19:58:57','2025-12-24 13:24:38',150.00,'wholesale',3.00,1,0.00,'amount',0.00,0.00,450.00,150.00),(314,353,44,1.00,120.00,70.00,'2025-12-23 19:58:57','2025-12-24 13:24:38',120.00,'wholesale',1.00,1,0.00,'amount',0.00,0.00,120.00,120.00),(315,353,35,5.00,750.00,75.00,'2025-12-23 19:58:57','2025-12-24 13:24:38',150.00,'wholesale',5.00,1,0.00,'amount',0.00,0.00,750.00,150.00),(316,353,28,1.00,150.00,0.00,'2025-12-23 19:58:57','2025-12-24 13:24:38',150.00,'wholesale',1.00,1,0.00,'amount',0.00,0.00,150.00,150.00),(317,354,43,2.00,300.00,10.00,'2025-12-23 20:08:23','2025-12-24 13:14:08',150.00,'wholesale',2.00,1,0.00,'amount',0.00,0.00,300.00,150.00),(318,355,44,3.00,360.00,85.00,'2025-12-23 20:14:59','2025-12-24 13:28:08',120.00,'wholesale',3.00,1,0.00,'amount',0.00,0.00,360.00,120.00),(319,356,44,3.00,600.00,133.33,'2025-12-23 20:42:12','2025-12-23 21:14:52',200.00,'wholesale',3.00,1,0.00,'amount',0.00,0.00,600.00,200.00),(320,357,44,3.00,900.00,200.00,'2025-12-23 21:20:13','2025-12-24 13:12:01',300.00,'wholesale',3.00,1,0.00,'amount',0.00,0.00,900.00,300.00),(321,358,44,3.00,1050.00,200.00,'2025-12-23 21:27:11','2025-12-24 13:04:33',350.00,'wholesale',3.00,1,0.00,'amount',0.00,0.00,1050.00,350.00),(322,359,20,3.00,4560.00,0.00,'2025-12-24 09:29:36','2025-12-24 13:29:27',1520.00,'wholesale',3.00,1,0.00,'amount',60.00,60.00,4500.00,1500.00),(323,360,44,1.00,252.00,250.00,'2025-12-24 09:37:54','2025-12-24 13:18:30',252.00,'wholesale',1.00,1,0.00,'amount',15.00,15.00,237.00,237.00),(324,361,43,5.00,750.00,10.00,'2025-12-24 10:32:15','2025-12-24 12:43:39',150.00,'wholesale',5.00,1,0.00,'amount',0.00,0.00,750.00,150.00),(325,362,16,3.00,450.00,30.00,'2025-12-24 12:55:34','2025-12-24 12:56:56',150.00,'wholesale',3.00,1,0.00,'amount',0.00,0.00,450.00,150.00),(326,363,28,2.00,300.00,0.00,'2025-12-24 15:56:05','2025-12-24 16:49:20',150.00,'wholesale',2.00,1,0.00,'amount',0.00,0.00,300.00,150.00),(327,363,34,3.00,450.00,80.00,'2025-12-24 15:56:05','2025-12-24 16:49:20',150.00,'wholesale',3.00,1,0.00,'amount',0.00,0.00,450.00,150.00),(328,364,44,6.00,1800.00,85.00,'2025-12-24 17:15:50','2025-12-25 14:51:21',300.00,'wholesale',6.00,1,0.00,'amount',0.00,0.00,1800.00,300.00),(329,365,34,1.00,1500.00,80.00,'2025-12-24 17:27:40','2025-12-24 17:28:42',1500.00,'wholesale',1.00,1,0.00,'amount',500.00,500.00,1000.00,1000.00),(330,365,39,2.00,240.00,10.00,'2025-12-24 17:27:40','2025-12-24 17:28:42',120.00,'wholesale',2.00,1,0.00,'percent',10.00,24.00,216.00,108.00),(331,366,33,2.00,3000.00,0.00,'2025-12-24 17:34:41','2025-12-25 05:31:55',1500.00,'wholesale',2.00,1,0.00,'amount',50.00,50.00,2950.00,1475.00),(332,366,42,2.00,2200.00,1000.00,'2025-12-24 17:34:41','2025-12-25 05:31:55',1100.00,'wholesale',2.00,1,0.00,'percent',20.00,440.00,1760.00,880.00),(333,367,28,4.00,800.00,0.00,'2025-12-25 06:59:16','2025-12-25 07:56:21',200.00,'wholesale',4.00,1,0.00,'percent',10.00,80.00,720.00,180.00),(334,367,46,1.00,200.00,1.50,'2025-12-25 06:59:16','2025-12-25 07:56:21',200.00,'wholesale',1.00,1,0.00,'amount',20.00,20.00,180.00,180.00),(335,368,40,1.00,150.00,30.00,'2025-12-25 08:03:08','2025-12-25 08:26:47',150.00,'wholesale',1.00,1,0.00,'amount',0.00,0.00,150.00,150.00),(336,368,14,5.00,750.00,50.00,'2025-12-25 08:03:08','2025-12-25 08:26:47',150.00,'wholesale',5.00,1,0.00,'amount',0.00,0.00,750.00,150.00),(337,369,46,12.00,1800.00,1.50,'2025-12-25 08:28:38','2025-12-25 11:56:56',150.00,'wholesale',12.00,1,0.00,'amount',0.00,0.00,1800.00,150.00),(338,370,40,1.00,150.00,30.00,'2025-12-25 22:35:02','2025-12-27 10:06:21',150.00,'wholesale',1.00,1,0.00,'amount',0.00,0.00,150.00,150.00),(339,371,28,5.00,750.00,0.00,'2025-12-27 11:23:01','2025-12-27 11:26:37',150.00,'wholesale',1.00,0,4.00,'amount',15.00,15.00,735.00,147.00),(340,371,15,1.00,150.00,100.00,'2025-12-27 11:23:01','2025-12-27 11:26:37',150.00,'wholesale',1.00,1,0.00,'amount',0.00,0.00,150.00,150.00),(341,372,15,3.00,450.00,100.00,'2025-12-27 11:23:26',NULL,150.00,'wholesale',0.00,0,3.00,'amount',0.00,0.00,450.00,150.00),(342,373,15,1.00,150.00,100.00,'2025-12-27 11:24:03',NULL,150.00,'wholesale',0.00,0,1.00,'amount',15.00,15.00,135.00,135.00),(343,373,30,2.00,300.00,0.00,'2025-12-27 11:24:03',NULL,150.00,'wholesale',0.00,0,2.00,'amount',15.00,15.00,285.00,142.50),(344,374,15,5.00,750.00,100.00,'2025-12-27 11:24:42','2025-12-27 20:06:40',150.00,'wholesale',2.50,0,2.50,'percent',10.00,75.00,675.00,135.00),(345,375,33,2.00,300.00,0.00,'2025-12-27 15:41:07','2025-12-27 15:59:39',150.00,'wholesale',2.00,1,0.00,'percent',60.00,180.00,120.00,60.00),(346,375,44,2.00,3004.00,50.00,'2025-12-27 15:41:07','2025-12-27 16:42:38',1502.00,'wholesale',2.00,1,0.00,'amount',50.00,50.00,2954.00,1477.00),(347,376,46,1.00,150.00,1.50,'2025-12-27 15:41:30','2025-12-27 15:44:22',150.00,'wholesale',1.00,1,0.00,'amount',0.00,0.00,150.00,150.00),(348,376,45,1.00,175.00,150.00,'2025-12-27 15:41:30','2025-12-27 18:17:55',175.00,'wholesale',1.00,1,0.00,'amount',0.00,0.00,175.00,175.00),(349,377,23,1.00,150.00,50.00,'2025-12-27 17:28:18','2025-12-27 17:28:44',150.00,'wholesale',1.00,1,0.00,'amount',0.00,0.00,150.00,150.00),(350,377,46,3.00,450.00,1.50,'2025-12-27 17:28:18','2025-12-27 17:40:17',150.00,'wholesale',3.00,1,0.00,'amount',0.00,0.00,450.00,150.00),(351,378,28,3.00,450.00,0.00,'2025-12-27 17:41:19','2025-12-27 17:49:05',150.00,'wholesale',3.00,1,0.00,'amount',0.00,0.00,450.00,150.00),(352,378,10,1.00,150.00,10.00,'2025-12-27 17:41:19','2025-12-27 18:14:36',150.00,'wholesale',1.00,1,0.00,'amount',0.00,0.00,150.00,150.00),(353,379,28,1.00,150.00,0.00,'2025-12-27 19:55:28','2025-12-27 19:56:15',150.00,'wholesale',1.00,1,0.00,'amount',0.00,0.00,150.00,150.00),(354,379,15,2.00,300.00,100.00,'2025-12-27 19:55:28','2025-12-27 20:03:37',150.00,'wholesale',2.00,1,0.00,'amount',0.00,0.00,300.00,150.00),(355,380,23,1.00,150.00,50.00,'2025-12-27 20:12:54','2025-12-27 20:17:56',150.00,'wholesale',1.00,1,0.00,'amount',0.00,0.00,150.00,150.00),(356,380,46,3.00,450.00,1.50,'2025-12-27 20:12:54',NULL,150.00,'wholesale',0.00,0,3.00,'amount',0.00,0.00,450.00,150.00),(357,380,39,1.00,20.00,10.00,'2025-12-27 20:12:54','2025-12-27 20:13:30',20.00,'wholesale',1.00,1,0.00,'amount',0.00,0.00,20.00,20.00);
/*!40000 ALTER TABLE `invoice_out_items` ENABLE KEYS */;
UNLOCK TABLES;

--
-- Table structure for table `invoice_payments`
--

DROP TABLE IF EXISTS `invoice_payments`;
/*!40101 SET @saved_cs_client     = @@character_set_client */;
/*!40101 SET character_set_client = utf8 */;
CREATE TABLE `invoice_payments` (
  `id` int(11) NOT NULL AUTO_INCREMENT,
  `invoice_id` int(11) NOT NULL,
  `return_id` int(11) DEFAULT NULL,
  `payment_amount` decimal(12,2) NOT NULL,
  `payment_date` timestamp NOT NULL DEFAULT current_timestamp(),
  `payment_method` enum('cash','bank_transfer','check','card','wallet','mixed') DEFAULT 'cash' COMMENT 'طريقة الدفع: cash, bank_transfer, check, card, wallet, mixed',
  `notes` text DEFAULT NULL,
  `created_by` int(11) NOT NULL,
  `created_at` timestamp NOT NULL DEFAULT current_timestamp(),
  `wallet_before` decimal(12,2) DEFAULT 0.00 COMMENT 'رصيد المحفظة قبل الدفع',
  `wallet_after` decimal(12,2) DEFAULT 0.00 COMMENT 'رصيد المحفظة بعد الدفع',
  `work_order_id` int(11) DEFAULT NULL COMMENT 'ربط بالشغلانة',
  PRIMARY KEY (`id`),
  KEY `fk_payment_invoice` (`invoice_id`),
  KEY `fk_payment_user` (`created_by`),
  KEY `fk_invoice_payments_return` (`return_id`),
  CONSTRAINT `fk_invoice_payments_return` FOREIGN KEY (`return_id`) REFERENCES `returns` (`id`) ON DELETE SET NULL,
  CONSTRAINT `fk_payment_invoice` FOREIGN KEY (`invoice_id`) REFERENCES `invoices_out` (`id`) ON DELETE CASCADE,
  CONSTRAINT `fk_payment_user` FOREIGN KEY (`created_by`) REFERENCES `users` (`id`)
) ENGINE=InnoDB AUTO_INCREMENT=324 DEFAULT CHARSET=utf8mb4 COLLATE=utf8mb4_general_ci;
/*!40101 SET character_set_client = @saved_cs_client */;

--
-- Dumping data for table `invoice_payments`
--

LOCK TABLES `invoice_payments` WRITE;
/*!40000 ALTER TABLE `invoice_payments` DISABLE KEYS */;
INSERT INTO `invoice_payments` VALUES (1,7,NULL,80.00,'2025-11-17 20:41:31','cash','دفعة تلقائية - ترحيل من النظام القديم',5,'2025-10-11 14:51:23',0.00,0.00,NULL),(2,9,NULL,20.00,'2025-11-17 20:41:31','cash','دفعة تلقائية - ترحيل من النظام القديم',5,'2025-10-11 15:05:57',0.00,0.00,NULL),(3,33,NULL,0.00,'2025-11-17 20:41:31','cash','دفعة تلقائية - ترحيل من النظام القديم',5,'2025-10-11 15:36:00',0.00,0.00,NULL),(4,43,NULL,0.00,'2025-11-17 20:41:31','cash','دفعة تلقائية - ترحيل من النظام القديم',5,'2025-10-11 16:01:07',0.00,0.00,NULL),(5,44,NULL,0.00,'2025-11-17 20:41:31','cash','دفعة تلقائية - ترحيل من النظام القديم',5,'2025-10-11 16:01:31',0.00,0.00,NULL),(6,45,NULL,0.00,'2025-11-17 20:41:31','cash','دفعة تلقائية - ترحيل من النظام القديم',5,'2025-10-11 16:03:14',0.00,0.00,NULL),(7,47,NULL,0.00,'2025-11-17 20:41:31','cash','دفعة تلقائية - ترحيل من النظام القديم',5,'2025-10-11 16:13:54',0.00,0.00,NULL),(8,48,NULL,0.00,'2025-11-17 20:41:31','cash','دفعة تلقائية - ترحيل من النظام القديم',5,'2025-10-11 16:20:14',0.00,0.00,NULL),(9,50,NULL,0.00,'2025-11-17 20:41:31','cash','دفعة تلقائية - ترحيل من النظام القديم',5,'2025-10-11 16:20:49',0.00,0.00,NULL),(10,51,NULL,0.00,'2025-11-17 20:41:31','cash','دفعة تلقائية - ترحيل من النظام القديم',5,'2025-10-11 16:21:00',0.00,0.00,NULL),(11,90,NULL,0.00,'2025-11-17 20:41:31','cash','دفعة تلقائية - ترحيل من النظام القديم',5,'2025-10-12 16:37:46',0.00,0.00,NULL),(12,134,NULL,1320.00,'2025-11-17 20:41:31','cash','دفعة تلقائية - ترحيل من النظام القديم',5,'2025-11-08 16:02:18',0.00,0.00,NULL),(13,136,NULL,110.00,'2025-11-17 20:41:31','cash','دفعة تلقائية - ترحيل من النظام القديم',5,'2025-11-08 17:20:39',0.00,0.00,NULL),(14,137,NULL,84.00,'2025-11-17 20:41:31','cash','دفعة تلقائية - ترحيل من النظام القديم',5,'2025-11-08 17:41:11',0.00,0.00,NULL),(15,138,NULL,14.00,'2025-11-17 20:41:31','cash','دفعة تلقائية - ترحيل من النظام القديم',5,'2025-11-09 10:21:43',0.00,0.00,NULL),(16,139,NULL,18.00,'2025-11-17 20:41:31','cash','دفعة تلقائية - ترحيل من النظام القديم',5,'2025-11-09 15:10:19',0.00,0.00,NULL),(17,140,NULL,150.00,'2025-11-17 20:41:31','cash','دفعة تلقائية - ترحيل من النظام القديم',5,'2025-11-09 21:18:16',0.00,0.00,NULL),(18,154,NULL,96.00,'2025-11-17 20:41:31','cash','دفعة تلقائية - ترحيل من النظام القديم',5,'2025-11-17 18:10:57',0.00,0.00,NULL),(19,157,NULL,960.00,'2025-11-17 20:41:31','cash','دفعة تلقائية - ترحيل من النظام القديم',5,'2025-11-17 18:48:12',0.00,0.00,NULL),(20,158,NULL,16.00,'2025-11-17 20:41:31','cash','دفعة تلقائية - ترحيل من النظام القديم',5,'2025-11-17 18:55:57',0.00,0.00,NULL),(21,159,NULL,50.00,'2025-11-17 20:41:31','cash','دفعة تلقائية - ترحيل من النظام القديم',5,'2025-11-17 19:00:54',0.00,0.00,NULL),(22,165,NULL,1100.00,'2025-11-17 22:51:19','cash','دفعة كاملة تلقائية',5,'2025-11-17 22:51:19',0.00,0.00,NULL),(23,166,NULL,960.00,'2025-11-18 09:37:07','cash','دفعة كاملة تلقائية',5,'2025-11-18 09:37:07',0.00,0.00,NULL),(24,169,NULL,59.50,'2025-11-18 10:29:43','cash','',5,'2025-11-18 10:29:43',0.00,0.00,NULL),(25,170,NULL,1000.00,'2025-11-18 10:32:42','cash','1000',5,'2025-11-18 10:32:42',0.00,0.00,NULL),(26,171,NULL,100.00,'2025-11-18 10:37:09','bank_transfer','بنكي',5,'2025-11-18 10:37:09',0.00,0.00,NULL),(27,171,NULL,10.00,'2025-11-18 10:37:09','cash','مقدي',5,'2025-11-18 10:37:09',0.00,0.00,NULL),(28,173,NULL,100.00,'2025-11-18 10:48:55','check','شيك',5,'2025-11-18 10:48:55',0.00,0.00,NULL),(29,173,NULL,200.00,'2025-11-18 10:48:55','card','101200',5,'2025-11-18 10:48:55',0.00,0.00,NULL),(30,174,NULL,100.00,'2025-11-18 11:30:58','check','',5,'2025-11-18 11:30:58',0.00,0.00,NULL),(31,176,NULL,5.00,'2025-11-18 11:32:24','cash','',5,'2025-11-18 11:32:24',0.00,0.00,NULL),(32,176,NULL,2.00,'2025-11-18 11:32:24','bank_transfer','2',5,'2025-11-18 11:32:24',0.00,0.00,NULL),(33,177,NULL,100.00,'2025-11-18 11:34:13','bank_transfer','100',5,'2025-11-18 11:34:13',0.00,0.00,NULL),(34,177,NULL,10.00,'2025-11-18 11:34:13','bank_transfer','10',5,'2025-11-18 11:34:13',0.00,0.00,NULL),(35,179,NULL,12.00,'2025-11-18 11:38:36','cash','',5,'2025-11-18 11:38:36',0.00,0.00,NULL),(36,180,NULL,935.00,'2025-11-18 11:44:30','cash','',5,'2025-11-18 11:44:30',0.00,0.00,NULL),(37,181,NULL,20.00,'2025-11-18 11:45:04','check','nerdnskxfc3lkwmMF D',5,'2025-11-18 11:45:04',0.00,0.00,NULL),(38,186,NULL,960.00,'2025-11-18 11:57:54','cash','',5,'2025-11-18 11:57:54',0.00,0.00,NULL),(39,190,NULL,100.00,'2025-11-18 12:07:41','cash','',5,'2025-11-18 12:07:41',0.00,0.00,NULL),(40,190,NULL,10.00,'2025-11-18 12:07:41','cash','',5,'2025-11-18 12:07:41',0.00,0.00,NULL),(41,190,NULL,10.00,'2025-11-18 12:07:41','bank_transfer','',5,'2025-11-18 12:07:41',0.00,0.00,NULL),(42,191,NULL,100.00,'2025-11-18 12:13:02','cash','',5,'2025-11-18 12:13:02',0.00,0.00,NULL),(43,200,NULL,880.00,'2025-11-18 13:27:36','cash','',5,'2025-11-18 13:27:36',0.00,0.00,NULL),(44,201,NULL,1000.00,'2025-11-18 13:29:40','card','',5,'2025-11-18 13:29:40',0.00,0.00,NULL),(45,202,NULL,40.00,'2025-11-18 13:30:57','bank_transfer','',5,'2025-11-18 13:30:57',0.00,0.00,NULL),(46,203,NULL,1100.00,'2025-11-18 13:31:49','bank_transfer','',5,'2025-11-18 13:31:49',0.00,0.00,NULL),(47,204,NULL,1100.00,'2025-11-18 13:47:32','cash','20',5,'2025-11-18 13:47:32',0.00,0.00,NULL),(48,205,NULL,20.00,'2025-11-18 13:48:29','check','jkn',5,'2025-11-18 13:48:29',0.00,0.00,NULL),(49,206,NULL,1200.00,'2025-11-18 13:49:12','bank_transfer','kljnbjmk',5,'2025-11-18 13:49:12',0.00,0.00,NULL),(50,207,NULL,1200.00,'2025-11-18 13:53:01','card','ak1qlwe,.aszf dc',5,'2025-11-18 13:53:01',0.00,0.00,NULL),(51,208,NULL,960.00,'2025-11-18 13:54:37','bank_transfer','teysrfvdacxz',5,'2025-11-18 13:54:37',0.00,0.00,NULL),(52,209,NULL,880.00,'2025-11-18 13:57:25','check','',5,'2025-11-18 13:57:25',0.00,0.00,NULL),(53,210,NULL,960.00,'2025-11-18 14:01:02','check','mnk jsrmdzxm',5,'2025-11-18 14:01:02',0.00,0.00,NULL),(54,211,NULL,960.00,'2025-11-18 14:04:40','cash','hgfsdaa',5,'2025-11-18 14:04:40',0.00,0.00,NULL),(55,212,NULL,960.00,'2025-11-18 14:09:51','card','jmyhrtgfsedw',5,'2025-11-18 14:09:51',0.00,0.00,NULL),(56,213,NULL,880.00,'2025-11-18 14:11:41','check','etrwsa',5,'2025-11-18 14:11:41',0.00,0.00,NULL),(57,214,NULL,880.00,'2025-11-18 14:26:39','check','',5,'2025-11-18 14:26:39',0.00,0.00,NULL),(58,215,NULL,100.00,'2025-11-18 17:35:18','cash','',5,'2025-11-18 17:35:18',0.00,0.00,NULL),(59,216,NULL,775.00,'2025-11-18 19:41:28','cash','',5,'2025-11-18 19:41:28',0.00,0.00,NULL),(60,218,NULL,175.00,'2025-11-24 05:06:29','check','kijuhygfds',5,'2025-11-24 05:06:29',0.00,0.00,NULL),(61,219,NULL,175.00,'2025-11-24 05:07:11','check','kijuhygfds',5,'2025-11-24 05:07:11',0.00,0.00,NULL),(62,220,NULL,30.00,'2025-11-24 05:09:53','bank_transfer','',5,'2025-11-24 05:09:53',0.00,0.00,NULL),(63,221,NULL,175.00,'2025-11-24 05:10:42','card','',5,'2025-11-24 05:10:42',0.00,0.00,NULL),(64,222,NULL,10.00,'2025-11-24 05:14:46','cash','',5,'2025-11-24 05:14:46',0.00,0.00,NULL),(65,222,NULL,20.00,'2025-11-24 05:14:46','bank_transfer','',5,'2025-11-24 05:14:46',0.00,0.00,NULL),(66,222,NULL,30.00,'2025-11-24 05:14:46','card','',5,'2025-11-24 05:14:46',0.00,0.00,NULL),(67,223,NULL,175.00,'2025-11-24 05:16:56','check','',5,'2025-11-24 05:16:56',0.00,0.00,NULL),(68,224,NULL,100.00,'2025-11-24 06:12:06','cash','',5,'2025-11-24 06:12:06',0.00,0.00,NULL),(69,225,NULL,20.00,'2025-11-24 06:14:15','cash','',5,'2025-11-24 06:14:15',0.00,0.00,NULL),(70,226,NULL,100.00,'2025-11-24 06:15:13','check','',5,'2025-11-24 06:15:13',0.00,0.00,NULL),(71,227,NULL,15.00,'2025-11-24 06:20:58','cash','',5,'2025-11-24 06:20:58',0.00,0.00,NULL),(72,229,NULL,100.00,'2025-11-24 06:26:04','cash','',5,'2025-11-24 06:26:04',0.00,0.00,NULL),(73,229,NULL,10.00,'2025-11-24 06:26:04','cash','',5,'2025-11-24 06:26:04',0.00,0.00,NULL),(74,230,NULL,10.00,'2025-11-24 06:26:46','cash','',5,'2025-11-24 06:26:46',0.00,0.00,NULL),(75,231,NULL,2.00,'2025-11-24 06:30:33','cash','',5,'2025-11-24 06:30:33',0.00,0.00,NULL),(76,232,NULL,10.00,'2025-11-24 06:37:38','cash','',5,'2025-11-24 06:37:38',0.00,0.00,NULL),(77,233,NULL,4.00,'2025-11-24 07:02:39','cash','',5,'2025-11-24 07:02:39',0.00,0.00,NULL),(79,172,NULL,130.00,'2025-12-07 06:26:50','cash','دفعة تلقائية لإصلاح البيانات',5,'2025-12-07 06:26:50',0.00,0.00,NULL),(80,182,NULL,960.00,'2025-12-07 06:26:50','cash','دفعة تلقائية لإصلاح البيانات',5,'2025-12-07 06:26:50',0.00,0.00,NULL),(81,183,NULL,960.00,'2025-12-07 06:26:50','cash','دفعة تلقائية لإصلاح البيانات',5,'2025-12-07 06:26:50',0.00,0.00,NULL),(82,185,NULL,935.00,'2025-12-07 06:26:50','cash','دفعة تلقائية لإصلاح البيانات',5,'2025-12-07 06:26:50',0.00,0.00,NULL),(83,189,NULL,1080.00,'2025-12-07 06:26:50','cash','دفعة تلقائية لإصلاح البيانات',5,'2025-12-07 06:26:50',0.00,0.00,NULL),(84,192,NULL,1100.00,'2025-12-07 06:26:50','cash','دفعة تلقائية لإصلاح البيانات',5,'2025-12-07 06:26:50',0.00,0.00,NULL),(87,233,NULL,5.00,'2025-12-13 18:51:45','cash','',6,'2025-12-13 18:51:45',109.00,109.00,NULL),(88,233,NULL,3.00,'2025-12-13 18:55:34','cash','',6,'2025-12-13 18:55:34',109.00,109.00,NULL),(89,232,NULL,1.00,'2025-12-13 18:56:57','wallet','',6,'2025-12-13 18:56:57',109.00,108.00,NULL),(90,233,NULL,1.00,'2025-12-13 19:14:18','cash','',5,'2025-12-13 19:14:18',108.00,107.00,NULL),(91,232,NULL,1.00,'2025-12-13 19:14:18','wallet','',5,'2025-12-13 19:14:18',108.00,107.00,NULL),(92,230,NULL,5.00,'2025-12-13 19:20:41','cash','',6,'2025-12-13 19:20:41',107.00,67.01,NULL),(93,231,NULL,12.00,'2025-12-13 19:20:41','cash','',6,'2025-12-13 19:20:41',107.00,67.01,NULL),(94,229,NULL,40.00,'2025-12-13 19:20:41','wallet','',6,'2025-12-13 19:20:41',107.00,67.01,NULL),(95,233,NULL,1.00,'2025-12-13 19:24:34','cash','',6,'2025-12-13 19:24:34',67.01,55.01,NULL),(96,232,NULL,2.00,'2025-12-13 19:24:34','cash','',6,'2025-12-13 19:24:34',67.01,55.01,NULL),(97,228,NULL,14.00,'2025-12-13 19:24:34','mixed','',6,'2025-12-13 19:24:34',67.01,55.01,NULL),(98,104,NULL,20.00,'2025-12-13 19:29:35','cash','',6,'2025-12-13 19:29:35',55.01,52.01,NULL),(99,102,NULL,20.00,'2025-12-13 19:29:35','cash','',6,'2025-12-13 19:29:35',55.01,52.01,NULL),(100,6,NULL,80.00,'2025-12-13 19:29:35','cash','',6,'2025-12-13 19:29:35',55.01,52.01,NULL),(101,115,NULL,100.00,'2025-12-13 19:29:35','cash','',6,'2025-12-13 19:29:35',55.01,52.01,NULL),(102,113,NULL,100.00,'2025-12-13 19:29:35','cash','',6,'2025-12-13 19:29:35',55.01,52.01,NULL),(103,8,NULL,100.00,'2025-12-13 19:29:35','cash','',6,'2025-12-13 19:29:35',55.01,52.01,NULL),(104,107,NULL,200.00,'2025-12-13 19:29:35','cash','',6,'2025-12-13 19:29:35',55.01,52.01,NULL),(105,122,NULL,363.00,'2025-12-13 19:29:35','cash','',6,'2025-12-13 19:29:35',55.01,52.01,NULL),(106,114,NULL,400.00,'2025-12-13 19:29:35','cash','',6,'2025-12-13 19:29:35',55.01,52.01,NULL),(107,111,NULL,400.00,'2025-12-13 19:29:35','cash','',6,'2025-12-13 19:29:35',55.01,52.01,NULL),(108,78,NULL,520.00,'2025-12-13 19:29:35','cash','',6,'2025-12-13 19:29:35',55.01,52.01,NULL),(109,95,NULL,1000.00,'2025-12-13 19:29:35','mixed','',6,'2025-12-13 19:29:35',55.01,52.01,NULL),(110,199,NULL,10.00,'2025-12-13 19:49:51','cash',' | سداد فاتورة #199 - 10.00 ج.م (نقدي)',6,'2025-12-13 19:49:51',NULL,NULL,NULL),(111,226,NULL,50.00,'2025-12-13 19:53:38','cash',' | فاتورة #226: 50.00 ج.م نقدي',6,'2025-12-13 19:53:38',NULL,NULL,NULL),(112,224,NULL,75.00,'2025-12-13 19:53:38','mixed',' | فاتورة #224: 50.00 ج.م نقدي + 25.00 ج.م بطاقة',6,'2025-12-13 19:53:38',NULL,NULL,NULL),(113,225,NULL,130.00,'2025-12-13 19:53:38','mixed',' | فاتورة #225: 125.00 ج.م بطاقة + 5.00 ج.م محفظة',6,'2025-12-13 19:53:38',52.01,47.01,NULL),(114,222,NULL,115.00,'2025-12-13 20:05:37','cash',' | سداد فاتورة #222 - 115.00 ج.م (نقدي)',6,'2025-12-13 20:05:37',NULL,NULL,NULL),(115,198,NULL,10.00,'2025-12-13 20:12:56','cash',' | فاتورة #198: 10.00 ج.م نقدي',6,'2025-12-13 20:12:56',NULL,NULL,NULL),(116,199,NULL,500.00,'2025-12-13 20:12:56','mixed',' | فاتورة #199: 490.00 ج.م نقدي + 2.00 ج.م محفظة + 8.00 ج.م شيك',6,'2025-12-13 20:12:56',47.01,45.01,NULL),(117,198,NULL,7.00,'2025-12-13 20:14:37','cash',' | فاتورة #198: 7.00 ج.م نقدي',6,'2025-12-13 20:14:37',NULL,NULL,NULL),(118,199,NULL,50.00,'2025-12-13 20:14:37','check',' | فاتورة #199: 50.00 ج.م شيك',6,'2025-12-13 20:14:37',NULL,NULL,NULL),(119,215,NULL,100.00,'2025-12-13 20:19:47','cash','هههههه | سداد فاتورة #215 - 100.00 ج.م (نقدي)',6,'2025-12-13 20:19:47',45.01,45.01,NULL),(120,215,NULL,2.00,'2025-12-13 20:24:21','wallet',' | سداد فاتورة #215 - 2.00 ج.م (محفظة)',6,'2025-12-13 20:24:21',45.01,43.01,NULL),(121,215,NULL,10.00,'2025-12-13 20:27:46','cash',' | فاتورة #215: 10.00 ج.م نقدي',6,'2025-12-13 20:27:46',43.01,43.01,NULL),(122,197,NULL,15.00,'2025-12-13 20:27:46','mixed',' | فاتورة #197: 13.00 ج.م نقدي + 2.00 ج.م بطاقة',6,'2025-12-13 20:27:46',43.01,43.01,NULL),(123,199,NULL,20.00,'2025-12-13 20:27:46','mixed',' | فاتورة #199: 18.00 ج.م بطاقة + 2.00 ج.م محفظة',6,'2025-12-13 20:27:46',43.01,41.01,NULL),(124,215,NULL,10.00,'2025-12-13 20:36:14','cash',' | سداد فاتورة #215 - 10.00 ج.م (نقدي)',6,'2025-12-13 20:36:14',41.01,41.01,NULL),(125,215,NULL,5.00,'2025-12-13 20:41:12','cash',' | فاتورة #215: 5.00 ج.م نقدي',6,'2025-12-13 20:41:12',41.01,41.01,NULL),(126,199,NULL,5.00,'2025-12-13 20:41:12','mixed',' | فاتورة #199: 2.00 ج.م محفظة + 3.00 ج.م شيك',6,'2025-12-13 20:41:12',41.01,39.01,NULL),(127,196,NULL,10.00,'2025-12-13 20:47:22','cash',' | سداد فاتورة #196 - 10.00 ج.م (نقدي)',6,'2025-12-13 20:47:22',39.01,39.01,NULL),(128,195,NULL,5.00,'2025-12-13 20:49:36','wallet',' | سداد فاتورة #195 - 5.00 ج.م (محفظة)',6,'2025-12-13 20:49:36',39.01,34.01,NULL),(129,194,NULL,20.00,'2025-12-13 20:52:52','cash',' | سداد فاتورة #194 - 20.00 ج.م (نقدي)',6,'2025-12-13 20:52:52',34.01,34.01,NULL),(130,196,NULL,5.00,'2025-12-13 20:55:10','wallet',' | سداد فاتورة #196 - 5.00 ج.م (محفظة)',6,'2025-12-13 20:55:10',34.01,29.01,NULL),(131,199,NULL,3.00,'2025-12-13 21:11:39','cash',' | فاتورة #199: 3.00 ج.م نقدي',6,'2025-12-13 21:11:39',29.01,29.01,NULL),(132,215,NULL,13.00,'2025-12-13 21:11:39','mixed',' | فاتورة #215: 10.00 ج.م نقدي + 3.00 ج.م محفظة',6,'2025-12-13 21:11:39',29.01,26.01,NULL),(133,215,NULL,10.00,'2025-12-13 21:15:54','cash',' | فاتورة #215: 10.00 ج.م نقدي',6,'2025-12-13 21:15:54',26.01,26.01,NULL),(134,199,NULL,10.00,'2025-12-13 21:15:54','mixed',' | فاتورة #199: 5.00 ج.م نقدي + 5.00 ج.م محفظة',6,'2025-12-13 21:15:54',26.01,21.01,NULL),(135,215,NULL,10.00,'2025-12-14 09:11:55','cash',' | فاتورة #215: 10.00 ج.م نقدي',6,'2025-12-14 09:11:55',201.01,201.01,NULL),(136,199,NULL,10.00,'2025-12-14 09:11:55','cash',' | فاتورة #199: 10.00 ج.م نقدي',6,'2025-12-14 09:11:55',201.01,201.01,NULL),(137,195,NULL,10.00,'2025-12-14 09:16:16','cash',' | سداد فاتورة #195 - 10.00 ج.م (نقدي)',6,'2025-12-14 09:16:16',201.01,201.01,NULL),(138,215,NULL,10.00,'2025-12-14 09:16:58','mixed',' | فاتورة #215: 5.00 ج.م نقدي + 5.00 ج.م محفظة',6,'2025-12-14 09:16:58',201.01,196.01,NULL),(139,199,NULL,10.00,'2025-12-14 09:19:07','cash',' | فاتورة #199: 10.00 ج.م نقدي',6,'2025-12-14 09:19:07',196.01,196.01,NULL),(140,215,NULL,12.00,'2025-12-14 09:19:07','mixed',' | فاتورة #215: 1.00 ج.م نقدي + 11.00 ج.م محفظة',6,'2025-12-14 09:19:07',196.01,185.01,NULL),(141,197,NULL,13.00,'2025-12-14 09:19:07','mixed',' | فاتورة #197: 4.00 ج.م محفظة + 9.00 ج.م شيك',6,'2025-12-14 09:19:07',185.01,181.01,NULL),(142,215,NULL,10.00,'2025-12-14 09:24:15','cash',' | فاتورة #215: 10.00 ج.م نقدي',6,'2025-12-14 09:24:15',181.01,181.01,NULL),(143,199,NULL,10.00,'2025-12-14 09:24:15','cash',' | فاتورة #199: 10.00 ج.م نقدي',6,'2025-12-14 09:24:15',181.01,181.01,NULL),(144,194,NULL,5.00,'2025-12-14 09:25:31','cash',' | فاتورة #194: 5.00 ج.م نقدي',6,'2025-12-14 09:25:31',181.01,181.01,NULL),(145,193,NULL,5.00,'2025-12-14 09:25:31','wallet',' | فاتورة #193: 5.00 ج.م محفظة',6,'2025-12-14 09:25:31',181.01,176.01,NULL),(146,184,NULL,10.00,'2025-12-14 09:26:15','cash',' | سداد فاتورة #184 - 10.00 ج.م (نقدي)',6,'2025-12-14 09:26:15',176.01,176.01,NULL),(147,215,NULL,30.00,'2025-12-14 09:26:55','mixed',' | فاتورة #215: 9.00 ج.م نقدي + 11.00 ج.م بطاقة + 10.00 ج.م محفظة',6,'2025-12-14 09:26:55',176.01,166.01,NULL),(148,215,NULL,25.00,'2025-12-14 09:43:48','mixed',' | فاتورة #215: 10.00 ج.م نقدي + 10.00 ج.م محفظة + 5.00 ج.م بطاقة',6,'2025-12-14 09:43:48',166.01,156.01,NULL),(149,215,NULL,10.00,'2025-12-14 09:44:50','cash',' | فاتورة #215: 10.00 ج.م نقدي',6,'2025-12-14 09:44:50',156.01,156.01,NULL),(150,199,NULL,10.00,'2025-12-14 09:44:50','cash',' | فاتورة #199: 10.00 ج.م نقدي',6,'2025-12-14 09:44:50',156.01,156.01,NULL),(151,215,NULL,10.00,'2025-12-14 09:50:57','cash',' | فاتورة #215: 10.00 ج.م نقدي',6,'2025-12-14 09:50:57',156.01,156.01,NULL),(152,199,NULL,10.00,'2025-12-14 09:50:57','check',' | فاتورة #199: 10.00 ج.م شيك',6,'2025-12-14 09:50:57',156.01,156.01,NULL),(153,197,NULL,10.00,'2025-12-14 09:50:57','wallet',' | فاتورة #197: 10.00 ج.م محفظة',6,'2025-12-14 09:50:57',156.01,146.01,NULL),(154,215,NULL,5.00,'2025-12-14 09:51:55','cash',' | فاتورة #215: 5.00 ج.م نقدي',6,'2025-12-14 09:51:55',146.01,146.01,NULL),(155,199,NULL,5.00,'2025-12-14 09:51:55','cash',' | فاتورة #199: 5.00 ج.م نقدي',6,'2025-12-14 09:51:55',146.01,146.01,NULL),(156,188,NULL,20.00,'2025-12-14 09:52:59','mixed',' | فاتورة #188: 10.00 ج.م نقدي + 10.00 ج.م بطاقة',6,'2025-12-14 09:52:59',146.01,146.01,NULL),(157,248,NULL,20.00,'2025-12-15 21:49:03','cash',' | سداد فاتورة #248 - 20.00 ج.م (نقدي)',5,'2025-12-15 21:49:03',0.00,0.00,NULL),(160,283,NULL,10.00,'2025-12-16 16:26:28','cash','سداد لفاتورة #283 - طريقة: cash',5,'2025-12-16 16:26:28',146.01,146.01,NULL),(161,284,NULL,100.00,'2025-12-16 16:42:39','wallet','سداد لفاتورة #284 - طريقة: wallet',5,'2025-12-16 16:42:39',5000.00,4900.00,NULL),(162,284,NULL,5.00,'2025-12-16 16:42:39','cash','سداد لفاتورة #284 - طريقة: cash',5,'2025-12-16 16:42:39',4900.00,4900.00,NULL),(163,292,NULL,50.00,'2025-12-17 10:51:49','cash','سداد لفاتورة #292 - طريقة: cash',5,'2025-12-17 10:51:49',4900.00,4900.00,5),(164,292,NULL,10.00,'2025-12-17 10:51:49','wallet','سداد لفاتورة #292 - طريقة: wallet',5,'2025-12-17 10:51:49',4900.00,4890.00,5),(165,292,NULL,10.00,'2025-12-17 10:51:49','wallet','سداد لفاتورة #292 - طريقة: wallet',5,'2025-12-17 10:51:49',4890.00,4880.00,5),(166,292,NULL,10.00,'2025-12-17 10:51:49','card','سداد لفاتورة #292 - طريقة: card',5,'2025-12-17 10:51:49',4880.00,4880.00,5),(167,292,NULL,20.00,'2025-12-17 10:51:49','card','سداد لفاتورة #292 - طريقة: card',5,'2025-12-17 10:51:49',4880.00,4880.00,5),(168,293,NULL,50.00,'2025-12-17 10:54:26','cash','سداد لفاتورة #293 - طريقة: cash',5,'2025-12-17 10:54:26',4880.00,4880.00,5),(169,294,NULL,50.00,'2025-12-17 11:06:00','cash','سداد لفاتورة #294 - طريقة: cash',5,'2025-12-17 11:06:00',146.01,146.01,NULL),(179,306,NULL,1.00,'2025-12-17 12:18:55','cash','سداد لفاتورة #306 - طريقة: cash',5,'2025-12-17 12:18:55',146.01,146.01,NULL),(180,306,NULL,14.00,'2025-12-17 12:18:55','cash','سداد لفاتورة #306 - طريقة: cash',5,'2025-12-17 12:18:55',146.01,146.01,NULL),(181,307,NULL,30.00,'2025-12-17 12:31:24','cash','سداد لفاتورة #307 - طريقة: cash',5,'2025-12-17 12:31:24',146.01,146.01,NULL),(183,309,NULL,150.00,'2025-12-17 12:51:53','cash','دفع نقدي بمبلغ 150.00 ج.م لفاتورة #309',5,'2025-12-17 12:51:53',146.01,146.01,NULL),(184,310,NULL,5.00,'2025-12-17 12:57:21','cash','دفع نقدي بمبلغ 5.00 ج.م لفاتورة #310',5,'2025-12-17 12:57:21',4875.00,4875.00,NULL),(185,310,NULL,5.00,'2025-12-17 12:57:21','wallet','دفع محفظة بمبلغ 5.00 ج.م لفاتورة #310',5,'2025-12-17 12:57:21',4880.00,4875.00,NULL),(186,310,NULL,5.00,'2025-12-17 12:57:21','card','دفع card بمبلغ 5.00 ج.م لفاتورة #310',5,'2025-12-17 12:57:21',4875.00,4875.00,NULL),(187,311,NULL,5.00,'2025-12-17 13:03:20','cash','سداد لفاتورة #311 - طريقة: cash',5,'2025-12-17 13:03:20',146.01,146.01,NULL),(188,311,NULL,10.00,'2025-12-17 13:03:20','bank_transfer','سداد لفاتورة #311 - طريقة: bank_transfer',5,'2025-12-17 13:03:20',146.01,146.01,NULL),(189,313,NULL,100.00,'2025-12-17 15:21:14','cash','دفع نقدي بمبلغ 100.00 ج.م لفاتورة #313',5,'2025-12-17 15:21:14',146.01,146.01,NULL),(190,313,NULL,50.00,'2025-12-17 15:21:14','bank_transfer','دفع تحويل بنكي بمبلغ 50.00 ج.م لفاتورة #313',5,'2025-12-17 15:21:14',146.01,146.01,NULL),(191,314,NULL,50.00,'2025-12-17 15:36:33','cash','دفع نقدي بمبلغ 50.00 ج.م لفاتورة #314 - ملاحظة: صلي علي النبي',5,'2025-12-17 15:36:33',146.01,146.01,NULL),(192,314,NULL,50.00,'2025-12-17 15:36:33','check','دفع شيك بمبلغ 50.00 ج.م لفاتورة #314 - ملاحظة: اذكر الله',5,'2025-12-17 15:36:33',146.01,146.01,NULL),(195,317,NULL,10.00,'2025-12-17 15:45:36','cash','دفع نقدي بمبلغ 10.00 ج.م لفاتورة #317',5,'2025-12-17 15:45:36',4875.00,4875.00,5),(196,317,NULL,30.00,'2025-12-17 15:45:36','wallet','دفع محفظة بمبلغ 30.00 ج.م لفاتورة #317 - ملاحظة: ,',5,'2025-12-17 15:45:36',4875.00,4845.00,5),(197,317,NULL,30.00,'2025-12-17 15:45:36','card','دفع card بمبلغ 30.00 ج.م لفاتورة #317',5,'2025-12-17 15:45:36',4845.00,4845.00,5),(198,318,NULL,100.00,'2025-12-17 15:49:05','cash','دفع نقدي بمبلغ 100.00 ج.م لفاتورة #318',5,'2025-12-17 15:49:05',4845.00,4845.00,5),(199,318,NULL,50.00,'2025-12-17 15:49:05','wallet','دفع محفظة بمبلغ 50.00 ج.م لفاتورة #318',5,'2025-12-17 15:49:05',4845.00,4795.00,5),(200,319,NULL,50.00,'2025-12-17 16:16:46','cash','دفع نقدي بمبلغ 50.00 ج.م لفاتورة #319 (شغلانة رقم 5 باسم باب فيلا) - ملاحظة: سبحان الله',5,'2025-12-17 16:16:46',4795.00,4795.00,5),(201,319,NULL,50.00,'2025-12-17 16:16:46','bank_transfer','دفع تحويل بنكي بمبلغ 50.00 ج.م لفاتورة #319 (شغلانة رقم 5 باسم باب فيلا) - ملاحظة: الحمدلله',5,'2025-12-17 16:16:46',4795.00,4795.00,5),(202,319,NULL,30.00,'2025-12-17 16:16:46','wallet','دفع محفظة بمبلغ 30.00 ج.م لفاتورة #319 (شغلانة رقم 5 باسم باب فيلا) - ملاحظة: الله واكبر',5,'2025-12-17 16:16:46',4795.00,4765.00,5),(203,319,NULL,20.00,'2025-12-17 16:16:46','check','دفع شيك بمبلغ 20.00 ج.م لفاتورة #319 (شغلانة رقم 5 باسم باب فيلا) - ملاحظة: لا اله الا الله',5,'2025-12-17 16:16:46',4765.00,4765.00,5),(204,317,NULL,10.00,'2025-12-17 18:25:01','cash',' | سداد فاتورة #317 - 10.00 ج.م (نقدي)',5,'2025-12-17 18:25:01',4765.00,4765.00,NULL),(205,317,NULL,20.00,'2025-12-17 18:26:00','cash',' | سداد فاتورة #317 - 20.00 ج.م (نقدي)',5,'2025-12-17 18:26:00',4765.00,4765.00,NULL),(206,298,NULL,15.00,'2025-12-17 18:26:44','cash',' | سداد فاتورة #298 - 15.00 ج.م (نقدي)',5,'2025-12-17 18:26:44',4765.00,4765.00,NULL),(207,293,NULL,50.00,'2025-12-18 12:41:38','cash',' | سداد فاتورة #293 - 50.00 ج.م (نقدي)',6,'2025-12-18 12:41:38',4765.00,4765.00,NULL),(208,320,NULL,5.00,'2025-12-18 14:03:53','cash',' | سداد فاتورة #320 - 5.00 ج.م (نقدي)',6,'2025-12-18 14:03:53',4765.00,4765.00,NULL),(209,320,NULL,10.00,'2025-12-18 14:05:05','cash',' | سداد فاتورة #320 - 10.00 ج.م (نقدي)',6,'2025-12-18 14:05:05',4765.00,4765.00,NULL),(210,320,NULL,10.00,'2025-12-18 14:06:06','cash',' | فاتورة #320: 10.00 ج.م نقدي',6,'2025-12-18 14:06:06',4765.00,4765.00,5),(211,290,NULL,10.00,'2025-12-18 14:06:06','cash',' | فاتورة #290: 10.00 ج.م نقدي',6,'2025-12-18 14:06:06',4765.00,4765.00,5),(212,312,NULL,10.00,'2025-12-18 17:34:12','cash',' | سداد فاتورة #312 - 10.00 ج.م (نقدي)',6,'2025-12-18 17:34:12',146.01,146.01,NULL),(213,21,NULL,5.00,'2025-12-20 14:59:03','cash',' | فاتورة #21: 5.00 ج.م نقدي',5,'2025-12-20 14:59:03',4856.00,4856.00,NULL),(214,128,NULL,10.00,'2025-12-20 14:59:03','cash',' | فاتورة #128: 10.00 ج.م نقدي',5,'2025-12-20 14:59:03',4856.00,4856.00,NULL),(215,273,NULL,15.00,'2025-12-20 14:59:03','cash',' | فاتورة #273: 15.00 ج.م نقدي',5,'2025-12-20 14:59:03',4856.00,4856.00,NULL),(216,263,NULL,15.00,'2025-12-20 14:59:03','cash',' | فاتورة #263: 15.00 ج.م نقدي',5,'2025-12-20 14:59:03',4856.00,4856.00,NULL),(217,262,NULL,15.00,'2025-12-20 14:59:03','cash',' | فاتورة #262: 15.00 ج.م نقدي',5,'2025-12-20 14:59:03',4856.00,4856.00,NULL),(218,257,NULL,15.00,'2025-12-20 14:59:03','cash',' | فاتورة #257: 15.00 ج.م نقدي',5,'2025-12-20 14:59:03',4856.00,4856.00,NULL),(219,247,NULL,15.00,'2025-12-20 14:59:03','cash',' | فاتورة #247: 15.00 ج.م نقدي',5,'2025-12-20 14:59:03',4856.00,4856.00,NULL),(220,246,NULL,15.00,'2025-12-20 14:59:03','cash',' | فاتورة #246: 15.00 ج.م نقدي',5,'2025-12-20 14:59:03',4856.00,4856.00,NULL),(221,239,NULL,15.00,'2025-12-20 14:59:03','cash',' | فاتورة #239: 15.00 ج.م نقدي',5,'2025-12-20 14:59:03',4856.00,4856.00,NULL),(222,238,NULL,15.00,'2025-12-20 14:59:03','cash',' | فاتورة #238: 15.00 ج.م نقدي',5,'2025-12-20 14:59:03',4856.00,4856.00,NULL),(223,127,NULL,15.00,'2025-12-20 14:59:03','cash',' | فاتورة #127: 15.00 ج.م نقدي',5,'2025-12-20 14:59:03',4856.00,4856.00,NULL),(224,248,NULL,20.00,'2025-12-20 14:59:03','cash',' | فاتورة #248: 20.00 ج.م نقدي',5,'2025-12-20 14:59:03',4856.00,4856.00,NULL),(225,287,NULL,87.50,'2025-12-20 14:59:03','cash',' | فاتورة #287: 87.50 ج.م نقدي',5,'2025-12-20 14:59:03',4856.00,4856.00,NULL),(226,254,NULL,100.00,'2025-12-20 14:59:03','cash',' | فاتورة #254: 100.00 ج.م نقدي',5,'2025-12-20 14:59:03',4856.00,4856.00,NULL),(227,132,NULL,112.50,'2025-12-20 14:59:03','cash',' | فاتورة #132: 112.50 ج.م نقدي',5,'2025-12-20 14:59:03',4856.00,4856.00,NULL),(228,291,NULL,120.00,'2025-12-20 14:59:03','cash',' | فاتورة #291: 120.00 ج.م نقدي',5,'2025-12-20 14:59:03',4856.00,4856.00,NULL),(229,289,NULL,120.00,'2025-12-20 14:59:03','cash',' | فاتورة #289: 120.00 ج.م نقدي',5,'2025-12-20 14:59:03',4856.00,4856.00,NULL),(230,290,NULL,140.00,'2025-12-20 14:59:03','cash',' | فاتورة #290: 140.00 ج.م نقدي',5,'2025-12-20 14:59:03',4856.00,4856.00,NULL),(231,288,NULL,150.00,'2025-12-20 14:59:03','cash',' | فاتورة #288: 150.00 ج.م نقدي',5,'2025-12-20 14:59:03',4856.00,4856.00,NULL),(232,110,NULL,200.00,'2025-12-20 14:59:03','cash',' | فاتورة #110: 200.00 ج.م نقدي',5,'2025-12-20 14:59:03',4856.00,4856.00,NULL),(233,106,NULL,200.00,'2025-12-20 14:59:03','cash',' | فاتورة #106: 200.00 ج.م نقدي',5,'2025-12-20 14:59:03',4856.00,4856.00,NULL),(234,277,NULL,250.00,'2025-12-20 14:59:03','cash',' | فاتورة #277: 250.00 ج.م نقدي',5,'2025-12-20 14:59:03',4856.00,4856.00,NULL),(235,276,NULL,250.00,'2025-12-20 14:59:03','cash',' | فاتورة #276: 250.00 ج.م نقدي',5,'2025-12-20 14:59:03',4856.00,4856.00,NULL),(236,120,NULL,300.00,'2025-12-20 14:59:03','cash',' | فاتورة #120: 300.00 ج.م نقدي',5,'2025-12-20 14:59:03',4856.00,4856.00,NULL),(237,112,NULL,400.00,'2025-12-20 14:59:03','cash',' | فاتورة #112: 400.00 ج.م نقدي',5,'2025-12-20 14:59:03',4856.00,4856.00,NULL),(238,108,NULL,1400.00,'2025-12-20 14:59:03','cash',' | فاتورة #108: 1,400.00 ج.م نقدي',5,'2025-12-20 14:59:03',4856.00,4856.00,NULL),(239,323,NULL,60.00,'2025-12-20 15:09:31','cash','دفع نقدي بمبلغ 60.00 ج.م لفاتورة #323',5,'2025-12-20 15:09:31',4856.00,4856.00,NULL),(240,325,NULL,50.00,'2025-12-20 19:25:46','cash','دفع نقدي بمبلغ 50.00 ج.م لفاتورة #325 (شغلانة رقم 35 باسم باب وشباك)',5,'2025-12-20 19:25:46',4856.00,4856.00,35),(241,325,NULL,10.00,'2025-12-20 19:25:46','wallet','دفع محفظة بمبلغ 10.00 ج.م لفاتورة #325 (شغلانة رقم 35 باسم باب وشباك)',5,'2025-12-20 19:25:46',4856.00,4846.00,35),(242,327,NULL,10.00,'2025-12-20 20:10:32','cash','دفع نقدي بمبلغ 10.00 ج.م لفاتورة #327 (شغلانة رقم 5 باسم باب فيلا)',5,'2025-12-20 20:10:32',4846.00,4846.00,5),(243,327,NULL,15.00,'2025-12-20 20:10:32','wallet','دفع محفظة بمبلغ 15.00 ج.م لفاتورة #327 (شغلانة رقم 5 باسم باب فيلا)',5,'2025-12-20 20:10:32',4846.00,4831.00,5),(244,325,NULL,25.00,'2025-12-20 20:23:11','mixed',' | فاتورة #325: 10.00 ج.م نقدي + 15.00 ج.م محفظة',5,'2025-12-20 20:23:11',4346.00,4331.00,NULL),(245,323,NULL,10.00,'2025-12-21 07:48:45','cash',' | سداد فاتورة #323 - 10.00 ج.م (نقدي)',5,'2025-12-21 07:48:45',4331.00,4331.00,NULL),(246,327,NULL,10.00,'2025-12-21 07:49:28','cash',' | سداد فاتورة #327 - 10.00 ج.م (نقدي)',5,'2025-12-21 07:49:28',4331.00,4331.00,NULL),(247,325,NULL,10.00,'2025-12-21 07:50:33','cash',' | سداد فاتورة #325 - 10.00 ج.م (نقدي)',5,'2025-12-21 07:50:33',4331.00,4331.00,NULL),(248,325,NULL,5.00,'2025-12-21 07:51:03','cash',' | سداد فاتورة #325 - 5.00 ج.م (نقدي)',5,'2025-12-21 07:51:03',4331.00,4331.00,NULL),(249,323,NULL,5.00,'2025-12-21 08:01:50','cash',' | سداد فاتورة #323 - 5.00 ج.م (نقدي)',5,'2025-12-21 08:01:50',4331.00,4331.00,NULL),(250,323,NULL,5.00,'2025-12-21 08:14:05','cash',' | سداد فاتورة #323 - 5.00 ج.م (نقدي)',5,'2025-12-21 08:14:05',4331.00,4331.00,NULL),(251,323,NULL,15.00,'2025-12-21 09:49:49','cash',' | سداد فاتورة #323 - 15.00 ج.م (نقدي)',5,'2025-12-21 09:49:49',4331.00,4331.00,NULL),(252,323,NULL,5.00,'2025-12-21 09:52:02','cash',' | سداد فاتورة #323 - 5.00 ج.م (نقدي)',5,'2025-12-21 09:52:02',4331.00,4331.00,NULL),(253,327,NULL,5.00,'2025-12-21 09:53:02','cash',' | سداد فاتورة #327 تابعة لشغلانة #5 (باب فيلا) - 5.00 ج.م (نقدي)',5,'2025-12-21 09:53:02',4331.00,4331.00,5),(254,327,NULL,5.00,'2025-12-21 09:56:34','cash',' | سداد فاتورة #327 تابعة لشغلانة #5 (باب فيلا) - 5.00 ج.م (نقدي)',5,'2025-12-21 09:56:34',4331.00,4331.00,5),(255,327,NULL,5.00,'2025-12-21 09:57:42','wallet',' | سداد فاتورة #327 تابعة لشغلانة #5 (باب فيلا) - 5.00 ج.م (محفظة)',5,'2025-12-21 09:57:42',4331.00,4326.00,5),(256,327,NULL,5.00,'2025-12-21 09:59:02','cash',' | سداد فاتورة #327 تابعة لشغلانة #5 (باب فيلا) - 5.00 ج.م (نقدي)',5,'2025-12-21 09:59:02',4326.00,4326.00,5),(257,323,NULL,4.00,'2025-12-21 10:02:51','cash',' | سداد فاتورة #323 - 4.00 ج.م (نقدي)',5,'2025-12-21 10:02:51',4326.00,4326.00,NULL),(258,325,NULL,30.00,'2025-12-21 10:04:02','mixed',' | فاتورة #325 تابعة لشغلانة #35 (باب وشباك): 10.00 ج.م نقدي + 10.00 ج.م محفظة + 10.00 ج.م بطاقة',5,'2025-12-21 10:04:02',4326.00,4316.00,35),(259,323,NULL,5.00,'2025-12-21 10:07:33','cash',' | سداد فاتورة #323 - 5.00 ج.م (نقدي)',5,'2025-12-21 10:07:33',4316.00,4316.00,NULL),(260,323,NULL,7.50,'2025-12-21 10:58:52','cash',' | فاتورة #323: 7.50 ج.م نقدي',5,'2025-12-21 10:58:52',4316.00,4316.00,NULL),(261,287,NULL,32.50,'2025-12-21 10:58:52','cash',' | فاتورة #287: 32.50 ج.م نقدي',5,'2025-12-21 10:58:52',4316.00,4316.00,NULL),(262,323,NULL,53.50,'2025-12-21 11:00:56','cash',' | فاتورة #323: 53.50 ج.م نقدي',5,'2025-12-21 11:00:56',4316.00,4316.00,NULL),(263,325,NULL,135.00,'2025-12-21 11:00:56','mixed',' | فاتورة #325: 96.50 ج.م نقدي + 38.50 ج.م بطاقة',5,'2025-12-21 11:00:56',4316.00,4316.00,NULL),(264,327,NULL,161.50,'2025-12-21 11:00:56','mixed',' | فاتورة #327: 61.50 ج.م بطاقة + 100.00 ج.م محفظة',5,'2025-12-21 11:00:56',4316.00,4216.00,NULL),(265,327,NULL,40.00,'2025-12-21 11:05:31','mixed',' | فاتورة #327 تابعة لشغلانة #5 (باب فيلا): 15.00 ج.م نقدي + 15.00 ج.م محفظة + 10.00 ج.م بطاقة',5,'2025-12-21 11:05:31',4216.00,4201.00,5),(266,327,NULL,18.50,'2025-12-21 11:10:52','cash',' | فاتورة #327: 18.50 ج.م نقدي',5,'2025-12-21 11:10:52',4201.00,4201.00,NULL),(267,322,NULL,150.00,'2025-12-21 11:10:52','mixed',' | فاتورة #322: 141.50 ج.م نقدي + 8.50 ج.م محفظة',5,'2025-12-21 11:10:52',4201.00,4192.50,NULL),(268,321,NULL,15.00,'2025-12-21 11:12:03','cash',' | فاتورة #321: 15.00 ج.م نقدي',5,'2025-12-21 11:12:03',4192.50,4192.50,NULL),(269,320,NULL,15.00,'2025-12-21 11:12:03','cash',' | فاتورة #320: 15.00 ج.م نقدي',5,'2025-12-21 11:12:03',4192.50,4192.50,NULL),(272,331,NULL,10.00,'2025-12-21 11:40:58','cash',' | فاتورة #331: 10.00 ج.م نقدي',5,'2025-12-21 11:40:58',4192.50,4192.50,NULL),(273,330,NULL,10.00,'2025-12-21 11:40:58','cash',' | فاتورة #330: 10.00 ج.م نقدي',5,'2025-12-21 11:40:58',4192.50,4192.50,NULL),(274,331,NULL,10.00,'2025-12-21 11:42:36','mixed',' | فاتورة #331: 3.00 ج.م نقدي + 3.00 ج.م نقدي + 4.00 ج.م محفظة',5,'2025-12-21 11:42:36',4192.50,4188.50,NULL),(275,330,NULL,10.00,'2025-12-21 11:42:36','mixed',' | فاتورة #330: 6.00 ج.م محفظة + 4.00 ج.م بطاقة',5,'2025-12-21 11:42:36',4188.50,4182.50,NULL),(276,329,NULL,10.00,'2025-12-21 11:44:47','cash',' | فاتورة #329 تابعة لشغلانة #6 (باب الحدسقه): 10.00 ج.م نقدي',5,'2025-12-21 11:44:47',4182.50,4182.50,6),(277,328,NULL,10.00,'2025-12-21 11:44:47','cash',' | فاتورة #328 تابعة لشغلانة #6 (باب الحدسقه): 10.00 ج.م نقدي',5,'2025-12-21 11:44:47',4182.50,4182.50,6),(278,331,NULL,20.00,'2025-12-21 11:46:37','cash',' | فاتورة #331: 20.00 ج.م نقدي',5,'2025-12-21 11:46:37',4182.50,4182.50,NULL),(279,330,NULL,20.00,'2025-12-21 11:46:37','cash',' | فاتورة #330: 20.00 ج.م نقدي',5,'2025-12-21 11:46:37',4182.50,4182.50,NULL),(280,329,NULL,20.00,'2025-12-21 11:46:37','mixed',' | فاتورة #329 تابعة لشغلانة #6 (باب الحدسقه): 10.00 ج.م نقدي + 10.00 ج.م محفظة',5,'2025-12-21 11:46:37',4182.50,4172.50,6),(281,321,NULL,20.00,'2025-12-21 11:46:37','card',' | فاتورة #321 تابعة لشغلانة #5 (باب فيلا): 20.00 ج.م بطاقة',5,'2025-12-21 11:46:37',4172.50,4172.50,5),(282,320,NULL,20.00,'2025-12-21 11:46:37','check',' | فاتورة #320 تابعة لشغلانة #5 (باب فيلا): 20.00 ج.م شيك',5,'2025-12-21 11:46:37',4172.50,4172.50,5),(283,355,NULL,120.00,'2025-12-23 20:17:36','cash',' | سداد فاتورة #355 - 120.00 ج.م (نقدي)',5,'2025-12-23 20:17:36',146.01,146.01,NULL),(284,369,NULL,300.00,'2025-12-25 09:00:55','cash',' | سداد فاتورة #369 تابعة لشغلانة #36 (اختبار مرتجع) - 300.00 ج.م (نقدي)',5,'2025-12-25 09:00:55',4172.50,4172.50,36),(285,364,NULL,10.00,'2025-12-25 14:49:58','cash',' | سداد فاتورة #364 - 10.00 ج.م (نقدي)',5,'2025-12-25 14:49:58',266.01,266.01,NULL),(286,340,NULL,150.00,'2025-12-25 14:54:10','cash',' | سداد فاتورة #340 - 150.00 ج.م (نقدي)',5,'2025-12-25 14:54:10',276.01,276.01,NULL),(287,350,NULL,50.00,'2025-12-25 14:57:52','cash',' | سداد فاتورة #350 - 50.00 ج.م (نقدي)',5,'2025-12-25 14:57:52',426.01,426.01,NULL),(288,348,NULL,10.00,'2025-12-25 22:00:54','cash',' | سداد فاتورة #348 - 10.00 ج.م (نقدي)',5,'2025-12-25 22:00:54',426.01,426.01,NULL),(289,370,NULL,10.00,'2025-12-27 06:49:42','cash',' | سداد فاتورة #370 - 10.00 ج.م (نقدي)',5,'2025-12-27 06:49:42',476.01,476.01,NULL),(290,370,NULL,140.00,'2025-12-27 07:16:01','cash',' | سداد فاتورة #370 - 140.00 ج.م (نقدي)',5,'2025-12-27 07:16:01',476.01,476.01,NULL),(295,370,NULL,-150.00,'2025-12-27 10:06:21','cash','استرداد نقدي للمرتجع #91',5,'2025-12-27 10:06:21',0.00,0.00,NULL),(296,372,NULL,10.00,'2025-12-27 11:23:26','cash','دفع نقدي بمبلغ 10.00 ج.م لفاتورة #372 (شغلانة رقم 36 باسم اختبار مرتجع)',5,'2025-12-27 11:23:26',4322.50,4322.50,36),(297,374,NULL,675.00,'2025-12-27 11:24:42','cash','دفع نقدي بمبلغ 675.00 ج.م لفاتورة #374 (شغلانة رقم 36 باسم اختبار مرتجع)',5,'2025-12-27 11:24:42',4322.50,4322.50,36),(298,375,NULL,10.00,'2025-12-27 16:32:45','cash',' | سداد فاتورة #375 تابعة لشغلانة #37 (بسم الله نبدء) - 10.00 ج.م (نقدي)',5,'2025-12-27 16:32:45',4457.50,4457.50,37),(299,377,NULL,300.00,'2025-12-27 17:29:06','cash',' | سداد فاتورة #377 تابعة لشغلانة #37 (بسم الله نبدء) - 300.00 ج.م (نقدي)',5,'2025-12-27 17:29:06',4467.50,4467.50,37),(300,377,NULL,-150.00,'2025-12-27 17:31:59','','wallet',5,'2025-12-27 17:31:59',0.00,0.00,NULL),(303,377,NULL,-150.00,'2025-12-27 17:40:17','','wallet',5,'2025-12-27 17:40:17',0.00,0.00,NULL),(304,378,NULL,300.00,'2025-12-27 17:41:45','cash',' | سداد فاتورة #378 تابعة لشغلانة #37 (بسم الله نبدء) - 300.00 ج.م (نقدي)',5,'2025-12-27 17:41:45',4467.50,4467.50,37),(307,378,NULL,-150.00,'2025-12-27 17:49:05','','cash',5,'2025-12-27 17:49:05',0.00,0.00,NULL),(308,378,111,-150.00,'2025-12-27 18:14:36','wallet','إضافة للمحفظة من مرتجع فاتورة #378 📋 (بسم الله نبدء)',5,'2025-12-27 18:14:36',4617.50,4767.50,37),(309,376,NULL,175.00,'2025-12-27 18:17:32','cash',' | سداد فاتورة #376 - 175.00 ج.م (نقدي)',5,'2025-12-27 18:17:32',4767.50,4767.50,NULL),(310,376,112,-175.00,'2025-12-27 18:17:55','cash','استرداد نقدي من مرتجع فاتورة #376',5,'2025-12-27 18:17:55',4767.50,4767.50,NULL),(311,374,117,-135.00,'2025-12-27 20:04:11','wallet','إضافة للمحفظة من مرتجع فاتورة #374 📋 (اختبار مرتجع)',5,'2025-12-27 20:04:11',4767.50,4902.50,36),(312,374,118,-67.50,'2025-12-27 20:06:40','wallet','إضافة للمحفظة من مرتجع فاتورة #374 📋 (اختبار مرتجع)',5,'2025-12-27 20:06:40',4902.50,4970.00,36),(313,380,NULL,10.00,'2025-12-27 20:17:16','cash',' | سداد فاتورة #380 تابعة لشغلانة #37 (بسم الله نبدء) - 10.00 ج.م (نقدي)',5,'2025-12-27 20:17:16',4970.00,4970.00,37),(314,380,NULL,10.00,'2025-12-27 20:19:50','cash',' | سداد فاتورة #380 تابعة لشغلانة #37 (بسم الله نبدء) - 10.00 ج.م (نقدي)',5,'2025-12-27 20:19:50',4970.00,4970.00,37),(315,380,NULL,10.00,'2025-12-27 21:34:21','cash',' | سداد فاتورة #380 تابعة لشغلانة #37 (بسم الله نبدء) - 10.00 ج.م (نقدي)',5,'2025-12-27 21:34:21',4970.00,4970.00,37),(316,380,NULL,10.00,'2025-12-27 21:34:43','cash',' | سداد فاتورة #380 تابعة لشغلانة #37 (بسم الله نبدء) - 10.00 ج.م (نقدي)',5,'2025-12-27 21:34:43',4970.00,4970.00,37),(317,380,NULL,172.00,'2025-12-27 21:36:01','cash',' | فاتورة #380 تابعة لشغلانة #37 (بسم الله نبدء): 172.00 ج.م نقدي',5,'2025-12-27 21:36:01',4970.00,4970.00,37),(318,372,NULL,440.00,'2025-12-27 21:36:01','cash',' | فاتورة #372 تابعة لشغلانة #36 (اختبار مرتجع): 440.00 ج.م نقدي',5,'2025-12-27 21:36:01',4970.00,4970.00,36),(319,371,NULL,588.00,'2025-12-27 21:36:01','cash',' | فاتورة #371: 588.00 ج.م نقدي',5,'2025-12-27 21:36:01',4970.00,4970.00,NULL),(320,331,NULL,110.00,'2025-12-27 21:36:52','cash',' | فاتورة #331: 110.00 ج.م نقدي',5,'2025-12-27 21:36:52',4970.00,4970.00,NULL),(321,330,NULL,210.00,'2025-12-27 21:36:52','mixed',' | فاتورة #330: 110.00 ج.م نقدي + 100.00 ج.م نقدي',5,'2025-12-27 21:36:52',4970.00,4970.00,NULL),(322,380,NULL,150.00,'2025-12-27 21:37:54','mixed',' | فاتورة #380 تابعة لشغلانة #37 (بسم الله نبدء): 100.00 ج.م نقدي + 50.00 ج.م نقدي',5,'2025-12-27 21:37:54',4970.00,4970.00,37),(323,380,NULL,88.00,'2025-12-27 21:38:53','cash',' | سداد فاتورة #380 تابعة لشغلانة #37 (بسم الله نبدء) - 88.00 ج.م (نقدي)',5,'2025-12-27 21:38:53',4970.00,4970.00,37);
/*!40000 ALTER TABLE `invoice_payments` ENABLE KEYS */;
UNLOCK TABLES;

--
-- Table structure for table `invoices_out`
--

DROP TABLE IF EXISTS `invoices_out`;
/*!40101 SET @saved_cs_client     = @@character_set_client */;
/*!40101 SET character_set_client = utf8 */;
CREATE TABLE `invoices_out` (
  `id` int(11) NOT NULL AUTO_INCREMENT COMMENT 'المعرف التلقائي للفاتورة',
  `customer_id` int(11) NOT NULL COMMENT 'معرف العميل المرتبط بالفاتورة',
  `delivered` enum('yes','no','canceled','reverted','partial') NOT NULL DEFAULT 'no',
  `invoice_group` enum('group1','group2','group3','group4','group5','group6','group7','group8','group9','group10','group11') NOT NULL COMMENT 'مجموعة الفاتورة (من 1 إلى 11)',
  `created_by` int(11) DEFAULT NULL COMMENT 'معرف المستخدم الذي أنشأ الفاتورة',
  `created_at` timestamp NOT NULL DEFAULT current_timestamp() COMMENT 'تاريخ ووقت الإنشاء',
  `updated_by` int(11) DEFAULT NULL COMMENT 'معرف المستخدم الذي آخر من عدل الفاتورة',
  `updated_at` timestamp NULL DEFAULT NULL ON UPDATE current_timestamp() COMMENT 'تاريخ ووقت آخر تعديل',
  `notes` text DEFAULT NULL,
  `cancel_reason` varchar(255) DEFAULT NULL,
  `revert_reason` varchar(255) DEFAULT NULL,
  `total_before_discount` decimal(12,2) DEFAULT 0.00 COMMENT 'مجموع البيع قبل أي خصم',
  `discount_type` enum('percent','amount') DEFAULT 'percent' COMMENT 'نوع الخصم',
  `discount_value` decimal(10,2) DEFAULT 0.00 COMMENT 'قيمة الخصم: إذا percent -> تخزن النسبة (مثال: 10) وإلا قيمة المبلغ',
  `discount_amount` decimal(12,2) DEFAULT 0.00 COMMENT 'مبلغ الخصم المحسوب بالعملة',
  `total_after_discount` decimal(12,2) DEFAULT 0.00 COMMENT 'المجموع النهائي بعد الخصم',
  `total_cost` decimal(12,2) DEFAULT 0.00 COMMENT 'اجمالي التكلفة (مخزن للتقارير)',
  `profit_amount` decimal(12,2) DEFAULT 0.00 COMMENT 'اجمالي الربح = total_before_discount - total_cost',
  `paid_amount` decimal(12,2) DEFAULT 0.00,
  `remaining_amount` decimal(12,2) DEFAULT 0.00,
  `work_order_id` int(11) DEFAULT NULL,
  `discount_scope` enum('invoice','items','mixed') DEFAULT 'invoice' COMMENT 'مكان تطبيق الخصم',
  PRIMARY KEY (`id`),
  KEY `fk_invoice_customer` (`customer_id`),
  KEY `fk_invoice_creator` (`created_by`),
  KEY `fk_invoice_updater` (`updated_by`),
  KEY `work_order_id` (`work_order_id`),
  CONSTRAINT `fk_invoice_creator` FOREIGN KEY (`created_by`) REFERENCES `users` (`id`) ON DELETE SET NULL,
  CONSTRAINT `fk_invoice_customer` FOREIGN KEY (`customer_id`) REFERENCES `customers` (`id`),
  CONSTRAINT `fk_invoice_updater` FOREIGN KEY (`updated_by`) REFERENCES `users` (`id`) ON DELETE SET NULL,
  CONSTRAINT `invoices_out_ibfk_1` FOREIGN KEY (`work_order_id`) REFERENCES `work_orders` (`id`)
) ENGINE=InnoDB AUTO_INCREMENT=381 DEFAULT CHARSET=utf8mb4 COLLATE=utf8mb4_unicode_ci COMMENT='جدول فواتير العملاء الصادرة';
/*!40101 SET character_set_client = @saved_cs_client */;

--
-- Dumping data for table `invoices_out`
--

LOCK TABLES `invoices_out` WRITE;
/*!40000 ALTER TABLE `invoices_out` DISABLE KEYS */;
INSERT INTO `invoices_out` VALUES (1,9,'no','group1',5,'2025-10-01 14:16:06',5,'2025-12-06 17:31:16','',NULL,NULL,60.00,'percent',0.00,0.00,60.00,40.00,20.00,0.00,60.00,NULL,'invoice'),(2,9,'no','group1',5,'2025-10-01 14:20:00',NULL,'2025-12-06 17:31:16','',NULL,NULL,15.00,'percent',0.00,0.00,15.00,7.50,7.50,0.00,15.00,NULL,'invoice'),(3,9,'no','group1',5,'2025-10-01 14:47:14',NULL,'2025-12-06 17:31:16','',NULL,NULL,30.00,'percent',0.00,0.00,30.00,20.00,10.00,0.00,30.00,NULL,'invoice'),(4,9,'no','group1',5,'2025-10-01 14:48:03',NULL,'2025-12-06 17:31:16','',NULL,NULL,15.00,'percent',0.00,0.00,15.00,7.50,7.50,0.00,15.00,NULL,'invoice'),(5,10,'no','group1',5,'2025-10-02 15:25:59',5,'2025-12-07 06:05:49','',NULL,NULL,10.00,'percent',0.00,0.00,10.00,7.50,2.50,0.00,10.00,NULL,'invoice'),(6,8,'canceled','group1',5,'2025-10-05 07:25:17',6,'2025-12-13 19:29:35','',NULL,NULL,80.00,'percent',0.00,0.00,80.00,60.00,20.00,80.00,0.00,NULL,'invoice'),(7,11,'yes','group1',5,'2025-10-11 14:51:23',5,'2025-12-07 06:06:12','',NULL,NULL,80.00,'percent',0.00,0.00,80.00,60.00,20.00,80.00,0.00,NULL,'invoice'),(8,8,'no','group1',5,'2025-10-11 15:05:28',6,'2025-12-13 19:29:35','',NULL,NULL,100.00,'percent',0.00,0.00,100.00,80.00,20.00,100.00,0.00,NULL,'invoice'),(9,8,'yes','group1',5,'2025-10-11 15:05:57',5,'2025-12-07 06:06:25','',NULL,NULL,20.00,'percent',0.00,0.00,20.00,16.00,4.00,20.00,0.00,NULL,'invoice'),(21,11,'no','group1',5,'2025-10-11 15:12:51',5,'2025-12-20 14:59:03','',NULL,NULL,5.00,'percent',0.00,0.00,5.00,4.00,1.00,5.00,0.00,NULL,'invoice'),(33,11,'yes','group1',5,'2025-10-11 15:36:00',5,'2025-11-09 13:36:13','',NULL,NULL,0.00,'percent',0.00,0.00,0.00,0.00,0.00,0.00,0.00,NULL,'invoice'),(38,8,'no','group1',5,'2025-10-11 15:42:48',NULL,NULL,'',NULL,NULL,0.00,'percent',0.00,0.00,0.00,0.00,0.00,0.00,0.00,NULL,'invoice'),(39,8,'no','group1',5,'2025-10-11 15:43:16',NULL,NULL,'',NULL,NULL,0.00,'percent',0.00,0.00,0.00,0.00,0.00,0.00,0.00,NULL,'invoice'),(43,8,'yes','group1',5,'2025-10-11 16:01:07',5,'2025-11-09 13:36:06','',NULL,NULL,0.00,'percent',0.00,0.00,0.00,0.00,0.00,0.00,0.00,NULL,'invoice'),(44,8,'yes','group1',5,'2025-10-11 16:01:31',5,'2025-11-09 14:27:19','',NULL,NULL,0.00,'percent',0.00,0.00,0.00,0.00,0.00,0.00,0.00,NULL,'invoice'),(45,8,'yes','group1',5,'2025-10-11 16:03:14',5,'2025-11-09 13:36:00','',NULL,NULL,0.00,'percent',0.00,0.00,0.00,0.00,0.00,0.00,0.00,NULL,'invoice'),(47,8,'yes','group1',5,'2025-10-11 16:13:54',5,'2025-10-12 16:48:17','حكمنتةىلا',NULL,NULL,0.00,'percent',0.00,0.00,0.00,0.00,0.00,0.00,0.00,NULL,'invoice'),(48,8,'yes','group1',5,'2025-10-11 16:20:14',5,'2025-11-09 13:35:38','',NULL,NULL,0.00,'percent',0.00,0.00,0.00,0.00,0.00,0.00,0.00,NULL,'invoice'),(50,8,'yes','group1',5,'2025-10-11 16:20:49',5,'2025-11-09 13:32:15','',NULL,NULL,0.00,'percent',0.00,0.00,0.00,0.00,0.00,0.00,0.00,NULL,'invoice'),(51,8,'yes','group1',5,'2025-10-11 16:21:00',5,'2025-11-09 13:34:04','',NULL,NULL,0.00,'percent',0.00,0.00,0.00,0.00,0.00,0.00,0.00,NULL,'invoice'),(53,8,'no','group1',5,'2025-10-11 16:22:11',5,'2025-11-09 16:30:10','',NULL,NULL,0.00,'percent',0.00,0.00,0.00,0.00,0.00,0.00,0.00,NULL,'invoice'),(56,8,'no','group1',5,'2025-10-11 16:23:17',5,'2025-11-09 16:30:08','',NULL,NULL,0.00,'percent',0.00,0.00,0.00,0.00,0.00,0.00,0.00,NULL,'invoice'),(57,8,'no','group1',5,'2025-10-11 16:23:30',5,'2025-11-09 16:30:03','',NULL,NULL,0.00,'percent',0.00,0.00,0.00,0.00,0.00,0.00,0.00,NULL,'invoice'),(58,8,'no','group1',5,'2025-10-11 16:24:15',5,'2025-11-09 16:30:02','',NULL,NULL,0.00,'percent',0.00,0.00,0.00,0.00,0.00,0.00,0.00,NULL,'invoice'),(59,11,'no','group1',5,'2025-10-11 16:24:33',5,'2025-11-09 16:30:00','',NULL,NULL,0.00,'percent',0.00,0.00,0.00,0.00,0.00,0.00,0.00,NULL,'invoice'),(61,8,'no','group1',5,'2025-10-11 16:25:01',5,'2025-11-09 16:29:59','',NULL,NULL,0.00,'percent',0.00,0.00,0.00,0.00,0.00,0.00,0.00,NULL,'invoice'),(64,8,'no','group1',5,'2025-10-11 16:26:09',5,'2025-11-09 16:29:57','',NULL,NULL,0.00,'percent',0.00,0.00,0.00,0.00,0.00,0.00,0.00,NULL,'invoice'),(65,8,'no','group1',5,'2025-10-11 16:26:45',5,'2025-11-09 16:29:56','',NULL,NULL,0.00,'percent',0.00,0.00,0.00,0.00,0.00,0.00,0.00,NULL,'invoice'),(67,8,'no','group1',5,'2025-10-11 16:28:12',5,'2025-11-09 16:29:55','',NULL,NULL,0.00,'percent',0.00,0.00,0.00,0.00,0.00,0.00,0.00,NULL,'invoice'),(70,8,'no','group1',5,'2025-10-11 23:19:57',5,'2025-11-09 16:29:52','',NULL,NULL,0.00,'percent',0.00,0.00,0.00,0.00,0.00,0.00,0.00,NULL,'invoice'),(71,8,'no','group1',5,'2025-10-11 23:26:20',5,'2025-11-09 16:29:51','',NULL,NULL,0.00,'percent',0.00,0.00,0.00,0.00,0.00,0.00,0.00,NULL,'invoice'),(75,8,'no','group1',5,'2025-10-11 23:36:25',5,'2025-11-09 16:29:46','',NULL,NULL,0.00,'percent',0.00,0.00,0.00,0.00,0.00,0.00,0.00,NULL,'invoice'),(76,8,'no','group1',5,'2025-10-12 00:14:35',5,'2025-11-09 16:29:45','',NULL,NULL,0.00,'percent',0.00,0.00,0.00,0.00,0.00,0.00,0.00,NULL,'invoice'),(77,8,'no','group1',5,'2025-10-12 00:15:08',5,'2025-11-09 16:29:44','',NULL,NULL,0.00,'percent',0.00,0.00,0.00,0.00,0.00,0.00,0.00,NULL,'invoice'),(78,8,'no','group1',5,'2025-10-12 00:15:49',6,'2025-12-13 19:29:35','',NULL,NULL,520.00,'percent',0.00,0.00,520.00,0.00,520.00,520.00,0.00,NULL,'invoice'),(79,8,'no','group1',5,'2025-10-12 00:16:25',5,'2025-11-09 16:29:42','',NULL,NULL,0.00,'percent',0.00,0.00,0.00,0.00,0.00,0.00,0.00,NULL,'invoice'),(80,8,'no','group1',5,'2025-10-12 00:20:38',5,'2025-11-09 16:29:41','',NULL,NULL,0.00,'percent',0.00,0.00,0.00,0.00,0.00,0.00,0.00,NULL,'invoice'),(83,8,'no','group1',5,'2025-10-12 00:23:04',5,'2025-11-09 16:29:40','',NULL,NULL,0.00,'percent',0.00,0.00,0.00,0.00,0.00,0.00,0.00,NULL,'invoice'),(87,8,'no','group1',5,'2025-10-12 16:30:18',5,'2025-11-09 16:29:39','',NULL,NULL,0.00,'percent',0.00,0.00,0.00,0.00,0.00,0.00,0.00,NULL,'invoice'),(88,8,'no','group1',5,'2025-10-12 16:30:41',5,'2025-11-09 16:29:38','حكمنته',NULL,NULL,0.00,'percent',0.00,0.00,0.00,0.00,0.00,0.00,0.00,NULL,'invoice'),(89,8,'no','group1',5,'2025-10-12 16:31:26',5,'2025-11-09 16:29:36','نونو',NULL,NULL,0.00,'percent',0.00,0.00,0.00,0.00,0.00,0.00,0.00,NULL,'invoice'),(90,8,'yes','group1',5,'2025-10-12 16:37:46',5,'2025-11-10 12:39:31','mknjhbvxcfvgfedkalxz\'\r\nAQWS\r\n trbV BRFTDNRMS,./A\r\n\r\n.zas02d1er4as152ZSCWf2',NULL,NULL,0.00,'percent',0.00,0.00,0.00,0.00,0.00,0.00,0.00,NULL,'invoice'),(91,8,'no','group1',5,'2025-10-12 16:55:43',5,'2025-11-09 16:29:31','',NULL,NULL,0.00,'percent',0.00,0.00,0.00,0.00,0.00,0.00,0.00,NULL,'invoice'),(92,8,'no','group1',5,'2025-10-12 17:08:50',5,'2025-11-09 16:29:30','',NULL,NULL,0.00,'percent',0.00,0.00,0.00,0.00,0.00,0.00,0.00,NULL,'invoice'),(93,8,'no','group1',5,'2025-10-12 17:14:51',5,'2025-11-09 16:29:30','',NULL,NULL,0.00,'percent',0.00,0.00,0.00,0.00,0.00,0.00,0.00,NULL,'invoice'),(94,8,'canceled','group1',5,'2025-10-13 07:15:50',5,'2025-10-22 19:46:20','',NULL,NULL,0.00,'percent',0.00,0.00,0.00,0.00,0.00,0.00,0.00,NULL,'invoice'),(95,8,'no','group1',5,'2025-10-13 07:43:14',6,'2025-12-13 19:29:35','',NULL,NULL,1000.00,'percent',0.00,0.00,1000.00,0.00,1000.00,1000.00,0.00,NULL,'invoice'),(96,11,'canceled','group1',5,'2025-10-13 22:35:02',5,'2025-10-22 19:46:09','',NULL,NULL,0.00,'percent',0.00,0.00,0.00,0.00,0.00,0.00,0.00,NULL,'invoice'),(97,8,'no','group1',5,'2025-10-13 23:08:46',5,'2025-11-09 16:29:25','',NULL,NULL,0.00,'percent',0.00,0.00,0.00,0.00,0.00,0.00,0.00,NULL,'invoice'),(98,11,'canceled','group1',5,'2025-10-13 23:09:17',5,'2025-10-22 19:46:03','',NULL,NULL,0.00,'percent',0.00,0.00,0.00,0.00,0.00,0.00,0.00,NULL,'invoice'),(99,8,'canceled','group1',5,'2025-10-13 23:09:35',5,'2025-10-15 19:56:54','',NULL,NULL,0.00,'percent',0.00,0.00,0.00,0.00,0.00,0.00,0.00,NULL,'invoice'),(100,8,'canceled','group1',5,'2025-10-22 08:44:52',5,'2025-12-06 17:31:16','',NULL,NULL,0.00,'percent',0.00,0.00,0.00,0.52,-0.52,0.00,0.00,NULL,'invoice'),(101,9,'no','group1',5,'2025-10-23 12:23:17',5,'2025-12-06 17:31:16','',NULL,NULL,40.00,'percent',0.00,0.00,40.00,20.00,20.00,0.00,40.00,NULL,'invoice'),(102,8,'no','group1',5,'2025-10-23 12:28:28',6,'2025-12-13 19:29:35','',NULL,NULL,20.00,'percent',0.00,0.00,20.00,10.00,10.00,20.00,0.00,NULL,'invoice'),(103,8,'no','group1',5,'2025-10-23 12:30:33',5,'2025-11-09 16:29:19','',NULL,NULL,0.00,'percent',0.00,0.00,0.00,0.00,0.00,0.00,0.00,NULL,'invoice'),(104,8,'no','group1',5,'2025-10-23 13:13:10',6,'2025-12-13 19:29:35','',NULL,NULL,20.00,'percent',0.00,0.00,20.00,10.00,10.00,20.00,0.00,NULL,'invoice'),(105,9,'canceled','group1',5,'2025-10-23 19:01:15',5,'2025-12-06 17:31:16','',NULL,NULL,100.00,'percent',0.00,0.00,100.00,18.00,82.00,0.00,100.00,NULL,'invoice'),(106,11,'canceled','group1',5,'2025-10-23 19:06:04',5,'2025-12-20 14:59:03','',NULL,NULL,200.00,'percent',0.00,0.00,200.00,62.50,137.50,200.00,0.00,NULL,'invoice'),(107,8,'no','group1',5,'2025-10-24 11:17:38',6,'2025-12-13 19:29:35','',NULL,NULL,200.00,'percent',0.00,0.00,200.00,100.00,100.00,200.00,0.00,NULL,'invoice'),(108,11,'no','group1',5,'2025-10-24 11:19:05',5,'2025-12-20 14:59:03','',NULL,NULL,1400.00,'percent',0.00,0.00,1400.00,700.00,700.00,1400.00,0.00,NULL,'invoice'),(109,9,'no','group1',5,'2025-10-25 04:18:30',5,'2025-12-06 17:31:16','',NULL,NULL,400.00,'percent',0.00,0.00,400.00,140.00,260.00,0.00,400.00,NULL,'invoice'),(110,11,'no','group1',5,'2025-10-25 04:27:44',5,'2025-12-20 14:59:03','',NULL,NULL,200.00,'percent',0.00,0.00,200.00,83.33,116.67,200.00,0.00,NULL,'invoice'),(111,8,'no','group1',5,'2025-10-25 04:56:10',6,'2025-12-13 19:29:35','',NULL,NULL,400.00,'percent',0.00,0.00,400.00,36.00,364.00,400.00,0.00,NULL,'invoice'),(112,11,'canceled','group1',5,'2025-10-25 05:04:30',5,'2025-12-20 14:59:03','',NULL,NULL,400.00,'percent',0.00,0.00,400.00,80.00,320.00,400.00,0.00,NULL,'invoice'),(113,8,'canceled','group1',5,'2025-10-25 05:05:40',6,'2025-12-13 19:29:35','',NULL,NULL,100.00,'percent',0.00,0.00,100.00,26.00,74.00,100.00,0.00,NULL,'invoice'),(114,8,'canceled','group1',5,'2025-10-25 05:24:17',6,'2025-12-13 19:29:35','',NULL,NULL,400.00,'percent',0.00,0.00,400.00,104.00,296.00,400.00,0.00,NULL,'invoice'),(115,8,'canceled','group1',5,'2025-10-25 19:23:55',6,'2025-12-13 19:29:35','',NULL,NULL,100.00,'percent',0.00,0.00,100.00,20.00,80.00,100.00,0.00,NULL,'invoice'),(116,8,'canceled','group1',5,'2025-10-25 21:02:14',5,'2025-12-06 17:31:16','',NULL,NULL,100.00,'percent',0.00,0.00,100.00,10.00,90.00,0.00,100.00,NULL,'invoice'),(117,8,'canceled','group1',5,'2025-10-25 21:06:15',5,'2025-12-06 17:31:16','',NULL,NULL,100.00,'percent',0.00,0.00,100.00,10.00,90.00,0.00,100.00,NULL,'invoice'),(118,8,'canceled','group1',5,'2025-10-25 21:17:13',5,'2025-12-06 17:31:16','',NULL,NULL,200.00,'percent',0.00,0.00,200.00,20.00,180.00,0.00,200.00,NULL,'invoice'),(119,8,'canceled','group1',5,'2025-10-25 21:22:19',5,'2025-12-06 17:31:16','',NULL,NULL,300.00,'percent',0.00,0.00,300.00,60.00,240.00,0.00,300.00,NULL,'invoice'),(120,11,'no','group1',5,'2025-10-25 21:33:43',5,'2025-12-20 14:59:03','',NULL,NULL,300.00,'percent',0.00,0.00,300.00,30.00,270.00,300.00,0.00,NULL,'invoice'),(121,8,'no','group1',5,'2025-10-25 22:17:39',5,'2025-12-06 17:31:16','',NULL,NULL,80.00,'percent',0.00,0.00,80.00,50.00,30.00,0.00,80.00,NULL,'invoice'),(122,8,'no','group1',5,'2025-10-26 10:49:44',6,'2025-12-13 19:29:35','',NULL,NULL,1100.00,'percent',0.00,0.00,1100.00,910.03,189.97,363.00,737.00,NULL,'invoice'),(126,8,'canceled','group1',5,'2025-11-03 19:43:19',5,'2025-11-09 13:00:40','',NULL,NULL,20.00,'percent',0.00,0.00,20.00,0.00,20.00,0.00,0.00,NULL,'invoice'),(127,11,'no','group1',5,'2025-11-03 19:55:26',5,'2025-12-23 18:04:28','',NULL,NULL,20.00,'percent',25.00,5.00,20.00,0.00,20.00,15.00,0.00,NULL,'invoice'),(128,11,'no','group1',5,'2025-11-03 20:26:02',5,'2025-12-23 18:04:28','',NULL,NULL,20.00,'amount',10.00,10.00,20.00,0.00,20.00,10.00,0.00,NULL,'invoice'),(129,8,'no','group1',5,'2025-11-05 12:57:23',5,'2025-11-17 20:35:15','',NULL,NULL,20.00,'percent',0.00,0.00,20.00,0.00,20.00,0.00,20.00,NULL,'invoice'),(130,8,'no','group1',5,'2025-11-05 12:57:35',5,'2025-11-17 20:35:15','',NULL,NULL,20.00,'percent',0.00,0.00,20.00,0.00,20.00,0.00,20.00,NULL,'invoice'),(131,8,'no','group1',5,'2025-11-05 15:14:47',5,'2025-11-17 20:35:15','',NULL,NULL,20.00,'amount',0.00,0.00,20.00,0.00,20.00,0.00,20.00,NULL,'invoice'),(132,11,'no','group1',5,'2025-11-05 22:39:18',5,'2025-12-23 18:04:28','',NULL,NULL,150.00,'percent',25.00,37.50,150.00,0.00,150.00,112.50,0.00,NULL,'invoice'),(133,8,'canceled','group1',5,'2025-11-06 10:55:45',5,'2025-11-06 14:02:22','',NULL,NULL,140.00,'amount',0.00,0.00,140.00,0.00,140.00,0.00,0.00,NULL,'invoice'),(134,11,'yes','group1',5,'2025-11-08 16:02:18',5,'2025-12-23 18:04:28','',NULL,NULL,1650.00,'percent',20.00,330.00,1650.00,0.00,1650.00,1320.00,0.00,NULL,'invoice'),(136,11,'yes','group1',5,'2025-11-08 17:20:39',5,'2025-11-17 20:32:56','',NULL,NULL,110.00,'amount',0.00,0.00,110.00,0.00,110.00,110.00,0.00,NULL,'invoice'),(137,8,'yes','group1',5,'2025-11-08 17:41:11',5,'2025-11-17 20:32:56','',NULL,NULL,84.00,'amount',0.00,0.00,84.00,0.00,84.00,84.00,0.00,NULL,'invoice'),(138,11,'yes','group1',5,'2025-11-09 10:21:43',5,'2025-11-17 20:32:56','ميس~]ويسءئ',NULL,NULL,14.00,'amount',0.00,0.00,14.00,0.00,14.00,14.00,0.00,NULL,'invoice'),(139,11,'yes','group1',5,'2025-11-09 15:10:19',5,'2025-12-23 18:04:28','',NULL,NULL,20.00,'percent',10.00,2.00,20.00,0.00,20.00,18.00,0.00,NULL,'invoice'),(140,11,'yes','group1',5,'2025-11-09 21:18:16',5,'2025-12-23 18:04:28','',NULL,NULL,200.00,'percent',25.00,50.00,200.00,0.00,200.00,150.00,0.00,NULL,'invoice'),(153,8,'no','group1',5,'2025-11-17 18:07:01',NULL,'2025-11-17 20:35:15','',NULL,NULL,1100.00,'percent',0.00,0.00,1100.00,100.00,1000.00,0.00,1100.00,NULL,'invoice'),(154,8,'yes','group1',5,'2025-11-17 18:10:57',NULL,'2025-12-23 18:04:28','',NULL,NULL,120.00,'percent',20.00,24.00,120.00,100.00,20.00,96.00,0.00,NULL,'invoice'),(155,8,'no','group1',5,'2025-11-17 18:13:19',NULL,'2025-12-23 18:04:28','',NULL,NULL,20.00,'percent',15.00,3.00,20.00,100.00,-80.00,0.00,17.00,NULL,'invoice'),(156,8,'no','group1',5,'2025-11-17 18:15:08',NULL,'2025-11-17 20:35:15','',NULL,NULL,20.00,'percent',0.00,0.00,20.00,100.00,-80.00,0.00,20.00,NULL,'invoice'),(157,8,'yes','group1',5,'2025-11-17 18:48:12',NULL,'2025-12-23 18:04:28','',NULL,NULL,1200.00,'percent',20.00,240.00,1200.00,100.00,1100.00,960.00,0.00,NULL,'invoice'),(158,8,'yes','group1',5,'2025-11-17 18:55:57',NULL,'2025-12-23 18:04:28','',NULL,NULL,20.00,'percent',20.00,4.00,20.00,100.00,-80.00,16.00,0.00,NULL,'invoice'),(159,8,'yes','group1',5,'2025-11-17 19:00:54',NULL,'2025-12-23 18:04:28','',NULL,NULL,60.00,'amount',10.00,10.00,60.00,600.00,-540.00,50.00,0.00,NULL,'invoice'),(160,8,'no','group1',5,'2025-11-17 19:01:59',NULL,'2025-11-17 20:35:15','',NULL,NULL,1200.00,'percent',0.00,0.00,1200.00,100.00,1100.00,0.00,1200.00,NULL,'invoice'),(161,8,'no','group1',5,'2025-11-17 21:30:18',NULL,'2025-12-07 02:53:14','',NULL,NULL,1200.00,'percent',0.00,0.00,1200.00,100.00,1100.00,0.00,1200.00,NULL,'invoice'),(164,8,'no','group1',5,'2025-11-17 22:49:46',NULL,NULL,'',NULL,NULL,20.00,'',0.00,0.00,20.00,10.00,10.00,0.00,20.00,NULL,'invoice'),(165,8,'yes','group1',5,'2025-11-17 22:51:19',NULL,NULL,'',NULL,NULL,1100.00,'',0.00,0.00,1100.00,100.00,1000.00,1100.00,0.00,NULL,'invoice'),(166,8,'yes','group1',5,'2025-11-18 09:37:07',NULL,'2025-12-23 18:04:28','',NULL,NULL,1200.00,'',20.00,240.00,1200.00,100.00,1100.00,960.00,0.00,NULL,'invoice'),(167,8,'no','group1',5,'2025-11-18 10:24:10',NULL,NULL,'اول فاتوره',NULL,NULL,2400.00,'',0.00,0.00,2400.00,200.00,2200.00,0.00,2400.00,NULL,'invoice'),(168,8,'no','group1',5,'2025-11-18 10:26:34',NULL,NULL,'first',NULL,NULL,6000.00,'',0.00,0.00,6000.00,500.00,5500.00,0.00,6000.00,NULL,'invoice'),(169,8,'yes','group1',5,'2025-11-18 10:29:43',NULL,'2025-12-23 18:04:28','hello',NULL,NULL,70.00,'',15.00,10.50,70.00,25.00,45.00,59.50,0.00,NULL,'invoice'),(170,8,'partial','group1',5,'2025-11-18 10:32:42',NULL,'2025-11-24 06:42:25','',NULL,NULL,5500.00,'',0.00,0.00,5500.00,500.00,5000.00,1000.00,4500.00,NULL,'invoice'),(171,8,'partial','group1',5,'2025-11-18 10:37:09',NULL,'2025-12-23 18:04:28','',NULL,NULL,1100.00,'',20.00,220.00,1100.00,100.00,1000.00,110.00,770.00,NULL,'invoice'),(172,8,'yes','group1',5,'2025-11-18 10:42:39',NULL,'2025-12-23 18:04:28','',NULL,NULL,150.00,'',20.00,20.00,150.00,30.00,120.00,130.00,0.00,NULL,'invoice'),(173,8,'partial','group1',5,'2025-11-18 10:48:55',NULL,'2025-12-23 18:04:28','',NULL,NULL,1100.00,'',20.00,220.00,1100.00,100.00,1000.00,300.00,580.00,NULL,'invoice'),(174,8,'partial','group1',5,'2025-11-18 11:30:58',NULL,'2025-12-23 18:04:28','',NULL,NULL,400.00,'',20.00,80.00,400.00,10.00,390.00,100.00,220.00,NULL,'invoice'),(175,8,'no','group1',5,'2025-11-18 11:31:31',NULL,NULL,'',NULL,NULL,14.00,'',0.00,0.00,14.00,5.00,9.00,0.00,14.00,NULL,'invoice'),(176,8,'partial','group1',5,'2025-11-18 11:32:24',NULL,'2025-11-24 06:42:25','',NULL,NULL,14.00,'',0.00,0.00,14.00,5.00,9.00,7.00,7.00,NULL,'invoice'),(177,8,'partial','group1',5,'2025-11-18 11:34:13',NULL,'2025-11-24 06:42:25','',NULL,NULL,2200.00,'',0.00,0.00,2200.00,200.00,2000.00,110.00,2090.00,NULL,'invoice'),(178,8,'no','group1',5,'2025-11-18 11:35:30',NULL,NULL,'',NULL,NULL,20.00,'',0.00,0.00,20.00,10.00,10.00,0.00,20.00,NULL,'invoice'),(179,8,'partial','group1',5,'2025-11-18 11:38:36',NULL,'2025-12-23 18:04:28','',NULL,NULL,20.00,'',15.00,3.00,20.00,10.00,10.00,12.00,5.00,NULL,'invoice'),(180,8,'yes','group1',5,'2025-11-18 11:44:30',NULL,'2025-12-23 18:04:28','',NULL,NULL,1100.00,'',15.00,165.00,1100.00,100.00,1000.00,935.00,0.00,NULL,'invoice'),(181,8,'yes','group1',5,'2025-11-18 11:45:04',NULL,NULL,'',NULL,NULL,20.00,'',0.00,0.00,20.00,10.00,10.00,20.00,0.00,NULL,'invoice'),(182,8,'yes','group1',5,'2025-11-18 11:45:40',NULL,'2025-12-23 18:04:28','',NULL,NULL,1200.00,'',20.00,240.00,1200.00,100.00,1100.00,960.00,0.00,NULL,'invoice'),(183,8,'yes','group1',5,'2025-11-18 11:45:50',NULL,'2025-12-23 18:04:28','',NULL,NULL,1200.00,'',20.00,240.00,1200.00,100.00,1100.00,960.00,0.00,NULL,'invoice'),(184,8,'no','group1',5,'2025-11-18 11:52:29',6,'2025-12-23 18:04:28','',NULL,NULL,20.00,'',15.00,3.00,20.00,10.00,10.00,10.00,7.00,NULL,'invoice'),(185,8,'yes','group1',5,'2025-11-18 11:55:33',NULL,'2025-12-23 18:04:28','P\'SL;ZE,ZMC',NULL,NULL,1100.00,'',15.00,165.00,1100.00,100.00,1000.00,935.00,0.00,NULL,'invoice'),(186,8,'yes','group1',5,'2025-11-18 11:57:54',NULL,'2025-12-23 18:04:28','',NULL,NULL,1200.00,'',20.00,240.00,1200.00,100.00,1100.00,960.00,0.00,NULL,'invoice'),(187,8,'no','group1',5,'2025-11-18 11:59:08',NULL,'2025-12-23 18:04:28','',NULL,NULL,1200.00,'',20.00,240.00,1200.00,100.00,1100.00,0.00,960.00,NULL,'invoice'),(188,8,'no','group1',5,'2025-11-18 12:01:00',6,'2025-12-23 18:04:28','',NULL,NULL,1100.00,'',100.00,100.00,1100.00,100.00,1000.00,20.00,980.00,NULL,'invoice'),(189,8,'yes','group1',5,'2025-11-18 12:03:48',NULL,'2025-12-23 18:04:28','',NULL,NULL,1100.00,'',20.00,20.00,1100.00,100.00,1000.00,1080.00,0.00,NULL,'invoice'),(190,8,'partial','group1',5,'2025-11-18 12:07:40',NULL,'2025-11-24 06:42:25','',NULL,NULL,1100.00,'',0.00,0.00,1100.00,100.00,1000.00,120.00,980.00,NULL,'invoice'),(191,8,'partial','group1',5,'2025-11-18 12:13:02',NULL,'2025-12-23 18:04:28','',NULL,NULL,1100.00,'',20.00,220.00,1100.00,100.00,1000.00,100.00,780.00,NULL,'invoice'),(192,8,'yes','group1',5,'2025-11-18 12:13:29',NULL,NULL,'',NULL,NULL,1100.00,'',0.00,0.00,1100.00,100.00,1000.00,1100.00,0.00,NULL,'invoice'),(193,8,'no','group1',5,'2025-11-18 12:19:45',6,'2025-12-23 18:04:28','',NULL,NULL,1100.00,'',20.00,220.00,1100.00,100.00,780.00,5.00,875.00,NULL,'invoice'),(194,8,'no','group1',5,'2025-11-18 12:26:55',6,'2025-12-23 18:04:28','',NULL,NULL,1200.00,'',15.00,180.00,1200.00,100.00,920.00,25.00,995.00,NULL,'invoice'),(195,8,'no','group1',5,'2025-11-18 12:29:16',6,'2025-12-23 18:04:28','',NULL,NULL,1200.00,'',20.00,240.00,1200.00,100.00,860.00,15.00,945.00,NULL,'invoice'),(196,8,'no','group1',5,'2025-11-18 12:36:52',6,'2025-12-23 18:04:28','',NULL,NULL,1200.00,'',20.00,240.00,1200.00,100.00,860.00,15.00,945.00,NULL,'invoice'),(197,8,'no','group1',5,'2025-11-18 12:37:31',6,'2025-12-23 18:04:28','',NULL,NULL,1100.00,'',20.00,20.00,1100.00,100.00,980.00,38.00,1042.00,NULL,'invoice'),(198,8,'no','group1',5,'2025-11-18 12:42:04',6,'2025-12-23 18:04:28','',NULL,NULL,20.00,'percent',15.00,3.00,20.00,10.00,7.00,17.00,0.00,NULL,'invoice'),(199,8,'no','group1',5,'2025-11-18 13:25:54',6,'2025-12-23 18:04:28','تجربه 1',NULL,NULL,1100.00,'percent',20.00,220.00,1100.00,100.00,780.00,653.00,227.00,NULL,'invoice'),(200,8,'yes','group1',5,'2025-11-18 13:27:36',NULL,'2025-12-23 18:04:28','الدفع الكلي',NULL,NULL,1100.00,'percent',20.00,220.00,1100.00,100.00,780.00,880.00,0.00,NULL,'invoice'),(201,8,'yes','group1',5,'2025-11-18 13:29:40',NULL,NULL,'نة',NULL,NULL,1000.00,'percent',0.00,0.00,1000.00,10.00,990.00,1000.00,0.00,NULL,'invoice'),(202,8,'yes','group1',5,'2025-11-18 13:30:57',NULL,'2025-12-23 18:04:28','',NULL,NULL,50.00,'amount',10.00,10.00,50.00,10.00,30.00,40.00,0.00,NULL,'invoice'),(203,8,'yes','group1',5,'2025-11-18 13:31:49',NULL,NULL,'',NULL,NULL,1100.00,'percent',0.00,0.00,1100.00,100.00,1000.00,1100.00,0.00,NULL,'invoice'),(204,8,'yes','group1',5,'2025-11-18 13:47:32',NULL,NULL,'',NULL,NULL,1100.00,'percent',0.00,0.00,1100.00,100.00,1000.00,1100.00,0.00,NULL,'invoice'),(205,8,'yes','group1',5,'2025-11-18 13:48:29',NULL,NULL,'',NULL,NULL,20.00,'percent',0.00,0.00,20.00,10.00,10.00,20.00,0.00,NULL,'invoice'),(206,8,'yes','group1',5,'2025-11-18 13:49:12',NULL,NULL,'',NULL,NULL,1200.00,'percent',0.00,0.00,1200.00,100.00,1100.00,1200.00,0.00,NULL,'invoice'),(207,8,'yes','group1',5,'2025-11-18 13:53:01',NULL,NULL,'',NULL,NULL,1200.00,'percent',0.00,0.00,1200.00,100.00,1100.00,1200.00,0.00,NULL,'invoice'),(208,8,'yes','group1',5,'2025-11-18 13:54:37',NULL,'2025-12-23 18:04:28','',NULL,NULL,1200.00,'percent',20.00,240.00,1200.00,100.00,860.00,960.00,0.00,NULL,'invoice'),(209,8,'yes','group1',5,'2025-11-18 13:57:25',NULL,'2025-12-23 18:04:28','',NULL,NULL,1100.00,'percent',20.00,220.00,1100.00,100.00,780.00,880.00,0.00,NULL,'invoice'),(210,8,'yes','group1',5,'2025-11-18 14:01:02',NULL,'2025-12-23 18:04:28','pq3al;w4gEAF,sdmz',NULL,NULL,1200.00,'percent',20.00,240.00,1200.00,100.00,860.00,960.00,0.00,NULL,'invoice'),(211,8,'yes','group1',5,'2025-11-18 14:04:40',NULL,'2025-12-23 18:04:28','thgrfdesa',NULL,NULL,1200.00,'percent',20.00,240.00,1200.00,100.00,860.00,960.00,0.00,NULL,'invoice'),(212,8,'yes','group1',5,'2025-11-18 14:09:51',NULL,'2025-12-23 18:04:28','ujyhtrwedq',NULL,NULL,1200.00,'percent',20.00,240.00,1200.00,100.00,860.00,960.00,0.00,NULL,'invoice'),(213,8,'yes','group1',5,'2025-11-18 14:11:41',NULL,'2025-12-23 18:04:28','WETEAFSD',NULL,NULL,1100.00,'percent',20.00,220.00,1100.00,100.00,780.00,880.00,0.00,NULL,'invoice'),(214,8,'yes','group1',5,'2025-11-18 14:26:39',NULL,'2025-12-24 22:23:49','',NULL,NULL,1100.00,'percent',20.00,220.00,880.00,1000.00,-120.00,880.00,0.00,NULL,'invoice'),(215,8,'partial','group1',5,'2025-11-18 17:35:18',6,'2025-12-14 09:51:55','',NULL,NULL,1100.00,'percent',0.00,0.00,1100.00,1000.00,100.00,372.00,728.00,NULL,'invoice'),(216,8,'yes','group1',5,'2025-11-18 19:41:28',NULL,NULL,'',NULL,NULL,775.00,'percent',0.00,0.00,775.00,450.00,325.00,775.00,0.00,NULL,'invoice'),(217,16,'no','group1',5,'2025-11-18 19:42:41',NULL,NULL,'',NULL,NULL,175.00,'percent',0.00,0.00,175.00,150.00,25.00,0.00,175.00,NULL,'invoice'),(218,8,'yes','group1',5,'2025-11-24 05:06:29',NULL,NULL,'',NULL,NULL,175.00,'percent',0.00,0.00,175.00,150.00,25.00,175.00,0.00,NULL,'invoice'),(219,8,'yes','group1',5,'2025-11-24 05:07:11',NULL,NULL,'',NULL,NULL,175.00,'percent',0.00,0.00,175.00,150.00,25.00,175.00,0.00,NULL,'invoice'),(220,8,'yes','group1',5,'2025-11-24 05:09:53',NULL,NULL,'',NULL,NULL,30.00,'percent',0.00,0.00,30.00,10.00,20.00,30.00,0.00,NULL,'invoice'),(221,8,'yes','group1',5,'2025-11-24 05:10:42',NULL,NULL,'',NULL,NULL,175.00,'percent',0.00,0.00,175.00,150.00,25.00,175.00,0.00,NULL,'invoice'),(222,8,'partial','group1',5,'2025-11-24 05:14:46',6,'2025-12-13 20:05:37','',NULL,NULL,175.00,'percent',0.00,0.00,175.00,150.00,25.00,175.00,0.00,NULL,'invoice'),(223,8,'yes','group1',5,'2025-11-24 05:16:55',NULL,NULL,'',NULL,NULL,175.00,'percent',0.00,0.00,175.00,150.00,25.00,175.00,0.00,NULL,'invoice'),(224,8,'partial','group1',5,'2025-11-24 06:12:06',6,'2025-12-13 19:53:38','',NULL,NULL,175.00,'percent',0.00,0.00,175.00,150.00,25.00,175.00,0.00,NULL,'invoice'),(225,8,'partial','group1',5,'2025-11-24 06:14:15',6,'2025-12-13 19:53:38','',NULL,NULL,150.00,'percent',0.00,0.00,150.00,10.00,140.00,150.00,0.00,NULL,'invoice'),(226,8,'partial','group1',5,'2025-11-24 06:15:13',6,'2025-12-13 19:53:38','',NULL,NULL,150.00,'percent',0.00,0.00,150.00,10.00,140.00,150.00,0.00,NULL,'invoice'),(227,8,'yes','group1',5,'2025-11-24 06:20:58',NULL,NULL,'',NULL,NULL,15.00,'percent',0.00,0.00,15.00,5.00,10.00,15.00,0.00,NULL,'invoice'),(228,8,'no','group1',5,'2025-11-24 06:22:01',6,'2025-12-13 19:24:34','',NULL,NULL,14.00,'percent',0.00,0.00,14.00,6.00,8.00,14.00,0.00,NULL,'invoice'),(229,8,'partial','group1',5,'2025-11-24 06:26:04',6,'2025-12-13 19:20:41','',NULL,NULL,150.00,'percent',0.00,0.00,150.00,10.00,140.00,150.00,0.00,NULL,'invoice'),(230,8,'partial','group1',5,'2025-11-24 06:26:46',6,'2025-12-13 19:20:41','',NULL,NULL,15.00,'percent',0.00,0.00,15.00,6.00,9.00,15.00,0.00,NULL,'invoice'),(231,8,'partial','group1',5,'2025-11-24 06:30:33',6,'2025-12-13 19:20:41','',NULL,NULL,14.00,'percent',0.00,0.00,14.00,6.00,8.00,14.00,0.00,NULL,'invoice'),(232,8,'partial','group1',5,'2025-11-24 06:37:38',6,'2025-12-13 19:24:34','',NULL,NULL,14.00,'percent',0.00,0.00,14.00,6.00,8.00,14.00,0.00,NULL,'invoice'),(233,8,'partial','group1',5,'2025-11-24 07:02:39',6,'2025-12-13 19:24:34','',NULL,NULL,14.00,'percent',0.00,0.00,14.00,6.00,8.00,14.00,0.00,NULL,'invoice'),(238,11,'no','group1',5,'2025-12-15 20:50:35',5,'2025-12-20 14:59:03','',NULL,NULL,15.00,'percent',0.00,0.00,15.00,0.00,15.00,15.00,0.00,5,'invoice'),(239,11,'no','group1',5,'2025-12-15 20:58:37',5,'2025-12-20 14:59:03','',NULL,NULL,15.00,'percent',0.00,0.00,15.00,0.00,15.00,15.00,0.00,5,'invoice'),(246,11,'no','group1',5,'2025-12-15 21:30:26',5,'2025-12-20 14:59:03','اهلا بيك صلي علي النبي',NULL,NULL,15.00,'percent',0.00,0.00,15.00,0.00,15.00,15.00,0.00,5,'invoice'),(247,11,'no','group1',5,'2025-12-15 21:38:18',5,'2025-12-20 14:59:03','',NULL,NULL,15.00,'percent',0.00,0.00,15.00,0.00,15.00,15.00,0.00,5,'invoice'),(248,11,'no','group1',5,'2025-12-15 21:46:32',5,'2025-12-20 14:59:03','اهلا بيك صلي علي النبي \nدفع قطاعي وجمله',NULL,NULL,40.00,'percent',0.00,0.00,40.00,0.00,40.00,40.00,0.00,5,'invoice'),(252,17,'no','group1',5,'2025-12-15 22:09:31',NULL,NULL,'',NULL,NULL,45.00,'percent',0.00,0.00,45.00,1.56,43.44,0.00,45.00,34,'invoice'),(254,11,'no','group1',5,'2025-12-15 22:16:55',5,'2025-12-20 14:59:03','',NULL,NULL,100.00,'percent',0.00,0.00,100.00,90.00,10.00,100.00,0.00,5,'invoice'),(256,16,'no','group1',5,'2025-12-15 22:28:06',NULL,NULL,'',NULL,NULL,15.00,'percent',0.00,0.00,15.00,0.00,15.00,0.00,15.00,4,'invoice'),(257,11,'no','group1',5,'2025-12-15 22:38:29',5,'2025-12-20 14:59:03','صلي علي النبي',NULL,NULL,15.00,'percent',0.00,0.00,15.00,0.00,15.00,15.00,0.00,5,'invoice'),(261,8,'no','group1',5,'2025-12-16 09:10:23',NULL,NULL,'',NULL,NULL,15.00,'percent',0.00,0.00,15.00,0.52,14.48,0.00,15.00,NULL,'invoice'),(262,11,'no','group1',5,'2025-12-16 09:16:31',5,'2025-12-20 14:59:03','',NULL,NULL,15.00,'percent',0.00,0.00,15.00,0.52,14.48,15.00,0.00,5,'invoice'),(263,11,'no','group1',5,'2025-12-16 09:17:57',5,'2025-12-20 14:59:03','',NULL,NULL,15.00,'percent',0.00,0.00,15.00,0.52,14.48,15.00,0.00,NULL,'invoice'),(272,8,'no','group1',5,'2025-12-16 09:31:34',NULL,NULL,'',NULL,NULL,15.00,'percent',0.00,0.00,15.00,10.00,5.00,0.00,15.00,NULL,'invoice'),(273,11,'no','group1',5,'2025-12-16 09:34:46',5,'2025-12-20 14:59:03','',NULL,NULL,15.00,'percent',0.00,0.00,15.00,0.52,14.48,15.00,0.00,5,'invoice'),(274,8,'no','group1',5,'2025-12-16 15:47:37',NULL,NULL,'',NULL,NULL,500.00,'percent',0.00,0.00,500.00,50.00,450.00,0.00,500.00,NULL,'invoice'),(275,8,'no','group1',5,'2025-12-16 15:48:25',NULL,NULL,'',NULL,NULL,500.00,'percent',0.00,0.00,500.00,50.00,450.00,0.00,500.00,NULL,'invoice'),(276,11,'no','group1',5,'2025-12-16 15:53:31',5,'2025-12-20 14:59:03','',NULL,NULL,250.00,'percent',0.00,0.00,250.00,100.00,150.00,250.00,0.00,5,'invoice'),(277,11,'no','group1',5,'2025-12-16 15:56:22',5,'2025-12-20 14:59:03','',NULL,NULL,250.00,'percent',0.00,0.00,250.00,30.00,220.00,250.00,0.00,NULL,'invoice'),(278,8,'no','group1',5,'2025-12-16 15:58:34',NULL,NULL,'',NULL,NULL,250.00,'percent',0.00,0.00,250.00,30.00,220.00,0.00,250.00,NULL,'invoice'),(279,8,'no','group1',5,'2025-12-16 16:03:49',NULL,NULL,'',NULL,NULL,150.00,'percent',0.00,0.00,150.00,30.00,120.00,0.00,150.00,NULL,'invoice'),(281,8,'no','group1',5,'2025-12-16 16:21:48',NULL,NULL,'',NULL,NULL,120.00,'percent',0.00,0.00,120.00,50.00,70.00,0.00,120.00,NULL,'invoice'),(283,8,'no','group1',5,'2025-12-16 16:26:28',NULL,'2025-12-16 16:26:28','',NULL,NULL,210.00,'percent',0.00,0.00,210.00,100.00,110.00,10.00,200.00,NULL,'invoice'),(284,11,'no','group1',5,'2025-12-16 16:42:39',NULL,'2025-12-16 16:42:39','',NULL,NULL,105.00,'percent',0.00,0.00,105.00,100.00,5.00,105.00,0.00,NULL,'invoice'),(285,8,'no','group1',5,'2025-12-17 08:52:50',NULL,NULL,'',NULL,NULL,15.00,'percent',0.00,0.00,15.00,10.00,5.00,0.00,15.00,NULL,'invoice'),(286,8,'no','group1',5,'2025-12-17 08:54:47',NULL,NULL,'',NULL,NULL,20.00,'percent',0.00,0.00,20.00,30.00,-10.00,0.00,20.00,NULL,'invoice'),(287,11,'no','group1',5,'2025-12-17 08:57:29',5,'2025-12-21 10:58:52','',NULL,NULL,120.00,'percent',0.00,0.00,120.00,15.00,105.00,120.00,0.00,NULL,'invoice'),(288,11,'no','group1',5,'2025-12-17 09:01:32',5,'2025-12-20 14:59:03','',NULL,NULL,150.00,'percent',0.00,0.00,150.00,52.00,98.00,150.00,0.00,NULL,'invoice'),(289,11,'no','group1',5,'2025-12-17 09:05:51',5,'2025-12-20 14:59:03','',NULL,NULL,120.00,'percent',0.00,0.00,120.00,15.00,105.00,120.00,0.00,NULL,'invoice'),(290,11,'no','group1',5,'2025-12-17 09:08:34',5,'2025-12-20 14:59:03','',NULL,NULL,150.00,'percent',0.00,0.00,150.00,52.00,98.00,150.00,0.00,5,'invoice'),(291,11,'no','group1',5,'2025-12-17 09:12:15',5,'2025-12-20 14:59:03','',NULL,NULL,120.00,'percent',0.00,0.00,120.00,52.00,68.00,120.00,0.00,NULL,'invoice'),(292,11,'no','group1',5,'2025-12-17 10:51:49',NULL,'2025-12-17 10:51:49','',NULL,NULL,100.00,'percent',0.00,0.00,100.00,0.00,100.00,100.00,0.00,5,'invoice'),(293,11,'no','group1',5,'2025-12-17 10:54:26',6,'2025-12-18 12:41:38','',NULL,NULL,100.00,'percent',0.00,0.00,100.00,52.00,48.00,100.00,0.00,5,'invoice'),(294,8,'no','group1',5,'2025-12-17 11:06:00',NULL,'2025-12-17 11:06:00','صلي النبي',NULL,NULL,150.00,'percent',0.00,0.00,150.00,15.00,135.00,50.00,100.00,NULL,'invoice'),(295,8,'no','group1',5,'2025-12-17 11:41:34',NULL,NULL,'h',NULL,NULL,15.00,'percent',0.00,0.00,15.00,100.00,-85.00,0.00,15.00,NULL,'invoice'),(298,11,'no','group1',5,'2025-12-17 11:51:06',5,'2025-12-17 18:26:44','',NULL,NULL,15.00,'percent',0.00,0.00,15.00,100.00,-85.00,15.00,0.00,5,'invoice'),(300,8,'no','group1',5,'2025-12-17 12:00:00',NULL,NULL,'',NULL,NULL,150.00,'percent',0.00,0.00,150.00,100.00,50.00,0.00,150.00,NULL,'invoice'),(305,8,'no','group1',5,'2025-12-17 12:18:23',NULL,NULL,'',NULL,NULL,15.00,'percent',0.00,0.00,15.00,100.00,-85.00,0.00,15.00,NULL,'invoice'),(306,8,'no','group1',5,'2025-12-17 12:18:55',NULL,'2025-12-17 12:18:55','',NULL,NULL,15.00,'percent',0.00,0.00,15.00,100.00,-85.00,15.00,0.00,NULL,'invoice'),(307,8,'no','group1',5,'2025-12-17 12:31:24',NULL,'2025-12-17 12:31:24','',NULL,NULL,100.00,'percent',0.00,0.00,100.00,0.00,100.00,30.00,70.00,NULL,'invoice'),(309,8,'yes','group1',5,'2025-12-17 12:51:53',NULL,'2025-12-17 12:51:53','',NULL,NULL,150.00,'percent',0.00,0.00,150.00,15.00,135.00,150.00,0.00,NULL,'invoice'),(310,11,'yes','group1',5,'2025-12-17 12:57:21',NULL,'2025-12-17 12:57:21','',NULL,NULL,15.00,'percent',0.00,0.00,15.00,0.00,15.00,20.00,0.00,NULL,'invoice'),(311,8,'no','group1',5,'2025-12-17 13:03:20',NULL,'2025-12-17 13:03:20','',NULL,NULL,15.00,'percent',0.00,0.00,15.00,0.00,15.00,15.00,0.00,NULL,'invoice'),(312,8,'no','group1',5,'2025-12-17 15:19:42',6,'2025-12-18 17:34:12','',NULL,NULL,150.00,'percent',0.00,0.00,150.00,100.00,50.00,10.00,140.00,NULL,'invoice'),(313,8,'no','group1',5,'2025-12-17 15:21:14',NULL,'2025-12-17 15:21:14','الحمدلله',NULL,NULL,150.00,'percent',0.00,0.00,150.00,0.00,150.00,150.00,0.00,NULL,'invoice'),(314,8,'no','group1',5,'2025-12-17 15:36:33',NULL,'2025-12-17 15:36:33','',NULL,NULL,100.00,'percent',0.00,0.00,100.00,0.00,100.00,100.00,0.00,NULL,'invoice'),(317,11,'no','group1',5,'2025-12-17 15:45:36',5,'2025-12-17 18:26:00','',NULL,NULL,100.00,'percent',0.00,0.00,100.00,0.00,100.00,100.00,0.00,5,'invoice'),(318,11,'no','group1',5,'2025-12-17 15:49:05',NULL,'2025-12-17 15:49:05','',NULL,NULL,150.00,'percent',0.00,0.00,150.00,0.00,150.00,150.00,0.00,5,'invoice'),(319,11,'no','group1',5,'2025-12-17 16:16:46',NULL,'2025-12-17 16:16:46','',NULL,NULL,150.00,'percent',0.00,0.00,150.00,100.00,50.00,150.00,0.00,5,'invoice'),(320,11,'no','group1',6,'2025-12-18 13:56:23',5,'2025-12-23 18:04:28','',NULL,NULL,150.00,'amount',30.00,30.00,150.00,10.00,110.00,60.00,60.00,5,'invoice'),(321,11,'no','group1',5,'2025-12-20 15:08:31',5,'2025-12-21 11:46:37','',NULL,NULL,150.00,'percent',0.00,0.00,150.00,10.00,140.00,35.00,115.00,5,'invoice'),(322,11,'no','group1',5,'2025-12-20 15:08:55',5,'2025-12-21 11:10:52','',NULL,NULL,150.00,'percent',0.00,0.00,150.00,0.00,150.00,150.00,0.00,5,'invoice'),(323,11,'no','group1',5,'2025-12-20 15:09:30',5,'2025-12-21 11:00:56','',NULL,NULL,170.00,'percent',0.00,0.00,170.00,100.00,70.00,170.00,0.00,NULL,'invoice'),(324,8,'no','group1',5,'2025-12-20 19:21:33',NULL,NULL,'',NULL,NULL,150.00,'percent',0.00,0.00,150.00,100.00,50.00,0.00,150.00,NULL,'invoice'),(325,11,'no','group1',5,'2025-12-20 19:25:46',5,'2025-12-21 11:00:56','',NULL,NULL,265.00,'percent',0.00,0.00,265.00,200.00,65.00,265.00,0.00,35,'invoice'),(326,8,'no','group1',5,'2025-12-20 20:05:01',NULL,NULL,'',NULL,NULL,150.00,'percent',0.00,0.00,150.00,100.00,50.00,0.00,150.00,NULL,'invoice'),(327,11,'no','group1',5,'2025-12-20 20:10:32',5,'2025-12-21 11:10:52','',NULL,NULL,275.00,'percent',0.00,0.00,275.00,100.00,175.00,275.00,0.00,5,'invoice'),(328,11,'no','group1',5,'2025-12-21 11:17:18',5,'2025-12-21 11:44:47','',NULL,NULL,150.00,'percent',0.00,0.00,150.00,30.00,120.00,10.00,140.00,6,'invoice'),(329,11,'no','group1',5,'2025-12-21 11:17:56',5,'2025-12-21 11:46:37','',NULL,NULL,135.00,'percent',0.00,0.00,135.00,53.50,81.50,30.00,105.00,6,'invoice'),(330,11,'no','group1',5,'2025-12-21 11:18:21',5,'2025-12-27 21:36:52','',NULL,NULL,250.00,'percent',0.00,0.00,250.00,50.00,200.00,250.00,0.00,NULL,'invoice'),(331,11,'no','group1',5,'2025-12-21 11:18:37',5,'2025-12-27 21:36:52','',NULL,NULL,150.00,'percent',0.00,0.00,150.00,75.00,75.00,150.00,0.00,NULL,'invoice'),(332,8,'no','group1',5,'2025-12-22 10:14:32',NULL,NULL,'',NULL,NULL,150.00,'percent',0.00,0.00,150.00,1.50,148.50,0.00,150.00,NULL,'invoice'),(333,8,'no','group1',5,'2025-12-22 10:14:52',NULL,NULL,'',NULL,NULL,1100.00,'percent',0.00,0.00,1100.00,1000.00,100.00,0.00,1100.00,NULL,'invoice'),(338,8,'reverted','group1',5,'2025-12-22 12:42:47',NULL,'2025-12-24 13:11:09','',NULL,'إرجاع كامل للفاتورة',20.00,'percent',0.00,0.00,0.00,0.00,0.00,0.00,0.00,NULL,'items'),(339,8,'','group1',5,'2025-12-22 12:45:24',NULL,'2025-12-23 18:04:28','',NULL,NULL,620.00,'percent',25.00,155.00,620.00,82.00,383.00,0.00,465.00,NULL,'items'),(340,8,'reverted','group1',5,'2025-12-22 14:22:59',5,'2025-12-25 14:54:34','',NULL,'إرجاع كامل للفاتورة',150.00,'percent',0.00,0.00,0.00,0.00,0.00,0.00,0.00,NULL,'items'),(341,8,'','group1',5,'2025-12-22 14:24:18',NULL,'2025-12-23 18:04:28','',NULL,NULL,320.00,'percent',14.06,45.00,320.00,110.00,165.00,0.00,275.00,NULL,'items'),(342,8,'reverted','group1',5,'2025-12-22 14:49:35',NULL,'2025-12-24 13:08:50','',NULL,'إرجاع كامل للفاتورة',20.00,'percent',0.00,0.00,0.00,0.00,0.00,0.00,0.00,NULL,'items'),(343,8,'','group1',5,'2025-12-22 14:50:58',NULL,'2025-12-23 18:04:28','',NULL,NULL,40.00,'percent',25.00,10.00,40.00,60.00,-30.00,0.00,30.00,NULL,'items'),(344,8,'','group1',5,'2025-12-22 14:53:54',NULL,NULL,'',NULL,NULL,150.00,'percent',0.00,0.00,150.00,0.00,150.00,0.00,150.00,NULL,'items'),(345,8,'','group1',5,'2025-12-22 14:55:11',NULL,'2025-12-23 18:04:28','',NULL,NULL,150.00,'percent',80.00,120.00,150.00,75.00,-45.00,0.00,30.00,NULL,'items'),(346,8,'','group1',5,'2025-12-22 15:02:14',NULL,'2025-12-23 18:04:28','',NULL,NULL,570.00,'percent',27.19,155.00,570.00,150.52,264.48,0.00,415.00,NULL,'items'),(347,8,'','group1',5,'2025-12-22 15:19:26',NULL,NULL,'',NULL,NULL,3.00,'percent',0.00,0.00,3.00,1.50,1.50,0.00,3.00,NULL,'items'),(348,8,'','group1',5,'2025-12-22 15:58:13',5,'2025-12-27 10:11:56','',NULL,NULL,2060.00,'percent',2.91,60.00,1970.00,10.00,1960.00,10.00,1960.00,NULL,'items'),(349,11,'reverted','group1',5,'2025-12-22 17:41:46',NULL,'2025-12-25 14:48:39','',NULL,'إرجاع كامل للفاتورة',1670.00,'percent',10.78,180.00,0.00,0.00,0.00,0.00,0.00,5,'items'),(350,8,'reverted','group1',5,'2025-12-23 04:39:33',5,'2025-12-25 22:04:38','',NULL,'إرجاع كامل للفاتورة',600.00,'percent',0.00,0.00,0.00,0.00,0.00,0.00,0.00,NULL,'items'),(351,8,'reverted','group1',5,'2025-12-23 11:12:20',NULL,'2025-12-23 19:54:48','',NULL,'إرجاع كامل للفاتورة',150.00,'percent',0.00,0.00,0.00,0.00,-150.00,0.00,0.00,NULL,'items'),(352,8,'reverted','group1',5,'2025-12-23 15:55:23',NULL,'2025-12-23 18:32:48','',NULL,'إرجاع كامل للفاتورة',150.00,'percent',0.00,0.00,0.00,0.00,-150.00,0.00,0.00,NULL,'items'),(353,8,'reverted','group1',5,'2025-12-23 19:58:57',NULL,'2025-12-24 13:24:38','',NULL,'إرجاع كامل للفاتورة',1470.00,'percent',0.00,0.00,0.00,0.00,0.00,0.00,0.00,NULL,'items'),(354,8,'reverted','group1',5,'2025-12-23 20:08:23',NULL,'2025-12-24 13:14:08','',NULL,'إرجاع كامل للفاتورة',300.00,'percent',0.00,0.00,0.00,0.00,0.00,0.00,0.00,NULL,'items'),(355,8,'reverted','group1',5,'2025-12-23 20:14:59',5,'2025-12-24 13:28:08','',NULL,'إرجاع كامل للفاتورة',360.00,'percent',0.00,0.00,0.00,0.00,0.00,0.00,0.00,NULL,'items'),(356,8,'reverted','group1',5,'2025-12-23 20:42:12',NULL,'2025-12-23 21:14:52','',NULL,'إرجاع كامل للفاتورة',600.00,'percent',0.00,0.00,0.00,1200.00,-1900.00,0.00,0.00,NULL,'items'),(357,8,'reverted','group1',5,'2025-12-23 21:20:13',NULL,'2025-12-24 13:12:01','',NULL,'إرجاع كامل للفاتورة',900.00,'percent',0.00,0.00,0.00,0.00,0.00,0.00,0.00,NULL,'items'),(358,8,'reverted','group1',5,'2025-12-23 21:27:11',NULL,'2025-12-24 13:04:33','',NULL,'إرجاع كامل للفاتورة',1050.00,'percent',0.00,0.00,0.00,0.00,0.00,0.00,0.00,NULL,'items'),(359,8,'reverted','group1',5,'2025-12-24 09:29:36',NULL,'2025-12-24 13:29:27','',NULL,'إرجاع كامل للفاتورة',4560.00,'percent',1.32,60.00,0.00,0.00,0.00,0.00,0.00,NULL,'items'),(360,8,'reverted','group1',5,'2025-12-24 09:37:54',NULL,'2025-12-24 13:18:30','',NULL,'إرجاع كامل للفاتورة',252.00,'percent',5.95,15.00,0.00,0.00,0.00,0.00,0.00,NULL,'items'),(361,8,'reverted','group1',5,'2025-12-24 10:32:15',NULL,'2025-12-24 12:45:21','',NULL,NULL,750.00,'percent',0.00,0.00,0.00,0.00,0.00,0.00,0.00,NULL,'items'),(362,8,'reverted','group1',5,'2025-12-24 12:55:34',NULL,'2025-12-24 12:56:56','',NULL,'إرجاع كامل للفاتورة',450.00,'percent',0.00,0.00,0.00,0.00,0.00,0.00,0.00,NULL,'items'),(363,8,'reverted','group1',5,'2025-12-24 15:56:05',NULL,'2025-12-24 16:49:20','',NULL,'إرجاع كامل للفاتورة',750.00,'percent',0.00,0.00,0.00,0.00,0.00,0.00,0.00,NULL,'items'),(364,8,'reverted','group1',5,'2025-12-24 17:15:50',5,'2025-12-25 14:51:21','استغفر الله',NULL,'إرجاع كامل للفاتورة',1800.00,'percent',0.00,0.00,0.00,0.00,0.00,0.00,0.00,NULL,'items'),(365,8,'reverted','group1',5,'2025-12-24 17:27:40',NULL,'2025-12-24 17:28:42','اشهد ان لا اله الا الله',NULL,'إرجاع كامل للفاتورة',1740.00,'percent',30.11,524.00,0.00,0.00,0.00,0.00,0.00,NULL,'items'),(366,8,'reverted','group1',5,'2025-12-24 17:34:41',NULL,'2025-12-25 05:31:55','',NULL,'إرجاع كامل للفاتورة',5200.00,'percent',9.42,490.00,0.00,0.00,0.00,0.00,0.00,NULL,'items'),(367,11,'reverted','group1',5,'2025-12-25 06:59:16',NULL,'2025-12-25 07:56:21','الله اكبر',NULL,'إرجاع كامل للفاتورة',1000.00,'percent',10.00,100.00,0.00,0.00,0.00,0.00,0.00,36,'items'),(368,11,'reverted','group1',5,'2025-12-25 08:03:08',NULL,'2025-12-25 08:26:47','الله اكبر',NULL,'إرجاع كامل للفاتورة',900.00,'percent',0.00,0.00,0.00,0.00,0.00,0.00,0.00,36,'items'),(369,11,'reverted','group1',5,'2025-12-25 08:28:38',5,'2025-12-25 11:56:56','',NULL,'إرجاع كامل للفاتورة',1800.00,'percent',0.00,0.00,0.00,0.00,0.00,0.00,0.00,36,'items'),(370,8,'reverted','group1',5,'2025-12-25 22:35:02',5,'2025-12-27 10:06:21','',NULL,'إرجاع كامل للفاتورة',150.00,'percent',0.00,0.00,0.00,0.00,0.00,0.00,0.00,NULL,'items'),(371,11,'','group1',5,'2025-12-27 11:23:01',5,'2025-12-27 21:36:01','',NULL,NULL,900.00,'percent',1.67,15.00,588.00,0.00,588.00,588.00,0.00,NULL,'items'),(372,11,'no','group1',5,'2025-12-27 11:23:26',5,'2025-12-27 21:36:01','',NULL,NULL,450.00,'percent',0.00,0.00,450.00,300.00,150.00,450.00,0.00,36,'items'),(373,8,'','group1',5,'2025-12-27 11:24:03',NULL,NULL,'',NULL,NULL,450.00,'percent',6.67,30.00,420.00,100.00,320.00,0.00,420.00,NULL,'items'),(374,11,'no','group1',5,'2025-12-27 11:24:42',NULL,'2025-12-27 20:06:40','',NULL,NULL,750.00,'percent',10.00,75.00,337.50,250.00,87.50,337.50,0.00,36,'items'),(375,11,'reverted','group1',5,'2025-12-27 15:41:07',5,'2025-12-27 16:42:38','الله اكبر',NULL,'إرجاع كامل للفاتورة',3304.00,'percent',6.96,230.00,0.00,0.00,0.00,0.00,0.00,37,'items'),(376,11,'reverted','group1',5,'2025-12-27 15:41:30',5,'2025-12-27 18:17:55','',NULL,'إرجاع كامل للفاتورة',325.00,'percent',0.00,0.00,0.00,0.00,0.00,0.00,0.00,NULL,'items'),(377,11,'reverted','group1',5,'2025-12-27 17:28:18',5,'2025-12-27 17:40:17','',NULL,'إرجاع كامل للفاتورة',600.00,'percent',0.00,0.00,0.00,0.00,0.00,0.00,0.00,37,'items'),(378,11,'reverted','group1',5,'2025-12-27 17:41:19',5,'2025-12-27 18:14:36','',NULL,'إرجاع كامل للفاتورة',600.00,'percent',0.00,0.00,0.00,0.00,0.00,0.00,0.00,37,'items'),(379,11,'reverted','group1',5,'2025-12-27 19:55:28',NULL,'2025-12-27 20:03:37','',NULL,'إرجاع كامل للفاتورة',450.00,'percent',0.00,0.00,0.00,0.00,0.00,0.00,0.00,37,'items'),(380,11,'','group1',5,'2025-12-27 20:12:54',5,'2025-12-27 21:38:53','',NULL,NULL,620.00,'percent',0.00,0.00,450.00,4.50,445.50,450.00,0.00,37,'items');
/*!40000 ALTER TABLE `invoices_out` ENABLE KEYS */;
UNLOCK TABLES;

--
-- Table structure for table `invoices_out_backup_before_update`
--

DROP TABLE IF EXISTS `invoices_out_backup_before_update`;
/*!40101 SET @saved_cs_client     = @@character_set_client */;
/*!40101 SET character_set_client = utf8 */;
CREATE TABLE `invoices_out_backup_before_update` (
  `id` int(11) NOT NULL DEFAULT 0 COMMENT 'المعرف التلقائي للفاتورة',
  `customer_id` int(11) NOT NULL COMMENT 'معرف العميل المرتبط بالفاتورة',
  `delivered` enum('yes','no','canceled','reverted','partial') CHARACTER SET utf8mb4 COLLATE utf8mb4_unicode_ci NOT NULL DEFAULT 'no',
  `invoice_group` enum('group1','group2','group3','group4','group5','group6','group7','group8','group9','group10','group11') CHARACTER SET utf8mb4 COLLATE utf8mb4_unicode_ci NOT NULL COMMENT 'مجموعة الفاتورة (من 1 إلى 11)',
  `created_by` int(11) DEFAULT NULL COMMENT 'معرف المستخدم الذي أنشأ الفاتورة',
  `created_at` timestamp NOT NULL DEFAULT current_timestamp() COMMENT 'تاريخ ووقت الإنشاء',
  `updated_by` int(11) DEFAULT NULL COMMENT 'معرف المستخدم الذي آخر من عدل الفاتورة',
  `updated_at` timestamp NULL DEFAULT NULL ON UPDATE current_timestamp() COMMENT 'تاريخ ووقت آخر تعديل',
  `notes` text CHARACTER SET utf8mb4 COLLATE utf8mb4_unicode_ci DEFAULT NULL,
  `cancel_reason` varchar(255) CHARACTER SET utf8mb4 COLLATE utf8mb4_unicode_ci DEFAULT NULL,
  `revert_reason` varchar(255) CHARACTER SET utf8mb4 COLLATE utf8mb4_unicode_ci DEFAULT NULL,
  `total_before_discount` decimal(12,2) DEFAULT 0.00 COMMENT 'مجموع البيع قبل أي خصم',
  `discount_type` enum('percent','amount') CHARACTER SET utf8mb4 COLLATE utf8mb4_unicode_ci DEFAULT 'percent' COMMENT 'نوع الخصم',
  `discount_value` decimal(10,2) DEFAULT 0.00 COMMENT 'قيمة الخصم: إذا percent -> تخزن النسبة (مثال: 10) وإلا قيمة المبلغ',
  `discount_amount` decimal(12,2) DEFAULT 0.00 COMMENT 'مبلغ الخصم المحسوب بالعملة',
  `total_after_discount` decimal(12,2) DEFAULT 0.00 COMMENT 'المجموع النهائي بعد الخصم',
  `total_cost` decimal(12,2) DEFAULT 0.00 COMMENT 'اجمالي التكلفة (مخزن للتقارير)',
  `profit_amount` decimal(12,2) DEFAULT 0.00 COMMENT 'اجمالي الربح = total_before_discount - total_cost',
  `paid_amount` decimal(12,2) DEFAULT 0.00,
  `remaining_amount` decimal(12,2) DEFAULT 0.00
) ENGINE=InnoDB DEFAULT CHARSET=utf8mb4 COLLATE=utf8mb4_general_ci;
/*!40101 SET character_set_client = @saved_cs_client */;

--
-- Dumping data for table `invoices_out_backup_before_update`
--

LOCK TABLES `invoices_out_backup_before_update` WRITE;
/*!40000 ALTER TABLE `invoices_out_backup_before_update` DISABLE KEYS */;
INSERT INTO `invoices_out_backup_before_update` VALUES (1,9,'no','group1',5,'2025-10-01 14:16:06',5,'2025-12-06 17:31:16','',NULL,NULL,60.00,'percent',0.00,0.00,60.00,40.00,20.00,0.00,60.00),(2,9,'no','group1',5,'2025-10-01 14:20:00',NULL,'2025-12-06 17:31:16','',NULL,NULL,15.00,'percent',0.00,0.00,15.00,7.50,7.50,0.00,15.00),(3,9,'no','group1',5,'2025-10-01 14:47:14',NULL,'2025-12-06 17:31:16','',NULL,NULL,30.00,'percent',0.00,0.00,30.00,20.00,10.00,0.00,30.00),(4,9,'no','group1',5,'2025-10-01 14:48:03',NULL,'2025-12-06 17:31:16','',NULL,NULL,15.00,'percent',0.00,0.00,15.00,7.50,7.50,0.00,15.00),(5,10,'','group1',5,'2025-10-02 15:25:59',5,'2025-12-06 17:31:16','',NULL,NULL,10.00,'percent',0.00,0.00,10.00,7.50,2.50,0.00,10.00),(6,8,'canceled','group1',5,'2025-10-05 07:25:17',5,'2025-12-06 17:31:16','',NULL,NULL,80.00,'percent',0.00,0.00,80.00,60.00,20.00,0.00,80.00),(7,11,'yes','group1',5,'2025-10-11 14:51:23',5,'2025-12-06 17:31:16','',NULL,NULL,80.00,'percent',0.00,0.00,80.00,60.00,20.00,0.00,80.00),(8,8,'no','group1',5,'2025-10-11 15:05:28',NULL,'2025-12-06 17:31:16','',NULL,NULL,100.00,'percent',0.00,0.00,100.00,80.00,20.00,0.00,100.00),(9,8,'yes','group1',5,'2025-10-11 15:05:57',5,'2025-12-06 17:31:16','',NULL,NULL,20.00,'percent',0.00,0.00,20.00,16.00,4.00,0.00,20.00),(21,11,'no','group1',5,'2025-10-11 15:12:51',NULL,'2025-12-06 17:31:16','',NULL,NULL,5.00,'percent',0.00,0.00,5.00,4.00,1.00,0.00,5.00),(33,11,'yes','group1',5,'2025-10-11 15:36:00',5,'2025-11-09 13:36:13','',NULL,NULL,0.00,'percent',0.00,0.00,0.00,0.00,0.00,0.00,0.00),(38,8,'no','group1',5,'2025-10-11 15:42:48',NULL,NULL,'',NULL,NULL,0.00,'percent',0.00,0.00,0.00,0.00,0.00,0.00,0.00),(39,8,'no','group1',5,'2025-10-11 15:43:16',NULL,NULL,'',NULL,NULL,0.00,'percent',0.00,0.00,0.00,0.00,0.00,0.00,0.00),(43,8,'yes','group1',5,'2025-10-11 16:01:07',5,'2025-11-09 13:36:06','',NULL,NULL,0.00,'percent',0.00,0.00,0.00,0.00,0.00,0.00,0.00),(44,8,'yes','group1',5,'2025-10-11 16:01:31',5,'2025-11-09 14:27:19','',NULL,NULL,0.00,'percent',0.00,0.00,0.00,0.00,0.00,0.00,0.00),(45,8,'yes','group1',5,'2025-10-11 16:03:14',5,'2025-11-09 13:36:00','',NULL,NULL,0.00,'percent',0.00,0.00,0.00,0.00,0.00,0.00,0.00),(47,8,'yes','group1',5,'2025-10-11 16:13:54',5,'2025-10-12 16:48:17','حكمنتةىلا',NULL,NULL,0.00,'percent',0.00,0.00,0.00,0.00,0.00,0.00,0.00),(48,8,'yes','group1',5,'2025-10-11 16:20:14',5,'2025-11-09 13:35:38','',NULL,NULL,0.00,'percent',0.00,0.00,0.00,0.00,0.00,0.00,0.00),(50,8,'yes','group1',5,'2025-10-11 16:20:49',5,'2025-11-09 13:32:15','',NULL,NULL,0.00,'percent',0.00,0.00,0.00,0.00,0.00,0.00,0.00),(51,8,'yes','group1',5,'2025-10-11 16:21:00',5,'2025-11-09 13:34:04','',NULL,NULL,0.00,'percent',0.00,0.00,0.00,0.00,0.00,0.00,0.00),(53,8,'no','group1',5,'2025-10-11 16:22:11',5,'2025-11-09 16:30:10','',NULL,NULL,0.00,'percent',0.00,0.00,0.00,0.00,0.00,0.00,0.00),(56,8,'no','group1',5,'2025-10-11 16:23:17',5,'2025-11-09 16:30:08','',NULL,NULL,0.00,'percent',0.00,0.00,0.00,0.00,0.00,0.00,0.00),(57,8,'no','group1',5,'2025-10-11 16:23:30',5,'2025-11-09 16:30:03','',NULL,NULL,0.00,'percent',0.00,0.00,0.00,0.00,0.00,0.00,0.00),(58,8,'no','group1',5,'2025-10-11 16:24:15',5,'2025-11-09 16:30:02','',NULL,NULL,0.00,'percent',0.00,0.00,0.00,0.00,0.00,0.00,0.00),(59,11,'no','group1',5,'2025-10-11 16:24:33',5,'2025-11-09 16:30:00','',NULL,NULL,0.00,'percent',0.00,0.00,0.00,0.00,0.00,0.00,0.00),(61,8,'no','group1',5,'2025-10-11 16:25:01',5,'2025-11-09 16:29:59','',NULL,NULL,0.00,'percent',0.00,0.00,0.00,0.00,0.00,0.00,0.00),(64,8,'no','group1',5,'2025-10-11 16:26:09',5,'2025-11-09 16:29:57','',NULL,NULL,0.00,'percent',0.00,0.00,0.00,0.00,0.00,0.00,0.00),(65,8,'no','group1',5,'2025-10-11 16:26:45',5,'2025-11-09 16:29:56','',NULL,NULL,0.00,'percent',0.00,0.00,0.00,0.00,0.00,0.00,0.00),(67,8,'no','group1',5,'2025-10-11 16:28:12',5,'2025-11-09 16:29:55','',NULL,NULL,0.00,'percent',0.00,0.00,0.00,0.00,0.00,0.00,0.00),(70,8,'no','group1',5,'2025-10-11 23:19:57',5,'2025-11-09 16:29:52','',NULL,NULL,0.00,'percent',0.00,0.00,0.00,0.00,0.00,0.00,0.00),(71,8,'no','group1',5,'2025-10-11 23:26:20',5,'2025-11-09 16:29:51','',NULL,NULL,0.00,'percent',0.00,0.00,0.00,0.00,0.00,0.00,0.00),(75,8,'no','group1',5,'2025-10-11 23:36:25',5,'2025-11-09 16:29:46','',NULL,NULL,0.00,'percent',0.00,0.00,0.00,0.00,0.00,0.00,0.00),(76,8,'no','group1',5,'2025-10-12 00:14:35',5,'2025-11-09 16:29:45','',NULL,NULL,0.00,'percent',0.00,0.00,0.00,0.00,0.00,0.00,0.00),(77,8,'no','group1',5,'2025-10-12 00:15:08',5,'2025-11-09 16:29:44','',NULL,NULL,0.00,'percent',0.00,0.00,0.00,0.00,0.00,0.00,0.00),(78,8,'no','group1',5,'2025-10-12 00:15:49',5,'2025-12-06 17:31:16','',NULL,NULL,520.00,'percent',0.00,0.00,520.00,0.00,520.00,0.00,520.00),(79,8,'no','group1',5,'2025-10-12 00:16:25',5,'2025-11-09 16:29:42','',NULL,NULL,0.00,'percent',0.00,0.00,0.00,0.00,0.00,0.00,0.00),(80,8,'no','group1',5,'2025-10-12 00:20:38',5,'2025-11-09 16:29:41','',NULL,NULL,0.00,'percent',0.00,0.00,0.00,0.00,0.00,0.00,0.00),(83,8,'no','group1',5,'2025-10-12 00:23:04',5,'2025-11-09 16:29:40','',NULL,NULL,0.00,'percent',0.00,0.00,0.00,0.00,0.00,0.00,0.00),(87,8,'no','group1',5,'2025-10-12 16:30:18',5,'2025-11-09 16:29:39','',NULL,NULL,0.00,'percent',0.00,0.00,0.00,0.00,0.00,0.00,0.00),(88,8,'no','group1',5,'2025-10-12 16:30:41',5,'2025-11-09 16:29:38','حكمنته',NULL,NULL,0.00,'percent',0.00,0.00,0.00,0.00,0.00,0.00,0.00),(89,8,'no','group1',5,'2025-10-12 16:31:26',5,'2025-11-09 16:29:36','نونو',NULL,NULL,0.00,'percent',0.00,0.00,0.00,0.00,0.00,0.00,0.00),(90,8,'yes','group1',5,'2025-10-12 16:37:46',5,'2025-11-10 12:39:31','mknjhbvxcfvgfedkalxz\'\r\nAQWS\r\n trbV BRFTDNRMS,./A\r\n\r\n.zas02d1er4as152ZSCWf2',NULL,NULL,0.00,'percent',0.00,0.00,0.00,0.00,0.00,0.00,0.00),(91,8,'no','group1',5,'2025-10-12 16:55:43',5,'2025-11-09 16:29:31','',NULL,NULL,0.00,'percent',0.00,0.00,0.00,0.00,0.00,0.00,0.00),(92,8,'no','group1',5,'2025-10-12 17:08:50',5,'2025-11-09 16:29:30','',NULL,NULL,0.00,'percent',0.00,0.00,0.00,0.00,0.00,0.00,0.00),(93,8,'no','group1',5,'2025-10-12 17:14:51',5,'2025-11-09 16:29:30','',NULL,NULL,0.00,'percent',0.00,0.00,0.00,0.00,0.00,0.00,0.00),(94,8,'canceled','group1',5,'2025-10-13 07:15:50',5,'2025-10-22 19:46:20','',NULL,NULL,0.00,'percent',0.00,0.00,0.00,0.00,0.00,0.00,0.00),(95,8,'no','group1',5,'2025-10-13 07:43:14',5,'2025-12-06 17:31:16','',NULL,NULL,1000.00,'percent',0.00,0.00,1000.00,0.00,1000.00,0.00,1000.00),(96,11,'canceled','group1',5,'2025-10-13 22:35:02',5,'2025-10-22 19:46:09','',NULL,NULL,0.00,'percent',0.00,0.00,0.00,0.00,0.00,0.00,0.00),(97,8,'no','group1',5,'2025-10-13 23:08:46',5,'2025-11-09 16:29:25','',NULL,NULL,0.00,'percent',0.00,0.00,0.00,0.00,0.00,0.00,0.00),(98,11,'canceled','group1',5,'2025-10-13 23:09:17',5,'2025-10-22 19:46:03','',NULL,NULL,0.00,'percent',0.00,0.00,0.00,0.00,0.00,0.00,0.00),(99,8,'canceled','group1',5,'2025-10-13 23:09:35',5,'2025-10-15 19:56:54','',NULL,NULL,0.00,'percent',0.00,0.00,0.00,0.00,0.00,0.00,0.00),(100,8,'canceled','group1',5,'2025-10-22 08:44:52',5,'2025-12-06 17:31:16','',NULL,NULL,0.00,'percent',0.00,0.00,0.00,0.52,-0.52,0.00,0.00),(101,9,'no','group1',5,'2025-10-23 12:23:17',5,'2025-12-06 17:31:16','',NULL,NULL,40.00,'percent',0.00,0.00,40.00,20.00,20.00,0.00,40.00),(102,8,'no','group1',5,'2025-10-23 12:28:28',5,'2025-12-06 17:31:16','',NULL,NULL,20.00,'percent',0.00,0.00,20.00,10.00,10.00,0.00,20.00),(103,8,'no','group1',5,'2025-10-23 12:30:33',5,'2025-11-09 16:29:19','',NULL,NULL,0.00,'percent',0.00,0.00,0.00,0.00,0.00,0.00,0.00),(104,8,'no','group1',5,'2025-10-23 13:13:10',5,'2025-12-06 17:31:16','',NULL,NULL,20.00,'percent',0.00,0.00,20.00,10.00,10.00,0.00,20.00),(105,9,'canceled','group1',5,'2025-10-23 19:01:15',5,'2025-12-06 17:31:16','',NULL,NULL,100.00,'percent',0.00,0.00,100.00,18.00,82.00,0.00,100.00),(106,11,'canceled','group1',5,'2025-10-23 19:06:04',5,'2025-12-06 17:31:16','',NULL,NULL,200.00,'percent',0.00,0.00,200.00,62.50,137.50,0.00,200.00),(107,8,'no','group1',5,'2025-10-24 11:17:38',5,'2025-12-06 17:31:16','',NULL,NULL,200.00,'percent',0.00,0.00,200.00,100.00,100.00,0.00,200.00),(108,11,'no','group1',5,'2025-10-24 11:19:05',5,'2025-12-06 17:31:16','',NULL,NULL,1400.00,'percent',0.00,0.00,1400.00,700.00,700.00,0.00,1400.00),(109,9,'no','group1',5,'2025-10-25 04:18:30',5,'2025-12-06 17:31:16','',NULL,NULL,400.00,'percent',0.00,0.00,400.00,140.00,260.00,0.00,400.00),(110,11,'no','group1',5,'2025-10-25 04:27:44',5,'2025-12-06 17:31:16','',NULL,NULL,200.00,'percent',0.00,0.00,200.00,83.33,116.67,0.00,200.00),(111,8,'no','group1',5,'2025-10-25 04:56:10',5,'2025-12-06 17:31:16','',NULL,NULL,400.00,'percent',0.00,0.00,400.00,36.00,364.00,0.00,400.00),(112,11,'canceled','group1',5,'2025-10-25 05:04:30',5,'2025-12-06 17:31:16','',NULL,NULL,400.00,'percent',0.00,0.00,400.00,80.00,320.00,0.00,400.00),(113,8,'canceled','group1',5,'2025-10-25 05:05:40',5,'2025-12-06 17:31:16','',NULL,NULL,100.00,'percent',0.00,0.00,100.00,26.00,74.00,0.00,100.00),(114,8,'canceled','group1',5,'2025-10-25 05:24:17',5,'2025-12-06 17:31:16','',NULL,NULL,400.00,'percent',0.00,0.00,400.00,104.00,296.00,0.00,400.00),(115,8,'canceled','group1',5,'2025-10-25 19:23:55',5,'2025-12-06 17:31:16','',NULL,NULL,100.00,'percent',0.00,0.00,100.00,20.00,80.00,0.00,100.00),(116,8,'canceled','group1',5,'2025-10-25 21:02:14',5,'2025-12-06 17:31:16','',NULL,NULL,100.00,'percent',0.00,0.00,100.00,10.00,90.00,0.00,100.00),(117,8,'canceled','group1',5,'2025-10-25 21:06:15',5,'2025-12-06 17:31:16','',NULL,NULL,100.00,'percent',0.00,0.00,100.00,10.00,90.00,0.00,100.00),(118,8,'canceled','group1',5,'2025-10-25 21:17:13',5,'2025-12-06 17:31:16','',NULL,NULL,200.00,'percent',0.00,0.00,200.00,20.00,180.00,0.00,200.00),(119,8,'canceled','group1',5,'2025-10-25 21:22:19',5,'2025-12-06 17:31:16','',NULL,NULL,300.00,'percent',0.00,0.00,300.00,60.00,240.00,0.00,300.00),(120,11,'no','group1',5,'2025-10-25 21:33:43',5,'2025-12-06 17:31:16','',NULL,NULL,300.00,'percent',0.00,0.00,300.00,30.00,270.00,0.00,300.00),(121,8,'no','group1',5,'2025-10-25 22:17:39',5,'2025-12-06 17:31:16','',NULL,NULL,80.00,'percent',0.00,0.00,80.00,50.00,30.00,0.00,80.00),(122,8,'no','group1',5,'2025-10-26 10:49:44',5,'2025-12-06 17:31:16','',NULL,NULL,1100.00,'percent',0.00,0.00,1100.00,910.03,189.97,0.00,1100.00);
/*!40000 ALTER TABLE `invoices_out_backup_before_update` ENABLE KEYS */;
UNLOCK TABLES;

--
-- Table structure for table `products`
--

DROP TABLE IF EXISTS `products`;
/*!40101 SET @saved_cs_client     = @@character_set_client */;
/*!40101 SET character_set_client = utf8 */;
CREATE TABLE `products` (
  `id` int(11) NOT NULL AUTO_INCREMENT COMMENT 'المعرف التلقائي للمنتج',
  `product_code` varchar(50) NOT NULL COMMENT 'كود المنتج الفريد',
  `name` varchar(255) NOT NULL COMMENT 'اسم المنتج',
  `description` text DEFAULT NULL COMMENT 'وصف المنتج (اختياري)',
  `unit_of_measure` varchar(50) NOT NULL COMMENT 'وحدة القياس (مثال: قطعة، كجم، لتر)',
  `current_stock` decimal(10,2) NOT NULL DEFAULT 0.00 COMMENT 'الرصيد الحالي في المخزن',
  `reorder_level` decimal(10,2) NOT NULL DEFAULT 0.00 COMMENT 'حد إعادة الطلب (التنبيه عند وصول الرصيد إليه أو أقل)',
  `created_at` timestamp NOT NULL DEFAULT current_timestamp() COMMENT 'تاريخ الإنشاء',
  `updated_at` timestamp NULL DEFAULT NULL ON UPDATE current_timestamp() COMMENT 'تاريخ آخر تعديل',
  `cost_price` decimal(10,2) NOT NULL DEFAULT 0.00,
  `selling_price` decimal(10,2) NOT NULL,
  `retail_price` decimal(10,2) DEFAULT NULL COMMENT 'سعر البيع القطاعي (للعميل الفرد)',
  PRIMARY KEY (`id`),
  UNIQUE KEY `product_code` (`product_code`)
) ENGINE=InnoDB AUTO_INCREMENT=47 DEFAULT CHARSET=utf8mb4 COLLATE=utf8mb4_unicode_ci COMMENT='جدول المنتجات المخزنة';
/*!40101 SET character_set_client = @saved_cs_client */;

--
-- Dumping data for table `products`
--

LOCK TABLES `products` WRITE;
/*!40000 ALTER TABLE `products` DISABLE KEYS */;
INSERT INTO `products` VALUES (1,'128مللي','مقبض اسود كبير','','قطعة',45.00,30.00,'2025-10-01 11:55:01','2025-12-21 11:16:47',9.00,20.00,NULL),(2,'96مللي','مقبض اسود صغير','','قطعة',30.00,30.00,'2025-10-01 12:07:31','2025-12-21 11:16:47',8.50,0.00,NULL),(3,'m05 فضي','مفصلة فراشة فضي pukka','','كارت 2 قطعة',60.00,10.00,'2025-10-01 12:09:18','2025-12-21 11:16:47',0.00,0.00,NULL),(4,'m05 اسود','مفصلة فراشة اسود pukka','','كارت 2 قطعة',105.00,10.00,'2025-10-01 12:10:15','2025-12-21 11:16:47',0.00,0.00,NULL),(6,'20mm ابيض','مسمار 2سم ابيض','','علبة',60.00,5.00,'2025-10-01 12:16:12','2025-12-21 11:16:47',0.00,0.00,NULL),(7,'30mm ابيض','مسمار 3سم ابيض','','علبة',45.00,5.00,'2025-10-01 12:16:51','2025-12-21 11:16:47',0.00,0.00,NULL),(8,'40mm ابيض','مسمار 4سم ابيض','','علبة',45.00,5.00,'2025-10-01 12:17:32','2025-12-21 11:16:47',0.00,0.00,NULL),(9,'50mm ابيض','مسمار 5سم ابيض','','علبة',45.00,5.00,'2025-10-01 12:17:57','2025-12-21 11:16:47',0.00,0.00,NULL),(10,'f15 turbo','دبوس 1.5سم مشط turbo','','علبة',9.00,5.00,'2025-10-01 12:21:24','2025-12-16 08:57:33',0.00,0.00,NULL),(11,'f20 tiger','دبوس 2سم مشط tiger','','علبة',14.00,5.00,'2025-10-01 12:22:28','2025-12-21 11:16:47',0.00,0.00,NULL),(12,'f30 tiger','دبوس 3سم مشط tiger','','علبة',7.00,5.00,'2025-10-01 12:23:50','2025-12-16 08:57:33',0.00,0.00,NULL),(13,'f40 turbo','دبوس 4سم مشط turbo','','علبة',51.00,5.00,'2025-10-01 12:26:23','2025-12-21 11:16:47',0.00,0.00,NULL),(14,'f50 turbo','دبوس 5سم مشط turbo','','علبة',18.00,5.00,'2025-10-01 12:27:28','2025-12-21 11:16:47',0.00,0.00,NULL),(15,'1013j tiger','دبوس مشبك 1013','','علبة',30.00,5.00,'2025-10-01 12:28:59','2025-12-21 11:16:47',0.00,0.00,NULL),(16,'8010 turbo','دبوس مشبك 8010 turbo','','علبة',18.00,5.00,'2025-10-01 12:30:50','2025-12-21 11:16:47',0.00,0.00,NULL),(17,'x-seal 1991','علبة مادة كبيرة (امير) seal','','قطعة',60.00,5.00,'2025-10-01 12:34:08','2025-12-21 11:16:47',0.00,0.00,NULL),(18,'650f  falcon','امبوبة سيلكون عضم صغير رمادي','','كارت',16.00,0.00,'2025-10-01 12:37:52','2025-12-21 11:16:47',0.00,0.00,NULL),(19,'super glue','امير الصاروخ صغير','','قطعة',10.00,0.00,'2025-10-01 12:41:02','2025-12-16 08:57:33',0.00,0.00,NULL),(20,'GP-5000','امير الصاروخ لزوجة ثقيلة','','امبوبة',10.00,5.00,'2025-10-01 12:42:30','2025-12-16 08:57:33',0.00,0.00,NULL),(21,'blade usa','مقشطة شريط','','قطعة',45.00,5.00,'2025-10-01 12:44:34','2025-12-21 11:16:47',0.00,0.00,NULL),(22,'ATQ 80N','دراع باكم','','قطعة',18.00,5.00,'2025-10-01 12:45:58','2025-12-21 11:16:47',0.00,0.00,NULL),(23,'10cm-reglStenls','رجل ساتانلس','','قطعة',5.00,4.00,'2025-10-01 12:47:41','2025-12-16 08:57:33',0.00,0.00,NULL),(24,'sopa3-Tatch','صباع تاتش','','قطعة',60.00,5.00,'2025-10-01 12:48:45','2025-12-21 11:16:47',0.00,0.00,NULL),(25,'sadadda01','صدادة باب ابيض',NULL,'قطعة',97.00,5.00,'2025-10-01 12:49:52','2025-12-21 11:16:47',0.00,100.00,NULL),(27,'P40 sarokh','فرخ صنفرة كليتشه 40','','قطعة',45.00,5.00,'2025-10-01 12:51:27','2025-12-21 11:16:47',0.00,0.00,NULL),(28,'P120 sarokh','فرخ صنفرة كليتشه 120','','قطعة',30.00,5.00,'2025-10-01 12:52:09','2025-12-21 11:16:47',0.00,0.00,NULL),(29,'14000010-ALI','طلمبة كمبيوتر ALI','','قطعة',45.00,5.00,'2025-10-01 12:54:07','2025-12-21 11:16:47',0.00,0.00,NULL),(30,'sadadda02','صدادة باب بني','','قطعة',45.00,5.00,'2025-10-01 12:56:21','2025-12-21 11:16:47',0.00,0.00,NULL),(33,'1000تكاية-بني','كيس تكاية كبير بني 1000','','كيس',60.00,3.00,'2025-10-01 12:58:08','2025-12-21 11:16:47',0.00,0.00,NULL),(34,'16mm ابيض','مسمار 1.5سم ابيض','','علبة',32.00,5.00,'2025-10-01 12:15:26','2025-12-21 11:16:47',0.00,0.00,NULL),(35,'1000تكاية-ابيض','كيس تكاية كبير ابيض 1000','','كيس',46.00,3.00,'2025-10-01 12:57:16','2025-12-21 11:16:47',0.00,0.00,NULL),(36,'21222','كوكو',NULL,'قطعه',60.00,0.00,'2025-10-23 12:21:16','2025-12-21 11:16:47',10.00,20.00,120.00),(37,'212224','لبس',NULL,'قطعه',76.00,0.00,'2025-10-25 05:02:58','2025-12-21 11:16:47',90.00,100.00,NULL),(38,'2122m2d','كوكو',NULL,'قطعه',15.00,0.00,'2025-11-05 13:56:31','2025-12-21 11:16:47',10.00,20.00,120.00),(39,'2122m2d,m','gfd',NULL,'قطعه',16.00,0.00,'2025-11-05 13:56:58','2025-12-21 11:16:47',10.00,20.00,150.00),(40,'124052451','gfd',NULL,'قطعه',21.00,10.00,'2025-11-08 15:51:42','2025-12-21 11:16:47',10.00,20.00,150.00),(41,'124515','شيبسي',NULL,'قطعه',92.00,10.00,'2025-11-08 17:06:54','2025-12-21 11:16:47',10.00,14.00,15.00),(42,'2122212','بسكوت',NULL,'قطعه',57.00,0.00,'2025-11-12 18:49:44','2025-12-16 08:57:33',0.00,1100.00,1200.00),(43,'6224011512169','مور اطفال مبلله',NULL,'قطعه',85.00,0.00,'2025-11-15 21:39:08','2025-12-21 11:16:47',10.00,20.00,30.00),(44,'12345','مجري',NULL,'قطعه',13.00,10.00,'2025-11-18 18:08:10','2025-12-23 21:26:01',100.00,120.00,150.00),(45,'123456','فراشه حديد',NULL,'باكو',68.00,0.00,'2025-11-18 19:34:21','2025-12-21 11:16:47',150.00,175.00,0.00),(46,'1234567','فراشه حديد قطاعه',NULL,'قطعه',260.00,10.00,'2025-11-18 19:35:57','2025-12-21 11:16:47',1.50,3.00,0.00);
/*!40000 ALTER TABLE `products` ENABLE KEYS */;
UNLOCK TABLES;

--
-- Table structure for table `purchase_invoice_items`
--

DROP TABLE IF EXISTS `purchase_invoice_items`;
/*!40101 SET @saved_cs_client     = @@character_set_client */;
/*!40101 SET character_set_client = utf8 */;
CREATE TABLE `purchase_invoice_items` (
  `id` int(11) NOT NULL AUTO_INCREMENT COMMENT 'المعرف التلقائي لبند فاتورة الشراء',
  `batch_id` bigint(20) unsigned DEFAULT NULL,
  `purchase_invoice_id` int(11) NOT NULL COMMENT 'معرف فاتورة الشراء (FK to purchase_invoices.id)',
  `product_id` int(11) NOT NULL COMMENT 'معرف المنتج (FK to products.id)',
  `quantity` decimal(13,4) NOT NULL DEFAULT 0.0000,
  `cost_price_per_unit` decimal(10,2) NOT NULL COMMENT 'سعر التكلفة للوحدة من المورد',
  `total_cost` decimal(12,2) NOT NULL COMMENT 'التكلفة الإجمالية للبند (الكمية المطلوبة * سعر التكلفة)',
  `sale_price` decimal(13,4) DEFAULT NULL,
  `created_at` timestamp NOT NULL DEFAULT current_timestamp(),
  `updated_at` timestamp NULL DEFAULT NULL ON UPDATE current_timestamp(),
  `qty_received` decimal(13,4) NOT NULL DEFAULT 0.0000,
  `qty_adjusted` decimal(13,4) DEFAULT NULL,
  `adjustment_reason` varchar(255) DEFAULT NULL,
  `adjusted_by` int(11) DEFAULT NULL,
  `adjusted_at` datetime DEFAULT NULL,
  PRIMARY KEY (`id`),
  KEY `fk_purchase_item_to_purchase_invoice` (`purchase_invoice_id`),
  KEY `fk_purchase_item_to_product` (`product_id`),
  KEY `fk_pitem_batch` (`batch_id`),
  CONSTRAINT `fk_pitem_batch` FOREIGN KEY (`batch_id`) REFERENCES `batches` (`id`) ON DELETE SET NULL,
  CONSTRAINT `fk_purchase_item_to_product` FOREIGN KEY (`product_id`) REFERENCES `products` (`id`) ON UPDATE CASCADE,
  CONSTRAINT `fk_purchase_item_to_purchase_invoice` FOREIGN KEY (`purchase_invoice_id`) REFERENCES `purchase_invoices` (`id`) ON DELETE CASCADE ON UPDATE CASCADE
) ENGINE=InnoDB AUTO_INCREMENT=102 DEFAULT CHARSET=utf8mb4 COLLATE=utf8mb4_unicode_ci;
/*!40101 SET character_set_client = @saved_cs_client */;

--
-- Dumping data for table `purchase_invoice_items`
--

LOCK TABLES `purchase_invoice_items` WRITE;
/*!40000 ALTER TABLE `purchase_invoice_items` DISABLE KEYS */;
INSERT INTO `purchase_invoice_items` VALUES (1,1,1,34,2.0000,80.00,160.00,100.0000,'2025-10-01 14:14:31','2025-10-01 14:14:31',2.0000,NULL,NULL,NULL,NULL),(2,2,2,35,1.0000,75.00,75.00,100.0000,'2025-10-01 14:19:15','2025-10-01 14:19:24',1.0000,NULL,NULL,NULL,NULL),(3,3,3,18,1.0000,0.00,0.00,0.0000,'2025-10-02 15:25:17','2025-10-02 15:25:26',1.0000,NULL,NULL,NULL,NULL),(4,4,4,19,2.0000,0.00,0.00,0.0000,'2025-10-11 15:33:40','2025-10-11 15:33:40',2.0000,NULL,NULL,NULL,NULL),(5,5,4,20,5.0000,0.00,0.00,0.0000,'2025-10-11 15:33:40','2025-10-11 15:33:40',5.0000,NULL,NULL,NULL,NULL),(6,6,4,25,52.0000,0.00,0.00,0.0000,'2025-10-11 15:33:40','2025-10-11 15:33:40',52.0000,NULL,NULL,NULL,NULL),(7,7,5,18,1.0000,0.00,0.00,0.0000,'2025-10-12 17:08:04','2025-10-12 17:08:04',1.0000,NULL,NULL,NULL,NULL),(8,8,5,10,3.0000,0.00,0.00,0.0000,'2025-10-12 17:08:04','2025-10-12 17:08:04',3.0000,NULL,NULL,NULL,NULL),(9,9,5,11,4.0000,0.00,0.00,0.0000,'2025-10-12 17:08:04','2025-10-12 17:08:04',4.0000,NULL,NULL,NULL,NULL),(10,10,5,12,3.0000,0.00,0.00,0.0000,'2025-10-12 17:08:04','2025-10-12 17:08:04',3.0000,NULL,NULL,NULL,NULL),(11,11,5,13,2.0000,0.00,0.00,0.0000,'2025-10-12 17:08:04','2025-10-12 17:08:04',2.0000,NULL,NULL,NULL,NULL),(12,12,6,18,1.0000,0.00,0.00,0.0000,'2025-10-12 19:56:13','2025-10-12 19:56:13',1.0000,NULL,NULL,NULL,NULL),(13,13,7,18,1.0000,0.52,0.52,0.0000,'2025-10-12 19:56:28','2025-10-12 19:56:36',1.0000,NULL,NULL,NULL,NULL),(14,NULL,8,19,1.0000,0.00,0.00,0.0000,'2025-10-13 22:40:11',NULL,0.0000,NULL,NULL,NULL,NULL),(15,14,9,36,5.0000,10.00,50.00,20.0000,'2025-10-23 12:21:49','2025-10-23 12:21:49',5.0000,NULL,NULL,NULL,NULL),(16,15,10,36,5.0000,10.00,50.00,20.0000,'2025-10-23 12:22:08','2025-10-23 12:22:08',5.0000,NULL,NULL,NULL,NULL),(17,16,11,36,1.0000,10.00,10.00,100.0000,'2025-10-23 14:17:11','2025-10-23 14:17:11',1.0000,NULL,NULL,NULL,NULL),(18,17,12,36,1.0000,50.00,50.00,100.0000,'2025-10-23 14:32:16','2025-10-23 14:32:16',1.0000,NULL,NULL,NULL,NULL),(19,18,13,36,3.0000,50.00,150.00,100.0000,'2025-10-23 19:05:08','2025-10-23 19:05:08',3.0000,NULL,NULL,NULL,NULL),(20,19,14,36,1.0000,100.00,100.00,200.0000,'2025-10-23 19:05:25','2025-10-23 19:05:25',1.0000,NULL,NULL,NULL,NULL),(21,20,15,36,12.0000,100.00,1200.00,200.0000,'2025-10-24 11:18:29','2025-10-24 11:18:29',12.0000,NULL,NULL,NULL,NULL),(22,21,16,37,3.0000,10.00,30.00,20.0000,'2025-10-25 05:03:28','2025-10-25 05:03:28',3.0000,NULL,NULL,NULL,NULL),(23,22,17,37,3.0000,50.00,150.00,100.0000,'2025-10-25 05:03:53','2025-10-25 05:04:00',3.0000,NULL,NULL,NULL,NULL),(24,NULL,18,20,1.0000,10.00,10.00,20.0000,'2025-10-25 16:49:25',NULL,0.0000,NULL,NULL,NULL,NULL),(25,23,19,37,10.0000,90.00,900.00,100.0000,'2025-10-26 10:49:08','2025-10-26 10:49:08',10.0000,NULL,NULL,NULL,NULL),(26,24,20,39,5.0000,10.00,50.00,20.0000,'2025-11-05 13:59:46','2025-11-05 13:59:46',5.0000,NULL,NULL,NULL,NULL),(27,25,20,18,1.0000,0.52,0.52,0.0000,'2025-11-05 13:59:46','2025-11-05 13:59:46',1.0000,NULL,NULL,NULL,NULL),(28,26,20,19,4.0000,0.00,0.00,0.0000,'2025-11-05 13:59:46','2025-11-05 13:59:47',4.0000,NULL,NULL,NULL,NULL),(29,27,20,20,4.0000,0.00,0.00,0.0000,'2025-11-05 13:59:47','2025-11-05 13:59:47',4.0000,NULL,NULL,NULL,NULL),(30,28,20,10,1.0000,0.00,0.00,0.0000,'2025-11-05 13:59:47','2025-11-05 13:59:47',1.0000,NULL,NULL,NULL,NULL),(31,29,20,11,1.0000,0.00,0.00,0.0000,'2025-11-05 13:59:47','2025-11-05 13:59:47',1.0000,NULL,NULL,NULL,NULL),(32,30,21,36,2.0000,250.00,500.00,310.0000,'2025-11-06 10:53:52','2025-11-06 10:53:52',2.0000,NULL,NULL,NULL,NULL),(33,31,22,40,10.0000,20.00,200.00,30.0000,'2025-11-08 15:56:05','2025-11-08 15:57:09',10.0000,NULL,NULL,NULL,NULL),(34,32,23,40,1.0000,30.00,30.00,100.0000,'2025-11-08 16:00:11','2025-11-08 16:00:11',1.0000,NULL,NULL,NULL,NULL),(35,33,24,41,15.0000,10.00,150.00,11.0000,'2025-11-08 17:07:42','2025-11-08 17:07:42',15.0000,NULL,NULL,NULL,NULL),(36,34,25,41,2.0000,12.00,24.00,14.0000,'2025-11-08 17:27:46','2025-11-08 17:27:46',2.0000,NULL,NULL,NULL,NULL),(37,35,26,39,1.0000,10.00,10.00,20.0000,'2025-11-14 22:16:50','2025-11-14 22:16:50',1.0000,NULL,NULL,NULL,NULL),(38,36,26,40,1.0000,30.00,30.00,100.0000,'2025-11-14 22:16:50','2025-11-14 22:16:50',1.0000,NULL,NULL,NULL,NULL),(39,37,26,18,1.0000,0.52,0.52,0.0000,'2025-11-14 22:16:50','2025-11-14 22:16:50',1.0000,NULL,NULL,NULL,NULL),(40,38,27,42,50.0000,100.00,5000.00,150.0000,'2025-11-15 19:10:39','2025-11-15 19:12:55',50.0000,NULL,NULL,NULL,NULL),(41,39,28,42,2.0000,1000.00,2000.00,11000.0000,'2025-11-15 19:13:43','2025-11-15 19:13:52',2.0000,NULL,NULL,NULL,NULL),(42,40,29,41,10.0000,5.00,50.00,7.0000,'2025-11-15 21:26:08','2025-11-15 21:27:06',10.0000,NULL,NULL,NULL,NULL),(43,41,30,41,5.0000,6.00,30.00,11.0000,'2025-11-15 21:31:28','2025-11-15 21:31:28',5.0000,NULL,NULL,NULL,NULL),(44,42,31,43,10.0000,10.00,100.00,20.0000,'2025-11-15 21:39:31','2025-11-15 21:40:20',10.0000,NULL,NULL,NULL,NULL),(45,NULL,32,44,10.0000,120.00,1200.00,120.0000,'2025-11-18 18:20:05',NULL,0.0000,NULL,NULL,NULL,NULL),(46,43,33,45,8.0000,150.00,1200.00,175.0000,'2025-11-18 19:36:33','2025-11-18 19:36:33',8.0000,NULL,NULL,NULL,NULL),(47,44,34,46,200.0000,1.50,300.00,3.0000,'2025-11-18 19:37:33','2025-11-18 19:37:33',200.0000,NULL,NULL,NULL,NULL),(48,45,35,39,6.0000,10.00,60.00,20.0000,'2025-12-16 08:57:33','2025-12-16 08:57:33',6.0000,NULL,NULL,NULL,NULL),(49,46,35,40,5.0000,30.00,150.00,100.0000,'2025-12-16 08:57:33','2025-12-16 08:57:33',5.0000,NULL,NULL,NULL,NULL),(50,47,35,18,4.0000,0.52,2.08,0.0000,'2025-12-16 08:57:33','2025-12-16 08:57:33',4.0000,NULL,NULL,NULL,NULL),(51,48,35,19,4.0000,10.00,40.00,50.0000,'2025-12-16 08:57:33','2025-12-16 08:57:33',4.0000,NULL,NULL,NULL,NULL),(52,49,35,20,1.0000,20.00,20.00,25.0000,'2025-12-16 08:57:33','2025-12-16 08:57:33',1.0000,NULL,NULL,NULL,NULL),(53,50,35,42,5.0000,1000.00,5000.00,11000.0000,'2025-12-16 08:57:33','2025-12-16 08:57:33',5.0000,NULL,NULL,NULL,NULL),(54,51,35,10,5.0000,10.00,50.00,15.0000,'2025-12-16 08:57:33','2025-12-16 08:57:33',5.0000,NULL,NULL,NULL,NULL),(55,52,35,12,4.0000,15.00,60.00,25.0000,'2025-12-16 08:57:33','2025-12-16 08:57:33',4.0000,NULL,NULL,NULL,NULL),(56,53,35,13,4.0000,52.00,208.00,90.0000,'2025-12-16 08:57:33','2025-12-16 08:57:33',4.0000,NULL,NULL,NULL,NULL),(57,54,35,14,3.0000,50.00,150.00,60.0000,'2025-12-16 08:57:33','2025-12-16 08:57:33',3.0000,NULL,NULL,NULL,NULL),(58,55,35,15,15.0000,100.00,1500.00,150.0000,'2025-12-16 08:57:33','2025-12-16 08:57:33',15.0000,NULL,NULL,NULL,NULL),(59,56,35,22,3.0000,10.00,30.00,20.0000,'2025-12-16 08:57:33','2025-12-16 08:57:33',3.0000,NULL,NULL,NULL,NULL),(60,57,35,16,3.0000,30.00,90.00,60.0000,'2025-12-16 08:57:33','2025-12-16 08:57:33',3.0000,NULL,NULL,NULL,NULL),(61,58,35,23,5.0000,50.00,250.00,70.0000,'2025-12-16 08:57:33','2025-12-16 08:57:33',5.0000,NULL,NULL,NULL,NULL),(62,59,36,39,4.0000,10.00,40.00,20.0000,'2025-12-21 11:16:47','2025-12-21 11:16:47',4.0000,NULL,NULL,NULL,NULL),(63,60,36,40,4.0000,30.00,120.00,100.0000,'2025-12-21 11:16:47','2025-12-21 11:16:47',4.0000,NULL,NULL,NULL,NULL),(64,61,36,18,6.0000,0.52,3.12,0.0000,'2025-12-21 11:16:47','2025-12-21 11:16:47',6.0000,NULL,NULL,NULL,NULL),(65,62,36,11,9.0000,0.00,0.00,0.0000,'2025-12-21 11:16:47','2025-12-21 11:16:47',9.0000,NULL,NULL,NULL,NULL),(66,63,36,13,45.0000,52.00,2340.00,90.0000,'2025-12-21 11:16:47','2025-12-21 11:16:47',45.0000,NULL,NULL,NULL,NULL),(67,64,36,14,15.0000,50.00,750.00,60.0000,'2025-12-21 11:16:47','2025-12-21 11:16:47',15.0000,NULL,NULL,NULL,NULL),(68,65,36,15,15.0000,100.00,1500.00,150.0000,'2025-12-21 11:16:47','2025-12-21 11:16:47',15.0000,NULL,NULL,NULL,NULL),(69,66,36,16,15.0000,30.00,450.00,60.0000,'2025-12-21 11:16:47','2025-12-21 11:16:47',15.0000,NULL,NULL,NULL,NULL),(70,67,36,22,15.0000,10.00,150.00,20.0000,'2025-12-21 11:16:47','2025-12-21 11:16:47',15.0000,NULL,NULL,NULL,NULL),(71,68,36,41,60.0000,6.00,360.00,11.0000,'2025-12-21 11:16:47','2025-12-21 11:16:47',60.0000,NULL,NULL,NULL,NULL),(72,69,36,24,60.0000,0.00,0.00,0.0000,'2025-12-21 11:16:47','2025-12-21 11:16:47',60.0000,NULL,NULL,NULL,NULL),(73,70,36,25,45.0000,0.00,0.00,0.0000,'2025-12-21 11:16:47','2025-12-21 11:16:47',45.0000,NULL,NULL,NULL,NULL),(74,71,36,30,45.0000,0.00,0.00,0.0000,'2025-12-21 11:16:47','2025-12-21 11:16:47',45.0000,NULL,NULL,NULL,NULL),(75,72,36,29,45.0000,0.00,0.00,0.0000,'2025-12-21 11:16:47','2025-12-21 11:16:47',45.0000,NULL,NULL,NULL,NULL),(76,73,36,17,60.0000,0.00,0.00,0.0000,'2025-12-21 11:16:47','2025-12-21 11:16:47',60.0000,NULL,NULL,NULL,NULL),(77,74,36,45,60.0000,150.00,9000.00,175.0000,'2025-12-21 11:16:47','2025-12-21 11:16:47',60.0000,NULL,NULL,NULL,NULL),(78,75,36,46,60.0000,1.50,90.00,3.0000,'2025-12-21 11:16:47','2025-12-21 11:16:47',60.0000,NULL,NULL,NULL,NULL),(79,76,36,28,30.0000,0.00,0.00,0.0000,'2025-12-21 11:16:47','2025-12-21 11:16:47',30.0000,NULL,NULL,NULL,NULL),(80,77,36,27,45.0000,0.00,0.00,0.0000,'2025-12-21 11:16:47','2025-12-21 11:16:47',45.0000,NULL,NULL,NULL,NULL),(81,78,36,36,30.0000,250.00,7500.00,310.0000,'2025-12-21 11:16:47','2025-12-21 11:16:47',30.0000,NULL,NULL,NULL,NULL),(82,79,36,38,15.0000,10.00,150.00,20.0000,'2025-12-21 11:16:47','2025-12-21 11:16:47',15.0000,NULL,NULL,NULL,NULL),(83,80,36,35,45.0000,75.00,3375.00,100.0000,'2025-12-21 11:16:47','2025-12-21 11:16:47',45.0000,NULL,NULL,NULL,NULL),(84,81,36,33,60.0000,0.00,0.00,0.0000,'2025-12-21 11:16:47','2025-12-21 11:16:47',60.0000,NULL,NULL,NULL,NULL),(85,82,36,37,60.0000,90.00,5400.00,100.0000,'2025-12-21 11:16:47','2025-12-21 11:16:47',60.0000,NULL,NULL,NULL,NULL),(86,83,36,34,30.0000,80.00,2400.00,95.0000,'2025-12-21 11:16:47','2025-12-21 11:16:47',30.0000,NULL,NULL,NULL,NULL),(87,84,36,6,60.0000,0.00,0.00,0.0000,'2025-12-21 11:16:47','2025-12-21 11:16:47',60.0000,NULL,NULL,NULL,NULL),(88,85,36,7,45.0000,0.00,0.00,0.0000,'2025-12-21 11:16:47','2025-12-21 11:16:47',45.0000,NULL,NULL,NULL,NULL),(89,86,36,8,45.0000,0.00,0.00,0.0000,'2025-12-21 11:16:47','2025-12-21 11:16:47',45.0000,NULL,NULL,NULL,NULL),(90,87,36,9,45.0000,0.00,0.00,0.0000,'2025-12-21 11:16:47','2025-12-21 11:16:47',45.0000,NULL,NULL,NULL,NULL),(91,88,36,4,105.0000,0.00,0.00,0.0000,'2025-12-21 11:16:47','2025-12-21 11:16:47',105.0000,NULL,NULL,NULL,NULL),(92,89,36,3,60.0000,0.00,0.00,0.0000,'2025-12-21 11:16:47','2025-12-21 11:16:47',60.0000,NULL,NULL,NULL,NULL),(93,90,36,2,30.0000,8.50,255.00,0.0000,'2025-12-21 11:16:47','2025-12-21 11:16:47',30.0000,NULL,NULL,NULL,NULL),(94,91,36,1,45.0000,9.00,405.00,20.0000,'2025-12-21 11:16:47','2025-12-21 11:16:47',45.0000,NULL,NULL,NULL,NULL),(95,92,36,21,45.0000,0.00,0.00,0.0000,'2025-12-21 11:16:47','2025-12-21 11:16:47',45.0000,NULL,NULL,NULL,NULL),(96,93,36,43,75.0000,10.00,750.00,20.0000,'2025-12-21 11:16:47','2025-12-21 11:16:47',75.0000,NULL,NULL,NULL,NULL),(97,94,37,44,4.0000,50.00,200.00,120.0000,'2025-12-23 04:36:39','2025-12-23 04:36:39',4.0000,NULL,NULL,NULL,NULL),(98,95,38,44,3.0000,70.00,210.00,120.0000,'2025-12-23 04:37:09','2025-12-23 04:37:09',3.0000,NULL,NULL,NULL,NULL),(99,96,39,44,2.0000,100.00,200.00,120.0000,'2025-12-23 20:13:07','2025-12-23 20:14:16',2.0000,0.0000,'مو',5,'2025-12-23 22:14:16'),(100,97,40,44,2.0000,200.00,400.00,120.0000,'2025-12-23 20:41:33','2025-12-23 20:41:33',2.0000,NULL,NULL,NULL,NULL),(101,98,41,44,2.0000,250.00,500.00,120.0000,'2025-12-23 21:26:01','2025-12-23 21:26:01',2.0000,NULL,NULL,NULL,NULL);
/*!40000 ALTER TABLE `purchase_invoice_items` ENABLE KEYS */;
UNLOCK TABLES;

--
-- Table structure for table `purchase_invoices`
--

DROP TABLE IF EXISTS `purchase_invoices`;
/*!40101 SET @saved_cs_client     = @@character_set_client */;
/*!40101 SET character_set_client = utf8 */;
CREATE TABLE `purchase_invoices` (
  `id` int(11) NOT NULL AUTO_INCREMENT COMMENT 'المعرف التلقائي لفاتورة الشراء',
  `supplier_id` int(11) NOT NULL COMMENT 'معرف المورد (FK to suppliers.id)',
  `supplier_invoice_number` varchar(100) DEFAULT NULL COMMENT 'رقم فاتورة المورد (قد يكون فريداً لكل مورد)',
  `purchase_date` date NOT NULL COMMENT 'تاريخ الشراء/الفاتورة',
  `notes` text DEFAULT NULL COMMENT 'ملاحظات إضافية على الفاتورة',
  `total_amount` decimal(12,2) NOT NULL DEFAULT 0.00 COMMENT 'الإجمالي الكلي للفاتورة (يُحسب من البنود)',
  `status` enum('pending','partial_received','fully_received','cancelled') NOT NULL DEFAULT 'pending' COMMENT 'حالة فاتورة الشراء',
  `created_by` int(11) DEFAULT NULL COMMENT 'معرف المستخدم الذي أنشأ فاتورة الشراء (FK to users.id)',
  `created_at` timestamp NOT NULL DEFAULT current_timestamp() COMMENT 'تاريخ ووقت الإنشاء',
  `updated_by` int(11) DEFAULT NULL COMMENT 'معرف المستخدم الذي آخر من عدل بيانات رأس الفاتورة',
  `updated_at` timestamp NULL DEFAULT NULL ON UPDATE current_timestamp() COMMENT 'تاريخ آخر تعديل',
  `cancel_reason` varchar(255) DEFAULT NULL,
  `revert_reason` varchar(255) DEFAULT NULL,
  PRIMARY KEY (`id`),
  KEY `fk_purchase_invoice_supplier` (`supplier_id`),
  KEY `fk_purchase_invoice_creator` (`created_by`),
  KEY `fk_purchase_invoice_updater` (`updated_by`),
  CONSTRAINT `fk_purchase_invoice_creator` FOREIGN KEY (`created_by`) REFERENCES `users` (`id`) ON DELETE SET NULL ON UPDATE CASCADE,
  CONSTRAINT `fk_purchase_invoice_supplier` FOREIGN KEY (`supplier_id`) REFERENCES `suppliers` (`id`) ON UPDATE CASCADE,
  CONSTRAINT `fk_purchase_invoice_updater` FOREIGN KEY (`updated_by`) REFERENCES `users` (`id`) ON DELETE SET NULL ON UPDATE CASCADE
) ENGINE=InnoDB AUTO_INCREMENT=42 DEFAULT CHARSET=utf8mb4 COLLATE=utf8mb4_unicode_ci COMMENT='جدول فواتير المشتريات (الوارد)';
/*!40101 SET character_set_client = @saved_cs_client */;

--
-- Dumping data for table `purchase_invoices`
--

LOCK TABLES `purchase_invoices` WRITE;
/*!40000 ALTER TABLE `purchase_invoices` DISABLE KEYS */;
INSERT INTO `purchase_invoices` VALUES (1,1,'','2025-10-01','',160.00,'fully_received',5,'2025-10-01 14:14:31',NULL,'2025-10-01 14:14:31',NULL,NULL),(2,1,'','2025-10-01','',75.00,'fully_received',5,'2025-10-01 14:19:15',5,'2025-10-01 14:19:24',NULL,NULL),(3,2,'','2025-10-02','',0.00,'fully_received',5,'2025-10-02 15:25:17',5,'2025-10-02 15:25:26',NULL,NULL),(4,2,'','2025-10-11','',0.00,'fully_received',5,'2025-10-11 15:33:40',NULL,NULL,NULL,NULL),(5,2,'','2025-10-12','',0.00,'fully_received',5,'2025-10-12 17:08:04',NULL,NULL,NULL,NULL),(6,2,'','2025-10-12','',0.00,'fully_received',5,'2025-10-12 19:56:13',NULL,NULL,NULL,NULL),(7,2,'','2025-10-12','',0.52,'fully_received',5,'2025-10-12 19:56:28',5,'2025-10-12 19:56:36',NULL,NULL),(8,2,'','2025-10-13','',0.00,'pending',5,'2025-10-13 22:40:11',NULL,NULL,NULL,NULL),(9,2,'','2025-10-23','',50.00,'fully_received',5,'2025-10-23 12:21:49',NULL,'2025-10-23 12:21:49',NULL,NULL),(10,1,'','2025-10-23','',50.00,'fully_received',5,'2025-10-23 12:22:08',NULL,'2025-10-23 12:22:08',NULL,NULL),(11,2,'','2025-10-23','',10.00,'fully_received',5,'2025-10-23 14:17:11',NULL,'2025-10-23 14:17:11',NULL,NULL),(12,2,'','2025-10-23','',50.00,'fully_received',5,'2025-10-23 14:32:16',NULL,'2025-10-23 14:32:16',NULL,NULL),(13,2,'','2025-10-23','',150.00,'fully_received',5,'2025-10-23 19:05:08',NULL,'2025-10-23 19:05:08',NULL,NULL),(14,2,'','2025-10-23','',100.00,'fully_received',5,'2025-10-23 19:05:25',NULL,'2025-10-23 19:05:25',NULL,NULL),(15,2,'','2025-10-24','',1200.00,'fully_received',5,'2025-10-24 11:18:29',NULL,'2025-10-24 11:18:29',NULL,NULL),(16,2,'','2025-10-25','',30.00,'fully_received',5,'2025-10-25 05:03:28',NULL,'2025-10-25 05:03:28',NULL,NULL),(17,2,'','2025-10-25','',150.00,'fully_received',5,'2025-10-25 05:03:53',5,'2025-10-25 05:04:00',NULL,NULL),(18,2,'','2025-10-25','',10.00,'pending',5,'2025-10-25 16:49:25',NULL,'2025-10-25 16:49:25',NULL,NULL),(19,2,'','2025-10-26','',900.00,'fully_received',5,'2025-10-26 10:49:08',NULL,'2025-10-26 10:49:08',NULL,NULL),(20,2,'','2025-11-05','',50.52,'fully_received',5,'2025-11-05 13:59:46',NULL,'2025-11-05 13:59:47',NULL,NULL),(21,2,'','2025-11-06','',500.00,'fully_received',5,'2025-11-06 10:53:52',NULL,'2025-11-06 10:53:52',NULL,NULL),(22,2,'','2025-11-08','',200.00,'fully_received',5,'2025-11-08 15:56:05',5,'2025-11-08 15:57:09',NULL,NULL),(23,2,'','2025-11-08','',30.00,'fully_received',5,'2025-11-08 16:00:11',NULL,'2025-11-08 16:00:11',NULL,NULL),(24,2,'','2025-11-08','',150.00,'fully_received',5,'2025-11-08 17:07:42',NULL,'2025-11-08 17:07:42',NULL,NULL),(25,2,'','2025-11-08','',24.00,'fully_received',5,'2025-11-08 17:27:46',NULL,'2025-11-08 17:27:46',NULL,NULL),(26,2,'','2025-11-14','',40.52,'fully_received',5,'2025-11-14 22:16:50',NULL,'2025-11-14 22:16:50',NULL,NULL),(27,2,'','2025-11-15','',5000.00,'fully_received',5,'2025-11-15 19:10:39',5,'2025-11-15 19:12:55',NULL,NULL),(28,2,'','2025-11-15','',2000.00,'fully_received',5,'2025-11-15 19:13:43',5,'2025-11-15 19:13:52',NULL,NULL),(29,3,'','2025-11-15','',50.00,'fully_received',5,'2025-11-15 21:26:08',5,'2025-11-15 21:27:06',NULL,NULL),(30,3,'','2025-11-15','',30.00,'fully_received',5,'2025-11-15 21:31:28',NULL,'2025-11-15 21:31:28',NULL,NULL),(31,3,'','2025-11-15','',100.00,'fully_received',5,'2025-11-15 21:39:31',5,'2025-11-15 21:40:20',NULL,NULL),(32,3,'','2025-11-18','',1200.00,'pending',5,'2025-11-18 18:20:04',NULL,'2025-11-18 18:20:05',NULL,NULL),(33,3,'','2025-11-18','',1200.00,'fully_received',5,'2025-11-18 19:36:33',NULL,'2025-11-18 19:36:33',NULL,NULL),(34,3,'','2025-11-18','',300.00,'fully_received',5,'2025-11-18 19:37:33',NULL,'2025-11-18 19:37:33',NULL,NULL),(35,4,'','2025-12-16','',7610.08,'fully_received',5,'2025-12-16 08:57:33',NULL,'2025-12-16 08:57:33',NULL,NULL),(36,4,'','2025-12-21','',35038.12,'fully_received',5,'2025-12-21 11:16:47',NULL,'2025-12-21 11:16:47',NULL,NULL),(37,4,'','2025-12-23','',200.00,'fully_received',5,'2025-12-23 04:36:39',NULL,'2025-12-23 04:36:39',NULL,NULL),(38,4,'','2025-12-23','',210.00,'fully_received',5,'2025-12-23 04:37:09',NULL,'2025-12-23 04:37:09',NULL,NULL),(39,4,'','2025-12-23','[2025-12-23 21:14:16] تعديل بنود: مو (المحرر: admin)\n',200.00,'fully_received',5,'2025-12-23 20:13:07',5,'2025-12-23 20:14:16',NULL,NULL),(40,4,'','2025-12-23','',400.00,'fully_received',5,'2025-12-23 20:41:33',NULL,'2025-12-23 20:41:33',NULL,NULL),(41,4,'','2025-12-23','',500.00,'fully_received',5,'2025-12-23 21:26:01',NULL,'2025-12-23 21:26:01',NULL,NULL);
/*!40000 ALTER TABLE `purchase_invoices` ENABLE KEYS */;
UNLOCK TABLES;

--
-- Table structure for table `purchase_return_items`
--

DROP TABLE IF EXISTS `purchase_return_items`;
/*!40101 SET @saved_cs_client     = @@character_set_client */;
/*!40101 SET character_set_client = utf8 */;
CREATE TABLE `purchase_return_items` (
  `id` bigint(20) unsigned NOT NULL AUTO_INCREMENT,
  `purchase_return_id` int(11) NOT NULL,
  `purchase_invoice_item_id` int(11) NOT NULL,
  `product_id` int(11) NOT NULL,
  `batch_id` bigint(20) unsigned DEFAULT NULL,
  `quantity` decimal(15,3) NOT NULL,
  `unit_cost` decimal(15,2) NOT NULL,
  `total_cost` decimal(15,2) NOT NULL,
  `reason` text DEFAULT NULL,
  `created_at` datetime DEFAULT current_timestamp(),
  PRIMARY KEY (`id`),
  KEY `purchase_return_id` (`purchase_return_id`),
  KEY `purchase_invoice_item_id` (`purchase_invoice_item_id`),
  KEY `product_id` (`product_id`),
  KEY `batch_id` (`batch_id`),
  CONSTRAINT `purchase_return_items_ibfk_1` FOREIGN KEY (`purchase_return_id`) REFERENCES `purchase_returns` (`id`) ON DELETE CASCADE,
  CONSTRAINT `purchase_return_items_ibfk_2` FOREIGN KEY (`purchase_invoice_item_id`) REFERENCES `purchase_invoice_items` (`id`),
  CONSTRAINT `purchase_return_items_ibfk_3` FOREIGN KEY (`product_id`) REFERENCES `products` (`id`),
  CONSTRAINT `purchase_return_items_ibfk_4` FOREIGN KEY (`batch_id`) REFERENCES `batches` (`id`)
) ENGINE=InnoDB DEFAULT CHARSET=utf8mb4 COLLATE=utf8mb4_unicode_ci;
/*!40101 SET character_set_client = @saved_cs_client */;

--
-- Dumping data for table `purchase_return_items`
--

LOCK TABLES `purchase_return_items` WRITE;
/*!40000 ALTER TABLE `purchase_return_items` DISABLE KEYS */;
/*!40000 ALTER TABLE `purchase_return_items` ENABLE KEYS */;
UNLOCK TABLES;

--
-- Table structure for table `purchase_returns`
--

DROP TABLE IF EXISTS `purchase_returns`;
/*!40101 SET @saved_cs_client     = @@character_set_client */;
/*!40101 SET character_set_client = utf8 */;
CREATE TABLE `purchase_returns` (
  `id` int(11) NOT NULL AUTO_INCREMENT,
  `return_number` varchar(50) DEFAULT NULL,
  `purchase_invoice_id` int(11) DEFAULT NULL,
  `supplier_id` int(11) DEFAULT NULL,
  `return_date` date DEFAULT NULL,
  `total_amount` decimal(15,2) DEFAULT NULL,
  `status` enum('pending','approved','completed','cancelled') DEFAULT NULL,
  `reason` text DEFAULT NULL,
  `notes` text DEFAULT NULL,
  `created_by` int(11) DEFAULT NULL,
  `created_at` datetime DEFAULT NULL,
  `updated_by` int(11) DEFAULT NULL,
  `updated_at` datetime DEFAULT NULL,
  PRIMARY KEY (`id`),
  UNIQUE KEY `return_number` (`return_number`),
  KEY `purchase_invoice_id` (`purchase_invoice_id`),
  KEY `supplier_id` (`supplier_id`),
  CONSTRAINT `purchase_returns_ibfk_1` FOREIGN KEY (`purchase_invoice_id`) REFERENCES `purchase_invoices` (`id`),
  CONSTRAINT `purchase_returns_ibfk_2` FOREIGN KEY (`supplier_id`) REFERENCES `suppliers` (`id`)
) ENGINE=InnoDB DEFAULT CHARSET=utf8mb4 COLLATE=utf8mb4_general_ci;
/*!40101 SET character_set_client = @saved_cs_client */;

--
-- Dumping data for table `purchase_returns`
--

LOCK TABLES `purchase_returns` WRITE;
/*!40000 ALTER TABLE `purchase_returns` DISABLE KEYS */;
/*!40000 ALTER TABLE `purchase_returns` ENABLE KEYS */;
UNLOCK TABLES;

--
-- Table structure for table `return_items`
--

DROP TABLE IF EXISTS `return_items`;
/*!40101 SET @saved_cs_client     = @@character_set_client */;
/*!40101 SET character_set_client = utf8 */;
CREATE TABLE `return_items` (
  `id` int(11) NOT NULL AUTO_INCREMENT,
  `return_id` int(11) NOT NULL,
  `invoice_item_id` int(11) NOT NULL,
  `product_id` int(11) NOT NULL,
  `quantity` decimal(10,2) NOT NULL,
  `return_price` decimal(10,2) NOT NULL,
  `total_amount` decimal(10,2) NOT NULL,
  `batch_allocations` longtext CHARACTER SET utf8mb4 COLLATE utf8mb4_bin DEFAULT NULL CHECK (json_valid(`batch_allocations`)),
  `status` enum('pending','restocked','discarded') DEFAULT 'pending',
  `restocked_qty` decimal(10,2) DEFAULT 0.00,
  `restocked_at` datetime DEFAULT NULL,
  `created_at` datetime DEFAULT current_timestamp(),
  PRIMARY KEY (`id`)
) ENGINE=InnoDB AUTO_INCREMENT=127 DEFAULT CHARSET=utf8mb4 COLLATE=utf8mb4_general_ci;
/*!40101 SET character_set_client = @saved_cs_client */;

--
-- Dumping data for table `return_items`
--

LOCK TABLES `return_items` WRITE;
/*!40000 ALTER TABLE `return_items` DISABLE KEYS */;
INSERT INTO `return_items` VALUES (1,1,312,21,1.00,150.00,150.00,'[{\"batch_id\":92,\"qty\":1,\"unit_cost\":0}]','pending',0.00,NULL,'2025-12-23 20:32:48'),(2,7,311,9,1.00,150.00,150.00,'[{\"batch_id\":87,\"qty\":1,\"unit_cost\":0}]','restocked',1.00,NULL,'2025-12-23 21:54:48'),(3,8,313,43,1.00,150.00,150.00,'[{\"batch_id\":93,\"qty\":1,\"unit_cost\":10}]','restocked',1.00,NULL,'2025-12-23 21:59:54'),(4,9,317,43,1.00,150.00,150.00,'[{\"batch_id\":93,\"qty\":1,\"unit_cost\":10}]','restocked',1.00,'2025-12-23 22:09:07','2025-12-23 22:09:07'),(5,10,313,43,1.00,150.00,150.00,'[{\"batch_id\":93,\"qty\":1,\"unit_cost\":10}]','restocked',1.00,'2025-12-23 22:11:47','2025-12-23 22:11:47'),(6,11,318,44,2.00,120.00,240.00,'[{\"batch_id\":96,\"qty\":2,\"unit_cost\":100}]','restocked',2.00,'2025-12-23 22:16:05','2025-12-23 22:16:05'),(9,15,319,44,2.00,200.00,400.00,'[]','restocked',2.00,'2025-12-23 22:43:19','2025-12-23 22:43:19'),(10,19,319,44,1.00,200.00,200.00,'[{\"batch_id\":97,\"qty\":1,\"unit_cost\":200}]','pending',0.00,NULL,'2025-12-23 23:14:52'),(11,20,320,44,2.00,300.00,600.00,'[{\"batch_id\":97,\"qty\":2,\"unit_cost\":200,\"strategy\":\"lifo\"}]','pending',0.00,NULL,'2025-12-23 23:20:49'),(12,21,321,44,1.00,350.00,350.00,'[{\"batch_id\":98,\"qty\":1,\"unit_cost\":250,\"strategy\":\"lifo\"}]','pending',0.00,NULL,'2025-12-23 23:28:09'),(13,22,321,44,1.00,350.00,350.00,'[{\"batch_id\":98,\"qty\":1,\"unit_cost\":250,\"strategy\":\"lifo\"}]','pending',0.00,NULL,'2025-12-24 11:04:28'),(14,23,324,43,1.00,150.00,150.00,'[]','pending',0.00,NULL,'2025-12-24 12:43:49'),(15,24,324,43,1.00,150.00,150.00,'[{\"batch_id\":93,\"qty\":1,\"unit_cost\":10}]','pending',0.00,NULL,'2025-12-24 12:46:01'),(16,25,324,43,1.00,150.00,150.00,'[{\"batch_id\":93,\"qty\":1,\"unit_cost\":10}]','pending',0.00,NULL,'2025-12-24 13:26:17'),(17,28,324,43,1.00,150.00,150.00,'[{\"batch_id\":93,\"qty\":1,\"unit_cost\":10,\"allocation_id\":366}]','pending',0.00,NULL,'2025-12-24 14:19:18'),(18,34,324,43,1.00,150.00,150.00,'[{\"batch_id\":93,\"qty\":1,\"unit_cost\":10,\"allocation_id\":366}]','pending',0.00,NULL,'2025-12-24 14:40:03'),(19,36,324,43,1.00,150.00,150.00,'[{\"batch_id\":93,\"qty\":1,\"unit_cost\":10,\"allocation_id\":366}]','pending',0.00,NULL,'2025-12-24 14:43:39'),(20,37,325,16,1.00,150.00,150.00,'[{\"batch_id\":66,\"qty\":1,\"unit_cost\":30,\"allocation_id\":368}]','pending',0.00,NULL,'2025-12-24 14:56:27'),(21,38,325,16,2.00,150.00,300.00,'[{\"batch_id\":66,\"qty\":2,\"unit_cost\":30,\"allocation_id\":368}]','pending',0.00,NULL,'2025-12-24 14:56:56'),(22,39,321,44,1.00,350.00,350.00,'[{\"batch_id\":98,\"qty\":1,\"unit_cost\":250,\"allocation_id\":361}]','restocked',0.00,'2025-12-24 14:04:33','2025-12-24 15:04:33'),(23,40,291,40,1.00,20.00,20.00,'[]','restocked',1.00,'2025-12-24 14:08:50','2025-12-24 15:08:50'),(24,40,292,40,1.00,20.00,20.00,'[{\"batch_id\":60,\"qty\":1,\"unit_cost\":30,\"allocation_id\":316}]','restocked',1.00,'2025-12-24 14:08:50','2025-12-24 15:08:50'),(25,41,282,40,1.00,20.00,20.00,'[{\"batch_id\":46,\"qty\":1,\"unit_cost\":30,\"allocation_id\":307}]','restocked',1.00,'2025-12-24 14:11:09','2025-12-24 15:11:09'),(26,42,320,44,1.00,300.00,300.00,'[{\"batch_id\":97,\"qty\":1,\"unit_cost\":200,\"allocation_id\":358}]','restocked',1.00,'2025-12-24 14:12:01','2025-12-24 15:12:01'),(27,43,322,20,1.00,1500.00,1500.00,'[{\"batch_id\":27,\"qty\":1,\"unit_cost\":0,\"allocation_id\":364}]','restocked',1.00,'2025-12-24 14:12:43','2025-12-24 15:12:43'),(28,44,317,43,1.00,150.00,150.00,'[{\"batch_id\":93,\"qty\":1,\"unit_cost\":10,\"allocation_id\":345}]','restocked',1.00,'2025-12-24 14:14:08','2025-12-24 15:14:08'),(29,45,322,20,1.00,1500.00,1500.00,'[{\"batch_id\":27,\"qty\":1,\"unit_cost\":0,\"allocation_id\":364}]','restocked',1.00,'2025-12-24 14:15:46','2025-12-24 15:15:46'),(30,46,323,44,1.00,237.00,237.00,'[{\"batch_id\":98,\"qty\":1,\"unit_cost\":250,\"allocation_id\":365}]','restocked',1.00,'2025-12-24 14:18:30','2025-12-24 15:18:30'),(31,47,313,43,1.00,150.00,150.00,'[{\"batch_id\":93,\"qty\":1,\"unit_cost\":10,\"allocation_id\":340}]','restocked',1.00,'2025-12-24 14:24:38','2025-12-24 15:24:38'),(32,47,314,44,1.00,120.00,120.00,'[{\"batch_id\":95,\"qty\":1,\"unit_cost\":70,\"allocation_id\":341}]','restocked',1.00,'2025-12-24 14:24:38','2025-12-24 15:24:38'),(33,47,315,35,5.00,150.00,750.00,'[{\"batch_id\":80,\"qty\":5,\"unit_cost\":75,\"allocation_id\":342}]','restocked',5.00,'2025-12-24 14:24:38','2025-12-24 15:24:38'),(34,47,316,28,1.00,150.00,150.00,'[{\"batch_id\":76,\"qty\":1,\"unit_cost\":0,\"allocation_id\":343}]','restocked',1.00,'2025-12-24 14:24:38','2025-12-24 15:24:38'),(35,48,318,44,1.00,120.00,120.00,'[{\"batch_id\":96,\"qty\":1,\"unit_cost\":100,\"allocation_id\":349}]','restocked',1.00,'2025-12-24 14:28:08','2025-12-24 15:28:08'),(36,49,322,20,1.00,1500.00,1500.00,'[{\"batch_id\":27,\"qty\":1,\"unit_cost\":0,\"allocation_id\":364}]','restocked',1.00,'2025-12-24 14:29:27','2025-12-24 15:29:27'),(37,50,302,39,1.00,15.00,15.00,'[{\"batch_id\":45,\"qty\":1,\"unit_cost\":10,\"allocation_id\":325}]','restocked',1.00,'2025-12-24 14:34:24','2025-12-24 15:34:24'),(38,51,310,44,1.00,120.00,120.00,'[{\"batch_id\":95,\"qty\":1,\"unit_cost\":70,\"allocation_id\":334}]','restocked',1.00,'2025-12-24 14:36:50','2025-12-24 15:36:50'),(39,52,326,28,1.00,150.00,150.00,'[{\"batch_id\":76,\"qty\":1,\"unit_cost\":0,\"allocation_id\":369}]','restocked',1.00,'2025-12-24 16:59:40','2025-12-24 17:59:40'),(40,53,327,34,1.00,150.00,150.00,'[{\"batch_id\":83,\"qty\":1,\"unit_cost\":80,\"allocation_id\":370}]','restocked',1.00,'2025-12-24 17:46:56','2025-12-24 18:46:56'),(41,54,326,28,1.00,150.00,150.00,'[{\"batch_id\":76,\"qty\":1,\"unit_cost\":0,\"allocation_id\":369}]','restocked',1.00,'2025-12-24 17:49:20','2025-12-24 18:49:20'),(42,54,327,34,2.00,150.00,300.00,'[{\"batch_id\":83,\"qty\":2,\"unit_cost\":80,\"allocation_id\":370}]','restocked',2.00,'2025-12-24 17:49:20','2025-12-24 18:49:20'),(43,55,328,44,2.00,300.00,600.00,'[{\"batch_id\":98,\"qty\":1,\"unit_cost\":250,\"allocation_id\":374},{\"batch_id\":97,\"qty\":1,\"unit_cost\":200,\"allocation_id\":373}]','restocked',2.00,'2025-12-24 18:18:14','2025-12-24 19:18:14'),(44,56,329,34,1.00,1000.00,1000.00,'[{\"batch_id\":83,\"qty\":1,\"unit_cost\":80,\"allocation_id\":375}]','restocked',1.00,'2025-12-24 18:28:42','2025-12-24 19:28:42'),(45,56,330,39,2.00,108.00,216.00,'[{\"batch_id\":45,\"qty\":2,\"unit_cost\":10,\"allocation_id\":376}]','restocked',2.00,'2025-12-24 18:28:42','2025-12-24 19:28:42'),(46,57,331,33,1.00,1475.00,1475.00,'[{\"batch_id\":81,\"qty\":1,\"unit_cost\":0,\"allocation_id\":377}]','restocked',1.00,'2025-12-24 18:35:15','2025-12-24 19:35:15'),(47,58,331,33,1.00,1475.00,1475.00,'[{\"batch_id\":81,\"qty\":1,\"unit_cost\":0,\"allocation_id\":377}]','restocked',1.00,'2025-12-25 06:31:55','2025-12-25 07:31:55'),(48,58,332,42,2.00,880.00,1760.00,'[{\"batch_id\":50,\"qty\":2,\"unit_cost\":1000,\"allocation_id\":378}]','restocked',2.00,'2025-12-25 06:31:55','2025-12-25 07:31:55'),(49,59,333,28,2.00,180.00,360.00,'[{\"batch_id\":76,\"qty\":2,\"unit_cost\":0,\"allocation_id\":379}]','restocked',2.00,'2025-12-25 08:20:51','2025-12-25 09:20:51'),(50,60,333,28,1.00,180.00,180.00,'[{\"batch_id\":76,\"qty\":1,\"unit_cost\":0,\"allocation_id\":379}]','restocked',1.00,'2025-12-25 08:23:18','2025-12-25 09:23:18'),(55,63,333,28,1.00,180.00,180.00,'[{\"batch_id\":76,\"qty\":1,\"unit_cost\":0,\"allocation_id\":379}]','restocked',1.00,'2025-12-25 08:56:21','2025-12-25 09:56:21'),(56,63,334,46,1.00,180.00,180.00,'[{\"batch_id\":75,\"qty\":1,\"unit_cost\":1.5,\"allocation_id\":380}]','restocked',1.00,'2025-12-25 08:56:21','2025-12-25 09:56:21'),(57,64,336,14,2.00,150.00,300.00,'[{\"batch_id\":64,\"qty\":2,\"unit_cost\":50,\"allocation_id\":382}]','restocked',2.00,'2025-12-25 09:06:50','2025-12-25 10:06:50'),(58,65,336,14,1.00,150.00,150.00,'[{\"batch_id\":64,\"qty\":1,\"unit_cost\":50,\"allocation_id\":382}]','restocked',1.00,'2025-12-25 09:16:30','2025-12-25 10:16:30'),(61,67,335,40,1.00,150.00,150.00,'[{\"batch_id\":46,\"qty\":1,\"unit_cost\":30,\"allocation_id\":381}]','restocked',1.00,'2025-12-25 09:26:47','2025-12-25 10:26:47'),(62,67,336,14,2.00,150.00,300.00,'[{\"batch_id\":64,\"qty\":2,\"unit_cost\":50,\"allocation_id\":382}]','restocked',2.00,'2025-12-25 09:26:47','2025-12-25 10:26:47'),(63,68,337,46,5.00,150.00,750.00,'[{\"batch_id\":75,\"qty\":5,\"unit_cost\":1.5,\"allocation_id\":383}]','restocked',5.00,'2025-12-25 09:35:47','2025-12-25 10:35:47'),(64,69,337,46,1.00,150.00,150.00,'[{\"batch_id\":75,\"qty\":1,\"unit_cost\":1.5,\"allocation_id\":383}]','restocked',1.00,'2025-12-25 09:36:50','2025-12-25 10:36:50'),(65,70,337,46,1.00,150.00,150.00,'[{\"batch_id\":75,\"qty\":1,\"unit_cost\":1.5,\"allocation_id\":383}]','restocked',1.00,'2025-12-25 09:39:12','2025-12-25 10:39:12'),(66,71,337,46,1.00,150.00,150.00,'[{\"batch_id\":75,\"qty\":1,\"unit_cost\":1.5,\"allocation_id\":383}]','restocked',1.00,'2025-12-25 09:41:46','2025-12-25 10:41:46'),(67,72,337,46,1.00,150.00,150.00,'[{\"batch_id\":75,\"qty\":1,\"unit_cost\":1.5,\"allocation_id\":383}]','restocked',1.00,'2025-12-25 09:44:36','2025-12-25 10:44:36'),(68,73,337,46,1.00,150.00,150.00,'[{\"batch_id\":75,\"qty\":1,\"unit_cost\":1.5,\"allocation_id\":383}]','restocked',1.00,'2025-12-25 09:57:03','2025-12-25 10:57:03'),(69,74,337,46,1.00,150.00,150.00,'[{\"batch_id\":75,\"qty\":1,\"unit_cost\":1.5,\"allocation_id\":383}]','restocked',1.00,'2025-12-25 10:01:29','2025-12-25 11:01:29'),(70,75,337,46,1.00,150.00,150.00,'[{\"batch_id\":75,\"qty\":1,\"unit_cost\":1.5,\"allocation_id\":383}]','restocked',1.00,'2025-12-25 12:56:56','2025-12-25 13:56:56'),(71,76,308,46,1.00,120.00,120.00,'[{\"batch_id\":75,\"qty\":1,\"unit_cost\":1.5,\"allocation_id\":331}]','restocked',1.00,'2025-12-25 15:48:39','2025-12-25 16:48:39'),(72,76,309,39,1.00,1370.00,1370.00,'[{\"batch_id\":45,\"qty\":1,\"unit_cost\":10,\"allocation_id\":332}]','restocked',1.00,'2025-12-25 15:48:39','2025-12-25 16:48:39'),(73,77,328,44,4.00,300.00,1200.00,'[{\"batch_id\":96,\"qty\":2,\"unit_cost\":100,\"allocation_id\":372},{\"batch_id\":95,\"qty\":2,\"unit_cost\":70,\"allocation_id\":371}]','restocked',4.00,'2025-12-25 15:51:21','2025-12-25 16:51:21'),(74,78,287,23,1.00,150.00,150.00,'[{\"batch_id\":58,\"qty\":1,\"unit_cost\":50,\"allocation_id\":312}]','restocked',1.00,'2025-12-25 15:54:34','2025-12-25 16:54:34'),(75,79,310,44,3.00,120.00,360.00,'[{\"batch_id\":94,\"qty\":3,\"unit_cost\":50,\"allocation_id\":333}]','restocked',3.00,'2025-12-25 23:01:56','2025-12-26 00:01:56'),(76,80,310,44,1.00,120.00,120.00,'[{\"batch_id\":94,\"qty\":1,\"unit_cost\":50,\"allocation_id\":333}]','restocked',1.00,'2025-12-25 23:04:38','2025-12-26 00:04:38'),(97,91,338,40,1.00,150.00,150.00,'[{\"batch_id\":46,\"qty\":1,\"unit_cost\":30,\"allocation_id\":384}]','restocked',1.00,'2025-12-27 11:06:21','2025-12-27 12:06:21'),(98,93,302,39,1.00,15.00,15.00,'[{\"batch_id\":45,\"qty\":1,\"unit_cost\":10,\"allocation_id\":325}]','restocked',1.00,'2025-12-27 11:11:56','2025-12-27 12:11:56'),(99,94,344,15,1.00,135.00,135.00,'[{\"batch_id\":65,\"qty\":1,\"unit_cost\":100,\"allocation_id\":390}]','restocked',1.00,'2025-12-27 12:25:21','2025-12-27 13:25:21'),(100,95,339,28,1.00,147.00,147.00,'[{\"batch_id\":76,\"qty\":1,\"unit_cost\":0,\"allocation_id\":385}]','restocked',1.00,'2025-12-27 12:26:36','2025-12-27 13:26:36'),(101,95,340,15,1.00,150.00,150.00,'[{\"batch_id\":65,\"qty\":1,\"unit_cost\":100,\"allocation_id\":386}]','restocked',1.00,'2025-12-27 12:26:37','2025-12-27 13:26:37'),(102,96,347,46,1.00,150.00,150.00,'[{\"batch_id\":75,\"qty\":1,\"unit_cost\":1.5,\"allocation_id\":393}]','restocked',1.00,'2025-12-27 16:44:22','2025-12-27 17:44:22'),(103,97,345,33,1.00,60.00,60.00,'[{\"batch_id\":81,\"qty\":1,\"unit_cost\":0,\"allocation_id\":391}]','restocked',1.00,'2025-12-27 16:51:04','2025-12-27 17:51:04'),(104,98,345,33,1.00,60.00,60.00,'[{\"batch_id\":81,\"qty\":1,\"unit_cost\":0,\"allocation_id\":391}]','restocked',1.00,'2025-12-27 16:59:39','2025-12-27 17:59:39'),(107,101,346,44,1.00,1477.00,1477.00,'[{\"batch_id\":94,\"qty\":1,\"unit_cost\":50,\"allocation_id\":392}]','restocked',1.00,'2025-12-27 17:31:02','2025-12-27 18:31:02'),(108,102,346,44,1.00,1477.00,1477.00,'[{\"batch_id\":94,\"qty\":1,\"unit_cost\":50,\"allocation_id\":392}]','restocked',1.00,'2025-12-27 17:42:38','2025-12-27 18:42:38'),(109,103,349,23,1.00,150.00,150.00,'[{\"batch_id\":58,\"qty\":1,\"unit_cost\":50,\"allocation_id\":395}]','restocked',1.00,'2025-12-27 18:28:44','2025-12-27 19:28:44'),(110,104,350,46,2.00,150.00,300.00,'[{\"batch_id\":75,\"qty\":2,\"unit_cost\":1.5,\"allocation_id\":396}]','restocked',2.00,'2025-12-27 18:31:59','2025-12-27 19:31:59'),(113,107,350,46,1.00,150.00,150.00,'[{\"batch_id\":75,\"qty\":1,\"unit_cost\":1.5,\"allocation_id\":396}]','restocked',1.00,'2025-12-27 18:40:17','2025-12-27 19:40:17'),(116,110,351,28,3.00,150.00,450.00,'[{\"batch_id\":76,\"qty\":3,\"unit_cost\":0,\"allocation_id\":397}]','restocked',3.00,'2025-12-27 18:49:05','2025-12-27 19:49:05'),(117,111,352,10,1.00,150.00,150.00,'[{\"batch_id\":51,\"qty\":1,\"unit_cost\":10,\"allocation_id\":398}]','restocked',1.00,'2025-12-27 19:14:36','2025-12-27 20:14:36'),(118,112,348,45,1.00,175.00,175.00,'[{\"batch_id\":74,\"qty\":1,\"unit_cost\":150,\"allocation_id\":394}]','restocked',1.00,'2025-12-27 19:17:55','2025-12-27 20:17:55'),(119,113,353,28,1.00,150.00,150.00,'[{\"batch_id\":76,\"qty\":1,\"unit_cost\":0,\"allocation_id\":399}]','restocked',1.00,'2025-12-27 20:56:15','2025-12-27 21:56:15'),(120,114,354,15,1.00,150.00,150.00,'[{\"batch_id\":65,\"qty\":1,\"unit_cost\":100,\"allocation_id\":400}]','restocked',1.00,'2025-12-27 21:01:19','2025-12-27 22:01:19'),(121,115,354,15,0.40,150.00,60.00,'[{\"batch_id\":65,\"qty\":0.4,\"unit_cost\":100,\"allocation_id\":400}]','restocked',0.40,'2025-12-27 21:01:56','2025-12-27 22:01:56'),(122,116,354,15,0.60,150.00,90.00,'[{\"batch_id\":65,\"qty\":0.6,\"unit_cost\":100,\"allocation_id\":400}]','restocked',0.60,'2025-12-27 21:03:37','2025-12-27 22:03:37'),(123,117,344,15,1.00,135.00,135.00,'[{\"batch_id\":65,\"qty\":1,\"unit_cost\":100,\"allocation_id\":390}]','restocked',1.00,'2025-12-27 21:04:11','2025-12-27 22:04:11'),(124,118,344,15,0.50,135.00,67.50,'[{\"batch_id\":65,\"qty\":0.5,\"unit_cost\":100,\"allocation_id\":390}]','restocked',0.50,'2025-12-27 21:06:40','2025-12-27 22:06:40'),(125,119,357,39,1.00,20.00,20.00,'[{\"batch_id\":45,\"qty\":1,\"unit_cost\":10,\"allocation_id\":403}]','restocked',1.00,'2025-12-27 21:13:30','2025-12-27 22:13:30'),(126,120,355,23,1.00,150.00,150.00,'[{\"batch_id\":58,\"qty\":1,\"unit_cost\":50,\"allocation_id\":401}]','restocked',1.00,'2025-12-27 21:17:56','2025-12-27 22:17:56');
/*!40000 ALTER TABLE `return_items` ENABLE KEYS */;
UNLOCK TABLES;

--
-- Table structure for table `return_operations`
--

DROP TABLE IF EXISTS `return_operations`;
/*!40101 SET @saved_cs_client     = @@character_set_client */;
/*!40101 SET character_set_client = utf8 */;
CREATE TABLE `return_operations` (
  `id` int(11) NOT NULL AUTO_INCREMENT,
  `return_id` int(11) NOT NULL,
  `operation_type` enum('create','approve','complete','reject','cancel','modify') NOT NULL,
  `description` text DEFAULT NULL,
  `user_id` int(11) NOT NULL,
  `created_at` timestamp NOT NULL DEFAULT current_timestamp(),
  PRIMARY KEY (`id`),
  KEY `idx_return_operation` (`return_id`,`operation_type`),
  KEY `idx_user` (`user_id`)
) ENGINE=InnoDB DEFAULT CHARSET=utf8mb4 COLLATE=utf8mb4_unicode_ci COMMENT='سجل عمليات المرتجع';
/*!40101 SET character_set_client = @saved_cs_client */;

--
-- Dumping data for table `return_operations`
--

LOCK TABLES `return_operations` WRITE;
/*!40000 ALTER TABLE `return_operations` DISABLE KEYS */;
/*!40000 ALTER TABLE `return_operations` ENABLE KEYS */;
UNLOCK TABLES;

--
-- Table structure for table `returns`
--

DROP TABLE IF EXISTS `returns`;
/*!40101 SET @saved_cs_client     = @@character_set_client */;
/*!40101 SET character_set_client = utf8 */;
CREATE TABLE `returns` (
  `id` int(11) NOT NULL AUTO_INCREMENT,
  `invoice_id` int(11) NOT NULL,
  `customer_id` int(11) NOT NULL,
  `return_date` datetime DEFAULT current_timestamp(),
  `total_amount` decimal(12,2) NOT NULL DEFAULT 0.00,
  `return_type` enum('full','partial','exchange') DEFAULT 'partial',
  `status` enum('pending','approved','completed','rejected') DEFAULT 'pending',
  `approved_by` int(11) DEFAULT NULL,
  `approved_at` datetime DEFAULT NULL,
  `created_by` int(11) NOT NULL,
  `created_at` datetime DEFAULT current_timestamp(),
  `reason` text DEFAULT NULL,
  PRIMARY KEY (`id`)
) ENGINE=InnoDB AUTO_INCREMENT=121 DEFAULT CHARSET=utf8mb4 COLLATE=utf8mb4_general_ci;
/*!40101 SET character_set_client = @saved_cs_client */;

--
-- Dumping data for table `returns`
--

LOCK TABLES `returns` WRITE;
/*!40000 ALTER TABLE `returns` DISABLE KEYS */;
INSERT INTO `returns` VALUES (1,352,8,'2025-12-23 20:32:48',150.00,'full','approved',5,'2025-12-23 20:32:48',5,'2025-12-23 20:32:48','محمد'),(7,351,8,'2025-12-23 21:54:48',150.00,'full','approved',5,'2025-12-23 21:54:48',5,'2025-12-23 21:54:48','الحمدلله'),(8,353,8,'2025-12-23 21:59:54',150.00,'partial','approved',5,'2025-12-23 21:59:54',5,'2025-12-23 21:59:54','الله اكبر 1'),(9,354,8,'2025-12-23 22:09:07',150.00,'partial','approved',5,'2025-12-23 22:09:07',5,'2025-12-23 22:09:07','الله اكبر'),(10,353,8,'2025-12-23 22:11:47',150.00,'partial','approved',5,'2025-12-23 22:11:47',5,'2025-12-23 22:11:47','الله اكبر'),(11,355,8,'2025-12-23 22:16:05',240.00,'partial','approved',5,'2025-12-23 22:16:05',5,'2025-12-23 22:16:05','الحمدلله'),(15,356,8,'2025-12-23 22:43:19',400.00,'partial','approved',5,'2025-12-23 22:43:19',5,'2025-12-23 22:43:19','اشهد ان لا اله الا الله'),(19,356,8,'2025-12-23 23:14:52',200.00,'full','approved',5,'2025-12-23 23:14:52',5,'2025-12-23 23:14:52','الحمدلله'),(20,357,8,'2025-12-23 23:20:49',600.00,'partial','approved',5,'2025-12-23 23:20:49',5,'2025-12-23 23:20:49','الله اكبر بسم الله'),(21,358,8,'2025-12-23 23:28:09',350.00,'partial','approved',5,'2025-12-23 23:28:09',5,'2025-12-23 23:28:09','ن'),(22,358,8,'2025-12-24 11:04:28',350.00,'partial','approved',5,'2025-12-24 11:04:28',5,'2025-12-24 11:04:28','رجب شهر كريم'),(23,361,8,'2025-12-24 12:43:49',150.00,'partial','approved',5,'0000-00-00 00:00:00',5,'2025-12-24 12:43:49','الحمدلله'),(24,361,8,'2025-12-24 12:46:01',150.00,'partial','approved',5,'2025-12-24 12:46:01',5,'2025-12-24 12:46:01','ؤ'),(25,361,8,'2025-12-24 13:26:17',150.00,'partial','approved',5,'2025-12-24 13:26:17',5,'2025-12-24 13:26:17','الله اكبر'),(28,361,8,'2025-12-24 14:19:18',150.00,'partial','approved',5,'2025-12-24 14:19:18',5,'2025-12-24 14:19:18','k'),(34,361,8,'2025-12-24 14:40:03',150.00,'partial','approved',5,'2025-12-24 14:40:03',5,'2025-12-24 14:40:03','منةتى '),(36,361,8,'2025-12-24 14:43:39',150.00,'full','approved',5,'2025-12-24 14:43:39',5,'2025-12-24 14:43:39','NBVCXZ'),(37,362,8,'2025-12-24 14:56:27',150.00,'partial','approved',5,'2025-12-24 14:56:27',5,'2025-12-24 14:56:27','انا اسف'),(38,362,8,'2025-12-24 14:56:56',300.00,'full','approved',5,'2025-12-24 14:56:56',5,'2025-12-24 14:56:56','يوووه'),(39,358,8,'2025-12-24 15:04:33',350.00,'full','approved',5,'2025-12-24 15:04:33',5,'2025-12-24 15:04:33','fgdx'),(40,342,8,'2025-12-24 15:08:49',40.00,'full','approved',5,'2025-12-24 15:08:49',5,'2025-12-24 15:08:49','كمنةى'),(41,338,8,'2025-12-24 15:11:09',20.00,'full','approved',5,'2025-12-24 15:11:09',5,'2025-12-24 15:11:09','كمنةى'),(42,357,8,'2025-12-24 15:12:01',300.00,'full','approved',5,'2025-12-24 15:12:01',5,'2025-12-24 15:12:01','kmn'),(43,359,8,'2025-12-24 15:12:43',1500.00,'partial','approved',5,'2025-12-24 15:12:43',5,'2025-12-24 15:12:43','kk'),(44,354,8,'2025-12-24 15:14:08',150.00,'full','approved',5,'2025-12-24 15:14:08',5,'2025-12-24 15:14:08','اغا'),(45,359,8,'2025-12-24 15:15:46',1500.00,'partial','approved',5,'2025-12-24 15:15:46',5,'2025-12-24 15:15:46','غفقث'),(46,360,8,'2025-12-24 15:18:30',237.00,'full','approved',5,'2025-12-24 15:18:30',5,'2025-12-24 15:18:30','fed'),(47,353,8,'2025-12-24 15:24:38',1170.00,'full','approved',5,'2025-12-24 15:24:38',5,'2025-12-24 15:24:38','hg'),(48,355,8,'2025-12-24 15:28:08',120.00,'full','approved',5,'2025-12-24 15:28:08',5,'2025-12-24 15:28:08','lkm'),(49,359,8,'2025-12-24 15:29:27',1500.00,'full','approved',5,'2025-12-24 15:29:27',5,'2025-12-24 15:29:27','lkm'),(50,348,8,'2025-12-24 15:34:24',15.00,'partial','approved',5,'2025-12-24 15:34:24',5,'2025-12-24 15:34:24','HTGFRDSXZ'),(51,350,8,'2025-12-24 15:36:50',120.00,'partial','approved',5,'2025-12-24 15:36:50',5,'2025-12-24 15:36:50','fvdcs'),(52,363,8,'2025-12-24 17:59:40',150.00,'partial','approved',5,'2025-12-24 17:59:40',5,'2025-12-24 17:59:40','الحمدلله'),(53,363,8,'2025-12-24 18:46:56',150.00,'partial','approved',5,'2025-12-24 18:46:56',5,'2025-12-24 18:46:56','الله اكبر'),(54,363,8,'2025-12-24 18:49:20',450.00,'full','approved',5,'2025-12-24 18:49:20',5,'2025-12-24 18:49:20','الله اكبر'),(55,364,8,'2025-12-24 19:18:14',600.00,'partial','approved',5,'2025-12-24 19:18:14',5,'2025-12-24 19:18:14','الحمدلله'),(56,365,8,'2025-12-24 19:28:42',1216.00,'full','approved',5,'2025-12-24 19:28:42',5,'2025-12-24 19:28:42','لااله الا الله'),(57,366,8,'2025-12-24 19:35:15',1475.00,'partial','approved',5,'2025-12-24 19:35:15',5,'2025-12-24 19:35:15','الحمدلله'),(58,366,8,'2025-12-25 07:31:55',3235.00,'full','approved',5,'2025-12-25 07:31:55',5,'2025-12-25 07:31:55','اتل'),(59,367,11,'2025-12-25 09:20:51',360.00,'partial','approved',5,'2025-12-25 09:20:51',5,'2025-12-25 09:20:51','0'),(60,367,11,'2025-12-25 09:23:18',180.00,'partial','approved',5,'2025-12-25 09:23:18',5,'2025-12-25 09:23:18','0'),(63,367,11,'2025-12-25 09:56:21',360.00,'full','approved',5,'2025-12-25 09:56:21',5,'2025-12-25 09:56:21','0'),(64,368,11,'2025-12-25 10:06:50',300.00,'partial','approved',5,'2025-12-25 10:06:50',5,'2025-12-25 10:06:50','0'),(65,368,11,'2025-12-25 10:16:30',150.00,'partial','approved',5,'2025-12-25 10:16:30',5,'2025-12-25 10:16:30','0'),(67,368,11,'2025-12-25 10:26:47',450.00,'full','approved',5,'2025-12-25 10:26:47',5,'2025-12-25 10:26:47','0'),(68,369,11,'2025-12-25 10:35:47',750.00,'partial','approved',5,'2025-12-25 10:35:47',5,'2025-12-25 10:35:47','0'),(69,369,11,'2025-12-25 10:36:50',150.00,'partial','approved',5,'2025-12-25 10:36:50',5,'2025-12-25 10:36:50','0'),(70,369,11,'2025-12-25 10:39:12',150.00,'partial','approved',5,'2025-12-25 10:39:12',5,'2025-12-25 10:39:12','0'),(71,369,11,'2025-12-25 10:41:46',150.00,'partial','approved',5,'2025-12-25 10:41:46',5,'2025-12-25 10:41:46','0'),(72,369,11,'2025-12-25 10:44:36',150.00,'partial','approved',5,'2025-12-25 10:44:36',5,'2025-12-25 10:44:36','0'),(73,369,11,'2025-12-25 10:57:03',150.00,'partial','approved',5,'2025-12-25 10:57:03',5,'2025-12-25 10:57:03','0'),(74,369,11,'2025-12-25 11:01:28',150.00,'partial','approved',5,'2025-12-25 11:01:28',5,'2025-12-25 11:01:28','0'),(75,369,11,'2025-12-25 13:56:56',150.00,'full','approved',5,'2025-12-25 13:56:56',5,'2025-12-25 13:56:56','0'),(76,349,11,'2025-12-25 16:48:39',1490.00,'full','approved',5,'2025-12-25 16:48:39',5,'2025-12-25 16:48:39','0'),(77,364,8,'2025-12-25 16:51:21',1200.00,'full','approved',5,'2025-12-25 16:51:21',5,'2025-12-25 16:51:21','0'),(78,340,8,'2025-12-25 16:54:34',150.00,'full','approved',5,'2025-12-25 16:54:34',5,'2025-12-25 16:54:34','0'),(79,350,8,'2025-12-26 00:01:55',360.00,'partial','approved',5,'2025-12-26 00:01:55',5,'2025-12-26 00:01:55','0'),(80,350,8,'2025-12-26 00:04:38',120.00,'full','approved',5,'2025-12-26 00:04:38',5,'2025-12-26 00:04:38','0'),(91,370,8,'2025-12-27 12:06:21',150.00,'full','approved',5,'2025-12-27 12:06:21',5,'2025-12-27 12:06:21','4'),(93,348,8,'2025-12-27 12:11:55',15.00,'partial','approved',5,'2025-12-27 12:11:55',5,'2025-12-27 12:11:55','0'),(94,374,11,'2025-12-27 13:25:21',135.00,'partial','approved',5,'2025-12-27 13:25:21',5,'2025-12-27 13:25:21','0'),(95,371,11,'2025-12-27 13:26:36',297.00,'partial','approved',5,'2025-12-27 13:26:36',5,'2025-12-27 13:26:36','0'),(96,376,11,'2025-12-27 17:44:22',150.00,'partial','approved',5,'2025-12-27 17:44:22',5,'2025-12-27 17:44:22','0'),(97,375,11,'2025-12-27 17:51:04',60.00,'partial','approved',5,'2025-12-27 17:51:04',5,'2025-12-27 17:51:04','0'),(98,375,11,'2025-12-27 17:59:39',60.00,'partial','approved',5,'2025-12-27 17:59:39',5,'2025-12-27 17:59:39','0'),(101,375,11,'2025-12-27 18:31:01',1477.00,'partial','approved',5,'2025-12-27 18:31:01',5,'2025-12-27 18:31:01','الله اكبر'),(102,375,11,'2025-12-27 18:42:37',1477.00,'full','approved',5,'2025-12-27 18:42:37',5,'2025-12-27 18:42:37','صلي غلي النبي'),(103,377,11,'2025-12-27 19:28:44',150.00,'partial','approved',5,'2025-12-27 19:28:44',5,'2025-12-27 19:28:44','بسم الله'),(104,377,11,'2025-12-27 19:31:59',300.00,'partial','approved',5,'2025-12-27 19:31:59',5,'2025-12-27 19:31:59','بسم الله'),(107,377,11,'2025-12-27 19:40:17',150.00,'full','approved',5,'2025-12-27 19:40:17',5,'2025-12-27 19:40:17','erds2qz'),(110,378,11,'2025-12-27 19:49:05',450.00,'partial','approved',5,'2025-12-27 19:49:05',5,'2025-12-27 19:49:05','الله ربي'),(111,378,11,'2025-12-27 20:14:36',150.00,'full','approved',5,'2025-12-27 20:14:36',5,'2025-12-27 20:14:36','اللهم صلي علي محمد'),(112,376,11,'2025-12-27 20:17:55',175.00,'full','approved',5,'2025-12-27 20:17:55',5,'2025-12-27 20:17:55','حي علي الفلاج'),(113,379,11,'2025-12-27 21:56:15',150.00,'partial','approved',5,'2025-12-27 21:56:15',5,'2025-12-27 21:56:15','الله ربي'),(114,379,11,'2025-12-27 22:01:19',150.00,'partial','approved',5,'2025-12-27 22:01:19',5,'2025-12-27 22:01:19','رفرش'),(115,379,11,'2025-12-27 22:01:56',60.00,'partial','approved',5,'2025-12-27 22:01:56',5,'2025-12-27 22:01:56','م'),(116,379,11,'2025-12-27 22:03:37',90.00,'full','approved',5,'2025-12-27 22:03:37',5,'2025-12-27 22:03:37','نةتى'),(117,374,11,'2025-12-27 22:04:11',135.00,'partial','approved',5,'2025-12-27 22:04:11',5,'2025-12-27 22:04:11','TYFD'),(118,374,11,'2025-12-27 22:06:40',67.50,'partial','approved',5,'2025-12-27 22:06:40',5,'2025-12-27 22:06:40','.,'),(119,380,11,'2025-12-27 22:13:30',20.00,'partial','approved',5,'2025-12-27 22:13:30',5,'2025-12-27 22:13:30','lkj'),(120,380,11,'2025-12-27 22:17:56',150.00,'partial','approved',5,'2025-12-27 22:17:56',5,'2025-12-27 22:17:56','.,');
/*!40000 ALTER TABLE `returns` ENABLE KEYS */;
UNLOCK TABLES;

--
-- Table structure for table `sale_item_allocations`
--

DROP TABLE IF EXISTS `sale_item_allocations`;
/*!40101 SET @saved_cs_client     = @@character_set_client */;
/*!40101 SET character_set_client = utf8 */;
CREATE TABLE `sale_item_allocations` (
  `id` bigint(20) unsigned NOT NULL AUTO_INCREMENT,
  `sale_item_id` int(11) NOT NULL,
  `batch_id` bigint(20) unsigned NOT NULL,
  `qty` decimal(13,4) NOT NULL DEFAULT 0.0000,
  `unit_cost` decimal(13,4) NOT NULL DEFAULT 0.0000,
  `line_cost` decimal(18,4) NOT NULL DEFAULT 0.0000,
  `created_by` int(11) DEFAULT NULL,
  `created_at` datetime NOT NULL DEFAULT current_timestamp(),
  `updated_at` datetime NOT NULL DEFAULT current_timestamp() ON UPDATE current_timestamp(),
  `return_id` int(11) DEFAULT NULL,
  `is_return` tinyint(1) DEFAULT 0,
  PRIMARY KEY (`id`),
  KEY `idx_sale_item` (`sale_item_id`),
  KEY `idx_batch` (`batch_id`),
  KEY `idx_saleitem_batch` (`sale_item_id`,`batch_id`),
  CONSTRAINT `fk_alloc_batch` FOREIGN KEY (`batch_id`) REFERENCES `batches` (`id`),
  CONSTRAINT `fk_alloc_sale_item` FOREIGN KEY (`sale_item_id`) REFERENCES `invoice_out_items` (`id`) ON DELETE CASCADE
) ENGINE=InnoDB AUTO_INCREMENT=404 DEFAULT CHARSET=utf8mb4 COLLATE=utf8mb4_unicode_ci;
/*!40101 SET character_set_client = @saved_cs_client */;

--
-- Dumping data for table `sale_item_allocations`
--

LOCK TABLES `sale_item_allocations` WRITE;
/*!40000 ALTER TABLE `sale_item_allocations` DISABLE KEYS */;
INSERT INTO `sale_item_allocations` VALUES (1,1,1,0.5000,80.0000,40.0000,5,'2025-10-01 16:16:06','2025-10-01 16:16:06',NULL,0),(2,2,2,0.1000,75.0000,7.5000,5,'2025-10-01 16:20:00','2025-10-01 16:20:00',NULL,0),(3,3,1,0.2500,80.0000,20.0000,5,'2025-10-01 16:47:14','2025-10-01 16:47:14',NULL,0),(4,4,2,0.1000,75.0000,7.5000,5,'2025-10-01 16:48:03','2025-10-01 16:48:03',NULL,0),(5,5,2,0.1000,75.0000,7.5000,5,'2025-10-02 18:25:59','2025-10-02 18:25:59',NULL,0),(6,6,2,0.8000,75.0000,60.0000,5,'2025-10-05 10:25:17','2025-10-05 10:25:17',NULL,0),(7,7,2,0.8000,75.0000,60.0000,5,'2025-10-11 17:51:23','2025-10-11 17:51:23',NULL,0),(8,8,1,1.0000,80.0000,80.0000,5,'2025-10-11 18:05:28','2025-10-11 18:05:28',NULL,0),(9,9,1,0.2000,80.0000,16.0000,5,'2025-10-11 18:05:57','2025-10-11 18:05:57',NULL,0),(10,10,1,0.0500,80.0000,4.0000,5,'2025-10-11 18:12:51','2025-10-11 18:12:51',NULL,0),(14,14,6,1.0000,0.0000,0.0000,5,'2025-10-11 18:36:00','2025-10-11 18:36:00',NULL,0),(15,15,6,1.0000,0.0000,0.0000,5,'2025-10-11 18:42:48','2025-10-11 18:42:48',NULL,0),(16,16,6,1.0000,0.0000,0.0000,5,'2025-10-11 18:43:16','2025-10-11 18:43:16',NULL,0),(17,17,6,1.0000,0.0000,0.0000,5,'2025-10-11 19:01:07','2025-10-11 19:01:07',NULL,0),(18,18,6,1.0000,0.0000,0.0000,5,'2025-10-11 19:01:31','2025-10-11 19:01:31',NULL,0),(19,19,6,1.0000,0.0000,0.0000,5,'2025-10-11 19:03:14','2025-10-11 19:03:14',NULL,0),(20,20,6,1.0000,0.0000,0.0000,5,'2025-10-11 19:13:54','2025-10-11 19:13:54',NULL,0),(21,21,6,1.0000,0.0000,0.0000,5,'2025-10-11 19:20:14','2025-10-11 19:20:14',NULL,0),(22,22,6,1.0000,0.0000,0.0000,5,'2025-10-11 19:20:49','2025-10-11 19:20:49',NULL,0),(23,23,6,1.0000,0.0000,0.0000,5,'2025-10-11 19:21:00','2025-10-11 19:21:00',NULL,0),(24,24,6,1.0000,0.0000,0.0000,5,'2025-10-11 19:22:11','2025-10-11 19:22:11',NULL,0),(25,25,6,1.0000,0.0000,0.0000,5,'2025-10-11 19:23:17','2025-10-11 19:23:17',NULL,0),(26,26,6,1.0000,0.0000,0.0000,5,'2025-10-11 19:23:30','2025-10-11 19:23:30',NULL,0),(27,27,6,1.0000,0.0000,0.0000,5,'2025-10-11 19:24:15','2025-10-11 19:24:15',NULL,0),(28,28,6,1.0000,0.0000,0.0000,5,'2025-10-11 19:24:33','2025-10-11 19:24:33',NULL,0),(29,29,6,1.0000,0.0000,0.0000,5,'2025-10-11 19:25:01','2025-10-11 19:25:01',NULL,0),(30,30,6,1.0000,0.0000,0.0000,5,'2025-10-11 19:26:09','2025-10-11 19:26:09',NULL,0),(31,31,6,1.0000,0.0000,0.0000,5,'2025-10-11 19:26:45','2025-10-11 19:26:45',NULL,0),(32,32,6,1.0000,0.0000,0.0000,5,'2025-10-11 19:28:12','2025-10-11 19:28:12',NULL,0),(33,33,6,1.0000,0.0000,0.0000,5,'2025-10-12 02:19:57','2025-10-12 02:19:57',NULL,0),(34,34,6,1.0000,0.0000,0.0000,5,'2025-10-12 02:26:21','2025-10-12 02:26:21',NULL,0),(35,35,6,1.0000,0.0000,0.0000,5,'2025-10-12 02:36:25','2025-10-12 02:36:25',NULL,0),(36,36,6,1.0000,0.0000,0.0000,5,'2025-10-12 03:14:35','2025-10-12 03:14:35',NULL,0),(37,37,6,1.0000,0.0000,0.0000,5,'2025-10-12 03:15:09','2025-10-12 03:15:09',NULL,0),(38,38,6,1.0000,0.0000,0.0000,5,'2025-10-12 03:15:50','2025-10-12 03:15:50',NULL,0),(39,39,6,1.0000,0.0000,0.0000,5,'2025-10-12 03:16:25','2025-10-12 03:16:25',NULL,0),(40,40,6,1.0000,0.0000,0.0000,5,'2025-10-12 03:20:38','2025-10-12 03:20:38',NULL,0),(41,41,6,1.0000,0.0000,0.0000,5,'2025-10-12 03:23:04','2025-10-12 03:23:04',NULL,0),(42,42,6,2.0000,0.0000,0.0000,5,'2025-10-12 19:30:18','2025-10-12 19:30:18',NULL,0),(43,43,6,1.0000,0.0000,0.0000,5,'2025-10-12 19:30:41','2025-10-12 19:30:41',NULL,0),(44,44,6,1.0000,0.0000,0.0000,5,'2025-10-12 19:31:26','2025-10-12 19:31:26',NULL,0),(45,45,6,1.0000,0.0000,0.0000,5,'2025-10-12 19:37:46','2025-10-12 19:37:46',NULL,0),(46,46,6,1.0000,0.0000,0.0000,5,'2025-10-12 19:55:43','2025-10-12 19:55:43',NULL,0),(47,47,4,1.0000,0.0000,0.0000,5,'2025-10-12 19:55:43','2025-10-12 19:55:43',NULL,0),(48,48,3,1.0000,0.0000,0.0000,5,'2025-10-12 19:55:43','2025-10-12 19:55:43',NULL,0),(49,49,5,1.0000,0.0000,0.0000,5,'2025-10-12 19:55:43','2025-10-12 19:55:43',NULL,0),(50,50,6,1.0000,0.0000,0.0000,5,'2025-10-12 20:08:50','2025-10-12 20:08:50',NULL,0),(51,51,5,1.0000,0.0000,0.0000,5,'2025-10-12 20:08:50','2025-10-12 20:08:50',NULL,0),(52,52,4,1.0000,0.0000,0.0000,5,'2025-10-12 20:08:50','2025-10-12 20:08:50',NULL,0),(53,53,7,1.0000,0.0000,0.0000,5,'2025-10-12 20:08:50','2025-10-12 20:08:50',NULL,0),(54,54,11,1.0000,0.0000,0.0000,5,'2025-10-12 20:08:50','2025-10-12 20:08:50',NULL,0),(55,55,10,1.0000,0.0000,0.0000,5,'2025-10-12 20:08:50','2025-10-12 20:08:50',NULL,0),(56,56,9,1.0000,0.0000,0.0000,5,'2025-10-12 20:08:50','2025-10-12 20:08:50',NULL,0),(57,57,8,1.0000,0.0000,0.0000,5,'2025-10-12 20:08:50','2025-10-12 20:08:50',NULL,0),(65,65,6,4.0000,0.0000,0.0000,5,'2025-10-13 10:43:14','2025-10-13 10:43:14',NULL,0),(66,66,9,1.0000,0.0000,0.0000,5,'2025-10-14 01:35:02','2025-10-14 01:35:02',NULL,0),(67,67,8,1.0000,0.0000,0.0000,5,'2025-10-14 01:35:02','2025-10-14 01:35:02',NULL,0),(70,70,6,2.0000,0.0000,0.0000,5,'2025-10-14 02:09:35','2025-10-14 02:09:35',NULL,0),(71,71,5,2.0000,0.0000,0.0000,5,'2025-10-22 11:44:52','2025-10-22 11:44:52',NULL,0),(72,72,12,1.0000,0.0000,0.0000,5,'2025-10-22 11:44:52','2025-10-22 11:44:52',NULL,0),(73,72,13,1.0000,0.5200,0.5200,5,'2025-10-22 11:44:52','2025-10-22 11:44:52',NULL,0),(74,73,14,2.0000,10.0000,50.0000,5,'2025-10-23 15:23:17','2025-10-23 15:25:05',NULL,0),(76,74,14,1.0000,10.0000,10.0000,5,'2025-10-23 15:28:28','2025-10-25 08:22:42',NULL,0),(78,76,6,1.0000,0.0000,0.0000,5,'2025-10-23 15:30:33','2025-10-25 08:12:48',NULL,0),(79,77,15,2.0000,10.0000,50.0000,5,'2025-10-23 16:13:10','2025-10-23 16:30:21',NULL,0),(82,80,15,3.0000,10.0000,30.0000,5,'2025-10-23 22:01:15','2025-10-23 22:01:15',NULL,0),(83,80,16,1.0000,10.0000,10.0000,5,'2025-10-23 22:01:15','2025-10-23 22:01:15',NULL,0),(84,80,17,1.0000,50.0000,50.0000,5,'2025-10-23 22:01:16','2025-10-23 22:01:16',NULL,0),(86,82,18,3.0000,50.0000,150.0000,5,'2025-10-23 22:06:04','2025-10-23 22:06:04',NULL,0),(88,83,19,1.0000,100.0000,100.0000,5,'2025-10-24 14:17:38','2025-10-24 14:17:38',NULL,0),(89,84,20,7.0000,100.0000,700.0000,5,'2025-10-24 14:19:05','2025-10-24 14:19:05',NULL,0),(90,85,12,1.0000,0.0000,0.0000,5,'2025-10-24 14:19:05','2025-10-24 14:19:05',NULL,0),(91,86,18,2.0000,50.0000,150.0000,5,'2025-10-25 07:18:30','2025-10-25 07:19:50',NULL,0),(93,87,18,1.0000,50.0000,50.0000,5,'2025-10-25 07:27:44','2025-10-25 07:27:44',NULL,0),(95,88,15,2.0000,10.0000,0.0000,5,'2025-10-25 07:56:10','2025-10-25 07:58:55',NULL,0),(98,89,21,3.0000,10.0000,30.0000,5,'2025-10-25 08:04:30','2025-10-25 08:04:30',NULL,0),(99,89,22,1.0000,50.0000,50.0000,5,'2025-10-25 08:04:30','2025-10-25 08:04:30',NULL,0),(100,90,21,1.0000,10.0000,0.0000,5,'2025-10-25 08:05:40','2025-10-25 08:07:22',NULL,0),(102,91,21,3.0000,10.0000,30.0000,5,'2025-10-25 08:24:17','2025-10-25 08:24:17',NULL,0),(103,91,22,1.0000,50.0000,50.0000,5,'2025-10-25 08:24:17','2025-10-25 08:25:36',NULL,0),(104,92,21,1.0000,10.0000,10.0000,5,'2025-10-25 22:23:55','2025-10-25 23:50:01',NULL,0),(106,93,21,1.0000,10.0000,10.0000,5,'2025-10-26 00:02:14','2025-10-26 00:04:32',NULL,0),(108,94,21,1.0000,10.0000,10.0000,5,'2025-10-26 00:06:16','2025-10-26 00:12:17',NULL,0),(110,95,21,2.0000,10.0000,20.0000,5,'2025-10-26 00:17:13','2025-10-26 00:19:59',NULL,0),(112,96,21,3.0000,10.0000,30.0000,5,'2025-10-26 00:22:19','2025-10-26 00:22:19',NULL,0),(114,97,21,3.0000,10.0000,30.0000,5,'2025-10-26 00:33:43','2025-10-26 00:33:43',NULL,0),(116,98,22,1.0000,50.0000,50.0000,5,'2025-10-26 01:17:39','2025-10-26 01:17:39',NULL,0),(117,99,22,2.0000,50.0000,100.0000,5,'2025-10-26 13:49:44','2025-10-26 13:49:44',NULL,0),(118,99,23,9.0000,90.0000,810.0000,5,'2025-10-26 13:49:44','2025-11-16 17:40:05',NULL,0),(119,100,14,1.0000,10.0000,10.0000,5,'2025-11-03 21:43:19','2025-11-03 21:43:19',NULL,0),(120,101,14,1.0000,10.0000,10.0000,5,'2025-11-03 21:55:26','2025-11-03 21:55:26',NULL,0),(121,102,15,1.0000,10.0000,10.0000,5,'2025-11-03 22:26:02','2025-11-03 22:26:02',NULL,0),(122,103,16,1.0000,10.0000,10.0000,5,'2025-11-05 14:57:23','2025-11-05 14:57:23',NULL,0),(123,104,17,1.0000,50.0000,50.0000,5,'2025-11-05 14:57:35','2025-11-05 14:57:35',NULL,0),(124,105,24,1.0000,10.0000,10.0000,5,'2025-11-05 17:14:47','2025-11-05 17:14:47',NULL,0),(125,106,24,1.0000,10.0000,10.0000,5,'2025-11-06 00:39:18','2025-11-06 00:39:18',NULL,0),(126,107,20,5.0000,100.0000,500.0000,5,'2025-11-06 12:55:45','2025-11-06 12:55:45',NULL,0),(127,107,30,2.0000,250.0000,500.0000,5,'2025-11-06 12:55:45','2025-11-06 12:55:45',NULL,0),(128,108,31,10.0000,20.0000,200.0000,5,'2025-11-08 18:02:18','2025-11-08 18:02:18',NULL,0),(129,108,32,1.0000,30.0000,30.0000,5,'2025-11-08 18:02:18','2025-11-08 18:02:18',NULL,0),(130,109,33,10.0000,10.0000,100.0000,5,'2025-11-08 19:20:39','2025-11-08 19:20:39',NULL,0),(131,110,33,5.0000,10.0000,50.0000,5,'2025-11-08 19:41:11','2025-11-08 19:41:11',NULL,0),(132,110,34,1.0000,12.0000,12.0000,5,'2025-11-08 19:41:11','2025-11-08 19:41:11',NULL,0),(133,111,34,1.0000,12.0000,12.0000,5,'2025-11-09 12:21:43','2025-11-09 12:21:43',NULL,0),(134,112,24,1.0000,10.0000,10.0000,5,'2025-11-09 17:10:19','2025-11-09 17:10:19',NULL,0),(136,114,14,1.0000,10.0000,10.0000,5,'2025-11-09 23:18:16','2025-11-09 23:18:16',NULL,0),(137,115,38,1.0000,100.0000,100.0000,5,'2025-11-17 20:07:01','2025-11-17 20:07:01',NULL,0),(138,116,20,1.0000,100.0000,100.0000,5,'2025-11-17 20:10:57','2025-11-17 20:10:57',NULL,0),(139,117,20,1.0000,100.0000,100.0000,5,'2025-11-17 20:13:19','2025-11-17 20:13:19',NULL,0),(140,118,20,1.0000,100.0000,100.0000,5,'2025-11-17 20:15:08','2025-11-17 20:15:08',NULL,0),(141,119,38,1.0000,100.0000,100.0000,5,'2025-11-17 20:48:12','2025-11-17 20:48:12',NULL,0),(142,120,20,1.0000,100.0000,100.0000,5,'2025-11-17 20:55:57','2025-11-17 20:55:57',NULL,0),(143,121,20,1.0000,100.0000,100.0000,5,'2025-11-17 21:00:54','2025-11-17 21:00:54',NULL,0),(144,121,30,2.0000,250.0000,500.0000,5,'2025-11-17 21:00:54','2025-11-17 21:00:54',NULL,0),(145,122,38,1.0000,100.0000,100.0000,5,'2025-11-17 21:01:59','2025-11-17 21:01:59',NULL,0),(146,123,38,1.0000,100.0000,100.0000,5,'2025-11-17 23:30:18','2025-11-17 23:30:18',NULL,0),(149,126,42,1.0000,10.0000,10.0000,5,'2025-11-18 00:49:46','2025-11-18 00:49:46',NULL,0),(150,127,38,1.0000,100.0000,100.0000,5,'2025-11-18 00:51:19','2025-11-18 00:51:19',NULL,0),(151,128,38,1.0000,100.0000,100.0000,5,'2025-11-18 11:37:07','2025-11-18 11:37:07',NULL,0),(152,129,38,2.0000,100.0000,200.0000,5,'2025-11-18 12:24:10','2025-11-18 12:24:10',NULL,0),(153,130,38,5.0000,100.0000,500.0000,5,'2025-11-18 12:26:34','2025-11-18 12:26:34',NULL,0),(154,131,40,5.0000,5.0000,25.0000,5,'2025-11-18 12:29:43','2025-11-18 12:29:43',NULL,0),(155,132,38,5.0000,100.0000,500.0000,5,'2025-11-18 12:32:42','2025-11-18 12:32:42',NULL,0),(156,133,38,1.0000,100.0000,100.0000,5,'2025-11-18 12:37:09','2025-11-18 12:37:09',NULL,0),(157,134,36,1.0000,30.0000,30.0000,5,'2025-11-18 12:42:40','2025-11-18 12:42:40',NULL,0),(158,135,38,1.0000,100.0000,100.0000,5,'2025-11-18 12:48:55','2025-11-18 12:48:55',NULL,0),(159,136,40,2.0000,5.0000,10.0000,5,'2025-11-18 13:30:58','2025-11-18 13:30:58',NULL,0),(160,137,40,1.0000,5.0000,5.0000,5,'2025-11-18 13:31:31','2025-11-18 13:31:31',NULL,0),(161,138,40,1.0000,5.0000,5.0000,5,'2025-11-18 13:32:24','2025-11-18 13:32:24',NULL,0),(162,139,38,2.0000,100.0000,200.0000,5,'2025-11-18 13:34:13','2025-11-18 13:34:13',NULL,0),(163,140,42,1.0000,10.0000,10.0000,5,'2025-11-18 13:35:31','2025-11-18 13:35:31',NULL,0),(164,141,42,1.0000,10.0000,10.0000,5,'2025-11-18 13:38:36','2025-11-18 13:38:36',NULL,0),(165,142,38,1.0000,100.0000,100.0000,5,'2025-11-18 13:44:30','2025-11-18 13:44:30',NULL,0),(166,143,42,1.0000,10.0000,10.0000,5,'2025-11-18 13:45:04','2025-11-18 13:45:04',NULL,0),(167,144,38,1.0000,100.0000,100.0000,5,'2025-11-18 13:45:40','2025-11-18 13:45:40',NULL,0),(168,145,38,1.0000,100.0000,100.0000,5,'2025-11-18 13:45:50','2025-11-18 13:45:50',NULL,0),(169,146,42,1.0000,10.0000,10.0000,5,'2025-11-18 13:52:29','2025-11-18 13:52:29',NULL,0),(170,147,38,1.0000,100.0000,100.0000,5,'2025-11-18 13:55:33','2025-11-18 13:55:33',NULL,0),(171,148,38,1.0000,100.0000,100.0000,5,'2025-11-18 13:57:54','2025-11-18 13:57:54',NULL,0),(172,149,38,1.0000,100.0000,100.0000,5,'2025-11-18 13:59:08','2025-11-18 13:59:08',NULL,0),(173,150,38,1.0000,100.0000,100.0000,5,'2025-11-18 14:01:00','2025-11-18 14:01:00',NULL,0),(174,151,38,1.0000,100.0000,100.0000,5,'2025-11-18 14:03:48','2025-11-18 14:03:48',NULL,0),(175,152,38,1.0000,100.0000,100.0000,5,'2025-11-18 14:07:41','2025-11-18 14:07:41',NULL,0),(176,153,38,1.0000,100.0000,100.0000,5,'2025-11-18 14:13:02','2025-11-18 14:13:02',NULL,0),(177,154,38,1.0000,100.0000,100.0000,5,'2025-11-18 14:13:29','2025-11-18 14:13:29',NULL,0),(178,155,38,1.0000,100.0000,100.0000,5,'2025-11-18 14:19:45','2025-11-18 14:19:45',NULL,0),(179,156,38,1.0000,100.0000,100.0000,5,'2025-11-18 14:26:55','2025-11-18 14:26:55',NULL,0),(180,157,38,1.0000,100.0000,100.0000,5,'2025-11-18 14:29:16','2025-11-18 14:29:16',NULL,0),(181,158,38,1.0000,100.0000,100.0000,5,'2025-11-18 14:36:52','2025-11-18 14:36:52',NULL,0),(182,159,38,1.0000,100.0000,100.0000,5,'2025-11-18 14:37:31','2025-11-18 14:37:31',NULL,0),(183,160,42,1.0000,10.0000,10.0000,5,'2025-11-18 14:42:04','2025-11-18 14:42:04',NULL,0),(184,161,38,1.0000,100.0000,100.0000,5,'2025-11-18 15:25:54','2025-11-18 15:25:54',NULL,0),(185,162,38,1.0000,100.0000,100.0000,5,'2025-11-18 15:27:36','2025-11-18 15:27:36',NULL,0),(186,163,42,1.0000,10.0000,10.0000,5,'2025-11-18 15:29:40','2025-11-18 15:29:40',NULL,0),(187,164,42,1.0000,10.0000,10.0000,5,'2025-11-18 15:30:57','2025-11-18 15:30:57',NULL,0),(188,165,38,1.0000,100.0000,100.0000,5,'2025-11-18 15:31:49','2025-11-18 15:31:49',NULL,0),(189,166,38,1.0000,100.0000,100.0000,5,'2025-11-18 15:47:32','2025-11-18 15:47:32',NULL,0),(190,167,42,1.0000,10.0000,10.0000,5,'2025-11-18 15:48:29','2025-11-18 15:48:29',NULL,0),(191,168,38,1.0000,100.0000,100.0000,5,'2025-11-18 15:49:12','2025-11-18 15:49:12',NULL,0),(192,169,38,1.0000,100.0000,100.0000,5,'2025-11-18 15:53:01','2025-11-18 15:53:01',NULL,0),(193,170,38,1.0000,100.0000,100.0000,5,'2025-11-18 15:54:37','2025-11-18 15:54:37',NULL,0),(194,171,38,1.0000,100.0000,100.0000,5,'2025-11-18 15:57:25','2025-11-18 15:57:25',NULL,0),(195,172,38,1.0000,100.0000,100.0000,5,'2025-11-18 16:01:02','2025-11-18 16:01:02',NULL,0),(196,173,38,1.0000,100.0000,100.0000,5,'2025-11-18 16:04:40','2025-11-18 16:04:40',NULL,0),(197,174,38,1.0000,100.0000,100.0000,5,'2025-11-18 16:09:51','2025-11-18 16:09:51',NULL,0),(198,175,38,1.0000,100.0000,100.0000,5,'2025-11-18 16:11:41','2025-11-18 16:11:41',NULL,0),(199,176,39,1.0000,1000.0000,1000.0000,5,'2025-11-18 16:26:39','2025-11-18 16:26:39',NULL,0),(200,177,39,1.0000,1000.0000,1000.0000,5,'2025-11-18 19:35:18','2025-11-18 19:35:18',NULL,0),(201,178,43,1.0000,150.0000,150.0000,5,'2025-11-18 21:41:28','2025-11-18 21:41:28',NULL,0),(202,179,44,200.0000,1.5000,300.0000,5,'2025-11-18 21:41:28','2025-11-18 21:41:28',NULL,0),(203,180,43,1.0000,150.0000,150.0000,5,'2025-11-18 21:42:41','2025-11-18 21:42:41',NULL,0),(204,181,43,1.0000,150.0000,150.0000,5,'2025-11-24 07:06:29','2025-11-24 07:06:29',NULL,0),(205,182,43,1.0000,150.0000,150.0000,5,'2025-11-24 07:07:11','2025-11-24 07:07:11',NULL,0),(206,183,42,1.0000,10.0000,10.0000,5,'2025-11-24 07:09:53','2025-11-24 07:09:53',NULL,0),(207,184,43,1.0000,150.0000,150.0000,5,'2025-11-24 07:10:42','2025-11-24 07:10:42',NULL,0),(208,185,43,1.0000,150.0000,150.0000,5,'2025-11-24 07:14:46','2025-11-24 07:14:46',NULL,0),(209,186,43,1.0000,150.0000,150.0000,5,'2025-11-24 07:16:56','2025-11-24 07:16:56',NULL,0),(210,187,43,1.0000,150.0000,150.0000,5,'2025-11-24 08:12:06','2025-11-24 08:12:06',NULL,0),(211,188,24,1.0000,10.0000,10.0000,5,'2025-11-24 08:14:15','2025-11-24 08:14:15',NULL,0),(212,189,24,1.0000,10.0000,10.0000,5,'2025-11-24 08:15:13','2025-11-24 08:15:13',NULL,0),(213,190,40,1.0000,5.0000,5.0000,5,'2025-11-24 08:20:58','2025-11-24 08:20:58',NULL,0),(214,191,41,1.0000,6.0000,6.0000,5,'2025-11-24 08:22:01','2025-11-24 08:22:01',NULL,0),(215,192,35,1.0000,10.0000,10.0000,5,'2025-11-24 08:26:04','2025-11-24 08:26:04',NULL,0),(216,193,41,1.0000,6.0000,6.0000,5,'2025-11-24 08:26:46','2025-11-24 08:26:46',NULL,0),(217,194,41,1.0000,6.0000,6.0000,5,'2025-11-24 08:30:33','2025-11-24 08:30:33',NULL,0),(218,195,41,1.0000,6.0000,6.0000,5,'2025-11-24 08:37:38','2025-11-24 08:37:38',NULL,0),(219,196,41,1.0000,6.0000,6.0000,5,'2025-11-24 09:02:39','2025-11-24 09:02:39',NULL,0),(222,199,11,1.0000,0.0000,0.0000,5,'2025-12-15 22:50:35','2025-12-15 22:50:35',NULL,0),(223,200,9,1.0000,0.0000,0.0000,5,'2025-12-15 22:58:37','2025-12-15 22:58:37',NULL,0),(226,203,9,1.0000,0.0000,0.0000,5,'2025-12-15 23:30:26','2025-12-15 23:30:26',NULL,0),(227,204,9,1.0000,0.0000,0.0000,5,'2025-12-15 23:38:18','2025-12-15 23:38:18',NULL,0),(228,205,10,1.0000,0.0000,0.0000,5,'2025-12-15 23:46:32','2025-12-15 23:46:32',NULL,0),(229,206,10,1.0000,0.0000,0.0000,5,'2025-12-15 23:46:32','2025-12-15 23:46:32',NULL,0),(230,207,13,1.0000,0.5200,0.5200,5,'2025-12-16 00:09:31','2025-12-16 00:09:31',NULL,0),(231,207,25,1.0000,0.5200,0.5200,5,'2025-12-16 00:09:31','2025-12-16 00:09:31',NULL,0),(232,207,37,1.0000,0.5200,0.5200,5,'2025-12-16 00:09:31','2025-12-16 00:09:31',NULL,0),(233,208,23,1.0000,90.0000,90.0000,5,'2025-12-16 00:16:55','2025-12-16 00:16:55',NULL,0),(234,209,8,1.0000,0.0000,0.0000,5,'2025-12-16 00:28:06','2025-12-16 00:28:06',NULL,0),(235,210,5,1.0000,0.0000,0.0000,5,'2025-12-16 00:38:29','2025-12-16 00:38:29',NULL,0),(236,211,47,1.0000,0.5200,0.5200,5,'2025-12-16 11:10:23','2025-12-16 11:10:23',NULL,0),(237,212,47,1.0000,0.5200,0.5200,5,'2025-12-16 11:16:31','2025-12-16 11:16:31',NULL,0),(238,213,47,1.0000,0.5200,0.5200,5,'2025-12-16 11:17:57','2025-12-16 11:17:57',NULL,0),(239,214,56,1.0000,10.0000,10.0000,5,'2025-12-16 11:31:34','2025-12-16 11:31:34',NULL,0),(240,215,47,1.0000,0.5200,0.5200,5,'2025-12-16 11:34:46','2025-12-16 11:34:46',NULL,0),(241,216,54,1.0000,50.0000,50.0000,5,'2025-12-16 17:47:37','2025-12-16 17:47:37',NULL,0),(242,217,54,1.0000,50.0000,50.0000,5,'2025-12-16 17:48:25','2025-12-16 17:48:25',NULL,0),(243,218,55,1.0000,100.0000,100.0000,5,'2025-12-16 17:53:31','2025-12-16 17:53:31',NULL,0),(244,219,57,1.0000,30.0000,30.0000,5,'2025-12-16 17:56:22','2025-12-16 17:56:22',NULL,0),(245,220,57,1.0000,30.0000,30.0000,5,'2025-12-16 17:58:34','2025-12-16 17:58:34',NULL,0),(246,221,57,1.0000,30.0000,30.0000,5,'2025-12-16 18:03:49','2025-12-16 18:03:49',NULL,0),(248,223,54,1.0000,50.0000,50.0000,5,'2025-12-16 18:21:48','2025-12-16 18:21:48',NULL,0),(250,225,55,1.0000,100.0000,100.0000,5,'2025-12-16 18:26:28','2025-12-16 18:26:28',NULL,0),(251,226,55,1.0000,100.0000,100.0000,5,'2025-12-16 18:42:39','2025-12-16 18:42:39',NULL,0),(252,227,56,1.0000,10.0000,10.0000,5,'2025-12-17 10:52:50','2025-12-17 10:52:50',NULL,0),(253,228,46,1.0000,30.0000,30.0000,5,'2025-12-17 10:54:47','2025-12-17 10:54:47',NULL,0),(254,229,52,1.0000,15.0000,15.0000,5,'2025-12-17 10:57:29','2025-12-17 10:57:29',NULL,0),(255,230,53,1.0000,52.0000,52.0000,5,'2025-12-17 11:01:32','2025-12-17 11:01:32',NULL,0),(256,231,52,1.0000,15.0000,15.0000,5,'2025-12-17 11:05:51','2025-12-17 11:05:51',NULL,0),(257,232,53,1.0000,52.0000,52.0000,5,'2025-12-17 11:08:34','2025-12-17 11:08:34',NULL,0),(258,233,53,1.0000,52.0000,52.0000,5,'2025-12-17 11:12:15','2025-12-17 11:12:15',NULL,0),(259,234,6,1.0000,0.0000,0.0000,5,'2025-12-17 12:51:49','2025-12-17 12:51:49',NULL,0),(260,235,53,1.0000,52.0000,52.0000,5,'2025-12-17 12:54:26','2025-12-17 12:54:26',NULL,0),(261,236,52,1.0000,15.0000,15.0000,5,'2025-12-17 13:06:00','2025-12-17 13:06:00',NULL,0),(262,237,55,1.0000,100.0000,100.0000,5,'2025-12-17 13:41:34','2025-12-17 13:41:34',NULL,0),(267,242,55,1.0000,100.0000,100.0000,5,'2025-12-17 13:51:06','2025-12-17 13:51:06',NULL,0),(269,244,55,1.0000,100.0000,100.0000,5,'2025-12-17 14:00:00','2025-12-17 14:00:00',NULL,0),(274,249,55,1.0000,100.0000,100.0000,5,'2025-12-17 14:18:23','2025-12-17 14:18:23',NULL,0),(275,250,55,1.0000,100.0000,100.0000,5,'2025-12-17 14:18:55','2025-12-17 14:18:55',NULL,0),(276,251,6,1.0000,0.0000,0.0000,5,'2025-12-17 14:31:24','2025-12-17 14:31:24',NULL,0),(278,253,52,1.0000,15.0000,15.0000,5,'2025-12-17 14:51:53','2025-12-17 14:51:53',NULL,0),(279,254,29,1.0000,0.0000,0.0000,5,'2025-12-17 14:57:21','2025-12-17 14:57:21',NULL,0),(280,255,6,1.0000,0.0000,0.0000,5,'2025-12-17 15:03:20','2025-12-17 15:03:20',NULL,0),(281,256,55,1.0000,100.0000,100.0000,5,'2025-12-17 17:19:42','2025-12-17 17:19:42',NULL,0),(282,257,8,1.0000,0.0000,0.0000,5,'2025-12-17 17:21:14','2025-12-17 17:21:14',NULL,0),(283,258,6,1.0000,0.0000,0.0000,5,'2025-12-17 17:36:33','2025-12-17 17:36:33',NULL,0),(286,261,6,1.0000,0.0000,0.0000,5,'2025-12-17 17:45:36','2025-12-17 17:45:36',NULL,0),(287,262,28,1.0000,0.0000,0.0000,5,'2025-12-17 17:49:05','2025-12-17 17:49:05',NULL,0),(288,263,55,1.0000,100.0000,100.0000,5,'2025-12-17 18:16:46','2025-12-17 18:16:46',NULL,0),(289,264,56,1.0000,10.0000,10.0000,6,'2025-12-18 15:56:24','2025-12-18 15:56:24',NULL,0),(290,265,51,1.0000,10.0000,10.0000,5,'2025-12-20 17:08:31','2025-12-20 17:08:31',NULL,0),(291,266,5,1.0000,0.0000,0.0000,5,'2025-12-20 17:08:55','2025-12-20 17:08:55',NULL,0),(292,267,55,1.0000,100.0000,100.0000,5,'2025-12-20 17:09:31','2025-12-20 17:09:31',NULL,0),(293,268,55,1.0000,100.0000,100.0000,5,'2025-12-20 21:21:33','2025-12-20 21:21:33',NULL,0),(294,269,55,1.0000,100.0000,100.0000,5,'2025-12-20 21:25:46','2025-12-20 21:25:46',NULL,0),(295,270,55,1.0000,100.0000,100.0000,5,'2025-12-20 21:25:46','2025-12-20 21:25:46',NULL,0),(296,271,55,1.0000,100.0000,100.0000,5,'2025-12-20 22:05:01','2025-12-20 22:05:01',NULL,0),(297,272,58,1.0000,50.0000,50.0000,5,'2025-12-20 22:10:32','2025-12-20 22:10:32',NULL,0),(298,273,58,1.0000,50.0000,50.0000,5,'2025-12-20 22:10:32','2025-12-20 22:10:32',NULL,0),(299,274,66,1.0000,30.0000,30.0000,5,'2025-12-21 13:17:18','2025-12-21 13:17:18',NULL,0),(300,275,63,1.0000,52.0000,52.0000,5,'2025-12-21 13:17:56','2025-12-21 13:17:56',NULL,0),(301,276,75,1.0000,1.5000,1.5000,5,'2025-12-21 13:17:56','2025-12-21 13:17:56',NULL,0),(302,277,70,1.0000,0.0000,0.0000,5,'2025-12-21 13:18:22','2025-12-21 13:18:22',NULL,0),(303,278,58,1.0000,50.0000,50.0000,5,'2025-12-21 13:18:22','2025-12-21 13:18:22',NULL,0),(304,279,80,1.0000,75.0000,75.0000,5,'2025-12-21 13:18:37','2025-12-21 13:18:37',NULL,0),(305,280,75,1.0000,1.5000,1.5000,5,'2025-12-22 12:14:32','2025-12-22 12:14:32',NULL,0),(306,281,50,1.0000,1000.0000,1000.0000,5,'2025-12-22 12:14:52','2025-12-22 12:14:52',NULL,0),(307,282,46,0.0000,30.0000,0.0000,5,'2025-12-22 14:42:47','2025-12-24 15:11:09',41,1),(308,283,46,1.0000,30.0000,30.0000,5,'2025-12-22 14:45:24','2025-12-22 14:45:24',NULL,0),(309,284,71,1.0000,0.0000,0.0000,5,'2025-12-22 14:45:24','2025-12-22 14:45:24',NULL,0),(310,285,62,2.0000,0.0000,0.0000,5,'2025-12-22 14:45:24','2025-12-22 14:45:24',NULL,0),(311,286,63,1.0000,52.0000,52.0000,5,'2025-12-22 14:45:24','2025-12-22 14:45:24',NULL,0),(312,287,58,0.0000,50.0000,0.0000,5,'2025-12-22 16:22:59','2025-12-25 16:54:34',78,1),(313,288,46,1.0000,30.0000,30.0000,5,'2025-12-22 16:24:18','2025-12-22 16:24:18',NULL,0),(314,289,58,1.0000,50.0000,50.0000,5,'2025-12-22 16:24:18','2025-12-22 16:24:18',NULL,0),(315,290,46,1.0000,30.0000,30.0000,5,'2025-12-22 16:24:18','2025-12-22 16:24:18',NULL,0),(316,292,60,0.0000,30.0000,0.0000,5,'2025-12-22 16:49:35','2025-12-24 15:08:50',40,1),(317,294,60,2.0000,30.0000,60.0000,5,'2025-12-22 16:50:58','2025-12-22 16:50:58',NULL,0),(318,295,76,1.0000,0.0000,0.0000,5,'2025-12-22 16:53:54','2025-12-22 16:53:54',NULL,0),(319,296,80,1.0000,75.0000,75.0000,5,'2025-12-22 16:55:11','2025-12-22 16:55:11',NULL,0),(320,297,80,1.0000,75.0000,75.0000,5,'2025-12-22 17:02:14','2025-12-22 17:02:14',NULL,0),(321,298,61,1.0000,0.5200,0.5200,5,'2025-12-22 17:02:14','2025-12-22 17:02:14',NULL,0),(322,299,71,1.0000,0.0000,0.0000,5,'2025-12-22 17:02:14','2025-12-22 17:02:14',NULL,0),(323,300,80,1.0000,75.0000,75.0000,5,'2025-12-22 17:02:14','2025-12-22 17:02:14',NULL,0),(324,301,75,1.0000,1.5000,1.5000,5,'2025-12-22 17:19:26','2025-12-22 17:19:26',NULL,0),(325,302,45,0.0000,10.0000,0.0000,5,'2025-12-22 17:58:13','2025-12-27 12:11:56',93,1),(326,303,79,1.0000,10.0000,10.0000,5,'2025-12-22 17:58:13','2025-12-22 17:58:13',NULL,0),(327,304,76,1.0000,0.0000,0.0000,5,'2025-12-22 17:58:13','2025-12-22 17:58:13',NULL,0),(328,305,89,1.0000,0.0000,0.0000,5,'2025-12-22 17:58:13','2025-12-22 17:58:13',NULL,0),(329,306,92,1.0000,0.0000,0.0000,5,'2025-12-22 17:58:13','2025-12-22 17:58:13',NULL,0),(330,307,69,1.0000,0.0000,0.0000,5,'2025-12-22 17:58:13','2025-12-22 17:58:13',NULL,0),(331,308,75,0.0000,1.5000,0.0000,5,'2025-12-22 19:41:46','2025-12-25 16:48:39',76,1),(332,309,45,0.0000,10.0000,0.0000,5,'2025-12-22 19:41:46','2025-12-25 16:48:39',76,1),(333,310,94,0.0000,50.0000,0.0000,5,'2025-12-23 06:39:33','2025-12-26 00:04:38',80,1),(334,310,95,0.0000,70.0000,0.0000,5,'2025-12-23 06:39:33','2025-12-24 15:36:50',51,1),(335,311,87,1.0000,0.0000,0.0000,5,'2025-12-23 13:12:21','2025-12-23 13:12:21',NULL,0),(336,312,92,1.0000,0.0000,0.0000,5,'2025-12-23 17:55:23','2025-12-23 17:55:23',NULL,0),(337,312,92,-1.0000,0.0000,0.0000,5,'2025-12-23 20:32:48','2025-12-23 20:32:48',1,1),(339,311,87,-1.0000,0.0000,0.0000,5,'2025-12-23 21:54:48','2025-12-23 21:54:48',7,1),(340,313,93,2.0000,10.0000,20.0000,5,'2025-12-23 21:58:57','2025-12-24 15:24:38',NULL,0),(341,314,95,0.0000,70.0000,0.0000,5,'2025-12-23 21:58:57','2025-12-24 15:24:38',47,1),(342,315,80,0.0000,75.0000,0.0000,5,'2025-12-23 21:58:57','2025-12-24 15:24:38',47,1),(343,316,76,0.0000,0.0000,0.0000,5,'2025-12-23 21:58:57','2025-12-24 15:24:38',47,1),(344,313,93,-1.0000,10.0000,-10.0000,5,'2025-12-23 21:59:54','2025-12-23 21:59:54',8,1),(345,317,93,1.0000,10.0000,10.0000,5,'2025-12-23 22:08:23','2025-12-24 15:14:08',NULL,0),(346,317,93,-1.0000,10.0000,-10.0000,5,'2025-12-23 22:09:07','2025-12-23 22:09:07',9,1),(347,313,93,-1.0000,10.0000,-10.0000,5,'2025-12-23 22:11:47','2025-12-23 22:11:47',10,1),(348,318,95,1.0000,70.0000,70.0000,5,'2025-12-23 22:14:59','2025-12-23 22:14:59',NULL,0),(349,318,96,1.0000,100.0000,100.0000,5,'2025-12-23 22:14:59','2025-12-24 15:28:08',NULL,0),(350,318,96,-2.0000,100.0000,-200.0000,5,'2025-12-23 22:16:05','2025-12-23 22:16:05',11,1),(353,319,96,2.0000,100.0000,200.0000,5,'2025-12-23 22:42:12','2025-12-23 22:42:12',NULL,0),(354,319,97,1.0000,200.0000,200.0000,5,'2025-12-23 22:42:12','2025-12-23 22:42:12',NULL,0),(355,319,97,-1.0000,200.0000,-200.0000,5,'2025-12-23 22:43:19','2025-12-23 22:43:19',15,1),(356,319,96,-1.0000,100.0000,-100.0000,5,'2025-12-23 22:43:19','2025-12-23 22:43:19',15,1),(357,319,97,-1.0000,200.0000,-200.0000,5,'2025-12-23 23:14:52','2025-12-23 23:14:52',19,1),(358,320,97,2.0000,200.0000,400.0000,5,'2025-12-23 23:20:13','2025-12-24 15:12:01',NULL,0),(359,320,97,-2.0000,200.0000,-400.0000,5,'2025-12-23 23:20:49','2025-12-23 23:20:49',20,1),(360,321,97,2.0000,200.0000,400.0000,5,'2025-12-23 23:27:11','2025-12-23 23:27:11',NULL,0),(361,321,98,0.0000,250.0000,0.0000,5,'2025-12-23 23:27:11','2025-12-24 15:04:33',39,1),(362,321,98,-1.0000,250.0000,-250.0000,5,'2025-12-23 23:28:09','2025-12-23 23:28:09',21,1),(363,321,98,-1.0000,250.0000,-250.0000,5,'2025-12-24 11:04:28','2025-12-24 11:04:28',22,1),(364,322,27,0.0000,0.0000,0.0000,5,'2025-12-24 11:29:36','2025-12-24 15:29:27',49,1),(365,323,98,0.0000,250.0000,0.0000,5,'2025-12-24 11:37:54','2025-12-24 15:18:30',46,1),(366,324,93,0.0000,10.0000,0.0000,5,'2025-12-24 12:32:15','2025-12-24 14:43:39',36,1),(368,325,66,0.0000,30.0000,0.0000,5,'2025-12-24 14:55:34','2025-12-24 14:56:56',38,1),(369,326,76,0.0000,0.0000,0.0000,5,'2025-12-24 17:56:05','2025-12-24 18:49:20',54,1),(370,327,83,0.0000,80.0000,0.0000,5,'2025-12-24 17:56:05','2025-12-24 18:49:20',54,1),(371,328,95,0.0000,70.0000,0.0000,5,'2025-12-24 19:15:50','2025-12-25 16:51:21',77,1),(372,328,96,0.0000,100.0000,0.0000,5,'2025-12-24 19:15:50','2025-12-25 16:51:21',77,1),(373,328,97,0.0000,200.0000,0.0000,5,'2025-12-24 19:15:50','2025-12-24 19:18:14',55,1),(374,328,98,0.0000,250.0000,0.0000,5,'2025-12-24 19:15:50','2025-12-24 19:18:14',55,1),(375,329,83,0.0000,80.0000,0.0000,5,'2025-12-24 19:27:40','2025-12-24 19:28:42',56,1),(376,330,45,0.0000,10.0000,0.0000,5,'2025-12-24 19:27:40','2025-12-24 19:28:42',56,1),(377,331,81,0.0000,0.0000,0.0000,5,'2025-12-24 19:34:41','2025-12-25 07:31:55',58,1),(378,332,50,0.0000,1000.0000,0.0000,5,'2025-12-24 19:34:41','2025-12-25 07:31:55',58,1),(379,333,76,0.0000,0.0000,0.0000,5,'2025-12-25 08:59:16','2025-12-25 09:56:21',63,1),(380,334,75,0.0000,1.5000,0.0000,5,'2025-12-25 08:59:16','2025-12-25 09:56:21',63,1),(381,335,46,0.0000,30.0000,0.0000,5,'2025-12-25 10:03:08','2025-12-25 10:26:47',67,1),(382,336,64,0.0000,50.0000,0.0000,5,'2025-12-25 10:03:08','2025-12-25 10:26:47',67,1),(383,337,75,0.0000,1.5000,0.0000,5,'2025-12-25 10:28:38','2025-12-25 13:56:56',75,1),(384,338,46,0.0000,30.0000,0.0000,5,'2025-12-26 00:35:02','2025-12-27 12:06:21',91,1),(385,339,76,4.0000,0.0000,0.0000,5,'2025-12-27 13:23:01','2025-12-27 13:26:36',NULL,0),(386,340,65,0.0000,100.0000,0.0000,5,'2025-12-27 13:23:01','2025-12-27 13:26:37',95,1),(387,341,65,3.0000,100.0000,300.0000,5,'2025-12-27 13:23:26','2025-12-27 13:23:26',NULL,0),(388,342,65,1.0000,100.0000,100.0000,5,'2025-12-27 13:24:03','2025-12-27 13:24:03',NULL,0),(389,343,71,2.0000,0.0000,0.0000,5,'2025-12-27 13:24:03','2025-12-27 13:24:03',NULL,0),(390,344,65,2.5000,100.0000,250.0000,5,'2025-12-27 13:24:42','2025-12-27 22:06:40',NULL,0),(391,345,81,0.0000,0.0000,0.0000,5,'2025-12-27 17:41:07','2025-12-27 17:59:39',98,1),(392,346,94,0.0000,50.0000,0.0000,5,'2025-12-27 17:41:07','2025-12-27 18:42:38',102,1),(393,347,75,0.0000,1.5000,0.0000,5,'2025-12-27 17:41:30','2025-12-27 17:44:22',96,1),(394,348,74,0.0000,150.0000,0.0000,5,'2025-12-27 17:41:30','2025-12-27 20:17:55',112,1),(395,349,58,0.0000,50.0000,0.0000,5,'2025-12-27 19:28:18','2025-12-27 19:28:44',103,1),(396,350,75,0.0000,1.5000,0.0000,5,'2025-12-27 19:28:18','2025-12-27 19:40:17',107,1),(397,351,76,0.0000,0.0000,0.0000,5,'2025-12-27 19:41:19','2025-12-27 19:49:05',110,1),(398,352,51,0.0000,10.0000,0.0000,5,'2025-12-27 19:41:19','2025-12-27 20:14:36',111,1),(399,353,76,0.0000,0.0000,0.0000,5,'2025-12-27 21:55:28','2025-12-27 21:56:15',113,1),(400,354,65,0.0000,100.0000,0.0000,5,'2025-12-27 21:55:28','2025-12-27 22:03:37',116,1),(401,355,58,0.0000,50.0000,0.0000,5,'2025-12-27 22:12:54','2025-12-27 22:17:56',120,1),(402,356,75,3.0000,1.5000,4.5000,5,'2025-12-27 22:12:54','2025-12-27 22:12:54',NULL,0),(403,357,45,0.0000,10.0000,0.0000,5,'2025-12-27 22:12:54','2025-12-27 22:13:30',119,1);
/*!40000 ALTER TABLE `sale_item_allocations` ENABLE KEYS */;
UNLOCK TABLES;

--
-- Table structure for table `settings`
--

DROP TABLE IF EXISTS `settings`;
/*!40101 SET @saved_cs_client     = @@character_set_client */;
/*!40101 SET character_set_client = utf8 */;
CREATE TABLE `settings` (
  `setting_name` varchar(100) NOT NULL COMMENT 'اسم الإعداد',
  `setting_value` text DEFAULT NULL COMMENT 'قيمة الإعداد',
  `updated_at` timestamp NOT NULL DEFAULT current_timestamp() ON UPDATE current_timestamp() COMMENT 'آخر تحديث',
  PRIMARY KEY (`setting_name`)
) ENGINE=InnoDB DEFAULT CHARSET=utf8mb4 COLLATE=utf8mb4_unicode_ci COMMENT='جدول إعدادات النظام العامة';
/*!40101 SET character_set_client = @saved_cs_client */;

--
-- Dumping data for table `settings`
--

LOCK TABLES `settings` WRITE;
/*!40000 ALTER TABLE `settings` DISABLE KEYS */;
INSERT INTO `settings` VALUES ('user_registration_status','open','2025-12-25 04:57:31');
/*!40000 ALTER TABLE `settings` ENABLE KEYS */;
UNLOCK TABLES;

--
-- Table structure for table `suppliers`
--

DROP TABLE IF EXISTS `suppliers`;
/*!40101 SET @saved_cs_client     = @@character_set_client */;
/*!40101 SET character_set_client = utf8 */;
CREATE TABLE `suppliers` (
  `id` int(11) NOT NULL AUTO_INCREMENT COMMENT 'المعرف التلقائي للمورد',
  `name` varchar(200) NOT NULL COMMENT 'اسم المورد',
  `mobile` varchar(11) NOT NULL COMMENT 'رقم موبايل المورد (11 رقم)',
  `city` varchar(100) NOT NULL COMMENT 'مدينة المورد',
  `address` text DEFAULT NULL COMMENT 'عنوان المورد التفصيلي (اختياري)',
  `commercial_register` varchar(100) DEFAULT NULL COMMENT 'رقم السجل التجاري (اختياري ولكنه فريد إذا أدخل)',
  `created_by` int(11) DEFAULT NULL COMMENT 'معرف المستخدم الذي أضاف المورد (FK to users.id)',
  `created_at` timestamp NOT NULL DEFAULT current_timestamp() COMMENT 'تاريخ إضافة المورد',
  `updated_at` timestamp NULL DEFAULT NULL ON UPDATE current_timestamp() COMMENT 'تاريخ آخر تعديل لبيانات المورد',
  PRIMARY KEY (`id`),
  UNIQUE KEY `mobile` (`mobile`),
  UNIQUE KEY `commercial_register` (`commercial_register`),
  KEY `fk_supplier_user_creator` (`created_by`),
  CONSTRAINT `fk_supplier_user_creator` FOREIGN KEY (`created_by`) REFERENCES `users` (`id`) ON DELETE SET NULL
) ENGINE=InnoDB AUTO_INCREMENT=5 DEFAULT CHARSET=utf8mb4 COLLATE=utf8mb4_unicode_ci COMMENT='جدول بيانات الموردين';
/*!40101 SET character_set_client = @saved_cs_client */;

--
-- Dumping data for table `suppliers`
--

LOCK TABLES `suppliers` WRITE;
/*!40000 ALTER TABLE `suppliers` DISABLE KEYS */;
INSERT INTO `suppliers` VALUES (1,'البضاعة الموجده حاليا','01099337896','الفيوم','',NULL,5,'2025-10-01 11:50:40',NULL),(2,'محمد خالد','01157728787',',','',NULL,5,'2025-10-02 15:25:09','2025-11-08 15:53:39'),(3,'محمد','01008560812','Fayoum','Sheikh Yusuf ST, Fayoum, Egypt',NULL,5,'2025-11-15 21:24:04',NULL),(4,'المحل','01157787112','Fayoum','Sheikh Yusuf ST, Fayoum, Egypt',NULL,5,'2025-11-18 19:43:02',NULL);
/*!40000 ALTER TABLE `suppliers` ENABLE KEYS */;
UNLOCK TABLES;

--
-- Table structure for table `users`
--

DROP TABLE IF EXISTS `users`;
/*!40101 SET @saved_cs_client     = @@character_set_client */;
/*!40101 SET character_set_client = utf8 */;
CREATE TABLE `users` (
  `id` int(11) NOT NULL AUTO_INCREMENT,
  `username` varchar(50) NOT NULL,
  `email` varchar(100) NOT NULL,
  `password` varchar(255) NOT NULL,
  `role` enum('user','admin') NOT NULL DEFAULT 'user',
  `created_at` timestamp NOT NULL DEFAULT current_timestamp(),
  PRIMARY KEY (`id`),
  UNIQUE KEY `username` (`username`),
  UNIQUE KEY `email` (`email`)
) ENGINE=InnoDB AUTO_INCREMENT=12 DEFAULT CHARSET=utf8mb4 COLLATE=utf8mb4_unicode_ci;
/*!40101 SET character_set_client = @saved_cs_client */;

--
-- Dumping data for table `users`
--

LOCK TABLES `users` WRITE;
/*!40000 ALTER TABLE `users` DISABLE KEYS */;
INSERT INTO `users` VALUES (5,'admin','admin@gmail.com','$2y$10$9DkMvN8bVe3xV3Mf5qd91O/0YyliyVLUVWVcy8NQkjmNo4.hDuvIq','admin','2025-06-04 10:52:41'),(6,'bebo','mb4952144@gmail.com','$2y$10$Q.oRVOp/fwmh1OeG9krcc.vAdSswCnK9vUpDsec4B0xysu.gXUgW6','admin','2025-12-12 05:04:44'),(7,'صاصا مستخدم عادي','mb@gmail.com','bebo@1234','user','2025-12-24 08:59:08'),(10,'sasa','mb123@gmail.com','bebo@1234','user','2025-12-24 09:00:59'),(11,'hamza_mo','mb4952144x@gmail.com','$2y$10$RwnEiSub4eR1NsMfklSQee/utF4U.MA.sKDMCMcD97l7oqYAFvisq','user','2025-12-25 04:56:33');
/*!40000 ALTER TABLE `users` ENABLE KEYS */;
UNLOCK TABLES;

--
-- Table structure for table `wallet_transactions`
--

DROP TABLE IF EXISTS `wallet_transactions`;
/*!40101 SET @saved_cs_client     = @@character_set_client */;
/*!40101 SET character_set_client = utf8 */;
CREATE TABLE `wallet_transactions` (
  `id` int(11) NOT NULL AUTO_INCREMENT,
  `customer_id` int(11) NOT NULL,
  `type` enum('deposit','withdraw','refund','invoice_payment') NOT NULL,
  `amount` decimal(12,2) NOT NULL,
  `description` varchar(255) NOT NULL,
  `wallet_before` decimal(12,2) DEFAULT 0.00,
  `wallet_after` decimal(12,2) DEFAULT 0.00,
  `transaction_date` datetime NOT NULL DEFAULT current_timestamp(),
  `created_by` int(11) DEFAULT NULL,
  `created_at` timestamp NOT NULL DEFAULT current_timestamp(),
  PRIMARY KEY (`id`),
  KEY `created_by` (`created_by`),
  KEY `idx_customer_date` (`customer_id`,`transaction_date`),
  CONSTRAINT `wallet_transactions_ibfk_1` FOREIGN KEY (`customer_id`) REFERENCES `customers` (`id`) ON DELETE CASCADE,
  CONSTRAINT `wallet_transactions_ibfk_2` FOREIGN KEY (`created_by`) REFERENCES `users` (`id`) ON DELETE SET NULL
) ENGINE=InnoDB AUTO_INCREMENT=165 DEFAULT CHARSET=utf8mb4 COLLATE=utf8mb4_unicode_ci;
/*!40101 SET character_set_client = @saved_cs_client */;

--
-- Dumping data for table `wallet_transactions`
--

LOCK TABLES `wallet_transactions` WRITE;
/*!40000 ALTER TABLE `wallet_transactions` DISABLE KEYS */;
INSERT INTO `wallet_transactions` VALUES (15,16,'deposit',5420.00,'إيداع محفظة - مبلغ 5420.00 ج.م',0.00,5420.00,'2025-12-11 02:00:00',5,'2025-12-11 21:30:37'),(16,16,'deposit',100.00,'إيداع محفظة - مبلغ 100.00 ج.م',5420.00,5520.00,'2025-12-11 02:00:00',5,'2025-12-11 21:31:14'),(17,16,'withdraw',-4000.00,'سحب محفظة - مبلغ 4000.00 ج.م',5520.00,1520.00,'2025-12-11 02:00:00',5,'2025-12-11 21:31:52'),(18,16,'deposit',5.00,'إيداع محفظة - مبلغ 5.00 ج.م',1520.00,1525.00,'2025-12-12 02:00:00',5,'2025-12-12 04:15:04'),(19,16,'deposit',50.00,'إيداع محفظة - مبلغ 50.00 ج.م',1525.00,1575.00,'2025-12-12 02:00:00',5,'2025-12-12 04:22:12'),(20,16,'deposit',5.00,'إيداع محفظة - مبلغ 5.00 ج.م',1575.00,1580.00,'2025-12-12 02:00:00',5,'2025-12-12 04:23:27'),(21,16,'withdraw',-10.00,'سحب محفظة - مبلغ 10.00 ج.م',1580.00,1570.00,'2025-12-12 02:00:00',5,'2025-12-12 04:24:32'),(22,16,'withdraw',-10.00,'سحب محفظة - مبلغ 10.00 ج.م',1570.00,1560.00,'2025-12-12 02:00:00',5,'2025-12-12 04:34:31'),(23,16,'deposit',10.00,'إيداع محفظة - مبلغ 10.00 ج.م',1560.00,1570.00,'2025-12-12 02:00:00',5,'2025-12-12 04:36:00'),(24,16,'withdraw',-10.00,'سحب محفظة - مبلغ 10.00 ج.م',1570.00,1560.00,'2025-12-12 02:00:00',5,'2025-12-12 04:36:22'),(25,16,'deposit',50.00,'إيداع محفظة - مبلغ 50.00 ج.م',1560.00,1610.00,'2025-12-12 02:00:00',5,'2025-12-12 05:26:11'),(26,16,'deposit',50.00,'إيداع محفظة - مبلغ 50.00 ج.م',1610.00,1660.00,'2025-12-12 06:48:46',5,'2025-12-12 05:48:46'),(27,16,'deposit',20.00,'إيداع محفظة - مبلغ 20.00 ج.م',1660.00,1680.00,'2025-12-12 06:49:48',5,'2025-12-12 05:49:48'),(28,16,'withdraw',-10.00,'سحب محفظة - مبلغ 10.00 ج.م',1680.00,1670.00,'2025-12-12 06:52:29',5,'2025-12-12 05:52:29'),(29,16,'deposit',10.00,'إيداع محفظة - مبلغ 10.00 ج.م',1670.00,1680.00,'2025-12-12 06:53:10',5,'2025-12-12 05:53:10'),(30,16,'deposit',5.00,'إيداع محفظة - مبلغ 5.00 ج.م',1680.00,1685.00,'2025-12-12 06:57:03',5,'2025-12-12 05:57:03'),(31,16,'deposit',5.00,'إيداع محفظة - مبلغ 5.00 ج.م',1685.00,1690.00,'2025-12-12 07:01:12',5,'2025-12-12 06:01:12'),(32,16,'deposit',5.00,'إيداع محفظة - مبلغ 5.00 ج.م',1690.00,1695.00,'2025-12-12 07:04:21',5,'2025-12-12 06:04:21'),(33,8,'deposit',5.00,'إيداع محفظة - مبلغ 5.00 ج.م',0.00,5.00,'2025-12-12 07:05:23',5,'2025-12-12 06:05:23'),(34,8,'deposit',10.00,'إيداع محفظة - مبلغ 10.00 ج.م',5.00,15.00,'2025-12-12 08:14:00',5,'2025-12-12 06:15:08'),(35,8,'deposit',10.00,'إيداع محفظة - مبلغ 10.00 ج.م',15.00,25.00,'2025-12-10 22:15:00',5,'2025-12-12 06:16:15'),(36,8,'withdraw',-10.00,'سحب محفظة - مبلغ 10.00 ج.م',25.00,15.00,'2025-12-12 08:17:00',5,'2025-12-12 06:17:24'),(37,16,'deposit',50.00,'إيداع محفظة - مبلغ 50.00 ج.م',1695.00,1745.00,'2025-12-05 02:25:00',5,'2025-12-12 06:26:49'),(38,16,'deposit',4.00,'إيداع محفظة - مبلغ 4.00 ج.م',1745.00,1749.00,'2025-12-12 08:55:00',5,'2025-12-12 06:56:40'),(39,8,'deposit',50.00,'إيداع محفظة - مبلغ 50.00 ج.م',15.00,65.00,'2025-12-12 09:17:00',5,'2025-12-12 07:17:34'),(40,8,'withdraw',-4.00,'سحب محفظة - مبلغ 4.00 ج.م',65.00,61.00,'2025-12-12 09:31:00',5,'2025-12-12 07:32:32'),(41,8,'deposit',10.00,'إيداع محفظة - مبلغ 10.00 ج.م',61.00,71.00,'2025-12-12 09:40:00',5,'2025-12-12 07:40:24'),(42,8,'deposit',5.00,'إيداع محفظة - مبلغ 5.00 ج.م',71.00,76.00,'2025-12-12 10:00:00',5,'2025-12-12 08:00:16'),(43,8,'deposit',5.00,'إيداع محفظة - مبلغ 5.00 ج.م',76.00,81.00,'2025-12-12 10:01:00',5,'2025-12-12 08:01:29'),(44,8,'deposit',2.00,'إيداع محفظة - مبلغ 2.00 ج.م',81.00,83.00,'2025-12-12 10:06:00',5,'2025-12-12 08:06:10'),(45,8,'deposit',2.00,'إيداع محفظة - مبلغ 2.00 ج.م',83.00,85.00,'2025-12-12 10:06:00',5,'2025-12-12 08:06:42'),(46,8,'deposit',3.00,'إيداع محفظة - مبلغ 3.00 ج.م',85.00,88.00,'2025-12-12 10:07:00',5,'2025-12-12 08:07:48'),(47,8,'deposit',2.00,'إيداع محفظة - مبلغ 2.00 ج.م',88.00,90.00,'2025-12-12 10:08:00',5,'2025-12-12 08:08:12'),(48,8,'deposit',3.00,'إيداع محفظة - مبلغ 3.00 ج.م',90.00,93.00,'2025-12-12 10:08:00',5,'2025-12-12 08:08:56'),(49,8,'deposit',2.00,'إيداع محفظة - مبلغ 2.00 ج.م',93.00,95.00,'2025-12-12 10:11:00',5,'2025-12-12 08:11:18'),(50,8,'deposit',2.00,'إيداع محفظة - مبلغ 2.00 ج.م',95.00,97.00,'2025-12-12 10:12:00',5,'2025-12-12 08:13:07'),(51,8,'deposit',2.00,'إيداع محفظة - مبلغ 2.00 ج.م',97.00,99.00,'2025-12-12 10:14:00',5,'2025-12-12 08:15:27'),(52,8,'deposit',2.00,'إيداع محفظة - مبلغ 2.00 ج.م',99.00,101.00,'2025-12-12 10:16:00',5,'2025-12-12 08:17:00'),(53,8,'deposit',2.00,'إيداع محفظة - مبلغ 2.00 ج.م',101.00,103.00,'2025-12-12 10:17:00',5,'2025-12-12 08:17:15'),(54,8,'deposit',2.00,'إيداع محفظة - مبلغ 2.00 ج.م',103.00,105.00,'2025-12-12 10:19:00',5,'2025-12-12 08:19:15'),(55,8,'deposit',2.00,'إيداع محفظة - مبلغ 2.00 ج.م',105.00,107.00,'2025-12-12 10:19:00',5,'2025-12-12 08:20:07'),(56,8,'deposit',1.00,'إيداع محفظة - مبلغ 1.00 ج.م',107.00,108.00,'2025-12-12 10:25:00',5,'2025-12-12 08:25:56'),(57,8,'deposit',1.00,'إيداع محفظة - مبلغ 1.00 ج.م',108.00,109.00,'2025-12-12 10:26:00',5,'2025-12-12 08:26:29'),(58,16,'deposit',50.00,'إيداع محفظة - مبلغ 50.00 ج.م',1749.00,1799.00,'2025-12-12 14:48:00',6,'2025-12-12 12:48:57'),(59,16,'deposit',1.00,'إيداع محفظة - مبلغ 1.00 ج.م',1799.00,1800.00,'2025-12-12 14:49:00',6,'2025-12-12 12:49:51'),(60,16,'deposit',1.00,'إيداع محفظة - مبلغ 1.00 ج.م',1800.00,1801.00,'2025-12-12 14:50:00',6,'2025-12-12 12:50:05'),(63,16,'deposit',1.00,'إيداع محفظة - مبلغ 1.00 ج.م',1801.00,1802.00,'2025-12-12 15:15:00',6,'2025-12-12 13:15:56'),(64,16,'deposit',1.00,'إيداع محفظة - مبلغ 1.00 ج.م',1802.00,1803.00,'2025-12-12 15:16:00',6,'2025-12-12 13:16:53'),(65,16,'deposit',5.00,'إيداع محفظة - مبلغ 5.00 ج.م',1803.00,1808.00,'2025-12-12 15:17:00',6,'2025-12-12 13:17:20'),(66,16,'deposit',1.00,'إيداع محفظة - مبلغ 1.00 ج.م',1808.00,1809.00,'2025-12-12 15:21:00',6,'2025-12-12 13:21:14'),(67,16,'deposit',18.00,'إيداع محفظة - مبلغ 18.00 ج.م',1809.00,1827.00,'2025-12-12 15:25:00',6,'2025-12-12 13:25:39'),(68,16,'withdraw',-10.00,'سحب محفظة - مبلغ 10.00 ج.م',1827.00,1817.00,'2025-12-12 17:49:00',6,'2025-12-12 15:49:45'),(69,16,'deposit',10.00,'إيداع محفظة - مبلغ 10.00 ج.م',1817.00,1827.00,'2025-12-12 17:49:00',6,'2025-12-12 15:51:28'),(70,16,'deposit',5.00,'إيداع محفظة - مبلغ 5.00 ج.م',1827.00,1832.00,'2025-12-12 17:51:00',6,'2025-12-12 15:51:41'),(71,16,'deposit',10.00,'إيداع محفظة - مبلغ 10.00 ج.م',1832.00,1842.00,'2025-12-12 17:51:00',6,'2025-12-12 15:51:59'),(72,16,'deposit',5.00,'إيداع محفظة - مبلغ 5.00 ج.م',1842.00,1847.00,'2025-12-12 17:55:00',6,'2025-12-12 15:55:29'),(73,16,'deposit',5.00,'إيداع محفظة - مبلغ 5.00 ج.م',1847.00,1852.00,'2025-12-12 17:56:00',6,'2025-12-12 15:56:43'),(74,10,'deposit',5.00,'إيداع محفظة - مبلغ 5.00 ج.م',0.00,5.00,'2025-12-13 13:11:00',5,'2025-12-13 11:11:22'),(75,8,'invoice_payment',-1.00,'سداد فاتورة #232 - مبلغ 1.00 ج.م',109.00,108.00,'2025-12-13 20:56:57',6,'2025-12-13 18:56:57'),(76,8,'invoice_payment',-1.00,'سداد دفعة متعددة - مبلغ 1.00 ج.م من المحفظة',108.00,107.00,'2025-12-13 21:14:18',5,'2025-12-13 19:14:18'),(77,8,'invoice_payment',-39.99,'سداد دفعة متعددة - مبلغ 39.99 ج.م من المحفظة',107.00,67.01,'2025-12-13 21:20:41',6,'2025-12-13 19:20:41'),(78,8,'invoice_payment',-12.00,'سداد دفعة متعددة - مبلغ 12.00 ج.م من المحفظة',67.01,55.01,'2025-12-13 21:24:34',6,'2025-12-13 19:24:34'),(79,8,'invoice_payment',-3.00,'سداد دفعة متعددة - مبلغ 3.00 ج.م من المحفظة',55.01,52.01,'2025-12-13 21:29:35',6,'2025-12-13 19:29:35'),(80,8,'invoice_payment',-5.00,'سحب من المحفظة لسداد 3 فواتير - مبلغ 5.00 ج.م',52.01,47.01,'2025-12-13 21:53:38',6,'2025-12-13 19:53:38'),(81,8,'invoice_payment',-2.00,'سحب من المحفظة لسداد 2 فواتير - مبلغ 2.00 ج.م',47.01,45.01,'2025-12-13 22:12:56',6,'2025-12-13 20:12:56'),(82,8,'invoice_payment',-2.00,'سحب من المحفظة لسداد فاتورة #215 - مبلغ 2.00 ج.م',45.01,43.01,'2025-12-13 22:24:21',6,'2025-12-13 20:24:21'),(83,8,'invoice_payment',-2.00,'سحب من المحفظة لسداد من 1 فواتير (#199) - مبلغ 2.00 ج.م',43.01,41.01,'2025-12-13 22:27:46',6,'2025-12-13 20:27:46'),(86,8,'invoice_payment',-2.00,'سحب من المحفظة لسداد من 1 فواتير (#199) - مبلغ 2.00 ج.م',41.01,39.01,'2025-12-13 22:41:12',6,'2025-12-13 20:41:12'),(87,8,'invoice_payment',-5.00,'سحب من المحفظة لسداد فاتورة #195 - مبلغ 5.00 ج.م',39.01,34.01,'2025-12-13 22:49:36',6,'2025-12-13 20:49:36'),(88,8,'invoice_payment',-5.00,'سحب من المحفظة لسداد فاتورة #196 - مبلغ 5.00 ج.م',34.01,29.01,'2025-12-13 22:55:10',6,'2025-12-13 20:55:10'),(89,8,'invoice_payment',-3.00,'سحب من المحفظة لسداد من 1 فواتير (#215) - مبلغ 3.00 ج.م',29.01,26.01,'2025-12-13 23:11:39',6,'2025-12-13 21:11:39'),(90,8,'invoice_payment',-5.00,'سحب من المحفظة لسداد من 1 فواتير (#199) - مبلغ 5.00 ج.م',26.01,21.01,'2025-12-13 23:15:54',6,'2025-12-13 21:15:54'),(91,8,'deposit',20.00,'إيداع محفظة - مبلغ 20.00 ج.م',21.01,41.01,'2025-12-13 23:36:00',6,'2025-12-13 21:36:47'),(92,8,'deposit',2.00,'إيداع محفظة - مبلغ 2.00 ج.م',41.01,43.01,'2025-12-13 23:37:00',6,'2025-12-13 21:37:54'),(93,8,'deposit',20.00,'إيداع محفظة - مبلغ 20.00 ج.م',43.01,63.01,'2025-12-13 23:38:00',6,'2025-12-13 21:38:49'),(94,8,'deposit',10.00,'إيداع محفظة - مبلغ 10.00 ج.م',63.01,73.01,'2025-12-13 23:39:00',6,'2025-12-13 21:39:28'),(95,8,'deposit',10.00,'إيداع محفظة - مبلغ 10.00 ج.م',73.01,83.01,'2025-12-13 23:39:00',6,'2025-12-13 21:39:52'),(96,8,'deposit',5.00,'إيداع محفظة - مبلغ 5.00 ج.م',83.01,88.01,'2025-12-13 23:40:00',6,'2025-12-13 21:40:32'),(97,8,'deposit',5.00,'إيداع محفظة - مبلغ 5.00 ج.م',88.01,93.01,'2025-12-13 23:42:00',6,'2025-12-13 21:42:09'),(98,8,'deposit',5.00,'إيداع محفظة - مبلغ 5.00 ج.م',93.01,98.01,'2025-12-13 23:43:00',6,'2025-12-13 21:43:06'),(99,8,'deposit',5.00,'إيداع محفظة - مبلغ 5.00 ج.م',98.01,103.01,'2025-12-13 23:46:00',6,'2025-12-13 21:46:10'),(100,8,'deposit',52.00,'إيداع محفظة - مبلغ 52.00 ج.م',103.01,155.01,'2025-12-13 23:54:00',6,'2025-12-13 21:54:12'),(101,8,'deposit',6.00,'إيداع محفظة - مبلغ 6.00 ج.م',155.01,161.01,'2025-12-13 23:54:00',6,'2025-12-13 21:54:46'),(102,8,'deposit',1.00,'إيداع محفظة - مبلغ 1.00 ج.م',161.01,162.01,'2025-12-13 23:56:00',6,'2025-12-13 21:56:18'),(103,8,'deposit',1.00,'إيداع محفظة - مبلغ 1.00 ج.م',162.01,163.01,'2025-12-13 23:59:00',6,'2025-12-13 21:59:13'),(104,8,'deposit',2.00,'إيداع محفظة - مبلغ 2.00 ج.م',163.01,165.01,'2025-12-13 00:01:00',6,'2025-12-13 22:01:22'),(105,8,'deposit',5.00,'إيداع محفظة - مبلغ 5.00 ج.م',165.01,170.01,'2025-12-13 00:02:00',6,'2025-12-13 22:02:55'),(106,8,'deposit',10.00,'إيداع محفظة - مبلغ 10.00 ج.م',170.01,180.01,'2025-12-13 00:05:00',6,'2025-12-13 22:05:09'),(107,8,'deposit',10.00,'إيداع محفظة - مبلغ 10.00 ج.م',180.01,190.01,'2025-12-13 00:08:00',6,'2025-12-13 22:08:59'),(108,8,'deposit',2.00,'إيداع محفظة - مبلغ 2.00 ج.م',190.01,192.01,'2025-12-13 00:10:00',6,'2025-12-13 22:10:15'),(109,8,'deposit',1.00,'إيداع محفظة - مبلغ 1.00 ج.م',192.01,193.01,'2025-12-13 00:10:00',6,'2025-12-13 22:10:43'),(110,8,'deposit',1.00,'إيداع محفظة - مبلغ 1.00 ج.م',193.01,194.01,'2025-12-13 00:11:00',6,'2025-12-13 22:11:21'),(111,8,'deposit',2.00,'إيداع محفظة - مبلغ 2.00 ج.م',194.01,196.01,'2025-12-13 00:11:00',6,'2025-12-13 22:11:35'),(112,8,'deposit',2.00,'إيداع محفظة - مبلغ 2.00 ج.م',196.01,198.01,'2025-12-13 00:12:00',6,'2025-12-13 22:12:25'),(113,8,'deposit',1.00,'إيداع محفظة - مبلغ 1.00 ج.م',198.01,199.01,'2025-12-13 00:13:00',6,'2025-12-13 22:13:22'),(114,8,'deposit',2.00,'إيداع محفظة - مبلغ 2.00 ج.م',199.01,201.01,'2025-12-13 00:14:00',6,'2025-12-13 22:14:25'),(115,8,'invoice_payment',-5.00,'سحب من المحفظة لسداد جزء من فاتورة #215 - مبلغ 5.00 ج.م',201.01,196.01,'2025-12-14 11:16:58',6,'2025-12-14 09:16:58'),(116,8,'invoice_payment',-15.00,'سحب من المحفظة لسداد من 2 فواتير (#215, #197) - مبلغ 15.00 ج.م',196.01,181.01,'2025-12-14 11:19:07',6,'2025-12-14 09:19:07'),(117,8,'invoice_payment',-5.00,'سحب من المحفظة لسداد من 1 فواتير (#193) - مبلغ 5.00 ج.م',181.01,176.01,'2025-12-14 11:25:31',6,'2025-12-14 09:25:31'),(118,8,'invoice_payment',-10.00,'سحب من المحفظة لسداد جزء من فاتورة #215 - مبلغ 10.00 ج.م',176.01,166.01,'2025-12-14 11:26:55',6,'2025-12-14 09:26:55'),(119,8,'invoice_payment',-10.00,'سحب من المحفظة لسداد جزء من فاتورة #215 - مبلغ 10.00 ج.م',166.01,156.01,'2025-12-14 11:43:48',6,'2025-12-14 09:43:48'),(120,8,'invoice_payment',-10.00,'سحب من المحفظة لسداد من 1 فواتير (#197) - مبلغ 10.00 ج.م',156.01,146.01,'2025-12-14 11:50:57',6,'2025-12-14 09:50:57'),(121,11,'deposit',5000.00,'إيداع محفظة - مبلغ 5000.00 ج.م',0.00,5000.00,'2025-12-16 11:17:00',5,'2025-12-16 09:17:20'),(125,11,'withdraw',5.00,'سداد فاتورة #310',4880.00,4875.00,'2025-12-17 14:57:21',5,'2025-12-17 12:57:21'),(126,11,'invoice_payment',-30.00,'سداد من المحفظة لفاتورة #317',4875.00,4845.00,'2025-12-17 17:45:36',5,'2025-12-17 15:45:36'),(127,11,'invoice_payment',-50.00,'سداد من المحفظة لفاتورة #318',4845.00,4795.00,'2025-12-17 17:49:05',5,'2025-12-17 15:49:05'),(128,11,'invoice_payment',-30.00,'سداد من المحفظة لفاتورة #319 (شغلانة رقم 5 باسم باب فيلا)',4795.00,4765.00,'2025-12-17 18:16:46',5,'2025-12-17 16:16:46'),(129,11,'deposit',51.00,'إيداع محفظة - مبلغ 51.00 ج.م',4765.00,4816.00,'2025-12-20 11:31:00',5,'2025-12-20 09:32:04'),(130,11,'deposit',15.00,'إيداع محفظة - مبلغ 15.00 ج.م',4816.00,4831.00,'2025-12-20 13:20:00',5,'2025-12-20 11:20:45'),(131,11,'deposit',1.00,'إيداع محفظة - مبلغ 1.00 ج.م',4831.00,4832.00,'2025-12-20 13:35:00',5,'2025-12-20 11:36:26'),(132,11,'deposit',2.00,'إيداع محفظة - مبلغ 2.00 ج.م',4832.00,4834.00,'2025-12-20 13:44:00',5,'2025-12-20 11:44:28'),(133,11,'deposit',1.00,'إيداع محفظة - مبلغ 1.00 ج.م',4834.00,4835.00,'2025-12-20 13:46:00',5,'2025-12-20 11:46:18'),(134,11,'deposit',10.00,'إيداع محفظة - مبلغ 10.00 ج.م',4835.00,4845.00,'2025-12-20 13:48:00',5,'2025-12-20 11:48:58'),(135,11,'deposit',5.00,'إيداع محفظة - مبلغ 5.00 ج.م',4845.00,4850.00,'2025-12-20 14:01:00',5,'2025-12-20 12:01:40'),(136,11,'deposit',2.00,'إيداع محفظة - مبلغ 2.00 ج.م',4850.00,4852.00,'2025-12-20 14:05:00',5,'2025-12-20 12:05:15'),(137,11,'deposit',4.00,'إيداع محفظة - مبلغ 4.00 ج.م',4852.00,4856.00,'2025-12-20 14:09:00',5,'2025-12-20 12:09:13'),(138,11,'withdraw',-0.50,'سحب محفظة - مبلغ 0.50 ج.م',4856.00,4855.50,'2025-12-20 14:10:00',5,'2025-12-20 12:10:13'),(139,11,'deposit',0.50,'إيداع محفظة - مبلغ 0.50 ج.م',4855.50,4856.00,'2025-12-20 14:11:00',5,'2025-12-20 12:11:35'),(140,11,'invoice_payment',-10.00,'سداد من المحفظة لفاتورة #325 (شغلانة رقم 35 باسم باب وشباك)',4856.00,4846.00,'2025-12-20 21:25:46',5,'2025-12-20 19:25:46'),(141,11,'invoice_payment',-15.00,'سداد من المحفظة لفاتورة #327 (شغلانة رقم 5 باسم باب فيلا)',4846.00,4831.00,'2025-12-20 22:10:32',5,'2025-12-20 20:10:32'),(142,11,'deposit',1000.00,'\\n',4831.00,5831.00,'2025-12-20 22:10:00',5,'2025-12-20 20:11:37'),(143,11,'deposit',15.00,'إيداع محفظة - مبلغ 15.00 ج.م',5831.00,5846.00,'2025-12-20 22:12:00',5,'2025-12-20 20:12:04'),(144,11,'withdraw',-1500.00,'سحب محفظة - مبلغ 1500.00 ج.م',5846.00,4346.00,'2025-12-20 22:10:00',5,'2025-12-20 20:12:32'),(145,11,'invoice_payment',-15.00,'سحب من المحفظة لسداد جزء من فاتورة #325 - مبلغ 15.00 ج.م',4346.00,4331.00,'2025-12-20 22:23:11',5,'2025-12-20 20:23:11'),(146,11,'invoice_payment',-5.00,'سحب من المحفظة لسداد فاتورة #327 تابعة لشغلانة #5 (باب فيلا) - مبلغ 5.00 ج.م',4331.00,4326.00,'2025-12-21 11:57:42',5,'2025-12-21 09:57:42'),(147,11,'invoice_payment',-10.00,'سحب من المحفظة لسداد جزء من فاتورة #325 تابعة لشغلانة #35 (باب وشباك) - مبلغ 10.00 ج.م',4326.00,4316.00,'2025-12-21 12:04:02',5,'2025-12-21 10:04:02'),(148,11,'invoice_payment',-100.00,'سحب من المحفظة لسداد من 1 فواتير (#327) - مبلغ 100.00 ج.م',4316.00,4216.00,'2025-12-21 13:00:56',5,'2025-12-21 11:00:56'),(149,11,'invoice_payment',-15.00,'سحب من المحفظة لسداد جزء من فاتورة #327 تابعة لشغلانة #5 (باب فيلا) - مبلغ 15.00 ج.م',4216.00,4201.00,'2025-12-21 13:05:31',5,'2025-12-21 11:05:31'),(150,11,'invoice_payment',-8.50,'سحب من المحفظة لسداد من 1 فواتير (#322) - مبلغ 8.50 ج.م',4201.00,4192.50,'2025-12-21 13:10:52',5,'2025-12-21 11:10:52'),(151,11,'invoice_payment',-10.00,'💰 سحب من المحفظة لسداد فواتير 331 و 330 - مبلغ 10.00 ج.م',4192.50,4182.50,'2025-12-21 13:42:36',5,'2025-12-21 11:42:36'),(152,11,'invoice_payment',-10.00,'💰 سحب من المحفظة لسداد فاتورة #329 تابعة لباب الحدسقه - مبلغ 10.00 ج.م',4182.50,4172.50,'2025-12-21 13:46:37',5,'2025-12-21 11:46:37'),(153,8,'refund',120.00,'استرداد إلى المحفظة للمرتجع #48',146.01,266.01,'2025-12-24 15:28:08',5,'2025-12-24 13:28:08'),(154,11,'refund',150.00,'استرداد إلى المحفظة للمرتجع #75',4172.50,4322.50,'2025-12-25 13:56:56',5,'2025-12-25 11:56:56'),(155,8,'refund',10.00,'استرداد إلى المحفظة للمرتجع #77',266.01,276.01,'2025-12-25 16:51:21',5,'2025-12-25 14:51:21'),(156,8,'refund',150.00,'استرداد إلى المحفظة للمرتجع #78',276.01,426.01,'2025-12-25 16:54:34',5,'2025-12-25 14:54:34'),(157,8,'refund',50.00,'استرداد إلى المحفظة للمرتجع #79',426.01,476.01,'2025-12-26 00:01:56',5,'2025-12-25 22:01:56'),(159,11,'refund',135.00,'استرداد إلى المحفظة للمرتجع #94',4322.50,4457.50,'2025-12-27 13:25:21',5,'2025-12-27 11:25:21'),(160,11,'refund',10.00,'استرداد إلى المحفظة للمرتجع #102',4457.50,4467.50,'2025-12-27 18:42:38',5,'2025-12-27 16:42:38'),(161,11,'refund',150.00,'💰 إضافة للمحفظة - فاتورة #378 - مرتجع #110 📋 (بسم الله نبدء) - المبلغ: 150 جنيه',4467.50,4617.50,'2025-12-27 19:49:05',5,'2025-12-27 17:49:05'),(162,11,'refund',150.00,'💰 إضافة للمحفظة - فاتورة #378 - مرتجع #111  شغلانه بأسم:📋 (بسم الله نبدء) رقم الشغلانه:📋 (#37) - المبلغ: 150 جنيه',4617.50,4767.50,'2025-12-27 20:14:36',5,'2025-12-27 18:14:36'),(163,11,'refund',135.00,'💰 إضافة للمحفظة - فاتورة #374 -  رقم فاتوره المرتجع #117  شغلانه بأسم:📋 (اختبار مرتجع) رقم الشغلانه:📋 (#36) - المبلغ: 135 جنيه',4767.50,4902.50,'2025-12-27 22:04:11',5,'2025-12-27 20:04:11'),(164,11,'refund',67.50,'💰 إضافة للمحفظة - فاتورة #374 -  رقم فاتوره المرتجع #118  شغلانه بأسم:📋 (اختبار مرتجع) رقم الشغلانه:📋 (#36) - المبلغ: 67.5 جنيه',4902.50,4970.00,'2025-12-27 22:06:40',5,'2025-12-27 20:06:40');
/*!40000 ALTER TABLE `wallet_transactions` ENABLE KEYS */;
UNLOCK TABLES;

--
-- Table structure for table `work_orders`
--

DROP TABLE IF EXISTS `work_orders`;
/*!40101 SET @saved_cs_client     = @@character_set_client */;
/*!40101 SET character_set_client = utf8 */;
CREATE TABLE `work_orders` (
  `id` int(11) NOT NULL AUTO_INCREMENT,
  `customer_id` int(11) NOT NULL,
  `title` varchar(255) NOT NULL COMMENT 'عنوان الشغلانة',
  `description` text DEFAULT NULL COMMENT 'وصف تفصيلي',
  `status` enum('pending','in_progress','completed','cancelled') DEFAULT 'pending',
  `start_date` date NOT NULL COMMENT 'تاريخ البدء',
  `notes` text DEFAULT NULL COMMENT 'ملاحظات إضافية',
  `total_invoice_amount` decimal(12,2) DEFAULT 0.00 COMMENT 'إجمالي فواتير الشغلانة',
  `total_paid` decimal(12,2) DEFAULT 0.00 COMMENT 'إجمالي المدفوع',
  `total_remaining` decimal(12,2) DEFAULT 0.00 COMMENT 'إجمالي المتبقي',
  `created_by` int(11) NOT NULL,
  `created_at` timestamp NOT NULL DEFAULT current_timestamp(),
  `updated_at` timestamp NULL DEFAULT NULL ON UPDATE current_timestamp(),
  PRIMARY KEY (`id`),
  KEY `created_by` (`created_by`),
  KEY `idx_status` (`status`),
  KEY `idx_customer` (`customer_id`,`status`),
  CONSTRAINT `work_orders_ibfk_1` FOREIGN KEY (`customer_id`) REFERENCES `customers` (`id`),
  CONSTRAINT `work_orders_ibfk_2` FOREIGN KEY (`created_by`) REFERENCES `users` (`id`)
) ENGINE=InnoDB AUTO_INCREMENT=38 DEFAULT CHARSET=utf8mb4 COLLATE=utf8mb4_unicode_ci;
/*!40101 SET character_set_client = @saved_cs_client */;

--
-- Dumping data for table `work_orders`
--

LOCK TABLES `work_orders` WRITE;
/*!40000 ALTER TABLE `work_orders` DISABLE KEYS */;
INSERT INTO `work_orders` VALUES (3,16,';lk,mn ',';.l,m ','pending','2026-01-03','',0.00,0.00,0.00,5,'2025-12-10 17:47:11',NULL),(4,16,'تركيب باب ','شغلانه محمد','pending','2025-12-27','عميل كويس',15.00,0.00,15.00,5,'2025-12-10 17:50:42','2025-12-15 22:28:06'),(5,11,'باب فيلا','بيبو','pending','2025-12-17','',1985.00,1780.00,205.00,5,'2025-12-11 08:41:27','2025-12-25 14:48:39'),(6,11,'باب الحدسقه','صٍِ}~ْ','pending','2025-12-20','',285.00,40.00,245.00,5,'2025-12-11 08:47:19','2025-12-21 11:46:37'),(7,8,'ترابيزه','ترابيزه','pending','2025-12-13','',0.00,0.00,0.00,6,'2025-12-13 08:03:36',NULL),(8,8,'ترابيزه','feqa','pending','2025-12-13','',0.00,0.00,0.00,6,'2025-12-13 08:09:06',NULL),(9,8,'wedsxz','easdxz','pending','2025-12-13','',0.00,0.00,0.00,6,'2025-12-13 08:09:24',NULL),(10,8,'wedsxz','dxwds','pending','2025-12-13','',0.00,0.00,0.00,6,'2025-12-13 08:10:00',NULL),(11,8,'wedsxz','n','pending','2025-12-13','',0.00,0.00,0.00,6,'2025-12-13 08:11:46',NULL),(12,8,'wedsxz','v','pending','2025-12-13','',0.00,0.00,0.00,6,'2025-12-13 08:21:58',NULL),(13,8,'s','s','pending','2025-12-13','',0.00,0.00,0.00,6,'2025-12-13 08:22:28',NULL),(14,8,'5','4\\n','pending','2025-12-13','',0.00,0.00,0.00,6,'2025-12-13 08:26:04',NULL),(15,8,'s','s','pending','2025-12-13','',0.00,0.00,0.00,6,'2025-12-13 08:28:49',NULL),(16,8,'شغلانه من صفجه الفواتير','شغلانه من صفجه الفواتير','pending','2025-12-15','',0.00,0.00,0.00,6,'2025-12-15 06:11:15',NULL),(17,8,'شغلانه من صفجه الفواتير','شغلانه من صفجه الفواتير','pending','2025-12-15','',0.00,0.00,0.00,6,'2025-12-15 06:11:17',NULL),(18,8,'شغلانه من صفجه الفواتير','شغلانه من صفجه الفواتير','pending','2025-12-15','',0.00,0.00,0.00,6,'2025-12-15 06:11:18',NULL),(19,8,'شغلانه من صفجه الفواتير','شغلانه من صفجه الفواتير','pending','2025-12-15','',0.00,0.00,0.00,6,'2025-12-15 06:11:18',NULL),(20,8,'شغلانه من صفجه الفواتير','شغلانه من صفجه الفواتير','pending','2025-12-15','',0.00,0.00,0.00,6,'2025-12-15 06:11:18',NULL),(21,8,'llkm','polkm','pending','2025-12-15','',0.00,0.00,0.00,6,'2025-12-15 06:19:02',NULL),(22,8,'llkm','r3edsx','pending','2025-12-15','',0.00,0.00,0.00,6,'2025-12-15 06:20:05',NULL),(23,8,'llkm','2ewsazewasdx','pending','2025-12-15','ewdsaxz',0.00,0.00,0.00,6,'2025-12-15 06:20:19',NULL),(24,8,'شغلانه من صفجه الفواتير','lk,m','pending','2025-12-15','',0.00,0.00,0.00,6,'2025-12-15 06:21:09',NULL),(25,8,'شغلانه من صفجه الفواتير','aedszx','pending','2025-12-15','',0.00,0.00,0.00,6,'2025-12-15 06:22:23',NULL),(26,8,'شغلانه من صفجه الفواتير','2qewasxz','pending','2025-12-15','',0.00,0.00,0.00,6,'2025-12-15 06:24:08',NULL),(27,8,'شغلانه من صفجه الفواتير','2qewasxz','pending','2025-12-15','',0.00,0.00,0.00,6,'2025-12-15 06:24:31',NULL),(28,8,'شغلانه من صفجه الفواتير','2qewasxz','pending','2025-12-15','',0.00,0.00,0.00,6,'2025-12-15 06:24:31',NULL),(29,8,'aywqsa','wqsa','pending','2025-12-15','',0.00,0.00,0.00,6,'2025-12-15 06:26:22',NULL),(30,8,'احر شغلانه','تبع اخي','pending','2025-12-15','',0.00,0.00,0.00,6,'2025-12-15 06:31:02',NULL),(31,8,'شغلانه','submit-create-work-order','pending','2025-12-15','',0.00,0.00,0.00,6,'2025-12-15 07:00:56',NULL),(32,8,'تيست','تيست','pending','2025-12-15','',0.00,0.00,0.00,6,'2025-12-15 07:02:17',NULL),(33,14,'hds','wqsa','pending','2025-12-15','',0.00,0.00,0.00,6,'2025-12-15 12:07:44',NULL),(34,17,'شغلانه التجاره','مع الحبيب','pending','2025-12-15','',45.00,0.00,45.00,5,'2025-12-15 22:09:20','2025-12-15 22:09:31'),(35,11,'باب وشباك','تفصيل باب وشباك','pending','2025-12-20','',265.00,130.00,135.00,5,'2025-12-20 19:24:30','2025-12-21 10:04:02'),(36,11,'اختبار مرتجع','الحمدلله','pending','2025-12-25','',787.50,787.50,0.00,5,'2025-12-25 06:57:36','2025-12-27 21:36:01'),(37,11,'بسم الله نبدء','الاختبار','pending','2025-12-27','',450.00,450.00,0.00,5,'2025-12-27 15:40:59','2025-12-27 21:38:54');
/*!40000 ALTER TABLE `work_orders` ENABLE KEYS */;
UNLOCK TABLES;
/*!40103 SET TIME_ZONE=@OLD_TIME_ZONE */;

/*!40101 SET SQL_MODE=@OLD_SQL_MODE */;
/*!40014 SET FOREIGN_KEY_CHECKS=@OLD_FOREIGN_KEY_CHECKS */;
/*!40014 SET UNIQUE_CHECKS=@OLD_UNIQUE_CHECKS */;
/*!40101 SET CHARACTER_SET_CLIENT=@OLD_CHARACTER_SET_CLIENT */;
/*!40101 SET CHARACTER_SET_RESULTS=@OLD_CHARACTER_SET_RESULTS */;
/*!40101 SET COLLATION_CONNECTION=@OLD_COLLATION_CONNECTION */;
/*!40111 SET SQL_NOTES=@OLD_SQL_NOTES */;

-- Dump completed on 2025-12-28 16:20:53
