-- phpMyAdmin SQL Dump
-- version 5.2.1
-- https://www.phpmyadmin.net/
--
-- Host: 127.0.0.1
-- Generation Time: Sep 13, 2025 at 10:56 PM
-- Server version: 10.4.32-MariaDB
-- PHP Version: 8.0.30

SET SQL_MODE = "NO_AUTO_VALUE_ON_ZERO";
START TRANSACTION;
SET time_zone = "+00:00";


/*!40101 SET @OLD_CHARACTER_SET_CLIENT=@@CHARACTER_SET_CLIENT */;
/*!40101 SET @OLD_CHARACTER_SET_RESULTS=@@CHARACTER_SET_RESULTS */;
/*!40101 SET @OLD_COLLATION_CONNECTION=@@COLLATION_CONNECTION */;
/*!40101 SET NAMES utf8mb4 */;

--
-- Database: `saied_db`
--

-- --------------------------------------------------------

--
-- Table structure for table `batches`
--

CREATE TABLE `batches` (
  `id` bigint(20) UNSIGNED NOT NULL,
  `product_id` int(11) NOT NULL,
  `qty` decimal(13,4) NOT NULL DEFAULT 0.0000,
  `remaining` decimal(13,4) NOT NULL DEFAULT 0.0000,
  `original_qty` decimal(13,4) NOT NULL,
  `unit_cost` decimal(13,4) NOT NULL DEFAULT 0.0000,
  `sale_price` decimal(13,4) NOT NULL DEFAULT 0.0000,
  `received_at` date DEFAULT NULL,
  `expiry` date DEFAULT NULL,
  `notes` text DEFAULT NULL,
  `source_invoice_id` int(11) DEFAULT NULL,
  `source_item_id` int(11) DEFAULT NULL,
  `created_by` int(11) DEFAULT NULL,
  `adjusted_by` int(11) DEFAULT NULL,
  `adjusted_at` datetime DEFAULT NULL,
  `created_at` datetime NOT NULL DEFAULT current_timestamp(),
  `updated_at` datetime NOT NULL DEFAULT current_timestamp() ON UPDATE current_timestamp(),
  `revert_reason` varchar(255) DEFAULT NULL,
  `cancel_reason` varchar(255) DEFAULT NULL,
  `status` enum('active','consumed','cancelled','reverted') NOT NULL DEFAULT 'active'
) ;

--
-- Dumping data for table `batches`
--

INSERT INTO `batches` (`id`, `product_id`, `qty`, `remaining`, `original_qty`, `unit_cost`, `received_at`, `expiry`, `notes`, `source_invoice_id`, `source_item_id`, `created_by`, `adjusted_by`, `adjusted_at`, `created_at`, `updated_at`, `revert_reason`, `cancel_reason`, `status`) VALUES
(1, 5, 100.0000, 100.0000, 100.0000, 20.0000, '0000-00-00', NULL, '', 78, 170, 5, NULL, NULL, '2025-09-12 09:01:14', '2025-09-12 09:01:14', NULL, NULL, 'active'),
(2, 5, 1.0000, 1.0000, 1.0000, 20.0000, '0000-00-00', NULL, '', 82, 178, 5, NULL, NULL, '2025-09-12 09:05:03', '2025-09-12 09:05:03', NULL, NULL, 'active'),
(3, 781, 20.0000, 20.0000, 20.0000, 20.0000, '0000-00-00', NULL, '', 82, 179, 5, NULL, NULL, '2025-09-12 09:05:03', '2025-09-12 09:05:03', NULL, NULL, 'active'),
(4, 5, 1.0000, 1.0000, 1.0000, 20.0000, '0000-00-00', NULL, NULL, 84, 186, 5, NULL, NULL, '2025-09-12 09:43:56', '2025-09-12 09:43:56', NULL, NULL, 'active'),
(5, 782, 1.0000, 1.0000, 1.0000, 120.0000, '0000-00-00', NULL, NULL, 84, 187, 5, NULL, NULL, '2025-09-12 09:43:56', '2025-09-12 09:43:56', NULL, NULL, 'active'),
(6, 5, 1.0000, 1.0000, 1.0000, 20.0000, '0000-00-00', NULL, NULL, 86, 188, 5, NULL, NULL, '2025-09-12 09:44:02', '2025-09-12 09:44:02', NULL, NULL, 'active'),
(7, 782, 1.0000, 1.0000, 1.0000, 120.0000, '0000-00-00', NULL, NULL, 86, 189, 5, NULL, NULL, '2025-09-12 09:44:02', '2025-09-12 09:44:02', NULL, NULL, 'active'),
(8, 781, 20.0000, 20.0000, 20.0000, 20.0000, '0000-00-00', NULL, NULL, 88, 193, 5, NULL, NULL, '2025-09-12 09:53:25', '2025-09-12 09:53:25', NULL, NULL, 'active'),
(9, 779, 1.0000, 1.0000, 1.0000, 100.0000, '0000-00-00', NULL, NULL, 88, 194, 5, NULL, NULL, '2025-09-12 09:53:25', '2025-09-12 09:53:25', NULL, NULL, 'active'),
(10, 781, 20.0000, 20.0000, 20.0000, 20.0000, '0000-00-00', NULL, NULL, 89, 195, 5, NULL, NULL, '2025-09-12 09:53:33', '2025-09-12 09:53:33', NULL, NULL, 'active'),
(11, 779, 1.0000, 1.0000, 1.0000, 100.0000, '0000-00-00', NULL, NULL, 89, 196, 5, NULL, NULL, '2025-09-12 09:53:33', '2025-09-12 09:53:33', NULL, NULL, 'active'),
(12, 5, 1.0000, 1.0000, 1.0000, 20.0000, '0000-00-00', NULL, NULL, 96, 202, 5, NULL, NULL, '2025-09-12 10:03:04', '2025-09-12 10:03:04', NULL, NULL, 'active'),
(13, 782, 1.0000, 1.0000, 1.0000, 120.0000, '0000-00-00', NULL, NULL, 96, 203, 5, NULL, NULL, '2025-09-12 10:03:04', '2025-09-12 10:03:04', NULL, NULL, 'active'),
(14, 5, 1.0000, 1.0000, 1.0000, 20.0000, '0000-00-00', NULL, NULL, 97, 204, 5, NULL, NULL, '2025-09-12 10:03:14', '2025-09-12 10:03:14', NULL, NULL, 'active'),
(15, 782, 1.0000, 1.0000, 1.0000, 120.0000, '0000-00-00', NULL, NULL, 97, 205, 5, NULL, NULL, '2025-09-12 10:03:14', '2025-09-12 10:03:14', NULL, NULL, 'active'),
(16, 784, 1.0000, 1.0000, 1.0000, 0.0000, '2025-09-12', NULL, NULL, 105, 212, 5, NULL, NULL, '2025-09-12 10:22:06', '2025-09-12 10:22:06', NULL, NULL, 'active'),
(17, 5, 1.0000, 1.0000, 1.0000, 20.0000, '2025-09-12', NULL, NULL, 105, 213, 5, NULL, NULL, '2025-09-12 10:22:06', '2025-09-12 10:22:06', NULL, NULL, 'active'),
(18, 784, 1.0000, 1.0000, 1.0000, 0.0000, '2025-09-12', NULL, NULL, 106, 214, 5, NULL, NULL, '2025-09-12 10:22:09', '2025-09-12 10:22:09', NULL, NULL, 'active'),
(19, 5, 1.0000, 1.0000, 1.0000, 20.0000, '2025-09-12', NULL, NULL, 106, 215, 5, NULL, NULL, '2025-09-12 10:22:09', '2025-09-12 10:22:09', NULL, NULL, 'active'),
(20, 5, 1.0000, 1.0000, 1.0000, 20.0000, '2025-09-12', NULL, NULL, 123, 229, 5, NULL, NULL, '2025-09-12 21:03:32', '2025-09-12 21:03:32', NULL, NULL, 'active'),
(21, 782, 2.0000, 2.0000, 2.0000, 120.0000, '2025-09-12', NULL, NULL, 123, 230, 5, NULL, NULL, '2025-09-12 21:03:32', '2025-09-12 21:03:32', NULL, NULL, 'active'),
(22, 784, 1.0000, 1.0000, 1.0000, 0.0000, '2025-09-12', NULL, NULL, 123, 231, 5, NULL, NULL, '2025-09-12 21:03:32', '2025-09-12 21:03:32', NULL, NULL, 'active'),
(23, 5, 1.0000, 1.0000, 1.0000, 20.0000, '2025-09-12', NULL, NULL, 132, 254, 5, NULL, NULL, '2025-09-12 21:31:19', '2025-09-12 21:31:19', NULL, NULL, 'active'),
(24, 778, 40.0000, 40.0000, 40.0000, 200.0000, '2025-09-12', NULL, NULL, 132, 255, 5, NULL, NULL, '2025-09-12 21:31:19', '2025-09-12 21:31:19', NULL, NULL, 'active'),
(25, 4, 1.0000, 1.0000, 1.0000, 200.0000, '2025-09-12', NULL, NULL, 132, 256, 5, NULL, NULL, '2025-09-12 21:31:19', '2025-09-12 21:31:19', NULL, NULL, 'active'),
(26, 788, 1.0000, 1.0000, 1.0000, 100.0000, '2025-09-12', NULL, NULL, 132, 257, 5, NULL, NULL, '2025-09-12 21:31:19', '2025-09-12 21:31:19', NULL, NULL, 'active'),
(27, 782, 1.0000, 1.0000, 1.0000, 120.0000, '2025-09-12', NULL, NULL, NULL, NULL, 5, NULL, NULL, '2025-09-12 21:50:17', '2025-09-12 21:50:17', NULL, NULL, 'active'),
(28, 784, 1.0000, 1.0000, 1.0000, 0.0000, '2025-09-12', NULL, NULL, NULL, NULL, 5, NULL, NULL, '2025-09-12 21:50:17', '2025-09-12 21:50:17', NULL, NULL, 'active'),
(29, 785, 1.0000, 1.0000, 1.0000, 15.0000, '2025-09-12', NULL, NULL, NULL, NULL, 5, NULL, NULL, '2025-09-12 21:50:17', '2025-09-12 21:50:17', NULL, NULL, 'active'),
(30, 5, 1.0000, 1.0000, 1.0000, 20.0000, '2025-09-12', NULL, NULL, 221, 265, 5, NULL, NULL, '2025-09-12 23:15:24', '2025-09-13 23:53:13', 'ى ىىىىىى', NULL, 'reverted'),
(31, 782, 100.0000, 100.0000, 100.0000, 120.0000, '2025-09-12', NULL, NULL, 221, 266, 5, NULL, NULL, '2025-09-12 23:15:24', '2025-09-13 23:53:13', 'ى ىىىىىى', NULL, 'reverted'),
(38, 789, 1.0000, 1.0000, 1.0000, 130.0000, '2025-09-13', NULL, NULL, 250, 288, 5, NULL, NULL, '2025-09-13 22:22:15', '2025-09-13 23:47:35', 'c', NULL, 'reverted'),
(39, 789, 1.0000, 1.0000, 1.0000, 130.0000, '2025-09-13', NULL, NULL, 250, 288, NULL, NULL, NULL, '2025-09-13 23:50:39', '2025-09-13 23:50:39', NULL, NULL, 'active'),
(40, 6, 1.0000, 1.0000, 1.0000, 100.0000, '2025-09-13', NULL, NULL, 241, 282, NULL, NULL, NULL, '2025-09-13 23:54:48', '2025-09-13 23:54:48', NULL, NULL, 'active');

-- --------------------------------------------------------

--
-- Table structure for table `batch_adjustments`
--

CREATE TABLE `batch_adjustments` (
  `id` bigint(20) UNSIGNED NOT NULL,
  `batch_id` bigint(20) UNSIGNED NOT NULL,
  `changed_by` int(11) DEFAULT NULL,
  `change_type` enum('qty_change','cost_change','note','split','merge','other') NOT NULL,
  `old_qty` decimal(13,4) DEFAULT NULL,
  `new_qty` decimal(13,4) DEFAULT NULL,
  `old_unit_cost` decimal(13,4) DEFAULT NULL,
  `new_unit_cost` decimal(13,4) DEFAULT NULL,
  `reason` text DEFAULT NULL,
  `created_at` datetime NOT NULL DEFAULT current_timestamp()
) ENGINE=InnoDB DEFAULT CHARSET=utf8mb4 COLLATE=utf8mb4_unicode_ci;

-- --------------------------------------------------------

--
-- Table structure for table `customers`
--

CREATE TABLE `customers` (
  `id` int(11) NOT NULL,
  `name` varchar(150) NOT NULL COMMENT 'اسم العميل',
  `mobile` varchar(11) NOT NULL COMMENT 'رقم الموبايل (11 رقم)',
  `city` varchar(100) NOT NULL COMMENT 'المدينة',
  `address` varchar(255) DEFAULT NULL COMMENT 'العنوان التفصيلي',
  `notes` text DEFAULT NULL,
  `created_by` int(11) DEFAULT NULL COMMENT 'معرف المستخدم الذي أضاف العميل',
  `created_at` timestamp NOT NULL DEFAULT current_timestamp() COMMENT 'تاريخ الإضافة'
) ENGINE=InnoDB DEFAULT CHARSET=utf8mb4 COLLATE=utf8mb4_unicode_ci;

--
-- Dumping data for table `customers`
--

INSERT INTO `customers` (`id`, `name`, `mobile`, `city`, `address`, `notes`, `created_by`, `created_at`) VALUES
(7, 'Mostafa Hussien Ramadan', '01157787113', 'Fayoum', 'Sheikh Yusuf ST, Fayoum, Egypt', NULL, 5, '2025-09-01 10:26:16'),
(8, 'عميل نقدي', '12345678901', 'Fayoum', 'Fayoum, Egypt', '', 5, '2025-09-01 13:38:46'),
(10, 'مصطفي حسين رمضان عطيه', '01096590768', 'الفيوم', '', NULL, NULL, '2025-09-03 19:39:40'),
(11, 'Mostafa Hussien Ramadan', '01032486387', 'Fayoum', 'Sheikh Yusuf ST, Fayoum, Egypt', NULL, 5, '2025-09-04 13:44:23'),
(12, 'Mostafa Hussien Ramadan', '01157787112', 'Fayoum', 'Sheikh Yusuf ST, Fayoum, Egypt', 'nkasncknsc', 5, '2025-09-04 13:44:53'),
(13, 'Mostafa Hussien Ramadan', '11111111111', 'Fayoum', 'Sheikh Yusuf ST, Fayoum, Egypt', NULL, 5, '2025-09-04 13:45:32'),
(14, 'Mostafa Hussien Ramadan', '01032486382', 'Fayoum', 'Sheikh Yusuf ST, Fayoum, Egypt', NULL, 5, '2025-09-04 13:46:36'),
(15, 'Mostafa Hussien Ramadan', '01157787111', 'Fayoum', 'Sheikh Yusuf ST, Fayoum, Egypt', NULL, 5, '2025-09-04 16:20:02'),
(16, 'b', '', '', '0', NULL, 5, '2025-09-06 11:31:20'),
(19, 'd', '01034863811', '', '0', NULL, 5, '2025-09-07 07:40:50'),
(64, 'tata', '01115273772', '1', '11111', '', 5, '2025-09-07 17:20:28'),
(71, 'احمد', '01115473776', 'مدابغ', 'بيت ريان', 'احمد تجربه الملاحظات', 5, '2025-09-10 21:09:07');

-- --------------------------------------------------------

--
-- Table structure for table `expenses`
--

CREATE TABLE `expenses` (
  `id` int(11) NOT NULL,
  `expense_date` date NOT NULL COMMENT 'تاريخ حدوث المصروف',
  `description` varchar(255) NOT NULL COMMENT 'وصف أو بيان المصروف',
  `amount` decimal(10,2) NOT NULL COMMENT 'قيمة المصروف',
  `category_id` int(11) DEFAULT NULL COMMENT 'معرف فئة المصروف (FK to expense_categories.id)',
  `notes` text DEFAULT NULL COMMENT 'ملاحظات إضافية على المصروف (اختياري)',
  `created_by` int(11) DEFAULT NULL COMMENT 'معرف المستخدم الذي سجل المصروف (FK to users.id)',
  `created_at` timestamp NOT NULL DEFAULT current_timestamp(),
  `updated_at` timestamp NULL DEFAULT NULL ON UPDATE current_timestamp()
) ENGINE=InnoDB DEFAULT CHARSET=utf8mb4 COLLATE=utf8mb4_unicode_ci COMMENT='سجل المصاريف التشغيلية';

--
-- Dumping data for table `expenses`
--

INSERT INTO `expenses` (`id`, `expense_date`, `description`, `amount`, `category_id`, `notes`, `created_by`, `created_at`, `updated_at`) VALUES
(2, '2025-06-01', 'نقل البضاعة من السوق الى المخزن', 300.00, NULL, '', NULL, '2025-06-03 07:19:13', NULL),
(3, '2025-06-04', 'كهرباء مخزن', 200.00, 3, '0', 5, '2025-06-04 16:31:43', NULL),
(4, '2025-09-03', 'اكل للعيال', 200.00, 3, '0', 5, '2025-09-03 09:04:05', NULL),
(5, '2025-09-04', 'زو\\\\د', 6.00, NULL, 'ةة', 5, '2025-09-03 22:26:47', NULL);

-- --------------------------------------------------------

--
-- Table structure for table `expense_categories`
--

CREATE TABLE `expense_categories` (
  `id` int(11) NOT NULL,
  `name` varchar(150) NOT NULL COMMENT 'اسم فئة المصروف (مثال: نقل، كهرباء، إيجار)',
  `description` text DEFAULT NULL COMMENT 'وصف إضافي للفئة (اختياري)',
  `created_at` timestamp NOT NULL DEFAULT current_timestamp()
) ENGINE=InnoDB DEFAULT CHARSET=utf8mb4 COLLATE=utf8mb4_unicode_ci COMMENT='فئات المصاريف المختلفة';

--
-- Dumping data for table `expense_categories`
--

INSERT INTO `expense_categories` (`id`, `name`, `description`, `created_at`) VALUES
(1, 'ايجارات', 'مثل ايجار المحل او المخزن و خلافة', '2025-06-03 07:30:12'),
(2, 'مرتبات', 'مثل مرتبات الموظفين', '2025-06-03 07:30:32'),
(3, 'مصاريف ثابتة', 'مثل الكهرباء و المياه و غيرها', '2025-06-03 07:30:57');

-- --------------------------------------------------------

--
-- Table structure for table `invoices_out`
--

CREATE TABLE `invoices_out` (
  `id` int(11) NOT NULL COMMENT 'المعرف التلقائي للفاتورة',
  `customer_id` int(11) NOT NULL COMMENT 'معرف العميل المرتبط بالفاتورة',
  `delivered` enum('yes','no') NOT NULL DEFAULT 'no' COMMENT 'هل تم التسليم؟ (نعم/لا)',
  `invoice_group` enum('group1','group2','group3','group4','group5','group6','group7','group8','group9','group10','group11') NOT NULL COMMENT 'مجموعة الفاتورة (من 1 إلى 11)',
  `created_by` int(11) DEFAULT NULL COMMENT 'معرف المستخدم الذي أنشأ الفاتورة',
  `created_at` timestamp NOT NULL DEFAULT current_timestamp() COMMENT 'تاريخ ووقت الإنشاء',
  `updated_by` int(11) DEFAULT NULL COMMENT 'معرف المستخدم الذي آخر من عدل الفاتورة',
  `updated_at` timestamp NULL DEFAULT NULL ON UPDATE current_timestamp() COMMENT 'تاريخ ووقت آخر تعديل',
  `notes` text DEFAULT NULL,
  `cancel_reason` varchar(255) DEFAULT NULL,
  `revert_reason` varchar(255) DEFAULT NULL
) ENGINE=InnoDB DEFAULT CHARSET=utf8mb4 COLLATE=utf8mb4_unicode_ci COMMENT='جدول فواتير العملاء الصادرة';

--
-- Dumping data for table `invoices_out`
--

INSERT INTO `invoices_out` (`id`, `customer_id`, `delivered`, `invoice_group`, `created_by`, `created_at`, `updated_by`, `updated_at`, `notes`, `cancel_reason`, `revert_reason`) VALUES
(61, 8, 'no', 'group1', 5, '2025-09-05 21:06:17', NULL, NULL, NULL, NULL, NULL),
(62, 8, 'no', 'group1', 5, '2025-09-05 21:11:58', NULL, NULL, NULL, NULL, NULL),
(63, 8, 'no', 'group1', 5, '2025-09-06 08:19:06', NULL, NULL, NULL, NULL, NULL),
(64, 0, 'no', 'group1', 5, '2025-09-06 08:30:43', 5, '2025-09-06 09:03:16', NULL, NULL, NULL),
(65, 8, 'yes', 'group1', 5, '2025-09-06 09:04:08', 5, '2025-09-06 09:04:32', NULL, NULL, NULL),
(66, 8, 'no', 'group1', 5, '2025-09-06 09:06:19', NULL, NULL, NULL, NULL, NULL),
(68, 8, 'no', 'group1', 5, '2025-09-06 09:14:32', NULL, NULL, NULL, NULL, NULL),
(72, 8, 'no', 'group1', 5, '2025-09-06 09:31:31', NULL, NULL, NULL, NULL, NULL),
(73, 8, 'no', 'group1', 5, '2025-09-06 09:41:49', NULL, NULL, NULL, NULL, NULL),
(74, 8, 'no', 'group1', 5, '2025-09-06 09:42:29', NULL, NULL, NULL, NULL, NULL),
(75, 8, 'no', 'group1', 5, '2025-09-06 11:18:31', NULL, NULL, NULL, NULL, NULL),
(76, 7, 'no', 'group1', 5, '2025-09-06 19:02:50', NULL, NULL, '', NULL, NULL),
(77, 16, 'no', 'group1', 5, '2025-09-06 19:03:20', NULL, NULL, '', NULL, NULL),
(78, 8, 'no', 'group1', 5, '2025-09-06 19:03:40', NULL, NULL, NULL, NULL, NULL),
(80, 15, 'no', 'group1', 5, '2025-09-06 19:09:00', 5, '2025-09-08 15:03:40', 'فاتوره اختبارر', NULL, NULL),
(81, 15, 'no', 'group1', 5, '2025-09-06 19:09:04', 5, '2025-09-08 15:53:02', 'فاتوره اختبارر', NULL, NULL),
(83, 8, 'no', 'group1', 5, '2025-09-06 19:11:36', NULL, NULL, '', NULL, NULL),
(84, 16, 'no', 'group1', 5, '2025-09-06 19:12:14', NULL, NULL, '', NULL, NULL),
(85, 11, 'yes', 'group1', 5, '2025-09-06 19:12:27', 5, '2025-09-06 19:13:00', '', NULL, NULL),
(86, 12, 'no', 'group1', 5, '2025-09-06 19:15:14', 5, '2025-09-08 15:53:22', '', NULL, NULL),
(87, 16, 'no', 'group1', 5, '2025-09-07 06:35:16', NULL, NULL, '', NULL, NULL),
(88, 15, 'no', 'group1', 5, '2025-09-07 06:37:55', NULL, NULL, 'kmwekefkfmkmfmf;lemf;lemfl;fml;f', NULL, NULL),
(89, 8, 'no', 'group1', 5, '2025-09-07 06:43:16', NULL, NULL, NULL, NULL, NULL),
(90, 11, 'no', 'group1', 5, '2025-09-07 06:43:40', NULL, NULL, '', NULL, NULL),
(91, 8, 'no', 'group1', 5, '2025-09-07 07:07:56', NULL, NULL, NULL, NULL, NULL),
(93, 17, 'no', 'group1', 5, '2025-09-07 07:34:43', 5, '2025-09-08 15:53:40', '', NULL, NULL),
(94, 16, 'no', 'group1', 5, '2025-09-07 07:38:23', 5, '2025-09-10 19:39:42', '', NULL, NULL),
(95, 0, 'yes', 'group1', 5, '2025-09-07 07:44:05', NULL, NULL, '\n(عميل نقدي: m)', NULL, NULL),
(96, 17, 'yes', 'group1', 5, '2025-09-07 07:46:54', NULL, NULL, '(عميل نقدي: m)', NULL, NULL),
(97, 11, 'yes', 'group1', 5, '2025-09-07 07:48:48', NULL, NULL, '', NULL, NULL),
(98, 11, 'yes', 'group1', 5, '2025-09-07 08:45:56', NULL, NULL, '', NULL, NULL),
(99, 17, 'yes', 'group1', 5, '2025-09-07 08:49:34', NULL, NULL, '', NULL, NULL),
(100, 17, 'no', 'group1', 5, '2025-09-07 08:50:27', NULL, NULL, '', NULL, NULL),
(101, 17, 'no', 'group1', 5, '2025-09-07 08:51:02', 5, '2025-09-07 08:51:34', 'الاال', NULL, NULL),
(102, 8, 'no', 'group1', 0, '2025-09-07 10:55:23', NULL, NULL, '(عميل نقدي)', NULL, NULL),
(103, 8, 'yes', 'group1', 0, '2025-09-07 11:12:00', 5, '2025-09-07 11:12:56', '(عميل نقدي)', NULL, NULL),
(104, 8, 'yes', 'group1', 5, '2025-09-07 11:13:27', 5, '2025-09-07 11:29:31', '(عميل نقدي)', NULL, NULL),
(105, 8, 'yes', 'group1', 5, '2025-09-07 11:13:57', NULL, NULL, '(عميل نقدي)', NULL, NULL),
(106, 8, 'yes', 'group1', 5, '2025-09-07 11:14:33', NULL, NULL, '(عميل نقدي)', NULL, NULL),
(107, 8, 'yes', 'group1', 5, '2025-09-07 11:25:49', 5, '2025-09-07 11:26:07', '(عميل نقدي)', NULL, NULL),
(108, 17, 'yes', 'group1', 5, '2025-09-07 11:26:43', NULL, NULL, '', NULL, NULL),
(109, 8, 'no', 'group1', 5, '2025-09-07 11:43:48', NULL, NULL, '(عميل نقدي)\n(عميل نقدي)', NULL, NULL),
(110, 8, 'no', 'group1', 5, '2025-09-07 11:44:12', NULL, NULL, '(عميل نقدي)', NULL, NULL),
(111, 8, 'yes', 'group1', 5, '2025-09-07 11:46:08', NULL, NULL, '(عميل نقدي)', NULL, NULL),
(112, 19, 'no', 'group1', 5, '2025-09-07 12:12:03', NULL, NULL, '', NULL, NULL),
(113, 8, 'no', 'group1', 5, '2025-09-07 14:48:47', NULL, NULL, 'mqw cfkjlqwnedjknq\n(عميل نقدي)', NULL, NULL),
(114, 19, 'no', 'group1', 5, '2025-09-07 15:20:55', NULL, NULL, '', NULL, NULL),
(115, 8, 'no', 'group1', 5, '2025-09-07 15:31:09', NULL, NULL, '(عميل نقدي)', NULL, NULL),
(116, 8, 'no', 'group1', 5, '2025-09-07 16:27:25', NULL, NULL, '(عميل نقدي)', NULL, NULL),
(117, 8, 'no', 'group1', 5, '2025-09-07 16:28:34', NULL, NULL, '(عميل نقدي)', NULL, NULL),
(152, 8, 'no', 'group1', 5, '2025-09-12 21:30:21', NULL, NULL, '(عميل نقدي)', NULL, NULL),
(153, 8, 'no', 'group1', 5, '2025-09-13 19:24:27', NULL, NULL, '(عميل نقدي)', NULL, NULL);

-- --------------------------------------------------------

--
-- Table structure for table `invoice_out_items`
--

CREATE TABLE `invoice_out_items` (
  `id` int(11) NOT NULL COMMENT 'المعرف التلقائي لبند الفاتورة',
  `invoice_out_id` int(11) NOT NULL COMMENT 'معرف الفاتورة الصادرة (مفتاح أجنبي لجدول invoices_out)',
  `product_id` int(11) NOT NULL COMMENT 'معرف المنتج (مفتاح أجنبي لجدول products)',
  `quantity` decimal(10,2) NOT NULL COMMENT 'الكمية المباعة من المنتج',
  `total_price` decimal(10,2) NOT NULL COMMENT 'السعر الإجمالي للبند (الكمية * سعر الوحدة)',
  `cost_price_per_unit` decimal(10,2) NOT NULL DEFAULT 0.00,
  `created_at` timestamp NOT NULL DEFAULT current_timestamp() COMMENT 'تاريخ إضافة البند',
  `updated_at` timestamp NULL DEFAULT NULL ON UPDATE current_timestamp() COMMENT 'تاريخ آخر تعديل للبند',
  `selling_price` decimal(10,2) NOT NULL
) ENGINE=InnoDB DEFAULT CHARSET=utf8mb4 COLLATE=utf8mb4_unicode_ci;

--
-- Dumping data for table `invoice_out_items`
--

INSERT INTO `invoice_out_items` (`id`, `invoice_out_id`, `product_id`, `quantity`, `total_price`, `cost_price_per_unit`, `created_at`, `updated_at`, `selling_price`) VALUES
(62, 64, 782, 3.00, 450.00, 120.00, '2025-09-06 09:03:16', NULL, 150.00),
(63, 64, 785, 20.00, 300.00, 15.00, '2025-09-06 09:03:16', NULL, 15.00),
(65, 65, 6, 1.00, 100.00, 100.00, '2025-09-06 09:04:32', NULL, 100.00),
(74, 67, 782, 1.00, 150.00, 120.00, '2025-09-06 09:22:53', NULL, 150.00),
(90, 69, 6, 1.00, 100.00, 100.00, '2025-09-06 09:27:00', NULL, 100.00),
(91, 69, 5, 1.00, 0.00, 0.00, '2025-09-06 09:27:00', NULL, 0.00),
(92, 69, 784, 1.00, 0.00, 0.00, '2025-09-06 09:27:00', NULL, 0.00),
(93, 69, 779, 10.00, 90.00, 100.00, '2025-09-06 09:27:00', NULL, 9.00),
(94, 69, 780, 14.00, 2940.00, 100.00, '2025-09-06 09:27:00', NULL, 210.00),
(105, 76, 5, 1.00, 0.00, 0.00, '2025-09-06 19:02:50', NULL, 0.00),
(106, 77, 5, 1.00, 0.00, 0.00, '2025-09-06 19:03:20', NULL, 0.00),
(107, 79, 782, 1.00, 150.00, 120.00, '2025-09-06 19:07:08', NULL, 150.00),
(108, 80, 782, 1.00, 150.00, 120.00, '2025-09-06 19:09:00', NULL, 150.00),
(109, 80, 785, 1.00, 15.00, 15.00, '2025-09-06 19:09:00', NULL, 15.00),
(110, 81, 782, 1.00, 150.00, 120.00, '2025-09-06 19:09:04', NULL, 150.00),
(111, 81, 785, 1.00, 15.00, 15.00, '2025-09-06 19:09:04', NULL, 15.00),
(112, 82, 782, 1.00, 150.00, 0.00, '2025-09-06 19:10:21', NULL, 150.00),
(113, 83, 5, 1.00, 0.00, 0.00, '2025-09-06 19:11:36', NULL, 0.00),
(114, 84, 6, 1.00, 100.00, 100.00, '2025-09-06 19:12:14', NULL, 100.00),
(115, 84, 5, 1.00, 0.00, 0.00, '2025-09-06 19:12:14', NULL, 0.00),
(116, 85, 6, 1.00, 100.00, 100.00, '2025-09-06 19:12:27', NULL, 100.00),
(117, 85, 5, 1.00, 0.00, 0.00, '2025-09-06 19:12:27', NULL, 0.00),
(118, 86, 6, 1.40, 140.00, 100.00, '2025-09-06 19:15:14', NULL, 100.00),
(119, 86, 5, 1.00, 0.00, 0.00, '2025-09-06 19:15:14', NULL, 0.00),
(120, 87, 782, 1.00, 150.00, 120.00, '2025-09-07 06:35:16', NULL, 150.00),
(121, 88, 782, 1.00, 150.00, 120.00, '2025-09-07 06:37:55', NULL, 150.00),
(122, 88, 785, 1.00, 15.00, 15.00, '2025-09-07 06:37:55', NULL, 15.00),
(123, 90, 5, 1.00, 200.00, 100.00, '2025-09-07 06:43:40', NULL, 200.00),
(124, 92, 782, 1.00, 150.00, 120.00, '2025-09-07 07:11:51', NULL, 150.00),
(125, 92, 785, 1.00, 15.00, 15.00, '2025-09-07 07:11:51', NULL, 15.00),
(126, 93, 782, 2.00, 300.00, 120.00, '2025-09-07 07:34:43', NULL, 150.00),
(127, 93, 785, 2.00, 30.00, 15.00, '2025-09-07 07:34:43', NULL, 15.00),
(128, 93, 6, 1.00, 0.00, 0.00, '2025-09-07 07:34:43', NULL, 0.00),
(129, 93, 5, 1.00, 0.00, 0.00, '2025-09-07 07:34:43', NULL, 0.00),
(130, 94, 782, 2.00, 300.00, 120.00, '2025-09-07 07:38:23', NULL, 150.00),
(131, 94, 785, 2.00, 30.00, 15.00, '2025-09-07 07:38:23', NULL, 15.00),
(132, 94, 6, 1.00, 0.00, 0.00, '2025-09-07 07:38:23', NULL, 0.00),
(133, 94, 5, 1.00, 0.00, 0.00, '2025-09-07 07:38:23', NULL, 0.00),
(134, 95, 782, 1.00, 150.00, 120.00, '2025-09-07 07:44:05', NULL, 150.00),
(135, 95, 785, 1.00, 15.00, 15.00, '2025-09-07 07:44:05', NULL, 15.00),
(136, 96, 782, 1.00, 150.00, 120.00, '2025-09-07 07:46:54', NULL, 150.00),
(137, 96, 785, 1.00, 15.00, 15.00, '2025-09-07 07:46:54', NULL, 15.00),
(138, 97, 6, 1.00, 100.00, 100.00, '2025-09-07 07:48:48', NULL, 100.00),
(139, 97, 5, 1.00, 0.00, 0.00, '2025-09-07 07:48:48', NULL, 0.00),
(140, 98, 6, 1.00, 100.00, 100.00, '2025-09-07 08:45:56', NULL, 100.00),
(141, 98, 5, 1.00, 0.00, 0.00, '2025-09-07 08:45:56', NULL, 0.00),
(142, 99, 6, 1.00, 100.00, 100.00, '2025-09-07 08:49:34', NULL, 100.00),
(143, 99, 5, 1.00, 0.00, 0.00, '2025-09-07 08:49:34', NULL, 0.00),
(144, 99, 780, 1.00, 210.00, 100.00, '2025-09-07 08:49:34', NULL, 210.00),
(145, 100, 782, 1.00, 150.00, 120.00, '2025-09-07 08:50:27', NULL, 150.00),
(146, 101, 782, 1.00, 150.00, 120.00, '2025-09-07 08:51:02', NULL, 150.00),
(147, 102, 5, 8.00, 800.00, 100.00, '2025-09-07 10:55:23', NULL, 100.00),
(148, 103, 5, 1.00, 0.00, 0.00, '2025-09-07 11:12:00', NULL, 0.00),
(149, 103, 785, 1.00, 15.00, 15.00, '2025-09-07 11:12:00', NULL, 15.00),
(150, 104, 779, 1.00, 200.00, 100.00, '2025-09-07 11:13:27', NULL, 200.00),
(151, 105, 782, 1.00, 150.00, 120.00, '2025-09-07 11:13:57', NULL, 150.00),
(152, 106, 782, 1.00, 150.00, 120.00, '2025-09-07 11:14:33', NULL, 150.00),
(153, 107, 785, 1.00, 15.00, 15.00, '2025-09-07 11:25:49', NULL, 15.00),
(154, 108, 780, 1.00, 210.00, 100.00, '2025-09-07 11:26:44', NULL, 210.00),
(155, 109, 779, 1.00, 200.00, 100.00, '2025-09-07 11:43:48', NULL, 200.00),
(156, 110, 782, 1.00, 150.00, 120.00, '2025-09-07 11:44:12', NULL, 150.00),
(157, 111, 6, 1.00, 0.00, 0.00, '2025-09-07 11:46:08', NULL, 0.00),
(158, 111, 5, 1.00, 0.00, 0.00, '2025-09-07 11:46:08', NULL, 0.00),
(159, 112, 6, 1.00, 0.00, 0.00, '2025-09-07 12:12:03', NULL, 0.00),
(160, 113, 785, 1.00, 15.00, 15.00, '2025-09-07 14:48:47', NULL, 15.00),
(161, 114, 778, 2.00, 300.00, 200.00, '2025-09-07 15:20:55', NULL, 150.00),
(162, 115, 5, 1.00, 0.00, 0.00, '2025-09-07 15:31:09', NULL, 0.00),
(163, 115, 6, 1.00, 0.00, 0.00, '2025-09-07 15:31:09', NULL, 0.00),
(164, 116, 5, 1.00, 0.00, 0.00, '2025-09-07 16:27:25', NULL, 0.00),
(165, 116, 782, 1.00, 150.00, 120.00, '2025-09-07 16:27:25', NULL, 150.00),
(166, 117, 6, 1.00, 0.00, 0.00, '2025-09-07 16:28:34', NULL, 0.00),
(167, 118, 782, 1.00, 150.00, 120.00, '2025-09-07 16:30:27', NULL, 150.00),
(168, 119, 785, 1.00, 15.00, 15.00, '2025-09-07 16:50:29', NULL, 15.00),
(169, 120, 782, 1.00, 150.00, 120.00, '2025-09-07 17:10:04', NULL, 150.00),
(170, 121, 785, 1.00, 15.00, 15.00, '2025-09-07 19:08:55', NULL, 15.00),
(171, 122, 785, 5.00, 75.00, 15.00, '2025-09-07 19:13:09', NULL, 15.00),
(172, 123, 785, 1.00, 15.00, 15.00, '2025-09-07 19:14:04', NULL, 15.00),
(173, 124, 6, 1.00, 0.00, 0.00, '2025-09-07 19:16:46', NULL, 0.00),
(174, 125, 6, 1.00, 0.00, 0.00, '2025-09-07 19:19:04', NULL, 0.00),
(175, 125, 782, 1.00, 150.00, 120.00, '2025-09-07 19:19:04', NULL, 150.00),
(176, 126, 782, 1.00, 150.00, 120.00, '2025-09-07 19:19:40', NULL, 150.00),
(177, 127, 782, 95.00, 14250.00, 120.00, '2025-09-07 19:32:15', NULL, 150.00),
(178, 128, 5, 1.00, 100.00, 0.00, '2025-09-07 19:57:18', NULL, 100.00),
(179, 129, 788, 1.00, 200.00, 100.00, '2025-09-07 20:15:24', NULL, 200.00),
(180, 130, 780, 1.00, 210.00, 100.00, '2025-09-07 20:16:52', NULL, 210.00),
(181, 131, 779, 1.00, 200.00, 100.00, '2025-09-07 20:19:02', NULL, 200.00),
(182, 132, 783, 1.00, 1050.00, 1030.00, '2025-09-07 21:12:52', NULL, 1050.00),
(183, 133, 779, 1.00, 100.00, 100.00, '2025-09-07 21:16:39', NULL, 100.00),
(186, 135, 6, 121.00, 1210.00, 5.00, '2025-09-08 09:42:04', NULL, 10.00),
(188, 137, 5, 83.00, 8300.00, 5.00, '2025-09-08 09:42:59', NULL, 100.00),
(189, 138, 6, 0.02, 0.00, 0.00, '2025-09-08 09:43:17', NULL, 0.00),
(190, 139, 779, 1.00, 140.00, 100.00, '2025-09-08 09:57:10', NULL, 140.00),
(191, 140, 779, 1.00, 150.00, 100.00, '2025-09-08 09:57:45', NULL, 150.00),
(192, 142, 782, 1.00, 250.00, 200.00, '2025-09-09 14:55:13', NULL, 250.00),
(193, 143, 782, 1.00, 250.00, 200.00, '2025-09-09 15:38:42', NULL, 250.00),
(194, 144, 5, 1.00, 0.00, 0.00, '2025-09-09 15:40:15', NULL, 0.00),
(195, 145, 782, 1.00, 250.00, 200.00, '2025-09-09 20:40:21', NULL, 250.00),
(198, 148, 5, 18.00, 180.00, 10.00, '2025-09-10 21:06:48', NULL, 10.00),
(199, 149, 781, 16.00, 960.00, 20.00, '2025-09-10 21:07:18', NULL, 60.00),
(200, 150, 780, 1.00, 210.00, 100.00, '2025-09-10 21:26:48', NULL, 210.00),
(201, 151, 780, 1.00, 400.00, 200.00, '2025-09-10 21:29:41', NULL, 400.00),
(202, 152, 5, 1.00, 30.00, 20.00, '2025-09-12 21:30:21', NULL, 30.00),
(203, 152, 782, 1.00, 250.00, 120.00, '2025-09-12 21:30:21', NULL, 250.00),
(204, 152, 784, 8.00, 160.00, 0.00, '2025-09-12 21:30:21', NULL, 20.00),
(205, 152, 785, 1.00, 15.00, 15.00, '2025-09-12 21:30:21', NULL, 15.00),
(206, 153, 5, 1.00, 30.00, 20.00, '2025-09-13 19:24:27', NULL, 30.00);

-- --------------------------------------------------------

--
-- Table structure for table `products`
--

CREATE TABLE `products` (
  `id` int(11) NOT NULL COMMENT 'المعرف التلقائي للمنتج',
  `product_code` varchar(50) NOT NULL COMMENT 'كود المنتج الفريد',
  `name` varchar(255) NOT NULL COMMENT 'اسم المنتج',
  `description` text DEFAULT NULL COMMENT 'وصف المنتج (اختياري)',
  `unit_of_measure` varchar(50) NOT NULL COMMENT 'وحدة القياس (مثال: قطعة، كجم، لتر)',
  `current_stock` decimal(10,2) NOT NULL DEFAULT 0.00 COMMENT 'الرصيد الحالي في المخزن',
  `reorder_level` decimal(10,2) NOT NULL DEFAULT 0.00 COMMENT 'حد إعادة الطلب (التنبيه عند وصول الرصيد إليه أو أقل)',
  `created_at` timestamp NOT NULL DEFAULT current_timestamp() COMMENT 'تاريخ الإنشاء',
  `updated_at` timestamp NULL DEFAULT NULL ON UPDATE current_timestamp() COMMENT 'تاريخ آخر تعديل',
  `cost_price` decimal(10,2) NOT NULL DEFAULT 0.00,
  `selling_price` decimal(10,2) NOT NULL
) ENGINE=InnoDB DEFAULT CHARSET=utf8mb4 COLLATE=utf8mb4_unicode_ci COMMENT='جدول المنتجات المخزنة';

--
-- Dumping data for table `products`
--

INSERT INTO `products` (`id`, `product_code`, `name`, `description`, `unit_of_measure`, `current_stock`, `reorder_level`, `created_at`, `updated_at`, `cost_price`, `selling_price`) VALUES
(4, '212', 'لبس', '', 'قطعه', 400.00, 50.00, '2025-09-01 14:08:20', '2025-09-12 18:31:19', 200.00, 999.99),
(5, '11', 'mm', '', 'كجم', 207.00, 0.00, '2025-09-01 14:21:38', '2025-09-13 20:53:13', 20.00, 30.00),
(6, '1223', 'ggg', '', 'قطعه', 202.02, 50.00, '2025-09-01 15:30:09', '2025-09-13 20:54:48', 100.00, 2.00),
(778, '231', 'مفصله', '', 'قطعه', 1058.00, 0.00, '2025-09-02 07:44:19', '2025-09-12 18:31:19', 200.00, 150.00),
(779, '101000', 'خنجري', '', 'قطعه', 2139.00, 1.00, '2025-09-02 07:45:17', '2025-09-12 06:53:33', 100.00, 0.00),
(780, '2122', 'سكينه', '', 'قطعه', 29.00, 0.00, '2025-09-02 07:55:41', '2025-09-10 21:29:41', 200.00, 400.00),
(781, '21223', 'عربيه', '', 'قطعه', 60.00, 10.00, '2025-09-03 09:33:39', '2025-09-12 06:53:33', 20.00, 60.00),
(782, '212232', 'بتنجان', '', 'قطعه', 12.00, 10.00, '2025-09-03 10:38:53', '2025-09-13 20:53:13', 120.00, 250.00),
(783, '21223s', 'موبايل', 'جايبه من كوكو', 'قطعه', 339.00, 30.00, '2025-09-03 21:17:46', '2025-09-08 15:49:32', 1030.00, 1100.00),
(784, '1101000', 'بلح', '', 'ك', 0.00, 0.00, '2025-09-03 21:42:34', '2025-09-13 19:13:04', 10.00, 20.00),
(785, 'd50', 'خمسه ام', '', 'قطعه', 3.00, 5.00, '2025-09-03 21:47:31', '2025-09-12 21:30:21', 15.00, 15.00),
(787, 'd50وس', 'خمسه ام', '', 'قطعه', 12.00, 0.00, '2025-09-04 17:32:02', '2025-09-10 19:50:54', 0.00, 0.00),
(788, '2122b', 'لعبه', '', 'قطعه', 101.00, 10.00, '2025-09-07 20:15:06', '2025-09-12 18:31:19', 100.00, 200.00),
(789, '101001', 'كيبورد', '', 'قطعه', 101.00, 20.00, '2025-09-09 19:24:29', '2025-09-13 20:50:38', 130.00, 250.00);

-- --------------------------------------------------------

--
-- Table structure for table `purchase_invoices`
--

CREATE TABLE `purchase_invoices` (
  `id` int(11) NOT NULL COMMENT 'المعرف التلقائي لفاتورة الشراء',
  `supplier_id` int(11) NOT NULL COMMENT 'معرف المورد (FK to suppliers.id)',
  `supplier_invoice_number` varchar(100) DEFAULT NULL COMMENT 'رقم فاتورة المورد (قد يكون فريداً لكل مورد)',
  `purchase_date` date NOT NULL COMMENT 'تاريخ الشراء/الفاتورة',
  `notes` text DEFAULT NULL COMMENT 'ملاحظات إضافية على الفاتورة',
  `total_amount` decimal(12,2) NOT NULL DEFAULT 0.00 COMMENT 'الإجمالي الكلي للفاتورة (يُحسب من البنود)',
  `status` enum('pending','partial_received','fully_received','cancelled') NOT NULL DEFAULT 'pending' COMMENT 'حالة فاتورة الشراء',
  `created_by` int(11) DEFAULT NULL COMMENT 'معرف المستخدم الذي أنشأ فاتورة الشراء (FK to users.id)',
  `created_at` timestamp NOT NULL DEFAULT current_timestamp() COMMENT 'تاريخ ووقت الإنشاء',
  `updated_by` int(11) DEFAULT NULL COMMENT 'معرف المستخدم الذي آخر من عدل بيانات رأس الفاتورة',
  `updated_at` timestamp NULL DEFAULT NULL ON UPDATE current_timestamp() COMMENT 'تاريخ ووقت آخر تعديل',
  `cancel_reason` varchar(255) DEFAULT NULL,
  `revert_reason` varchar(255) DEFAULT NULL
) ENGINE=InnoDB DEFAULT CHARSET=utf8mb4 COLLATE=utf8mb4_unicode_ci COMMENT='جدول فواتير المشتريات (الوارد)';

--
-- Dumping data for table `purchase_invoices`
--

INSERT INTO `purchase_invoices` (`id`, `supplier_id`, `supplier_invoice_number`, `purchase_date`, `notes`, `total_amount`, `status`, `created_by`, `created_at`, `updated_by`, `updated_at`, `cancel_reason`, `revert_reason`) VALUES
(4, 2, '', '2025-09-01', '', 0.00, 'fully_received', 5, '2025-09-01 13:48:45', NULL, NULL, NULL, NULL),
(5, 2, '', '2025-09-01', '', 0.00, 'partial_received', 5, '2025-09-01 14:22:24', 5, '2025-09-01 14:23:21', NULL, NULL),
(6, 2, '', '2025-09-01', '', 0.00, 'fully_received', 5, '2025-09-01 15:28:09', NULL, NULL, NULL, NULL),
(7, 2, '', '2025-09-01', '', 0.00, 'fully_received', 5, '2025-09-01 15:30:55', NULL, NULL, NULL, NULL),
(8, 2, '', '2025-09-01', '', 0.00, 'fully_received', 5, '2025-09-01 16:05:08', NULL, NULL, NULL, NULL),
(9, 2, '', '2025-09-02', '', 0.00, 'fully_received', 5, '2025-09-02 09:56:44', 5, '2025-09-02 10:12:59', NULL, NULL),
(10, 2, '', '2025-09-02', '', 0.00, 'fully_received', 5, '2025-09-02 10:27:45', NULL, NULL, NULL, NULL),
(11, 2, '', '2025-09-02', '', 0.00, 'pending', 5, '2025-09-02 10:40:44', NULL, NULL, NULL, NULL),
(12, 2, '', '2025-09-02', '', 50.00, 'fully_received', 5, '2025-09-02 10:42:36', 5, '2025-09-02 11:40:37', NULL, NULL),
(13, 2, '', '2025-09-02', '', 20120.00, 'fully_received', 5, '2025-09-02 10:45:54', 5, '2025-09-02 11:31:22', NULL, NULL),
(14, 2, '', '2025-09-02', '', 10000.00, 'fully_received', 5, '2025-09-02 11:33:40', 5, '2025-09-02 11:35:21', NULL, NULL),
(15, 2, '', '2025-09-02', '', 1000.00, 'fully_received', 5, '2025-09-02 14:55:41', 5, '2025-09-02 14:59:18', NULL, NULL),
(16, 2, '', '2025-09-02', '', 100000.00, 'pending', 5, '2025-09-02 15:02:47', 5, '2025-09-02 16:17:40', NULL, NULL),
(17, 2, '', '2025-09-02', '', 20000.00, 'fully_received', 5, '2025-09-02 15:41:11', 5, '2025-09-02 15:41:52', NULL, NULL),
(18, 2, '', '2025-09-02', '', 10000.00, 'fully_received', 5, '2025-09-02 15:57:21', 5, '2025-09-02 16:01:09', NULL, NULL),
(19, 2, '', '2025-09-02', '', 0.00, 'fully_received', 5, '2025-09-02 16:20:15', 5, '2025-09-02 16:28:50', NULL, NULL),
(20, 2, '', '2025-09-02', '', 0.00, 'pending', 5, '2025-09-02 19:09:40', NULL, NULL, NULL, NULL),
(21, 2, '', '2025-09-02', '', 40000.00, 'fully_received', 5, '2025-09-02 20:13:53', 5, '2025-09-02 20:39:14', NULL, NULL),
(22, 2, '', '2025-09-03', '', 40.00, 'fully_received', 5, '2025-09-03 09:47:40', 5, '2025-09-03 09:48:28', NULL, NULL),
(23, 2, '', '2025-09-03', '', 1000.00, 'fully_received', 5, '2025-09-03 10:47:11', 5, '2025-09-03 10:48:05', NULL, NULL),
(24, 2, '', '2025-09-03', '', 12000.00, 'fully_received', 5, '2025-09-03 11:51:08', 5, '2025-09-03 11:51:56', NULL, NULL),
(25, 2, '', '2025-09-03', '', 20000.00, 'fully_received', 5, '2025-09-03 21:23:27', 5, '2025-09-03 21:25:49', NULL, NULL),
(26, 2, '', '2025-09-03', '', 0.00, 'pending', 5, '2025-09-03 21:27:14', NULL, NULL, NULL, NULL),
(27, 2, '', '2025-09-03', '', 0.00, 'pending', 5, '2025-09-03 21:27:44', NULL, NULL, NULL, NULL),
(28, 2, '', '2025-09-03', '', 20600.00, 'fully_received', 5, '2025-09-03 21:29:08', 5, '2025-09-03 21:33:27', NULL, NULL),
(29, 2, '', '2025-09-03', '', 300.00, 'fully_received', 5, '2025-09-03 21:51:39', 5, '2025-09-03 21:53:31', NULL, NULL),
(30, 2, '', '2025-09-04', '', 0.00, 'fully_received', 5, '2025-09-03 22:08:11', 5, '2025-09-03 22:09:56', NULL, NULL),
(32, 2, '', '2025-09-04', '', 0.00, 'pending', 5, '2025-09-04 15:33:15', NULL, NULL, NULL, NULL),
(33, 2, '', '2025-09-04', '', 10.00, 'pending', 5, '2025-09-04 17:31:38', NULL, '2025-09-04 17:31:46', NULL, NULL),
(34, 2, '', '2025-09-04', '', 0.00, 'pending', 5, '2025-09-04 17:36:39', NULL, NULL, NULL, NULL),
(35, 2, '', '2025-09-07', '', 0.00, 'pending', 5, '2025-09-07 15:19:00', NULL, NULL, NULL, NULL),
(36, 2, '', '2025-09-08', '', 0.00, 'pending', 5, '2025-09-08 11:58:24', NULL, NULL, NULL, NULL),
(37, 2, '', '2025-09-08', '', 0.00, 'pending', 5, '2025-09-08 14:47:43', NULL, NULL, NULL, NULL),
(38, 2, '', '2025-09-08', '', 0.00, 'pending', 5, '2025-09-08 15:13:20', NULL, NULL, NULL, NULL),
(39, 2, '', '2025-09-08', '', 0.00, 'pending', 5, '2025-09-08 15:31:54', NULL, NULL, NULL, NULL),
(40, 2, '', '2025-09-08', '', 0.00, 'pending', 5, '2025-09-08 15:35:24', NULL, NULL, NULL, NULL),
(41, 2, '', '2025-09-09', '', 200.00, 'fully_received', 5, '2025-09-09 07:43:53', NULL, '2025-09-10 09:38:12', NULL, NULL),
(42, 2, '', '2025-09-09', '', 0.00, 'partial_received', 5, '2025-09-09 08:33:14', NULL, '2025-09-09 08:47:06', NULL, NULL),
(43, 2, '', '2025-09-09', '', 618000.00, 'pending', 5, '2025-09-09 08:48:01', NULL, '2025-09-09 09:06:48', NULL, NULL),
(44, 4, '', '2025-09-09', '', 135.00, 'fully_received', 5, '2025-09-09 09:14:31', NULL, '2025-09-10 09:15:15', NULL, NULL),
(45, 4, '', '2025-09-09', '', 0.00, 'pending', 5, '2025-09-09 09:29:31', NULL, NULL, NULL, NULL),
(46, 4, '', '2025-09-09', 'نمثىبنمصثىب', 200.00, 'fully_received', 5, '2025-09-09 09:29:43', NULL, '2025-09-09 16:07:01', NULL, NULL),
(47, 4, '', '2025-09-09', '', 200.00, 'fully_received', 5, '2025-09-09 19:26:05', NULL, '2025-09-10 09:36:31', NULL, NULL),
(48, 4, '', '2025-09-10', '', 0.00, 'pending', 5, '2025-09-10 09:30:26', NULL, NULL, NULL, NULL),
(49, 4, '', '2025-09-10', '', 0.00, 'pending', 5, '2025-09-10 10:02:21', NULL, NULL, NULL, NULL),
(50, 4, '', '2025-09-10', '', 24960.00, 'partial_received', 5, '2025-09-10 10:04:31', NULL, '2025-09-10 16:40:44', NULL, NULL),
(51, 4, '', '2025-09-10', '', 3360.00, 'pending', 5, '2025-09-10 10:09:20', NULL, '2025-09-10 10:13:23', NULL, NULL),
(52, 4, '', '2025-09-10', '', 3360.00, 'pending', 5, '2025-09-10 10:14:55', NULL, '2025-09-10 10:14:55', NULL, NULL),
(53, 4, '', '2025-09-10', '', 12000.00, 'pending', 5, '2025-09-10 10:15:32', NULL, '2025-09-10 10:15:42', NULL, NULL),
(54, 4, '', '2025-09-10', '', 120.00, 'fully_received', 5, '2025-09-10 10:15:46', NULL, '2025-09-10 10:19:44', NULL, NULL),
(55, 4, '', '2025-09-10', '', 120.00, 'pending', 5, '2025-09-10 10:19:48', NULL, '2025-09-10 10:31:13', NULL, NULL),
(56, 4, '', '2025-09-10', '', 120.00, 'pending', 5, '2025-09-10 10:31:16', NULL, '2025-09-10 10:31:16', NULL, NULL),
(57, 4, '', '2025-09-10', '', 120.00, 'pending', 5, '2025-09-10 10:31:24', NULL, '2025-09-10 10:31:24', NULL, NULL),
(58, 4, '', '2025-09-10', '', 120.00, 'pending', 5, '2025-09-10 10:31:32', NULL, '2025-09-10 10:31:32', NULL, NULL),
(59, 4, '', '2025-09-10', '', 135.00, 'pending', 5, '2025-09-10 19:50:15', NULL, '2025-09-10 19:50:23', NULL, NULL),
(60, 4, '', '2025-09-10', '', 135.00, 'pending', 5, '2025-09-10 19:50:31', NULL, '2025-09-10 19:50:31', NULL, NULL),
(61, 4, '', '2025-09-10', '', 135.00, 'fully_received', 5, '2025-09-10 19:50:47', NULL, '2025-09-10 19:50:54', NULL, NULL),
(62, 4, '', '2025-09-10', '', 320.00, 'fully_received', 5, '2025-09-10 19:51:02', NULL, '2025-09-10 19:52:26', NULL, NULL),
(63, 4, '', '2025-09-10', '', 320.00, 'pending', 5, '2025-09-10 19:52:29', NULL, '2025-09-10 19:52:29', NULL, NULL),
(64, 4, '', '2025-09-10', '', 100010.00, 'fully_received', 5, '2025-09-10 19:53:03', NULL, '2025-09-10 19:55:48', NULL, NULL),
(65, 4, '', '2025-09-10', '', 100010.00, 'pending', 5, '2025-09-10 19:56:00', NULL, '2025-09-10 19:56:00', NULL, NULL),
(66, 4, '', '2025-09-10', '', 110.00, 'fully_received', 5, '2025-09-10 19:56:41', NULL, '2025-09-10 19:57:39', NULL, NULL),
(67, 4, '', '2025-09-10', '', 20.00, 'pending', 5, '2025-09-10 21:31:58', NULL, '2025-09-10 21:32:09', NULL, NULL),
(68, 4, '', '2025-09-11', '', 40.00, 'pending', 5, '2025-09-11 16:42:46', NULL, '2025-09-11 16:43:09', NULL, NULL),
(69, 4, '', '2025-09-11', '', 100.00, 'pending', 5, '2025-09-11 20:55:19', NULL, '2025-09-11 20:56:01', NULL, NULL),
(70, 4, '', '2025-09-11', '', 100.00, 'pending', 5, '2025-09-11 20:56:23', NULL, '2025-09-11 20:56:23', NULL, NULL),
(71, 4, '', '2025-09-11', '', 0.00, 'pending', 5, '2025-09-11 21:48:05', NULL, NULL, NULL, NULL),
(72, 4, '', '2025-09-12', '', 80.00, 'pending', 5, '2025-09-12 03:53:58', NULL, '2025-09-12 03:54:03', NULL, NULL),
(73, 4, '', '2025-09-12', '', 80.00, 'pending', 5, '2025-09-12 03:54:10', NULL, '2025-09-12 03:54:10', NULL, NULL),
(74, 4, '', '2025-09-12', '', 0.00, 'pending', 5, '2025-09-12 04:20:11', NULL, NULL, NULL, NULL),
(75, 4, '', '2025-09-12', '', 0.00, 'pending', 5, '2025-09-12 04:21:12', NULL, NULL, NULL, NULL),
(76, 4, '', '2025-09-12', '', 100.00, 'pending', 5, '2025-09-12 05:48:42', NULL, '2025-09-12 05:48:49', NULL, NULL),
(77, 4, '', '2025-09-12', '', 0.00, 'pending', 5, '2025-09-12 05:59:18', NULL, NULL, NULL, NULL),
(78, 4, '', '2025-09-12', '', 2140.00, 'pending', 5, '2025-09-12 06:00:48', NULL, '2025-09-12 06:01:49', NULL, NULL),
(79, 4, '', '2025-09-12', '', 220.00, 'pending', 5, '2025-09-12 06:02:24', NULL, '2025-09-12 06:02:42', NULL, NULL),
(80, 4, '', '2025-09-12', '', 220.00, 'fully_received', 5, '2025-09-12 06:02:56', NULL, '2025-09-12 06:04:16', NULL, NULL),
(81, 2, '', '2025-09-12', '', 420.00, 'fully_received', 5, '2025-09-12 06:04:38', NULL, '2025-09-12 06:04:59', NULL, NULL),
(82, 2, '', '2025-09-12', '', 420.00, 'pending', 5, '2025-09-12 06:05:03', 5, '2025-09-12 06:07:55', NULL, NULL),
(83, 2, '', '2025-09-12', '', 30.00, 'pending', 5, '2025-09-12 06:17:39', NULL, '2025-09-12 06:17:39', NULL, NULL),
(84, 4, '', '2025-09-12', '', 260.00, 'pending', 5, '2025-09-12 06:43:04', NULL, '2025-09-12 06:44:48', NULL, NULL),
(85, 4, '', '2025-09-12', '', 140.00, 'pending', 5, '2025-09-12 06:43:11', NULL, '2025-09-12 06:43:11', NULL, NULL),
(86, 4, '', '2025-09-12', '', 140.00, 'fully_received', 5, '2025-09-12 06:44:02', NULL, '2025-09-12 06:44:02', NULL, NULL),
(87, 4, '', '2025-09-12', '', 260.00, 'pending', 5, '2025-09-12 06:44:51', NULL, '2025-09-12 06:44:51', NULL, NULL),
(88, 4, '', '2025-09-12', '', 500.00, 'fully_received', 5, '2025-09-12 06:47:28', NULL, '2025-09-12 06:53:25', NULL, NULL),
(89, 4, '', '2025-09-12', '', 500.00, 'fully_received', 5, '2025-09-12 06:53:33', NULL, '2025-09-12 06:53:33', NULL, NULL),
(90, 4, '', '2025-09-12', '', 20.00, 'pending', 5, '2025-09-12 06:53:46', NULL, '2025-09-12 06:53:58', NULL, NULL),
(91, 4, '', '2025-09-12', '', 20.00, 'pending', 5, '2025-09-12 06:54:04', NULL, '2025-09-12 06:54:04', NULL, NULL),
(92, 4, '', '2025-09-12', '', 100.00, 'pending', 5, '2025-09-12 06:54:18', NULL, '2025-09-12 07:01:24', NULL, NULL),
(93, 4, '', '2025-09-12', '', 0.00, 'pending', 5, '2025-09-12 07:00:06', NULL, NULL, NULL, NULL),
(94, 4, '', '2025-09-12', 'اااااااااااااااااااااااااااا', 0.00, 'pending', 5, '2025-09-12 07:00:17', NULL, NULL, NULL, NULL),
(95, 4, '', '2025-09-12', '', 100.00, 'pending', 5, '2025-09-12 07:01:28', NULL, '2025-09-12 07:01:28', NULL, NULL),
(96, 4, '', '2025-09-12', '', 140.00, 'fully_received', 5, '2025-09-12 07:02:36', NULL, '2025-09-12 07:03:04', NULL, NULL),
(97, 4, '', '2025-09-12', '', 140.00, 'fully_received', 5, '2025-09-12 07:03:14', NULL, '2025-09-12 07:03:14', NULL, NULL),
(98, 4, '', '2025-09-12', '', 120.00, 'pending', 5, '2025-09-12 07:19:52', NULL, '2025-09-12 07:19:56', NULL, NULL),
(99, 4, '', '2025-09-12', '', 120.00, 'pending', 5, '2025-09-12 07:20:02', NULL, '2025-09-12 07:20:02', NULL, NULL),
(100, 4, '', '2025-09-12', '', 120.00, 'pending', 5, '2025-09-12 07:20:08', NULL, '2025-09-12 07:20:13', NULL, NULL),
(101, 4, '', '2025-09-12', '', 120.00, 'pending', 5, '2025-09-12 07:20:15', NULL, '2025-09-12 07:20:15', NULL, NULL),
(102, 4, '', '2025-09-12', '', 0.00, 'pending', 5, '2025-09-12 07:20:24', NULL, NULL, NULL, NULL),
(103, 4, '', '2025-09-12', '', 120.00, 'pending', 5, '2025-09-12 07:21:37', NULL, '2025-09-12 07:21:40', NULL, NULL),
(104, 4, '', '2025-09-12', '', 120.00, 'pending', 5, '2025-09-12 07:21:43', NULL, '2025-09-12 07:21:43', NULL, NULL),
(105, 4, '', '2025-09-12', '', 20.00, 'fully_received', 5, '2025-09-12 07:21:54', NULL, '2025-09-12 07:22:06', NULL, NULL),
(106, 4, '', '2025-09-12', '', 20.00, 'fully_received', 5, '2025-09-12 07:22:09', NULL, '2025-09-12 07:22:09', NULL, NULL),
(107, 4, '', '2025-09-12', '', 20.00, 'pending', 5, '2025-09-12 07:22:51', NULL, '2025-09-12 07:24:41', NULL, NULL),
(108, 4, '', '2025-09-12', '', 20.00, 'pending', 5, '2025-09-12 07:24:45', NULL, '2025-09-12 07:24:45', NULL, NULL),
(109, 4, '', '2025-09-12', '', 120.00, 'pending', 5, '2025-09-12 07:24:57', NULL, '2025-09-12 07:25:27', NULL, NULL),
(110, 4, '', '2025-09-12', '', 120.00, 'pending', 5, '2025-09-12 07:25:32', NULL, '2025-09-12 07:25:32', NULL, NULL),
(111, 4, '', '2025-09-12', '', 20.00, 'pending', 5, '2025-09-12 07:25:40', NULL, '2025-09-12 07:26:18', NULL, NULL),
(112, 4, '', '2025-09-12', '', 20.00, 'pending', 5, '2025-09-12 07:26:23', NULL, '2025-09-12 07:26:24', NULL, NULL),
(113, 4, '', '2025-09-12', '', 0.00, 'pending', 5, '2025-09-12 07:26:31', NULL, NULL, NULL, NULL),
(114, 4, '', '2025-09-12', '', 80.00, 'pending', 5, '2025-09-12 07:35:35', NULL, '2025-09-12 07:35:50', NULL, NULL),
(115, 4, '', '2025-09-12', '', 0.00, 'pending', 5, '2025-09-12 07:36:07', NULL, NULL, NULL, NULL),
(116, 4, '', '2025-09-12', '', 0.00, 'pending', 5, '2025-09-12 07:36:19', NULL, NULL, NULL, NULL),
(117, 4, '', '2025-09-12', '', 0.00, 'pending', 5, '2025-09-12 07:39:30', NULL, NULL, NULL, NULL),
(118, 4, '', '2025-09-12', '', 0.00, 'pending', 5, '2025-09-12 07:43:38', NULL, NULL, NULL, NULL),
(119, 4, '', '2025-09-12', '', 0.00, 'pending', 5, '2025-09-12 07:43:49', NULL, NULL, NULL, NULL),
(120, 4, '', '2025-09-12', '', 0.00, 'pending', 5, '2025-09-12 07:47:17', NULL, NULL, NULL, NULL),
(121, 4, '', '2025-09-12', '', 140.00, 'pending', 5, '2025-09-12 18:01:58', NULL, '2025-09-12 18:01:58', NULL, NULL),
(122, 4, '', '2025-09-12', '', 260.00, 'pending', 5, '2025-09-12 18:03:10', NULL, '2025-09-12 18:03:16', NULL, NULL),
(123, 4, '', '2025-09-12', '', 260.00, 'fully_received', 5, '2025-09-12 18:03:24', NULL, '2025-09-12 18:03:32', NULL, NULL),
(124, 4, '', '2025-09-12', '', 260.00, 'pending', 5, '2025-09-12 18:03:54', NULL, '2025-09-12 18:03:54', NULL, NULL),
(125, 4, '', '2025-09-12', '', 140.00, 'pending', 5, '2025-09-12 18:14:45', NULL, '2025-09-12 18:14:45', NULL, NULL),
(126, 4, '', '2025-09-12', '', 930.00, 'pending', 5, '2025-09-12 18:14:57', NULL, '2025-09-12 18:15:19', NULL, NULL),
(127, 2, '', '2025-09-12', '', 140.00, 'pending', 5, '2025-09-12 18:15:58', NULL, '2025-09-12 18:16:13', NULL, NULL),
(128, 2, '', '2025-09-12', '', 140.00, 'pending', 5, '2025-09-12 18:16:16', NULL, '2025-09-12 18:16:16', NULL, NULL),
(129, 4, '', '2025-09-12', '', 9460.00, 'pending', 5, '2025-09-12 18:18:49', NULL, '2025-09-12 18:20:39', NULL, NULL),
(130, 4, '', '2025-09-12', '', 8020.00, 'pending', 5, '2025-09-12 18:30:32', NULL, '2025-09-12 18:30:32', NULL, NULL),
(132, 4, '', '2025-09-12', '', 8320.00, 'fully_received', 5, '2025-09-12 18:31:19', NULL, '2025-09-12 18:31:19', NULL, NULL),
(219, 4, '', '2025-09-12', '', 20.00, 'pending', 5, '2025-09-12 18:59:12', NULL, '2025-09-12 18:59:12', NULL, NULL),
(220, 4, '', '2025-09-12', 'nkk', 100.00, 'pending', 5, '2025-09-12 20:14:15', NULL, '2025-09-12 20:14:58', NULL, NULL),
(221, 4, '', '2025-09-12', '', 12020.00, 'pending', 5, '2025-09-12 20:15:24', NULL, '2025-09-13 20:53:13', NULL, 'ى ىىىىىى'),
(222, 4, '', '2025-09-12', '', 20.00, 'pending', 5, '2025-09-12 20:28:47', NULL, '2025-09-12 20:28:47', NULL, NULL),
(223, 4, '', '2025-09-12', '', 100.00, 'pending', 5, '2025-09-12 20:29:22', NULL, '2025-09-12 20:29:22', NULL, NULL),
(224, 4, '', '2025-09-12', '', 100.00, 'pending', 5, '2025-09-12 20:29:36', NULL, '2025-09-12 20:29:36', NULL, NULL),
(225, 4, '', '2025-09-12', '', 100.00, 'pending', 5, '2025-09-12 20:29:46', NULL, '2025-09-12 20:29:46', NULL, NULL),
(226, 4, '', '2025-09-12', '', 20.00, 'pending', 5, '2025-09-12 20:30:01', NULL, '2025-09-12 20:30:01', NULL, NULL),
(227, 4, '', '2025-09-12', '', 100.00, 'pending', 5, '2025-09-12 20:30:19', NULL, '2025-09-12 20:30:19', NULL, NULL),
(228, 4, '', '2025-09-12', '', 100.00, 'pending', 5, '2025-09-12 20:30:39', NULL, '2025-09-12 20:30:39', NULL, NULL),
(229, 4, '', '2025-09-12', '', 20.00, 'pending', 5, '2025-09-12 20:31:48', NULL, '2025-09-12 20:31:48', NULL, NULL),
(230, 4, '', '2025-09-12', '', 20.00, 'pending', 5, '2025-09-12 20:31:55', NULL, '2025-09-12 20:31:55', NULL, NULL),
(231, 4, '', '2025-09-12', '', 20.00, 'pending', 5, '2025-09-12 20:32:17', NULL, '2025-09-12 20:32:17', NULL, NULL),
(232, 4, '', '2025-09-12', '', 20.00, 'pending', 5, '2025-09-12 20:32:51', NULL, '2025-09-12 20:32:51', NULL, NULL),
(233, 4, '', '2025-09-12', '', 120.00, 'pending', 5, '2025-09-12 20:34:26', NULL, '2025-09-12 20:34:26', NULL, NULL),
(235, 4, '', '2025-09-13', '', 120.00, 'pending', 5, '2025-09-13 05:27:05', NULL, '2025-09-13 05:27:05', NULL, NULL),
(236, 4, '', '2025-09-13', '', 24000.00, 'pending', 5, '2025-09-13 15:48:35', NULL, '2025-09-13 19:19:13', NULL, NULL),
(241, 4, '', '2025-09-13', '', 100.00, 'fully_received', 5, '2025-09-13 16:13:40', NULL, '2025-09-13 20:54:48', NULL, NULL),
(242, 4, '', '2025-09-13', '', 1000.00, 'cancelled', 5, '2025-09-13 16:15:26', NULL, '2025-09-13 20:51:05', 'الغي يعم القرف ده', NULL),
(246, 4, '', '2025-09-13', '', 100.00, 'cancelled', 5, '2025-09-13 16:28:52', NULL, '2025-09-13 19:17:25', NULL, NULL),
(249, 2, '', '2025-09-13', '', 3000.00, 'cancelled', 5, '2025-09-13 16:34:46', NULL, '2025-09-13 18:40:08', NULL, NULL),
(250, 4, '', '2025-09-13', '', 130.00, 'fully_received', 5, '2025-09-13 19:22:15', NULL, '2025-09-13 20:50:39', NULL, 'c');

-- --------------------------------------------------------

--
-- Table structure for table `purchase_invoice_items`
--

CREATE TABLE `purchase_invoice_items` (
  `id` int(11) NOT NULL COMMENT 'المعرف التلقائي لبند فاتورة الشراء',
  `batch_id` bigint(20) UNSIGNED DEFAULT NULL,
  `purchase_invoice_id` int(11) NOT NULL COMMENT 'معرف فاتورة الشراء (FK to purchase_invoices.id)',
  `product_id` int(11) NOT NULL COMMENT 'معرف المنتج (FK to products.id)',
  `quantity` decimal(13,4) NOT NULL DEFAULT 0.0000,
  `cost_price_per_unit` decimal(10,2) NOT NULL COMMENT 'سعر التكلفة للوحدة من المورد',
  `total_cost` decimal(12,2) NOT NULL COMMENT 'التكلفة الإجمالية للبند (الكمية المطلوبة * سعر التكلفة)',
  `created_at` timestamp NOT NULL DEFAULT current_timestamp(),
  `updated_at` timestamp NULL DEFAULT NULL ON UPDATE current_timestamp(),
  `qty_received` decimal(13,4) NOT NULL DEFAULT 0.0000,
  `qty_adjusted` decimal(13,4) DEFAULT NULL,
  `adjustment_reason` varchar(255) DEFAULT NULL,
  `adjusted_by` int(11) DEFAULT NULL,
  `adjusted_at` datetime DEFAULT NULL
) ENGINE=InnoDB DEFAULT CHARSET=utf8mb4 COLLATE=utf8mb4_unicode_ci;

--
-- Dumping data for table `purchase_invoice_items`
--

INSERT INTO `purchase_invoice_items` (`id`, `batch_id`, `purchase_invoice_id`, `product_id`, `quantity`, `cost_price_per_unit`, `total_cost`, `created_at`, `updated_at`, `qty_received`, `qty_adjusted`, `adjustment_reason`, `adjusted_by`, `adjusted_at`) VALUES
(5, NULL, 4, 4, 100.0000, 10.00, 1000.00, '2025-09-01 14:09:01', NULL, 0.0000, NULL, NULL, NULL, NULL),
(6, NULL, 5, 5, 22.0000, 10.00, 220.00, '2025-09-01 14:24:54', NULL, 0.0000, NULL, NULL, NULL, NULL),
(7, NULL, 6, 5, 100.0000, 100.00, 10000.00, '2025-09-01 15:28:25', NULL, 0.0000, NULL, NULL, NULL, NULL),
(8, NULL, 8, 6, 100.0000, 200.00, 20000.00, '2025-09-01 16:05:30', NULL, 0.0000, NULL, NULL, NULL, NULL),
(11, NULL, 9, 778, 21.0000, 10.00, 210.00, '2025-09-02 10:13:21', NULL, 0.0000, NULL, NULL, NULL, NULL),
(12, NULL, 10, 780, 1.0000, 100.00, 100.00, '2025-09-02 10:27:53', NULL, 0.0000, NULL, NULL, NULL, NULL),
(13, NULL, 10, 780, 1.0000, 100.00, 100.00, '2025-09-02 10:40:03', NULL, 0.0000, NULL, NULL, NULL, NULL),
(15, NULL, 13, 4, 1.0000, 20.00, 20.00, '2025-09-02 11:23:19', NULL, 0.0000, NULL, NULL, NULL, NULL),
(16, NULL, 13, 780, 100.0000, 200.00, 20000.00, '2025-09-02 11:24:35', NULL, 0.0000, NULL, NULL, NULL, NULL),
(17, NULL, 13, 780, 10.0000, 10.00, 100.00, '2025-09-02 11:31:22', NULL, 0.0000, NULL, NULL, NULL, NULL),
(18, NULL, 14, 779, 1000.0000, 10.00, 10000.00, '2025-09-02 11:33:57', NULL, 0.0000, NULL, NULL, NULL, NULL),
(19, NULL, 12, 780, 5.0000, 10.00, 50.00, '2025-09-02 11:40:37', NULL, 0.0000, NULL, NULL, NULL, NULL),
(20, NULL, 15, 779, 100.0000, 10.00, 1000.00, '2025-09-02 14:58:11', NULL, 0.0000, NULL, NULL, NULL, NULL),
(21, NULL, 17, 779, 20.0000, 1000.00, 20000.00, '2025-09-02 15:41:36', NULL, 0.0000, NULL, NULL, NULL, NULL),
(22, NULL, 18, 779, 1000.0000, 10.00, 10000.00, '2025-09-02 15:58:03', NULL, 0.0000, NULL, NULL, NULL, NULL),
(24, NULL, 16, 779, 1000.0000, 100.00, 100000.00, '2025-09-02 16:16:50', NULL, 0.0000, NULL, NULL, NULL, NULL),
(31, NULL, 21, 4, 200.0000, 200.00, 40000.00, '2025-09-02 20:39:14', NULL, 0.0000, NULL, NULL, NULL, NULL),
(32, NULL, 22, 781, 1.0000, 40.00, 40.00, '2025-09-03 09:48:20', NULL, 0.0000, NULL, NULL, NULL, NULL),
(33, NULL, 23, 782, 10.0000, 100.00, 1000.00, '2025-09-03 10:47:52', NULL, 0.0000, NULL, NULL, NULL, NULL),
(34, NULL, 24, 782, 100.0000, 120.00, 12000.00, '2025-09-03 11:51:36', NULL, 0.0000, NULL, NULL, NULL, NULL),
(35, NULL, 25, 783, 20.0000, 1000.00, 20000.00, '2025-09-03 21:24:42', NULL, 0.0000, NULL, NULL, NULL, NULL),
(36, NULL, 28, 783, 20.0000, 1030.00, 20600.00, '2025-09-03 21:31:56', NULL, 0.0000, NULL, NULL, NULL, NULL),
(37, NULL, 29, 785, 20.0000, 15.00, 300.00, '2025-09-03 21:52:59', NULL, 0.0000, NULL, NULL, NULL, NULL),
(38, NULL, 33, 783, 1.0000, 10.00, 10.00, '2025-09-04 17:31:46', NULL, 0.0000, NULL, NULL, NULL, NULL),
(39, NULL, 41, 6, 4.0000, 0.00, 0.00, '2025-09-09 08:19:58', '2025-09-09 08:27:31', 0.0000, NULL, NULL, NULL, NULL),
(40, NULL, 41, 5, 2.0000, 0.00, 0.00, '2025-09-09 08:20:01', '2025-09-09 08:20:58', 0.0000, NULL, NULL, NULL, NULL),
(41, NULL, 41, 4, 1.0000, 200.00, 200.00, '2025-09-09 08:26:32', NULL, 0.0000, NULL, NULL, NULL, NULL),
(44, NULL, 42, 5, 1.0000, 0.00, 0.00, '2025-09-09 08:38:56', NULL, 0.0000, NULL, NULL, NULL, NULL),
(45, NULL, 43, 783, 600.0000, 1030.00, 618000.00, '2025-09-09 09:06:48', NULL, 0.0000, NULL, NULL, NULL, NULL),
(46, NULL, 43, 6, 1.0000, 0.00, 0.00, '2025-09-09 09:11:26', NULL, 0.0000, NULL, NULL, NULL, NULL),
(50, NULL, 44, 782, 1.0000, 120.00, 120.00, '2025-09-09 09:28:45', NULL, 0.0000, NULL, NULL, NULL, NULL),
(51, NULL, 44, 784, 1.0000, 0.00, 0.00, '2025-09-09 09:28:46', NULL, 0.0000, NULL, NULL, NULL, NULL),
(52, NULL, 44, 785, 1.0000, 15.00, 15.00, '2025-09-09 09:28:47', NULL, 0.0000, NULL, NULL, NULL, NULL),
(55, NULL, 46, 782, 1.0000, 200.00, 200.00, '2025-09-09 09:30:03', '2025-09-09 09:31:04', 0.0000, NULL, NULL, NULL, NULL),
(57, NULL, 46, 5, 1.0000, 0.00, 0.00, '2025-09-09 16:06:46', NULL, 0.0000, NULL, NULL, NULL, NULL),
(58, NULL, 47, 782, 1.0000, 200.00, 200.00, '2025-09-09 19:26:08', NULL, 0.0000, NULL, NULL, NULL, NULL),
(59, NULL, 47, 5, 1.0000, 0.00, 0.00, '2025-09-09 19:26:09', NULL, 0.0000, NULL, NULL, NULL, NULL),
(61, NULL, 43, 784, 1.0000, 0.00, 0.00, '2025-09-10 09:14:57', NULL, 0.0000, NULL, NULL, NULL, NULL),
(63, NULL, 50, 782, 208.0000, 120.00, 24960.00, '2025-09-10 10:04:48', '2025-09-10 16:40:44', 0.0000, NULL, NULL, NULL, NULL),
(64, NULL, 51, 782, 1.0000, 120.00, 120.00, '2025-09-10 10:09:30', NULL, 0.0000, NULL, NULL, NULL, NULL),
(65, NULL, 51, 782, 1.0000, 120.00, 120.00, '2025-09-10 10:13:17', NULL, 0.0000, NULL, NULL, NULL, NULL),
(66, NULL, 51, 782, 1.0000, 120.00, 120.00, '2025-09-10 10:13:18', NULL, 0.0000, NULL, NULL, NULL, NULL),
(67, NULL, 51, 782, 1.0000, 120.00, 120.00, '2025-09-10 10:13:18', NULL, 0.0000, NULL, NULL, NULL, NULL),
(68, NULL, 51, 782, 1.0000, 120.00, 120.00, '2025-09-10 10:13:18', NULL, 0.0000, NULL, NULL, NULL, NULL),
(69, NULL, 51, 782, 1.0000, 120.00, 120.00, '2025-09-10 10:13:18', NULL, 0.0000, NULL, NULL, NULL, NULL),
(70, NULL, 51, 782, 1.0000, 120.00, 120.00, '2025-09-10 10:13:18', NULL, 0.0000, NULL, NULL, NULL, NULL),
(71, NULL, 51, 782, 1.0000, 120.00, 120.00, '2025-09-10 10:13:19', NULL, 0.0000, NULL, NULL, NULL, NULL),
(72, NULL, 51, 782, 1.0000, 120.00, 120.00, '2025-09-10 10:13:19', NULL, 0.0000, NULL, NULL, NULL, NULL),
(73, NULL, 51, 782, 1.0000, 120.00, 120.00, '2025-09-10 10:13:19', NULL, 0.0000, NULL, NULL, NULL, NULL),
(74, NULL, 51, 782, 1.0000, 120.00, 120.00, '2025-09-10 10:13:19', NULL, 0.0000, NULL, NULL, NULL, NULL),
(75, NULL, 51, 782, 1.0000, 120.00, 120.00, '2025-09-10 10:13:20', NULL, 0.0000, NULL, NULL, NULL, NULL),
(76, NULL, 51, 782, 1.0000, 120.00, 120.00, '2025-09-10 10:13:20', NULL, 0.0000, NULL, NULL, NULL, NULL),
(77, NULL, 51, 782, 1.0000, 120.00, 120.00, '2025-09-10 10:13:20', NULL, 0.0000, NULL, NULL, NULL, NULL),
(78, NULL, 51, 782, 1.0000, 120.00, 120.00, '2025-09-10 10:13:20', NULL, 0.0000, NULL, NULL, NULL, NULL),
(79, NULL, 51, 782, 1.0000, 120.00, 120.00, '2025-09-10 10:13:21', NULL, 0.0000, NULL, NULL, NULL, NULL),
(80, NULL, 51, 782, 1.0000, 120.00, 120.00, '2025-09-10 10:13:21', NULL, 0.0000, NULL, NULL, NULL, NULL),
(81, NULL, 51, 782, 1.0000, 120.00, 120.00, '2025-09-10 10:13:21', NULL, 0.0000, NULL, NULL, NULL, NULL),
(82, NULL, 51, 782, 1.0000, 120.00, 120.00, '2025-09-10 10:13:21', NULL, 0.0000, NULL, NULL, NULL, NULL),
(83, NULL, 51, 782, 1.0000, 120.00, 120.00, '2025-09-10 10:13:21', NULL, 0.0000, NULL, NULL, NULL, NULL),
(84, NULL, 51, 782, 1.0000, 120.00, 120.00, '2025-09-10 10:13:22', NULL, 0.0000, NULL, NULL, NULL, NULL),
(85, NULL, 51, 782, 1.0000, 120.00, 120.00, '2025-09-10 10:13:22', NULL, 0.0000, NULL, NULL, NULL, NULL),
(86, NULL, 51, 782, 1.0000, 120.00, 120.00, '2025-09-10 10:13:22', NULL, 0.0000, NULL, NULL, NULL, NULL),
(87, NULL, 51, 782, 1.0000, 120.00, 120.00, '2025-09-10 10:13:22', NULL, 0.0000, NULL, NULL, NULL, NULL),
(88, NULL, 51, 782, 1.0000, 120.00, 120.00, '2025-09-10 10:13:22', NULL, 0.0000, NULL, NULL, NULL, NULL),
(89, NULL, 51, 782, 1.0000, 120.00, 120.00, '2025-09-10 10:13:22', NULL, 0.0000, NULL, NULL, NULL, NULL),
(90, NULL, 51, 782, 1.0000, 120.00, 120.00, '2025-09-10 10:13:23', NULL, 0.0000, NULL, NULL, NULL, NULL),
(91, NULL, 51, 782, 1.0000, 120.00, 120.00, '2025-09-10 10:13:23', NULL, 0.0000, NULL, NULL, NULL, NULL),
(92, NULL, 51, 784, 1.0000, 0.00, 0.00, '2025-09-10 10:13:24', NULL, 0.0000, NULL, NULL, NULL, NULL),
(93, NULL, 51, 787, 1.0000, 0.00, 0.00, '2025-09-10 10:13:25', NULL, 0.0000, NULL, NULL, NULL, NULL),
(94, NULL, 51, 787, 1.0000, 0.00, 0.00, '2025-09-10 10:13:25', NULL, 0.0000, NULL, NULL, NULL, NULL),
(95, NULL, 51, 787, 1.0000, 0.00, 0.00, '2025-09-10 10:13:25', NULL, 0.0000, NULL, NULL, NULL, NULL),
(96, NULL, 51, 787, 1.0000, 0.00, 0.00, '2025-09-10 10:13:25', NULL, 0.0000, NULL, NULL, NULL, NULL),
(97, NULL, 51, 787, 1.0000, 0.00, 0.00, '2025-09-10 10:13:26', NULL, 0.0000, NULL, NULL, NULL, NULL),
(98, NULL, 52, 782, 1.0000, 120.00, 120.00, '2025-09-10 10:14:55', NULL, 0.0000, NULL, NULL, NULL, NULL),
(99, NULL, 52, 782, 1.0000, 120.00, 120.00, '2025-09-10 10:14:55', NULL, 0.0000, NULL, NULL, NULL, NULL),
(100, NULL, 52, 782, 1.0000, 120.00, 120.00, '2025-09-10 10:14:55', NULL, 0.0000, NULL, NULL, NULL, NULL),
(101, NULL, 52, 782, 1.0000, 120.00, 120.00, '2025-09-10 10:14:55', NULL, 0.0000, NULL, NULL, NULL, NULL),
(102, NULL, 52, 782, 1.0000, 120.00, 120.00, '2025-09-10 10:14:55', NULL, 0.0000, NULL, NULL, NULL, NULL),
(103, NULL, 52, 782, 1.0000, 120.00, 120.00, '2025-09-10 10:14:55', NULL, 0.0000, NULL, NULL, NULL, NULL),
(104, NULL, 52, 782, 1.0000, 120.00, 120.00, '2025-09-10 10:14:55', NULL, 0.0000, NULL, NULL, NULL, NULL),
(105, NULL, 52, 782, 1.0000, 120.00, 120.00, '2025-09-10 10:14:55', NULL, 0.0000, NULL, NULL, NULL, NULL),
(106, NULL, 52, 782, 1.0000, 120.00, 120.00, '2025-09-10 10:14:55', NULL, 0.0000, NULL, NULL, NULL, NULL),
(107, NULL, 52, 782, 1.0000, 120.00, 120.00, '2025-09-10 10:14:55', NULL, 0.0000, NULL, NULL, NULL, NULL),
(108, NULL, 52, 782, 1.0000, 120.00, 120.00, '2025-09-10 10:14:55', NULL, 0.0000, NULL, NULL, NULL, NULL),
(109, NULL, 52, 782, 1.0000, 120.00, 120.00, '2025-09-10 10:14:55', NULL, 0.0000, NULL, NULL, NULL, NULL),
(110, NULL, 52, 782, 1.0000, 120.00, 120.00, '2025-09-10 10:14:55', NULL, 0.0000, NULL, NULL, NULL, NULL),
(111, NULL, 52, 782, 1.0000, 120.00, 120.00, '2025-09-10 10:14:55', NULL, 0.0000, NULL, NULL, NULL, NULL),
(112, NULL, 52, 782, 1.0000, 120.00, 120.00, '2025-09-10 10:14:55', NULL, 0.0000, NULL, NULL, NULL, NULL),
(113, NULL, 52, 782, 1.0000, 120.00, 120.00, '2025-09-10 10:14:55', NULL, 0.0000, NULL, NULL, NULL, NULL),
(114, NULL, 52, 782, 1.0000, 120.00, 120.00, '2025-09-10 10:14:55', NULL, 0.0000, NULL, NULL, NULL, NULL),
(115, NULL, 52, 782, 1.0000, 120.00, 120.00, '2025-09-10 10:14:55', NULL, 0.0000, NULL, NULL, NULL, NULL),
(116, NULL, 52, 782, 1.0000, 120.00, 120.00, '2025-09-10 10:14:55', NULL, 0.0000, NULL, NULL, NULL, NULL),
(117, NULL, 52, 782, 1.0000, 120.00, 120.00, '2025-09-10 10:14:55', NULL, 0.0000, NULL, NULL, NULL, NULL),
(118, NULL, 52, 782, 1.0000, 120.00, 120.00, '2025-09-10 10:14:55', NULL, 0.0000, NULL, NULL, NULL, NULL),
(119, NULL, 52, 782, 1.0000, 120.00, 120.00, '2025-09-10 10:14:55', NULL, 0.0000, NULL, NULL, NULL, NULL),
(120, NULL, 52, 782, 1.0000, 120.00, 120.00, '2025-09-10 10:14:55', NULL, 0.0000, NULL, NULL, NULL, NULL),
(121, NULL, 52, 782, 1.0000, 120.00, 120.00, '2025-09-10 10:14:55', NULL, 0.0000, NULL, NULL, NULL, NULL),
(122, NULL, 52, 782, 1.0000, 120.00, 120.00, '2025-09-10 10:14:55', NULL, 0.0000, NULL, NULL, NULL, NULL),
(123, NULL, 52, 782, 1.0000, 120.00, 120.00, '2025-09-10 10:14:55', NULL, 0.0000, NULL, NULL, NULL, NULL),
(124, NULL, 52, 782, 1.0000, 120.00, 120.00, '2025-09-10 10:14:55', NULL, 0.0000, NULL, NULL, NULL, NULL),
(125, NULL, 52, 782, 1.0000, 120.00, 120.00, '2025-09-10 10:14:55', NULL, 0.0000, NULL, NULL, NULL, NULL),
(126, NULL, 52, 784, 1.0000, 0.00, 0.00, '2025-09-10 10:14:55', NULL, 0.0000, NULL, NULL, NULL, NULL),
(127, NULL, 52, 787, 1.0000, 0.00, 0.00, '2025-09-10 10:14:55', NULL, 0.0000, NULL, NULL, NULL, NULL),
(128, NULL, 52, 787, 1.0000, 0.00, 0.00, '2025-09-10 10:14:55', NULL, 0.0000, NULL, NULL, NULL, NULL),
(129, NULL, 52, 787, 1.0000, 0.00, 0.00, '2025-09-10 10:14:55', NULL, 0.0000, NULL, NULL, NULL, NULL),
(130, NULL, 52, 787, 1.0000, 0.00, 0.00, '2025-09-10 10:14:55', NULL, 0.0000, NULL, NULL, NULL, NULL),
(131, NULL, 52, 787, 1.0000, 0.00, 0.00, '2025-09-10 10:14:55', NULL, 0.0000, NULL, NULL, NULL, NULL),
(132, NULL, 53, 782, 100.0000, 120.00, 12000.00, '2025-09-10 10:15:37', '2025-09-10 10:15:42', 0.0000, NULL, NULL, NULL, NULL),
(134, NULL, 54, 784, 1.0000, 0.00, 0.00, '2025-09-10 10:19:29', NULL, 0.0000, NULL, NULL, NULL, NULL),
(135, NULL, 54, 5, 1.0000, 0.00, 0.00, '2025-09-10 10:19:36', NULL, 0.0000, NULL, NULL, NULL, NULL),
(136, NULL, 54, 782, 1.0000, 120.00, 120.00, '2025-09-10 10:19:37', NULL, 0.0000, NULL, NULL, NULL, NULL),
(139, NULL, 55, 782, 1.0000, 120.00, 120.00, '2025-09-10 10:31:13', NULL, 0.0000, NULL, NULL, NULL, NULL),
(140, NULL, 56, 782, 1.0000, 120.00, 120.00, '2025-09-10 10:31:16', NULL, 0.0000, NULL, NULL, NULL, NULL),
(141, NULL, 57, 782, 1.0000, 120.00, 120.00, '2025-09-10 10:31:24', NULL, 0.0000, NULL, NULL, NULL, NULL),
(142, NULL, 58, 782, 1.0000, 120.00, 120.00, '2025-09-10 10:31:32', NULL, 0.0000, NULL, NULL, NULL, NULL),
(143, NULL, 59, 782, 1.0000, 120.00, 120.00, '2025-09-10 19:50:21', NULL, 0.0000, NULL, NULL, NULL, NULL),
(144, NULL, 59, 785, 1.0000, 15.00, 15.00, '2025-09-10 19:50:23', NULL, 0.0000, NULL, NULL, NULL, NULL),
(145, NULL, 60, 782, 1.0000, 120.00, 120.00, '2025-09-10 19:50:31', NULL, 0.0000, NULL, NULL, NULL, NULL),
(146, NULL, 60, 785, 1.0000, 15.00, 15.00, '2025-09-10 19:50:31', NULL, 0.0000, NULL, NULL, NULL, NULL),
(147, NULL, 60, 787, 12.0000, 0.00, 0.00, '2025-09-10 19:50:39', '2025-09-10 19:50:44', 0.0000, NULL, NULL, NULL, NULL),
(148, NULL, 61, 782, 1.0000, 120.00, 120.00, '2025-09-10 19:50:47', NULL, 0.0000, NULL, NULL, NULL, NULL),
(149, NULL, 61, 785, 1.0000, 15.00, 15.00, '2025-09-10 19:50:47', NULL, 0.0000, NULL, NULL, NULL, NULL),
(150, NULL, 61, 787, 19.0000, 0.00, 0.00, '2025-09-10 19:50:47', '2025-09-10 19:50:59', 0.0000, NULL, NULL, NULL, NULL),
(154, NULL, 62, 781, 16.0000, 20.00, 320.00, '2025-09-10 19:51:35', '2025-09-10 19:51:38', 0.0000, NULL, NULL, NULL, NULL),
(155, NULL, 63, 781, 16.0000, 20.00, 320.00, '2025-09-10 19:52:29', NULL, 0.0000, NULL, NULL, NULL, NULL),
(157, NULL, 64, 6, 100.0000, 1000.00, 100000.00, '2025-09-10 19:54:23', '2025-09-10 19:55:57', 0.0000, NULL, NULL, NULL, NULL),
(158, NULL, 64, 5, 1.0000, 10.00, 10.00, '2025-09-10 19:54:25', '2025-09-10 19:55:02', 0.0000, NULL, NULL, NULL, NULL),
(159, NULL, 65, 6, 100.0000, 1000.00, 100000.00, '2025-09-10 19:56:00', NULL, 0.0000, NULL, NULL, NULL, NULL),
(160, NULL, 65, 5, 1.0000, 10.00, 10.00, '2025-09-10 19:56:00', NULL, 0.0000, NULL, NULL, NULL, NULL),
(161, NULL, 66, 6, 100.0000, 1.00, 100.00, '2025-09-10 19:56:41', NULL, 0.0000, NULL, NULL, NULL, NULL),
(162, NULL, 66, 5, 1.0000, 10.00, 10.00, '2025-09-10 19:56:41', NULL, 0.0000, NULL, NULL, NULL, NULL),
(163, NULL, 67, 781, 1.0000, 20.00, 20.00, '2025-09-10 21:32:09', NULL, 0.0000, NULL, NULL, NULL, NULL),
(164, NULL, 68, 5, 2.0000, 20.00, 40.00, '2025-09-11 16:43:09', '2025-09-11 16:43:09', 0.0000, NULL, NULL, NULL, NULL),
(165, NULL, 69, 6, 1.0000, 100.00, 100.00, '2025-09-11 20:55:26', NULL, 0.0000, NULL, NULL, NULL, NULL),
(166, NULL, 70, 6, 1.0000, 100.00, 100.00, '2025-09-11 20:56:23', NULL, 0.0000, NULL, NULL, NULL, NULL),
(167, NULL, 72, 5, 4.0000, 20.00, 80.00, '2025-09-12 03:54:02', '2025-09-12 03:54:03', 0.0000, NULL, NULL, NULL, NULL),
(168, NULL, 73, 5, 4.0000, 20.00, 80.00, '2025-09-12 03:54:10', NULL, 0.0000, NULL, NULL, NULL, NULL),
(169, NULL, 76, 6, 1.0000, 100.00, 100.00, '2025-09-12 05:48:49', NULL, 0.0000, NULL, NULL, NULL, NULL),
(170, 1, 78, 5, 101.0000, 20.00, 2020.00, '2025-09-12 06:00:56', '2025-09-12 06:01:25', 0.0000, NULL, NULL, NULL, NULL),
(171, NULL, 78, 782, 1.0000, 120.00, 120.00, '2025-09-12 06:01:47', NULL, 0.0000, NULL, NULL, NULL, NULL),
(172, NULL, 79, 782, 1.0000, 120.00, 120.00, '2025-09-12 06:02:27', NULL, 0.0000, NULL, NULL, NULL, NULL),
(173, NULL, 79, 784, 10.0000, 10.00, 100.00, '2025-09-12 06:02:32', '2025-09-12 06:02:45', 0.0000, NULL, NULL, NULL, NULL),
(174, NULL, 80, 782, 1.0000, 120.00, 120.00, '2025-09-12 06:02:56', NULL, 0.0000, NULL, NULL, NULL, NULL),
(175, NULL, 80, 784, 10.0000, 10.00, 100.00, '2025-09-12 06:02:56', NULL, 0.0000, NULL, NULL, NULL, NULL),
(176, NULL, 81, 5, 1.0000, 20.00, 20.00, '2025-09-12 06:04:45', NULL, 0.0000, NULL, NULL, NULL, NULL),
(177, NULL, 81, 781, 20.0000, 20.00, 400.00, '2025-09-12 06:04:53', '2025-09-12 06:04:59', 0.0000, NULL, NULL, NULL, NULL),
(178, 2, 82, 5, 1.0000, 20.00, 20.00, '2025-09-12 06:05:03', '2025-09-12 06:05:03', 0.0000, NULL, NULL, NULL, NULL),
(179, 3, 82, 781, 20.0000, 20.00, 400.00, '2025-09-12 06:05:03', '2025-09-12 06:05:03', 0.0000, NULL, NULL, NULL, NULL),
(180, NULL, 83, 785, 1.0000, 15.00, 15.00, '2025-09-12 06:17:39', NULL, 0.0000, NULL, NULL, NULL, NULL),
(181, NULL, 83, 785, 1.0000, 15.00, 15.00, '2025-09-12 06:17:39', NULL, 0.0000, NULL, NULL, NULL, NULL),
(184, NULL, 85, 5, 1.0000, 20.00, 20.00, '2025-09-12 06:43:11', NULL, 0.0000, NULL, NULL, NULL, NULL),
(185, NULL, 85, 782, 1.0000, 120.00, 120.00, '2025-09-12 06:43:11', NULL, 0.0000, NULL, NULL, NULL, NULL),
(186, 4, 84, 5, 1.0000, 20.00, 20.00, '2025-09-12 06:43:51', '2025-09-12 06:43:56', 0.0000, NULL, NULL, NULL, NULL),
(187, 5, 84, 782, 2.0000, 120.00, 240.00, '2025-09-12 06:43:52', '2025-09-12 06:44:48', 0.0000, NULL, NULL, NULL, NULL),
(188, 6, 86, 5, 1.0000, 20.00, 20.00, '2025-09-12 06:44:02', '2025-09-12 06:44:02', 0.0000, NULL, NULL, NULL, NULL),
(189, 7, 86, 782, 1.0000, 120.00, 120.00, '2025-09-12 06:44:02', '2025-09-12 06:44:02', 0.0000, NULL, NULL, NULL, NULL),
(190, NULL, 87, 5, 1.0000, 20.00, 20.00, '2025-09-12 06:44:51', NULL, 0.0000, NULL, NULL, NULL, NULL),
(191, NULL, 87, 782, 2.0000, 120.00, 240.00, '2025-09-12 06:44:51', NULL, 0.0000, NULL, NULL, NULL, NULL),
(193, 8, 88, 781, 20.0000, 20.00, 400.00, '2025-09-12 06:47:55', '2025-09-12 06:53:25', 0.0000, NULL, NULL, NULL, NULL),
(194, 9, 88, 779, 1.0000, 100.00, 100.00, '2025-09-12 06:53:20', '2025-09-12 06:53:25', 0.0000, NULL, NULL, NULL, NULL),
(195, 10, 89, 781, 20.0000, 20.00, 400.00, '2025-09-12 06:53:33', '2025-09-12 06:53:33', 0.0000, NULL, NULL, NULL, NULL),
(196, 11, 89, 779, 1.0000, 100.00, 100.00, '2025-09-12 06:53:33', '2025-09-12 06:53:33', 0.0000, NULL, NULL, NULL, NULL),
(197, NULL, 90, 781, 1.0000, 20.00, 20.00, '2025-09-12 06:53:58', NULL, 0.0000, NULL, NULL, NULL, NULL),
(198, NULL, 91, 781, 1.0000, 20.00, 20.00, '2025-09-12 06:54:04', NULL, 0.0000, NULL, NULL, NULL, NULL),
(199, NULL, 92, 779, 1.0000, 100.00, 100.00, '2025-09-12 07:01:22', NULL, 0.0000, NULL, NULL, NULL, NULL),
(200, NULL, 95, 779, 1.0000, 100.00, 100.00, '2025-09-12 07:01:28', NULL, 0.0000, NULL, NULL, NULL, NULL),
(202, 12, 96, 5, 1.0000, 20.00, 20.00, '2025-09-12 07:02:56', '2025-09-12 07:03:04', 0.0000, NULL, NULL, NULL, NULL),
(203, 13, 96, 782, 1.0000, 120.00, 120.00, '2025-09-12 07:02:57', '2025-09-12 07:03:04', 0.0000, NULL, NULL, NULL, NULL),
(204, 14, 97, 5, 1.0000, 20.00, 20.00, '2025-09-12 07:03:14', '2025-09-12 07:03:14', 0.0000, NULL, NULL, NULL, NULL),
(205, 15, 97, 782, 1.0000, 120.00, 120.00, '2025-09-12 07:03:14', '2025-09-12 07:03:14', 0.0000, NULL, NULL, NULL, NULL),
(206, NULL, 98, 782, 1.0000, 120.00, 120.00, '2025-09-12 07:19:56', NULL, 0.0000, NULL, NULL, NULL, NULL),
(207, NULL, 99, 782, 1.0000, 120.00, 120.00, '2025-09-12 07:20:02', NULL, 0.0000, NULL, NULL, NULL, NULL),
(208, NULL, 100, 782, 1.0000, 120.00, 120.00, '2025-09-12 07:20:13', NULL, 0.0000, NULL, NULL, NULL, NULL),
(209, NULL, 101, 782, 1.0000, 120.00, 120.00, '2025-09-12 07:20:15', NULL, 0.0000, NULL, NULL, NULL, NULL),
(210, NULL, 103, 782, 1.0000, 120.00, 120.00, '2025-09-12 07:21:40', NULL, 0.0000, NULL, NULL, NULL, NULL),
(211, NULL, 104, 782, 1.0000, 120.00, 120.00, '2025-09-12 07:21:43', NULL, 0.0000, NULL, NULL, NULL, NULL),
(212, 16, 105, 784, 1.0000, 0.00, 0.00, '2025-09-12 07:22:04', '2025-09-12 07:22:06', 0.0000, NULL, NULL, NULL, NULL),
(213, 17, 105, 5, 1.0000, 20.00, 20.00, '2025-09-12 07:22:05', '2025-09-12 07:22:06', 0.0000, NULL, NULL, NULL, NULL),
(214, 18, 106, 784, 1.0000, 0.00, 0.00, '2025-09-12 07:22:09', '2025-09-12 07:22:09', 0.0000, NULL, NULL, NULL, NULL),
(215, 19, 106, 5, 1.0000, 20.00, 20.00, '2025-09-12 07:22:09', '2025-09-12 07:22:09', 0.0000, NULL, NULL, NULL, NULL),
(216, NULL, 107, 5, 1.0000, 20.00, 20.00, '2025-09-12 07:24:41', NULL, 0.0000, NULL, NULL, NULL, NULL),
(217, NULL, 108, 5, 1.0000, 20.00, 20.00, '2025-09-12 07:24:45', NULL, 0.0000, NULL, NULL, NULL, NULL),
(218, NULL, 109, 782, 1.0000, 120.00, 120.00, '2025-09-12 07:25:27', NULL, 0.0000, NULL, NULL, NULL, NULL),
(219, NULL, 110, 782, 1.0000, 120.00, 120.00, '2025-09-12 07:25:32', NULL, 0.0000, NULL, NULL, NULL, NULL),
(220, NULL, 111, 5, 1.0000, 20.00, 20.00, '2025-09-12 07:26:18', NULL, 0.0000, NULL, NULL, NULL, NULL),
(221, NULL, 112, 5, 1.0000, 20.00, 20.00, '2025-09-12 07:26:24', NULL, 0.0000, NULL, NULL, NULL, NULL),
(222, NULL, 114, 5, 2.0000, 20.00, 40.00, '2025-09-12 07:35:45', '2025-09-12 07:35:46', 0.0000, NULL, NULL, NULL, NULL),
(223, NULL, 114, 5, 2.0000, 20.00, 40.00, '2025-09-12 07:35:50', NULL, 0.0000, NULL, NULL, NULL, NULL),
(224, NULL, 121, 5, 1.0000, 20.00, 20.00, '2025-09-12 18:01:58', NULL, 0.0000, NULL, NULL, NULL, NULL),
(225, NULL, 121, 782, 1.0000, 120.00, 120.00, '2025-09-12 18:01:58', NULL, 0.0000, NULL, NULL, NULL, NULL),
(226, NULL, 122, 5, 1.0000, 20.00, 20.00, '2025-09-12 18:03:10', NULL, 0.0000, NULL, NULL, NULL, NULL),
(227, NULL, 122, 782, 2.0000, 120.00, 240.00, '2025-09-12 18:03:10', '2025-09-12 18:03:16', 0.0000, NULL, NULL, NULL, NULL),
(228, NULL, 122, 784, 1.0000, 0.00, 0.00, '2025-09-12 18:03:17', NULL, 0.0000, NULL, NULL, NULL, NULL),
(229, NULL, 123, 5, 1.0000, 20.00, 20.00, '2025-09-12 18:03:24', NULL, 0.0000, NULL, NULL, NULL, NULL),
(230, NULL, 123, 782, 2.0000, 120.00, 240.00, '2025-09-12 18:03:24', NULL, 0.0000, NULL, NULL, NULL, NULL),
(231, NULL, 123, 784, 1.0000, 0.00, 0.00, '2025-09-12 18:03:24', NULL, 0.0000, NULL, NULL, NULL, NULL),
(232, NULL, 124, 5, 1.0000, 20.00, 20.00, '2025-09-12 18:03:54', NULL, 0.0000, NULL, NULL, NULL, NULL),
(233, NULL, 124, 782, 2.0000, 120.00, 240.00, '2025-09-12 18:03:54', NULL, 0.0000, NULL, NULL, NULL, NULL),
(234, NULL, 124, 784, 1.0000, 0.00, 0.00, '2025-09-12 18:03:54', NULL, 0.0000, NULL, NULL, NULL, NULL),
(235, NULL, 125, 5, 1.0000, 20.00, 20.00, '2025-09-12 18:14:45', NULL, 0.0000, NULL, NULL, NULL, NULL),
(236, NULL, 125, 782, 1.0000, 120.00, 120.00, '2025-09-12 18:14:45', NULL, 0.0000, NULL, NULL, NULL, NULL),
(237, NULL, 125, 784, 1.0000, 0.00, 0.00, '2025-09-12 18:14:45', NULL, 0.0000, NULL, NULL, NULL, NULL),
(238, NULL, 126, 784, 22.0000, 0.00, 0.00, '2025-09-12 18:14:57', '2025-09-12 18:15:17', 0.0000, NULL, NULL, NULL, NULL),
(239, NULL, 126, 785, 62.0000, 15.00, 930.00, '2025-09-12 18:14:57', '2025-09-12 18:15:19', 0.0000, NULL, NULL, NULL, NULL),
(240, NULL, 127, 5, 1.0000, 20.00, 20.00, '2025-09-12 18:15:58', NULL, 0.0000, NULL, NULL, NULL, NULL),
(241, NULL, 127, 782, 1.0000, 120.00, 120.00, '2025-09-12 18:16:13', NULL, 0.0000, NULL, NULL, NULL, NULL),
(242, NULL, 128, 5, 1.0000, 20.00, 20.00, '2025-09-12 18:16:16', NULL, 0.0000, NULL, NULL, NULL, NULL),
(243, NULL, 128, 782, 1.0000, 120.00, 120.00, '2025-09-12 18:16:16', NULL, 0.0000, NULL, NULL, NULL, NULL),
(244, NULL, 129, 6, 11.0000, 100.00, 1100.00, '2025-09-12 18:18:49', '2025-09-12 18:20:19', 0.0000, NULL, NULL, NULL, NULL),
(245, NULL, 129, 5, 6.0000, 20.00, 120.00, '2025-09-12 18:20:21', '2025-09-12 18:20:23', 0.0000, NULL, NULL, NULL, NULL),
(246, NULL, 129, 782, 2.0000, 120.00, 240.00, '2025-09-12 18:20:23', '2025-09-12 18:20:24', 0.0000, NULL, NULL, NULL, NULL),
(247, NULL, 129, 778, 40.0000, 200.00, 8000.00, '2025-09-12 18:20:30', '2025-09-12 18:20:39', 0.0000, NULL, NULL, NULL, NULL),
(248, NULL, 130, 5, 1.0000, 20.00, 20.00, '2025-09-12 18:30:32', NULL, 0.0000, NULL, NULL, NULL, NULL),
(249, NULL, 130, 778, 40.0000, 200.00, 8000.00, '2025-09-12 18:30:32', NULL, 0.0000, NULL, NULL, NULL, NULL),
(254, NULL, 132, 5, 1.0000, 20.00, 20.00, '2025-09-12 18:31:19', NULL, 0.0000, NULL, NULL, NULL, NULL),
(255, NULL, 132, 778, 40.0000, 200.00, 8000.00, '2025-09-12 18:31:19', NULL, 0.0000, NULL, NULL, NULL, NULL),
(256, NULL, 132, 4, 1.0000, 200.00, 200.00, '2025-09-12 18:31:19', NULL, 0.0000, NULL, NULL, NULL, NULL),
(257, NULL, 132, 788, 1.0000, 100.00, 100.00, '2025-09-12 18:31:19', NULL, 0.0000, NULL, NULL, NULL, NULL),
(263, NULL, 219, 5, 1.0000, 20.00, 20.00, '2025-09-12 18:59:12', NULL, 0.0000, NULL, NULL, NULL, NULL),
(264, NULL, 220, 6, 1.0000, 100.00, 100.00, '2025-09-12 20:14:15', NULL, 0.0000, NULL, NULL, NULL, NULL),
(265, NULL, 221, 5, 1.0000, 20.00, 20.00, '2025-09-12 20:15:24', NULL, 0.0000, NULL, NULL, NULL, NULL),
(266, NULL, 221, 782, 100.0000, 120.00, 12000.00, '2025-09-12 20:15:24', NULL, 0.0000, NULL, NULL, NULL, NULL),
(267, NULL, 222, 5, 1.0000, 20.00, 20.00, '2025-09-12 20:28:47', NULL, 0.0000, NULL, NULL, NULL, NULL),
(268, NULL, 223, 6, 1.0000, 100.00, 100.00, '2025-09-12 20:29:22', NULL, 0.0000, NULL, NULL, NULL, NULL),
(269, NULL, 224, 6, 1.0000, 100.00, 100.00, '2025-09-12 20:29:36', NULL, 0.0000, NULL, NULL, NULL, NULL),
(270, NULL, 225, 6, 1.0000, 100.00, 100.00, '2025-09-12 20:29:46', NULL, 0.0000, NULL, NULL, NULL, NULL),
(271, NULL, 226, 5, 1.0000, 20.00, 20.00, '2025-09-12 20:30:01', NULL, 0.0000, NULL, NULL, NULL, NULL),
(272, NULL, 227, 6, 1.0000, 100.00, 100.00, '2025-09-12 20:30:19', NULL, 0.0000, NULL, NULL, NULL, NULL),
(273, NULL, 228, 6, 1.0000, 100.00, 100.00, '2025-09-12 20:30:39', NULL, 0.0000, NULL, NULL, NULL, NULL),
(274, NULL, 229, 5, 1.0000, 20.00, 20.00, '2025-09-12 20:31:48', NULL, 0.0000, NULL, NULL, NULL, NULL),
(275, NULL, 230, 5, 1.0000, 20.00, 20.00, '2025-09-12 20:31:55', NULL, 0.0000, NULL, NULL, NULL, NULL),
(276, NULL, 231, 5, 1.0000, 20.00, 20.00, '2025-09-12 20:32:17', NULL, 0.0000, NULL, NULL, NULL, NULL),
(277, NULL, 232, 5, 1.0000, 20.00, 20.00, '2025-09-12 20:32:51', NULL, 0.0000, NULL, NULL, NULL, NULL),
(278, NULL, 233, 782, 1.0000, 120.00, 120.00, '2025-09-12 20:34:26', NULL, 0.0000, NULL, NULL, NULL, NULL),
(280, NULL, 235, 782, 1.0000, 120.00, 120.00, '2025-09-13 05:27:05', NULL, 0.0000, NULL, NULL, NULL, NULL),
(281, NULL, 236, 789, 200.0000, 120.00, 24000.00, '2025-09-13 15:48:35', '2025-09-13 19:19:13', 0.0000, NULL, NULL, NULL, NULL),
(282, NULL, 241, 6, 1.0000, 100.00, 100.00, '2025-09-13 16:13:41', '2025-09-13 20:54:48', 1.0000, NULL, NULL, NULL, NULL),
(283, NULL, 242, 784, 100.0000, 10.00, 1000.00, '2025-09-13 16:15:26', '2025-09-13 19:13:04', 0.0000, NULL, NULL, NULL, NULL),
(284, NULL, 246, 6, 1.0000, 100.00, 100.00, '2025-09-13 16:28:52', '2025-09-13 19:13:23', 0.0000, NULL, NULL, NULL, NULL),
(287, NULL, 249, 784, 300.0000, 10.00, 3000.00, '2025-09-13 16:34:46', '2025-09-13 18:39:56', 0.0000, NULL, NULL, NULL, NULL),
(288, 38, 250, 789, 1.0000, 130.00, 130.00, '2025-09-13 19:22:15', '2025-09-13 20:50:39', 1.0000, NULL, NULL, NULL, NULL);

-- --------------------------------------------------------

--
-- Table structure for table `sale_item_allocations`
--

CREATE TABLE `sale_item_allocations` (
  `id` bigint(20) UNSIGNED NOT NULL,
  `sale_item_id` int(11) NOT NULL,
  `batch_id` bigint(20) UNSIGNED NOT NULL,
  `qty` decimal(13,4) NOT NULL DEFAULT 0.0000,
  `unit_cost` decimal(13,4) NOT NULL DEFAULT 0.0000,
  `line_cost` decimal(18,4) NOT NULL DEFAULT 0.0000,
  `created_by` int(11) DEFAULT NULL,
  `created_at` datetime NOT NULL DEFAULT current_timestamp(),
  `updated_at` datetime NOT NULL DEFAULT current_timestamp() ON UPDATE current_timestamp()
) ;

-- --------------------------------------------------------

--
-- Table structure for table `settings`
--

CREATE TABLE `settings` (
  `setting_name` varchar(100) NOT NULL COMMENT 'اسم الإعداد',
  `setting_value` text DEFAULT NULL COMMENT 'قيمة الإعداد',
  `updated_at` timestamp NOT NULL DEFAULT current_timestamp() ON UPDATE current_timestamp() COMMENT 'آخر تحديث'
) ENGINE=InnoDB DEFAULT CHARSET=utf8mb4 COLLATE=utf8mb4_unicode_ci COMMENT='جدول إعدادات النظام العامة';

--
-- Dumping data for table `settings`
--

INSERT INTO `settings` (`setting_name`, `setting_value`, `updated_at`) VALUES
('user_registration_status', 'closed', '2025-09-01 13:30:41');

-- --------------------------------------------------------

--
-- Table structure for table `suppliers`
--

CREATE TABLE `suppliers` (
  `id` int(11) NOT NULL COMMENT 'المعرف التلقائي للمورد',
  `name` varchar(200) NOT NULL COMMENT 'اسم المورد',
  `mobile` varchar(11) NOT NULL COMMENT 'رقم موبايل المورد (11 رقم)',
  `city` varchar(100) NOT NULL COMMENT 'مدينة المورد',
  `address` text DEFAULT NULL COMMENT 'عنوان المورد التفصيلي (اختياري)',
  `commercial_register` varchar(100) DEFAULT NULL COMMENT 'رقم السجل التجاري (اختياري ولكنه فريد إذا أدخل)',
  `created_by` int(11) DEFAULT NULL COMMENT 'معرف المستخدم الذي أضاف المورد (FK to users.id)',
  `created_at` timestamp NOT NULL DEFAULT current_timestamp() COMMENT 'تاريخ إضافة المورد',
  `updated_at` timestamp NULL DEFAULT NULL ON UPDATE current_timestamp() COMMENT 'تاريخ آخر تعديل لبيانات المورد'
) ENGINE=InnoDB DEFAULT CHARSET=utf8mb4 COLLATE=utf8mb4_unicode_ci COMMENT='جدول بيانات الموردين';

--
-- Dumping data for table `suppliers`
--

INSERT INTO `suppliers` (`id`, `name`, `mobile`, `city`, `address`, `commercial_register`, `created_by`, `created_at`, `updated_at`) VALUES
(2, 'محمد جمال', '01157787113', 'Fayoum', 'Sheikh Yusuf ST, Fayoum, Egypt', NULL, 5, '2025-09-01 13:48:30', NULL),
(4, 'ابراهيمb', '01157787112', 'Fayoum', '0', NULL, 5, '2025-09-09 09:12:13', '2025-09-10 08:49:23');

-- --------------------------------------------------------

--
-- Table structure for table `users`
--

CREATE TABLE `users` (
  `id` int(11) NOT NULL,
  `username` varchar(50) NOT NULL,
  `email` varchar(100) NOT NULL,
  `password` varchar(255) NOT NULL,
  `role` enum('user','admin') NOT NULL DEFAULT 'user',
  `created_at` timestamp NOT NULL DEFAULT current_timestamp()
) ENGINE=InnoDB DEFAULT CHARSET=utf8mb4 COLLATE=utf8mb4_unicode_ci;

--
-- Dumping data for table `users`
--

INSERT INTO `users` (`id`, `username`, `email`, `password`, `role`, `created_at`) VALUES
(5, 'admin', 'admin@gmail.com', '$2y$10$9DkMvN8bVe3xV3Mf5qd91O/0YyliyVLUVWVcy8NQkjmNo4.hDuvIq', 'admin', '2025-06-04 13:52:41'),
(6, 'صاصا', 'mustafahussienatya@gmail.com', '$2y$10$3ZBMeMobT7nHFChhNfxp/eH2U983IEHrQQre/qce2cjLCFgtGol1a', 'admin', '2025-09-08 14:38:25'),
(7, 'صاصاي', 'mustafahussienawtya@gmail.com', '$2y$10$D4PUF9Ca5qeprMIGXiRQR.soxFD.FrbWxJKCBF.EUZveqQ0Btaqv6', 'user', '2025-09-08 14:39:24');

--
-- Indexes for dumped tables
--

--
-- Indexes for table `batches`
--
ALTER TABLE `batches`
  ADD PRIMARY KEY (`id`),
  ADD KEY `fk_batches_invoice` (`source_invoice_id`),
  ADD KEY `fk_batches_invoice_item` (`source_item_id`),
  ADD KEY `idx_product_date` (`product_id`,`received_at`,`status`),
  ADD KEY `idx_remaining` (`product_id`,`remaining`);

--
-- Indexes for table `batch_adjustments`
--
ALTER TABLE `batch_adjustments`
  ADD PRIMARY KEY (`id`),
  ADD KEY `idx_batch_adj` (`batch_id`);

--
-- Indexes for table `customers`
--
ALTER TABLE `customers`
  ADD PRIMARY KEY (`id`),
  ADD UNIQUE KEY `mobile` (`mobile`),
  ADD KEY `fk_customer_user` (`created_by`);

--
-- Indexes for table `expenses`
--
ALTER TABLE `expenses`
  ADD PRIMARY KEY (`id`),
  ADD KEY `fk_expense_category` (`category_id`),
  ADD KEY `fk_expense_user_creator` (`created_by`);

--
-- Indexes for table `expense_categories`
--
ALTER TABLE `expense_categories`
  ADD PRIMARY KEY (`id`),
  ADD UNIQUE KEY `name` (`name`);

--
-- Indexes for table `invoices_out`
--
ALTER TABLE `invoices_out`
  ADD PRIMARY KEY (`id`),
  ADD KEY `fk_invoice_customer` (`customer_id`),
  ADD KEY `fk_invoice_creator` (`created_by`),
  ADD KEY `fk_invoice_updater` (`updated_by`);

--
-- Indexes for table `invoice_out_items`
--
ALTER TABLE `invoice_out_items`
  ADD PRIMARY KEY (`id`),
  ADD KEY `fk_invoice_item_to_invoice` (`invoice_out_id`),
  ADD KEY `fk_invoice_item_to_product` (`product_id`);

--
-- Indexes for table `products`
--
ALTER TABLE `products`
  ADD PRIMARY KEY (`id`),
  ADD UNIQUE KEY `product_code` (`product_code`);

--
-- Indexes for table `purchase_invoices`
--
ALTER TABLE `purchase_invoices`
  ADD PRIMARY KEY (`id`),
  ADD KEY `fk_purchase_invoice_supplier` (`supplier_id`),
  ADD KEY `fk_purchase_invoice_creator` (`created_by`),
  ADD KEY `fk_purchase_invoice_updater` (`updated_by`);

--
-- Indexes for table `purchase_invoice_items`
--
ALTER TABLE `purchase_invoice_items`
  ADD PRIMARY KEY (`id`),
  ADD KEY `fk_purchase_item_to_purchase_invoice` (`purchase_invoice_id`),
  ADD KEY `fk_purchase_item_to_product` (`product_id`),
  ADD KEY `fk_pitem_batch` (`batch_id`);

--
-- Indexes for table `sale_item_allocations`
--
ALTER TABLE `sale_item_allocations`
  ADD PRIMARY KEY (`id`),
  ADD KEY `idx_sale_item` (`sale_item_id`),
  ADD KEY `idx_batch` (`batch_id`),
  ADD KEY `idx_saleitem_batch` (`sale_item_id`,`batch_id`);

--
-- Indexes for table `settings`
--
ALTER TABLE `settings`
  ADD PRIMARY KEY (`setting_name`);

--
-- Indexes for table `suppliers`
--
ALTER TABLE `suppliers`
  ADD PRIMARY KEY (`id`),
  ADD UNIQUE KEY `mobile` (`mobile`),
  ADD UNIQUE KEY `commercial_register` (`commercial_register`),
  ADD KEY `fk_supplier_user_creator` (`created_by`);

--
-- Indexes for table `users`
--
ALTER TABLE `users`
  ADD PRIMARY KEY (`id`),
  ADD UNIQUE KEY `username` (`username`),
  ADD UNIQUE KEY `email` (`email`);

--
-- AUTO_INCREMENT for dumped tables
--

--
-- AUTO_INCREMENT for table `batches`
--
ALTER TABLE `batches`
  MODIFY `id` bigint(20) UNSIGNED NOT NULL AUTO_INCREMENT;

--
-- AUTO_INCREMENT for table `batch_adjustments`
--
ALTER TABLE `batch_adjustments`
  MODIFY `id` bigint(20) UNSIGNED NOT NULL AUTO_INCREMENT;

--
-- AUTO_INCREMENT for table `customers`
--
ALTER TABLE `customers`
  MODIFY `id` int(11) NOT NULL AUTO_INCREMENT, AUTO_INCREMENT=72;

--
-- AUTO_INCREMENT for table `expenses`
--
ALTER TABLE `expenses`
  MODIFY `id` int(11) NOT NULL AUTO_INCREMENT, AUTO_INCREMENT=6;

--
-- AUTO_INCREMENT for table `expense_categories`
--
ALTER TABLE `expense_categories`
  MODIFY `id` int(11) NOT NULL AUTO_INCREMENT, AUTO_INCREMENT=4;

--
-- AUTO_INCREMENT for table `invoices_out`
--
ALTER TABLE `invoices_out`
  MODIFY `id` int(11) NOT NULL AUTO_INCREMENT COMMENT 'المعرف التلقائي للفاتورة', AUTO_INCREMENT=154;

--
-- AUTO_INCREMENT for table `invoice_out_items`
--
ALTER TABLE `invoice_out_items`
  MODIFY `id` int(11) NOT NULL AUTO_INCREMENT COMMENT 'المعرف التلقائي لبند الفاتورة', AUTO_INCREMENT=207;

--
-- AUTO_INCREMENT for table `products`
--
ALTER TABLE `products`
  MODIFY `id` int(11) NOT NULL AUTO_INCREMENT COMMENT 'المعرف التلقائي للمنتج', AUTO_INCREMENT=790;

--
-- AUTO_INCREMENT for table `purchase_invoices`
--
ALTER TABLE `purchase_invoices`
  MODIFY `id` int(11) NOT NULL AUTO_INCREMENT COMMENT 'المعرف التلقائي لفاتورة الشراء', AUTO_INCREMENT=251;

--
-- AUTO_INCREMENT for table `purchase_invoice_items`
--
ALTER TABLE `purchase_invoice_items`
  MODIFY `id` int(11) NOT NULL AUTO_INCREMENT COMMENT 'المعرف التلقائي لبند فاتورة الشراء', AUTO_INCREMENT=289;

--
-- AUTO_INCREMENT for table `sale_item_allocations`
--
ALTER TABLE `sale_item_allocations`
  MODIFY `id` bigint(20) UNSIGNED NOT NULL AUTO_INCREMENT;

--
-- AUTO_INCREMENT for table `suppliers`
--
ALTER TABLE `suppliers`
  MODIFY `id` int(11) NOT NULL AUTO_INCREMENT COMMENT 'المعرف التلقائي للمورد', AUTO_INCREMENT=7;

--
-- AUTO_INCREMENT for table `users`
--
ALTER TABLE `users`
  MODIFY `id` int(11) NOT NULL AUTO_INCREMENT, AUTO_INCREMENT=8;

--
-- Constraints for dumped tables
--

--
-- Constraints for table `batches`
--
ALTER TABLE `batches`
  ADD CONSTRAINT `fk_batches_invoice` FOREIGN KEY (`source_invoice_id`) REFERENCES `purchase_invoices` (`id`) ON DELETE SET NULL,
  ADD CONSTRAINT `fk_batches_invoice_item` FOREIGN KEY (`source_item_id`) REFERENCES `purchase_invoice_items` (`id`) ON DELETE SET NULL,
  ADD CONSTRAINT `fk_batches_product` FOREIGN KEY (`product_id`) REFERENCES `products` (`id`) ON DELETE CASCADE;

--
-- Constraints for table `batch_adjustments`
--
ALTER TABLE `batch_adjustments`
  ADD CONSTRAINT `fk_batchadjust_batch` FOREIGN KEY (`batch_id`) REFERENCES `batches` (`id`) ON DELETE CASCADE;

--
-- Constraints for table `customers`
--
ALTER TABLE `customers`
  ADD CONSTRAINT `fk_customer_user` FOREIGN KEY (`created_by`) REFERENCES `users` (`id`) ON DELETE SET NULL;

--
-- Constraints for table `expenses`
--
ALTER TABLE `expenses`
  ADD CONSTRAINT `fk_expense_category` FOREIGN KEY (`category_id`) REFERENCES `expense_categories` (`id`) ON DELETE SET NULL ON UPDATE CASCADE,
  ADD CONSTRAINT `fk_expense_user_creator` FOREIGN KEY (`created_by`) REFERENCES `users` (`id`) ON DELETE SET NULL ON UPDATE CASCADE;

--
-- Constraints for table `purchase_invoices`
--
ALTER TABLE `purchase_invoices`
  ADD CONSTRAINT `fk_purchase_invoice_creator` FOREIGN KEY (`created_by`) REFERENCES `users` (`id`) ON DELETE SET NULL ON UPDATE CASCADE,
  ADD CONSTRAINT `fk_purchase_invoice_supplier` FOREIGN KEY (`supplier_id`) REFERENCES `suppliers` (`id`) ON UPDATE CASCADE,
  ADD CONSTRAINT `fk_purchase_invoice_updater` FOREIGN KEY (`updated_by`) REFERENCES `users` (`id`) ON DELETE SET NULL ON UPDATE CASCADE;

--
-- Constraints for table `purchase_invoice_items`
--
ALTER TABLE `purchase_invoice_items`
  ADD CONSTRAINT `fk_pitem_batch` FOREIGN KEY (`batch_id`) REFERENCES `batches` (`id`) ON DELETE SET NULL,
  ADD CONSTRAINT `fk_purchase_item_to_product` FOREIGN KEY (`product_id`) REFERENCES `products` (`id`) ON UPDATE CASCADE,
  ADD CONSTRAINT `fk_purchase_item_to_purchase_invoice` FOREIGN KEY (`purchase_invoice_id`) REFERENCES `purchase_invoices` (`id`) ON DELETE CASCADE ON UPDATE CASCADE;

--
-- Constraints for table `sale_item_allocations`
--
ALTER TABLE `sale_item_allocations`
  ADD CONSTRAINT `fk_alloc_batch` FOREIGN KEY (`batch_id`) REFERENCES `batches` (`id`),
  ADD CONSTRAINT `fk_alloc_sale_item` FOREIGN KEY (`sale_item_id`) REFERENCES `invoice_out_items` (`id`) ON DELETE CASCADE;
COMMIT;

/*!40101 SET CHARACTER_SET_CLIENT=@OLD_CHARACTER_SET_CLIENT */;
/*!40101 SET CHARACTER_SET_RESULTS=@OLD_CHARACTER_SET_RESULTS */;
/*!40101 SET COLLATION_CONNECTION=@OLD_COLLATION_CONNECTION */;
