-- phpMyAdmin SQL Dump
-- version 5.2.1
-- https://www.phpmyadmin.net/
--
-- Host: 127.0.0.1
-- Generation Time: Nov 05, 2025 at 06:20 PM
-- Server version: 10.4.32-MariaDB
-- PHP Version: 8.0.30

SET SQL_MODE = "NO_AUTO_VALUE_ON_ZERO";
START TRANSACTION;
SET time_zone = "+00:00";


/*!40101 SET @OLD_CHARACTER_SET_CLIENT=@@CHARACTER_SET_CLIENT */;
/*!40101 SET @OLD_CHARACTER_SET_RESULTS=@@CHARACTER_SET_RESULTS */;
/*!40101 SET @OLD_COLLATION_CONNECTION=@@COLLATION_CONNECTION */;
/*!40101 SET NAMES utf8mb4 */;

--
-- Database: `store_v1_db`
--

-- --------------------------------------------------------

--
-- Table structure for table `batches`
--

CREATE TABLE `batches` (
  `id` bigint(20) UNSIGNED NOT NULL,
  `product_id` int(11) NOT NULL,
  `qty` decimal(13,4) NOT NULL DEFAULT 0.0000,
  `remaining` decimal(13,4) NOT NULL DEFAULT 0.0000,
  `original_qty` decimal(13,4) NOT NULL DEFAULT 0.0000,
  `unit_cost` decimal(13,4) NOT NULL DEFAULT 0.0000,
  `sale_price` decimal(13,4) DEFAULT NULL,
  `received_at` date DEFAULT NULL,
  `expiry` date DEFAULT NULL,
  `notes` text DEFAULT NULL,
  `source_invoice_id` int(11) DEFAULT NULL,
  `source_item_id` int(11) DEFAULT NULL,
  `created_by` int(11) DEFAULT NULL,
  `adjusted_by` int(11) DEFAULT NULL,
  `adjusted_at` datetime DEFAULT NULL,
  `created_at` datetime NOT NULL DEFAULT current_timestamp(),
  `updated_at` datetime NOT NULL DEFAULT current_timestamp() ON UPDATE current_timestamp(),
  `revert_reason` varchar(255) DEFAULT NULL,
  `cancel_reason` varchar(255) DEFAULT NULL,
  `status` enum('active','consumed','cancelled','reverted') NOT NULL DEFAULT 'active'
) ENGINE=InnoDB DEFAULT CHARSET=utf8mb4 COLLATE=utf8mb4_unicode_ci;

--
-- Dumping data for table `batches`
--

INSERT INTO `batches` (`id`, `product_id`, `qty`, `remaining`, `original_qty`, `unit_cost`, `sale_price`, `received_at`, `expiry`, `notes`, `source_invoice_id`, `source_item_id`, `created_by`, `adjusted_by`, `adjusted_at`, `created_at`, `updated_at`, `revert_reason`, `cancel_reason`, `status`) VALUES
(1, 34, 2.0000, 0.0000, 2.0000, 80.0000, 95.0000, '2025-10-01', NULL, NULL, 1, 1, 5, 5, '2025-10-11 18:12:51', '2025-10-01 16:14:31', '2025-10-25 19:28:34', NULL, NULL, 'consumed'),
(2, 35, 1.0000, 0.0000, 1.0000, 75.0000, 100.0000, '2025-10-01', NULL, NULL, 2, 2, 5, 5, '2025-10-11 17:51:23', '2025-10-01 16:19:24', '2025-10-11 17:51:23', NULL, NULL, 'consumed'),
(3, 18, 1.0000, 0.0000, 1.0000, 0.0000, 0.0000, '2025-10-02', NULL, NULL, 3, 3, 5, 5, '2025-10-12 19:55:43', '2025-10-02 18:25:26', '2025-10-12 19:55:43', NULL, NULL, 'consumed'),
(4, 19, 2.0000, 0.0000, 2.0000, 0.0000, 0.0000, '2025-10-11', NULL, NULL, 4, 4, 5, 5, '2025-10-12 20:08:50', '2025-10-11 18:33:40', '2025-10-12 20:08:50', NULL, NULL, 'consumed'),
(5, 20, 5.0000, 2.0000, 5.0000, 0.0000, 0.0000, '2025-10-11', NULL, NULL, 4, 5, 5, 5, '2025-10-23 16:13:11', '2025-10-11 18:33:40', '2025-10-23 16:13:11', NULL, NULL, 'active'),
(6, 25, 52.0000, 5.0000, 52.0000, 0.0000, 0.0000, '2025-10-11', NULL, NULL, 4, 6, 5, 5, '2025-10-25 08:12:48', '2025-10-11 18:33:40', '2025-10-25 08:12:48', NULL, NULL, 'active'),
(7, 18, 1.0000, 0.0000, 1.0000, 0.0000, 0.0000, '2025-10-12', NULL, NULL, 5, 7, 5, 5, '2025-10-12 20:08:50', '2025-10-12 20:08:04', '2025-10-12 20:08:50', NULL, NULL, 'consumed'),
(8, 10, 3.0000, 2.0000, 3.0000, 0.0000, 0.0000, '2025-10-12', NULL, NULL, 5, 8, 5, 5, '2025-10-22 23:57:20', '2025-10-12 20:08:04', '2025-10-22 23:57:20', NULL, NULL, 'active'),
(9, 11, 4.0000, 3.0000, 4.0000, 0.0000, 0.0000, '2025-10-12', NULL, NULL, 5, 9, 5, 5, '2025-10-22 23:58:32', '2025-10-12 20:08:04', '2025-10-22 23:58:32', NULL, NULL, 'active'),
(10, 12, 3.0000, 2.0000, 3.0000, 0.0000, 0.0000, '2025-10-12', NULL, NULL, 5, 10, 5, 5, '2025-10-22 23:57:32', '2025-10-12 20:08:04', '2025-10-22 23:57:32', NULL, NULL, 'active'),
(11, 13, 2.0000, 1.0000, 2.0000, 0.0000, 0.0000, '2025-10-12', NULL, NULL, 5, 11, 5, 5, '2025-10-22 23:58:32', '2025-10-12 20:08:04', '2025-10-22 23:58:32', NULL, NULL, 'active'),
(12, 18, 1.0000, 0.0000, 1.0000, 0.0000, 0.0000, '2025-10-12', NULL, NULL, 6, 12, 5, 5, '2025-10-24 14:19:05', '2025-10-12 22:56:13', '2025-10-24 14:19:05', NULL, NULL, 'consumed'),
(13, 18, 1.0000, 1.0000, 1.0000, 0.5200, 0.0000, '2025-10-12', NULL, NULL, 7, 13, 5, 5, '2025-10-22 11:44:52', '2025-10-12 22:56:36', '2025-10-22 21:06:58', NULL, NULL, 'active'),
(14, 36, 5.0000, 0.0000, 5.0000, 10.0000, 20.0000, '2025-10-23', NULL, NULL, 9, 15, 5, 5, '2025-11-03 21:55:26', '2025-10-23 15:21:49', '2025-11-03 21:55:26', NULL, NULL, 'consumed'),
(15, 36, 5.0000, 0.0000, 5.0000, 10.0000, 20.0000, '2025-10-23', NULL, NULL, 10, 16, 5, 5, '2025-11-03 22:26:02', '2025-10-23 15:22:08', '2025-11-03 22:26:02', NULL, NULL, 'consumed'),
(16, 36, 1.0000, 0.0000, 1.0000, 10.0000, 100.0000, '2025-10-23', NULL, NULL, 11, 17, 5, 5, '2025-11-05 14:57:23', '2025-10-23 17:17:11', '2025-11-05 14:57:23', NULL, NULL, 'consumed'),
(17, 36, 1.0000, 0.0000, 1.0000, 50.0000, 100.0000, '2025-10-23', NULL, NULL, 12, 18, 5, 5, '2025-11-05 14:57:35', '2025-10-23 17:32:16', '2025-11-05 14:57:35', NULL, NULL, 'consumed'),
(18, 36, 3.0000, 0.0000, 3.0000, 50.0000, 100.0000, '2025-10-23', NULL, NULL, 13, 19, 5, 5, '2025-10-25 07:27:44', '2025-10-23 22:05:08', '2025-10-25 07:27:44', NULL, NULL, 'consumed'),
(19, 36, 1.0000, 0.0000, 1.0000, 100.0000, 200.0000, '2025-10-23', NULL, NULL, 14, 20, 5, 5, '2025-10-24 14:17:38', '2025-10-23 22:05:25', '2025-10-24 14:17:38', NULL, NULL, 'consumed'),
(20, 36, 12.0000, 5.0000, 12.0000, 100.0000, 200.0000, '2025-10-24', NULL, NULL, 15, 21, 5, 5, '2025-10-25 07:33:37', '2025-10-24 14:18:29', '2025-10-25 07:33:37', NULL, NULL, 'active'),
(21, 37, 3.0000, 0.0000, 3.0000, 10.0000, 20.0000, '2025-10-25', NULL, NULL, 16, 22, 5, 5, '2025-10-26 00:33:43', '2025-10-25 08:03:28', '2025-10-26 00:33:43', NULL, NULL, 'consumed'),
(22, 37, 3.0000, 0.0000, 3.0000, 50.0000, 100.0000, '2025-10-25', NULL, NULL, 17, 23, 5, 5, '2025-10-26 13:49:44', '2025-10-25 08:04:00', '2025-10-26 13:49:44', NULL, NULL, 'consumed'),
(23, 37, 10.0000, 0.0000, 10.0000, 90.0000, 100.0000, '2025-10-26', NULL, NULL, 19, 25, 5, 5, '2025-10-26 13:49:44', '2025-10-26 13:49:08', '2025-10-26 13:49:44', NULL, NULL, 'consumed'),
(24, 39, 5.0000, 4.0000, 5.0000, 10.0000, 20.0000, '2025-11-05', NULL, NULL, 20, 26, 5, 5, '2025-11-05 17:14:47', '2025-11-05 15:59:46', '2025-11-05 17:14:47', NULL, NULL, 'active'),
(25, 18, 1.0000, 1.0000, 1.0000, 0.5200, 0.0000, '2025-11-05', NULL, NULL, 20, 27, 5, NULL, NULL, '2025-11-05 15:59:46', '2025-11-05 15:59:46', NULL, NULL, 'active'),
(26, 19, 4.0000, 4.0000, 4.0000, 0.0000, 0.0000, '2025-11-05', NULL, NULL, 20, 28, 5, NULL, NULL, '2025-11-05 15:59:46', '2025-11-05 15:59:46', NULL, NULL, 'active'),
(27, 20, 4.0000, 4.0000, 4.0000, 0.0000, 0.0000, '2025-11-05', NULL, NULL, 20, 29, 5, NULL, NULL, '2025-11-05 15:59:47', '2025-11-05 15:59:47', NULL, NULL, 'active'),
(28, 10, 1.0000, 1.0000, 1.0000, 0.0000, 0.0000, '2025-11-05', NULL, NULL, 20, 30, 5, NULL, NULL, '2025-11-05 15:59:47', '2025-11-05 15:59:47', NULL, NULL, 'active'),
(29, 11, 1.0000, 1.0000, 1.0000, 0.0000, 0.0000, '2025-11-05', NULL, NULL, 20, 31, 5, NULL, NULL, '2025-11-05 15:59:47', '2025-11-05 15:59:47', NULL, NULL, 'active');

-- --------------------------------------------------------

--
-- Table structure for table `customers`
--

CREATE TABLE `customers` (
  `id` int(11) NOT NULL,
  `name` varchar(150) NOT NULL COMMENT 'اسم العميل',
  `mobile` varchar(11) NOT NULL COMMENT 'رقم الموبايل (11 رقم)',
  `city` varchar(100) NOT NULL COMMENT 'المدينة',
  `address` varchar(255) DEFAULT NULL COMMENT 'العنوان التفصيلي',
  `notes` text DEFAULT NULL,
  `created_by` int(11) DEFAULT NULL COMMENT 'معرف المستخدم الذي أضاف العميل',
  `created_at` timestamp NOT NULL DEFAULT current_timestamp() COMMENT 'تاريخ الإضافة'
) ENGINE=InnoDB DEFAULT CHARSET=utf8mb4 COLLATE=utf8mb4_unicode_ci;

--
-- Dumping data for table `customers`
--

INSERT INTO `customers` (`id`, `name`, `mobile`, `city`, `address`, `notes`, `created_by`, `created_at`) VALUES
(8, 'عميل نقدي', '01096590798', 'Fayoum', 'Fayoum, Egypt', '', 5, '2025-09-01 11:38:46'),
(9, 'اسلام حمدي', '01002821969', 'الفيوم', '', '', 5, '2025-10-01 14:01:17'),
(10, 'بولا البلد', '01005557898', 'الفيوم', '', '', 5, '2025-10-01 14:02:04'),
(11, 'bebo', '01157728787', 'mn', '', '', 5, '2025-10-02 15:27:30'),
(12, 'حمزه', '01157787112', 'Fayoum', 'Sheikh Yusuf ST, Fayoum, Egypt', '', 5, '2025-11-05 11:47:52'),
(13, 'محمود شطشط', '01157782113', 'يسيس', 'Sheikh Yusuf ST, Fayoum, Egypt', '', 5, '2025-11-05 11:48:10');

-- --------------------------------------------------------

--
-- Table structure for table `expenses`
--

CREATE TABLE `expenses` (
  `id` int(11) NOT NULL,
  `expense_date` date NOT NULL COMMENT 'تاريخ حدوث المصروف',
  `description` varchar(255) NOT NULL COMMENT 'وصف أو بيان المصروف',
  `amount` decimal(10,2) NOT NULL COMMENT 'قيمة المصروف',
  `category_id` int(11) DEFAULT NULL COMMENT 'معرف فئة المصروف (FK to expense_categories.id)',
  `notes` text DEFAULT NULL COMMENT 'ملاحظات إضافية على المصروف (اختياري)',
  `created_by` int(11) DEFAULT NULL COMMENT 'معرف المستخدم الذي سجل المصروف (FK to users.id)',
  `created_at` timestamp NOT NULL DEFAULT current_timestamp(),
  `updated_at` timestamp NULL DEFAULT NULL ON UPDATE current_timestamp()
) ENGINE=InnoDB DEFAULT CHARSET=utf8mb4 COLLATE=utf8mb4_unicode_ci COMMENT='سجل المصاريف التشغيلية';

-- --------------------------------------------------------

--
-- Table structure for table `expense_categories`
--

CREATE TABLE `expense_categories` (
  `id` int(11) NOT NULL,
  `name` varchar(150) NOT NULL COMMENT 'اسم فئة المصروف (مثال: نقل، كهرباء، إيجار)',
  `description` text DEFAULT NULL COMMENT 'وصف إضافي للفئة (اختياري)',
  `created_at` timestamp NOT NULL DEFAULT current_timestamp()
) ENGINE=InnoDB DEFAULT CHARSET=utf8mb4 COLLATE=utf8mb4_unicode_ci COMMENT='فئات المصاريف المختلفة';

-- --------------------------------------------------------

--
-- Table structure for table `invoices_out`
--

CREATE TABLE `invoices_out` (
  `id` int(11) NOT NULL COMMENT 'المعرف التلقائي للفاتورة',
  `customer_id` int(11) NOT NULL COMMENT 'معرف العميل المرتبط بالفاتورة',
  `delivered` enum('yes','no','canceled','reverted') NOT NULL DEFAULT 'no' COMMENT 'هل تم التسليم؟ (نعم/لا)',
  `invoice_group` enum('group1','group2','group3','group4','group5','group6','group7','group8','group9','group10','group11') NOT NULL COMMENT 'مجموعة الفاتورة (من 1 إلى 11)',
  `created_by` int(11) DEFAULT NULL COMMENT 'معرف المستخدم الذي أنشأ الفاتورة',
  `created_at` timestamp NOT NULL DEFAULT current_timestamp() COMMENT 'تاريخ ووقت الإنشاء',
  `updated_by` int(11) DEFAULT NULL COMMENT 'معرف المستخدم الذي آخر من عدل الفاتورة',
  `updated_at` timestamp NULL DEFAULT NULL ON UPDATE current_timestamp() COMMENT 'تاريخ ووقت آخر تعديل',
  `notes` text DEFAULT NULL,
  `cancel_reason` varchar(255) DEFAULT NULL,
  `revert_reason` varchar(255) DEFAULT NULL,
  `total_before_discount` decimal(12,2) DEFAULT 0.00 COMMENT 'مجموع البيع قبل أي خصم',
  `discount_type` enum('percent','amount') DEFAULT 'percent' COMMENT 'نوع الخصم',
  `discount_value` decimal(10,2) DEFAULT 0.00 COMMENT 'قيمة الخصم: إذا percent -> تخزن النسبة (مثال: 10) وإلا قيمة المبلغ',
  `discount_amount` decimal(12,2) DEFAULT 0.00 COMMENT 'مبلغ الخصم المحسوب بالعملة',
  `total_after_discount` decimal(12,2) DEFAULT 0.00 COMMENT 'المجموع النهائي بعد الخصم',
  `total_cost` decimal(12,2) DEFAULT 0.00 COMMENT 'اجمالي التكلفة (مخزن للتقارير)',
  `profit_amount` decimal(12,2) DEFAULT 0.00 COMMENT 'اجمالي الربح = total_before_discount - total_cost'
) ENGINE=InnoDB DEFAULT CHARSET=utf8mb4 COLLATE=utf8mb4_unicode_ci COMMENT='جدول فواتير العملاء الصادرة';

--
-- Dumping data for table `invoices_out`
--

INSERT INTO `invoices_out` (`id`, `customer_id`, `delivered`, `invoice_group`, `created_by`, `created_at`, `updated_by`, `updated_at`, `notes`, `cancel_reason`, `revert_reason`, `total_before_discount`, `discount_type`, `discount_value`, `discount_amount`, `total_after_discount`, `total_cost`, `profit_amount`) VALUES
(1, 9, 'no', 'group1', 5, '2025-10-01 14:16:06', 5, '2025-10-01 14:17:32', '', NULL, NULL, 0.00, 'percent', 0.00, 0.00, 0.00, 0.00, 0.00),
(2, 9, 'no', 'group1', 5, '2025-10-01 14:20:00', NULL, NULL, '', NULL, NULL, 0.00, 'percent', 0.00, 0.00, 0.00, 0.00, 0.00),
(3, 9, 'no', 'group1', 5, '2025-10-01 14:47:14', NULL, NULL, '', NULL, NULL, 0.00, 'percent', 0.00, 0.00, 0.00, 0.00, 0.00),
(4, 9, 'no', 'group1', 5, '2025-10-01 14:48:03', NULL, NULL, '', NULL, NULL, 0.00, 'percent', 0.00, 0.00, 0.00, 0.00, 0.00),
(5, 10, 'canceled', 'group1', 5, '2025-10-02 15:25:59', 5, '2025-10-02 15:26:15', '', NULL, NULL, 0.00, 'percent', 0.00, 0.00, 0.00, 0.00, 0.00),
(6, 8, 'canceled', 'group1', 5, '2025-10-05 07:25:17', 5, '2025-10-05 07:26:31', '', NULL, NULL, 0.00, 'percent', 0.00, 0.00, 0.00, 0.00, 0.00),
(7, 11, 'no', 'group1', 5, '2025-10-11 14:51:23', NULL, NULL, '', NULL, NULL, 0.00, 'percent', 0.00, 0.00, 0.00, 0.00, 0.00),
(8, 8, 'no', 'group1', 5, '2025-10-11 15:05:28', NULL, NULL, '', NULL, NULL, 0.00, 'percent', 0.00, 0.00, 0.00, 0.00, 0.00),
(9, 8, 'no', 'group1', 5, '2025-10-11 15:05:57', NULL, NULL, '', NULL, NULL, 0.00, 'percent', 0.00, 0.00, 0.00, 0.00, 0.00),
(21, 11, 'no', 'group1', 5, '2025-10-11 15:12:51', NULL, NULL, '', NULL, NULL, 0.00, 'percent', 0.00, 0.00, 0.00, 0.00, 0.00),
(33, 11, 'no', 'group1', 5, '2025-10-11 15:36:00', NULL, NULL, '', NULL, NULL, 0.00, 'percent', 0.00, 0.00, 0.00, 0.00, 0.00),
(38, 8, 'no', 'group1', 5, '2025-10-11 15:42:48', NULL, NULL, '', NULL, NULL, 0.00, 'percent', 0.00, 0.00, 0.00, 0.00, 0.00),
(39, 8, 'no', 'group1', 5, '2025-10-11 15:43:16', NULL, NULL, '', NULL, NULL, 0.00, 'percent', 0.00, 0.00, 0.00, 0.00, 0.00),
(43, 8, 'no', 'group1', 5, '2025-10-11 16:01:07', NULL, NULL, '', NULL, NULL, 0.00, 'percent', 0.00, 0.00, 0.00, 0.00, 0.00),
(44, 8, 'no', 'group1', 5, '2025-10-11 16:01:31', NULL, NULL, '', NULL, NULL, 0.00, 'percent', 0.00, 0.00, 0.00, 0.00, 0.00),
(45, 8, 'no', 'group1', 5, '2025-10-11 16:03:14', NULL, NULL, '', NULL, NULL, 0.00, 'percent', 0.00, 0.00, 0.00, 0.00, 0.00),
(47, 8, 'yes', 'group1', 5, '2025-10-11 16:13:54', 5, '2025-10-12 16:48:17', 'حكمنتةىلا', NULL, NULL, 0.00, 'percent', 0.00, 0.00, 0.00, 0.00, 0.00),
(48, 8, 'no', 'group1', 5, '2025-10-11 16:20:14', NULL, NULL, '', NULL, NULL, 0.00, 'percent', 0.00, 0.00, 0.00, 0.00, 0.00),
(50, 8, 'no', 'group1', 5, '2025-10-11 16:20:49', NULL, NULL, '', NULL, NULL, 0.00, 'percent', 0.00, 0.00, 0.00, 0.00, 0.00),
(51, 8, 'no', 'group1', 5, '2025-10-11 16:21:00', NULL, NULL, '', NULL, NULL, 0.00, 'percent', 0.00, 0.00, 0.00, 0.00, 0.00),
(53, 8, 'no', 'group1', 5, '2025-10-11 16:22:11', NULL, NULL, '', NULL, NULL, 0.00, 'percent', 0.00, 0.00, 0.00, 0.00, 0.00),
(56, 8, 'no', 'group1', 5, '2025-10-11 16:23:17', NULL, NULL, '', NULL, NULL, 0.00, 'percent', 0.00, 0.00, 0.00, 0.00, 0.00),
(57, 8, 'no', 'group1', 5, '2025-10-11 16:23:30', NULL, NULL, '', NULL, NULL, 0.00, 'percent', 0.00, 0.00, 0.00, 0.00, 0.00),
(58, 8, 'no', 'group1', 5, '2025-10-11 16:24:15', NULL, NULL, '', NULL, NULL, 0.00, 'percent', 0.00, 0.00, 0.00, 0.00, 0.00),
(59, 11, 'no', 'group1', 5, '2025-10-11 16:24:33', NULL, NULL, '', NULL, NULL, 0.00, 'percent', 0.00, 0.00, 0.00, 0.00, 0.00),
(61, 8, 'no', 'group1', 5, '2025-10-11 16:25:01', NULL, NULL, '', NULL, NULL, 0.00, 'percent', 0.00, 0.00, 0.00, 0.00, 0.00),
(64, 8, 'no', 'group1', 5, '2025-10-11 16:26:09', NULL, NULL, '', NULL, NULL, 0.00, 'percent', 0.00, 0.00, 0.00, 0.00, 0.00),
(65, 8, 'no', 'group1', 5, '2025-10-11 16:26:45', NULL, NULL, '', NULL, NULL, 0.00, 'percent', 0.00, 0.00, 0.00, 0.00, 0.00),
(67, 8, 'no', 'group1', 5, '2025-10-11 16:28:12', NULL, NULL, '', NULL, NULL, 0.00, 'percent', 0.00, 0.00, 0.00, 0.00, 0.00),
(70, 8, 'no', 'group1', 5, '2025-10-11 23:19:57', NULL, NULL, '', NULL, NULL, 0.00, 'percent', 0.00, 0.00, 0.00, 0.00, 0.00),
(71, 8, 'no', 'group1', 5, '2025-10-11 23:26:20', NULL, NULL, '', NULL, NULL, 0.00, 'percent', 0.00, 0.00, 0.00, 0.00, 0.00),
(75, 8, 'no', 'group1', 5, '2025-10-11 23:36:25', NULL, NULL, '', NULL, NULL, 0.00, 'percent', 0.00, 0.00, 0.00, 0.00, 0.00),
(76, 8, 'no', 'group1', 5, '2025-10-12 00:14:35', NULL, NULL, '', NULL, NULL, 0.00, 'percent', 0.00, 0.00, 0.00, 0.00, 0.00),
(77, 8, 'no', 'group1', 5, '2025-10-12 00:15:08', NULL, NULL, '', NULL, NULL, 0.00, 'percent', 0.00, 0.00, 0.00, 0.00, 0.00),
(78, 8, 'no', 'group1', 5, '2025-10-12 00:15:49', NULL, NULL, '', NULL, NULL, 0.00, 'percent', 0.00, 0.00, 0.00, 0.00, 0.00),
(79, 8, 'yes', 'group1', 5, '2025-10-12 00:16:25', NULL, NULL, '', NULL, NULL, 0.00, 'percent', 0.00, 0.00, 0.00, 0.00, 0.00),
(80, 8, 'no', 'group1', 5, '2025-10-12 00:20:38', NULL, NULL, '', NULL, NULL, 0.00, 'percent', 0.00, 0.00, 0.00, 0.00, 0.00),
(83, 8, 'yes', 'group1', 5, '2025-10-12 00:23:04', 5, '2025-10-22 21:08:46', '', NULL, NULL, 0.00, 'percent', 0.00, 0.00, 0.00, 0.00, 0.00),
(87, 8, 'yes', 'group1', 5, '2025-10-12 16:30:18', 5, '2025-10-22 21:06:45', '', NULL, NULL, 0.00, 'percent', 0.00, 0.00, 0.00, 0.00, 0.00),
(88, 8, 'yes', 'group1', 5, '2025-10-12 16:30:41', 5, '2025-10-12 16:48:06', 'حكمنته', NULL, NULL, 0.00, 'percent', 0.00, 0.00, 0.00, 0.00, 0.00),
(89, 8, 'yes', 'group1', 5, '2025-10-12 16:31:26', 5, '2025-10-12 16:48:04', 'نونو', NULL, NULL, 0.00, 'percent', 0.00, 0.00, 0.00, 0.00, 0.00),
(90, 8, 'yes', 'group1', 5, '2025-10-12 16:37:46', 5, '2025-10-12 16:48:02', 'mknjhbvxcfvgfedkalxz\'\r\nAQWS\r\n trbV BRFTDNRMS,./A\r\n\r\n.zas02d1er4as152ZSCWf2', NULL, NULL, 0.00, 'percent', 0.00, 0.00, 0.00, 0.00, 0.00),
(91, 8, 'yes', 'group1', 5, '2025-10-12 16:55:43', NULL, NULL, '', NULL, NULL, 0.00, 'percent', 0.00, 0.00, 0.00, 0.00, 0.00),
(92, 8, 'yes', 'group1', 5, '2025-10-12 17:08:50', NULL, NULL, '', NULL, NULL, 0.00, 'percent', 0.00, 0.00, 0.00, 0.00, 0.00),
(93, 8, 'yes', 'group1', 5, '2025-10-12 17:14:51', 5, '2025-10-22 20:58:38', '', NULL, NULL, 0.00, 'percent', 0.00, 0.00, 0.00, 0.00, 0.00),
(94, 8, 'canceled', 'group1', 5, '2025-10-13 07:15:50', 5, '2025-10-22 19:46:20', '', NULL, NULL, 0.00, 'percent', 0.00, 0.00, 0.00, 0.00, 0.00),
(95, 8, 'yes', 'group1', 5, '2025-10-13 07:43:14', 5, '2025-10-13 11:06:11', '', NULL, NULL, 0.00, 'percent', 0.00, 0.00, 0.00, 0.00, 0.00),
(96, 11, 'canceled', 'group1', 5, '2025-10-13 22:35:02', 5, '2025-10-22 19:46:09', '', NULL, NULL, 0.00, 'percent', 0.00, 0.00, 0.00, 0.00, 0.00),
(97, 8, 'yes', 'group1', 5, '2025-10-13 23:08:46', 5, '2025-10-15 20:19:49', '', NULL, NULL, 0.00, 'percent', 0.00, 0.00, 0.00, 0.00, 0.00),
(98, 11, 'canceled', 'group1', 5, '2025-10-13 23:09:17', 5, '2025-10-22 19:46:03', '', NULL, NULL, 0.00, 'percent', 0.00, 0.00, 0.00, 0.00, 0.00),
(99, 8, 'canceled', 'group1', 5, '2025-10-13 23:09:35', 5, '2025-10-15 19:56:54', '', NULL, NULL, 0.00, 'percent', 0.00, 0.00, 0.00, 0.00, 0.00),
(100, 8, 'canceled', 'group1', 5, '2025-10-22 08:44:52', 5, '2025-10-22 18:06:58', '', NULL, NULL, 0.00, 'percent', 0.00, 0.00, 0.00, 0.00, 0.00),
(101, 9, 'yes', 'group1', 5, '2025-10-23 12:23:17', 5, '2025-10-23 12:25:28', '', NULL, NULL, 0.00, 'percent', 0.00, 0.00, 0.00, 0.00, 0.00),
(102, 8, 'no', 'group1', 5, '2025-10-23 12:28:28', NULL, NULL, '', NULL, NULL, 0.00, 'percent', 0.00, 0.00, 0.00, 0.00, 0.00),
(103, 8, 'no', 'group1', 5, '2025-10-23 12:30:33', NULL, NULL, '', NULL, NULL, 0.00, 'percent', 0.00, 0.00, 0.00, 0.00, 0.00),
(104, 8, 'no', 'group1', 5, '2025-10-23 13:13:10', NULL, NULL, '', NULL, NULL, 0.00, 'percent', 0.00, 0.00, 0.00, 0.00, 0.00),
(105, 9, 'canceled', 'group1', 5, '2025-10-23 19:01:15', 5, '2025-10-25 04:54:44', '', NULL, NULL, 0.00, 'percent', 0.00, 0.00, 0.00, 0.00, 0.00),
(106, 11, 'canceled', 'group1', 5, '2025-10-23 19:06:04', 5, '2025-10-25 04:17:36', '', NULL, NULL, 0.00, 'percent', 0.00, 0.00, 0.00, 0.00, 0.00),
(107, 8, 'yes', 'group1', 5, '2025-10-24 11:17:38', NULL, NULL, '', NULL, NULL, 0.00, 'percent', 0.00, 0.00, 0.00, 0.00, 0.00),
(108, 11, 'yes', 'group1', 5, '2025-10-24 11:19:05', 5, '2025-10-24 11:19:14', '', NULL, NULL, 0.00, 'percent', 0.00, 0.00, 0.00, 0.00, 0.00),
(109, 9, 'yes', 'group1', 5, '2025-10-25 04:18:30', 5, '2025-10-25 04:20:30', '', NULL, NULL, 0.00, 'percent', 0.00, 0.00, 0.00, 0.00, 0.00),
(110, 11, 'yes', 'group1', 5, '2025-10-25 04:27:44', 5, '2025-10-25 04:34:09', '', NULL, NULL, 0.00, 'percent', 0.00, 0.00, 0.00, 0.00, 0.00),
(111, 8, 'yes', 'group1', 5, '2025-10-25 04:56:10', 5, '2025-10-25 05:01:16', '', NULL, NULL, 0.00, 'percent', 0.00, 0.00, 0.00, 0.00, 0.00),
(112, 11, 'canceled', 'group1', 5, '2025-10-25 05:04:30', 5, '2025-10-25 05:04:51', '', NULL, NULL, 0.00, 'percent', 0.00, 0.00, 0.00, 0.00, 0.00),
(113, 8, 'canceled', 'group1', 5, '2025-10-25 05:05:40', 5, '2025-10-25 05:23:58', '', NULL, NULL, 0.00, 'percent', 0.00, 0.00, 0.00, 0.00, 0.00),
(114, 8, 'canceled', 'group1', 5, '2025-10-25 05:24:17', 5, '2025-10-25 19:22:32', '', NULL, NULL, 0.00, 'percent', 0.00, 0.00, 0.00, 0.00, 0.00),
(115, 8, 'canceled', 'group1', 5, '2025-10-25 19:23:55', 5, '2025-10-25 21:01:33', '', NULL, NULL, 0.00, 'percent', 0.00, 0.00, 0.00, 0.00, 0.00),
(116, 8, 'canceled', 'group1', 5, '2025-10-25 21:02:14', 5, '2025-10-25 21:13:28', '', NULL, NULL, 0.00, 'percent', 0.00, 0.00, 0.00, 0.00, 0.00),
(117, 8, 'canceled', 'group1', 5, '2025-10-25 21:06:15', 5, '2025-10-25 21:13:19', '', NULL, NULL, 0.00, 'percent', 0.00, 0.00, 0.00, 0.00, 0.00),
(118, 8, 'canceled', 'group1', 5, '2025-10-25 21:17:13', 5, '2025-10-25 21:21:33', '', NULL, NULL, 0.00, 'percent', 0.00, 0.00, 0.00, 0.00, 0.00),
(119, 8, 'canceled', 'group1', 5, '2025-10-25 21:22:19', 5, '2025-10-25 21:33:18', '', NULL, NULL, 0.00, 'percent', 0.00, 0.00, 0.00, 0.00, 0.00),
(120, 11, 'no', 'group1', 5, '2025-10-25 21:33:43', NULL, NULL, '', NULL, NULL, 0.00, 'percent', 0.00, 0.00, 0.00, 0.00, 0.00),
(121, 8, 'no', 'group1', 5, '2025-10-25 22:17:39', NULL, NULL, '', NULL, NULL, 0.00, 'percent', 0.00, 0.00, 0.00, 0.00, 0.00),
(122, 8, 'yes', 'group1', 5, '2025-10-26 10:49:44', NULL, NULL, '', NULL, NULL, 0.00, 'percent', 0.00, 0.00, 0.00, 0.00, 0.00),
(126, 8, 'no', 'group1', 5, '2025-11-03 19:43:19', NULL, NULL, '', NULL, NULL, 20.00, 'percent', 0.00, 0.00, 20.00, 0.00, 20.00),
(127, 11, 'no', 'group1', 5, '2025-11-03 19:55:26', NULL, NULL, '', NULL, NULL, 20.00, 'percent', 25.00, 5.00, 15.00, 0.00, 20.00),
(128, 11, 'no', 'group1', 5, '2025-11-03 20:26:02', NULL, NULL, '', NULL, NULL, 20.00, 'amount', 10.00, 10.00, 10.00, 0.00, 20.00),
(129, 8, 'yes', 'group1', 5, '2025-11-05 12:57:23', NULL, NULL, '', NULL, NULL, 20.00, 'percent', 0.00, 0.00, 20.00, 0.00, 20.00),
(130, 8, 'no', 'group1', 5, '2025-11-05 12:57:35', NULL, NULL, '', NULL, NULL, 20.00, 'percent', 0.00, 0.00, 20.00, 0.00, 20.00),
(131, 8, 'no', 'group1', 5, '2025-11-05 15:14:47', NULL, NULL, '', NULL, NULL, 20.00, 'amount', 0.00, 0.00, 20.00, 0.00, 20.00);

-- --------------------------------------------------------

--
-- Table structure for table `invoice_cancellations`
--

CREATE TABLE `invoice_cancellations` (
  `id` int(11) NOT NULL,
  `invoice_out_id` int(11) NOT NULL,
  `cancelled_by` int(11) NOT NULL,
  `cancelled_at` datetime NOT NULL DEFAULT current_timestamp(),
  `reason` text DEFAULT NULL,
  `total_restored_qty` decimal(12,3) DEFAULT 0.000
) ENGINE=InnoDB DEFAULT CHARSET=utf8mb4 COLLATE=utf8mb4_general_ci;

--
-- Dumping data for table `invoice_cancellations`
--

INSERT INTO `invoice_cancellations` (`id`, `invoice_out_id`, `cancelled_by`, `cancelled_at`, `reason`, `total_restored_qty`) VALUES
(1, 5, 5, '2025-10-02 18:26:15', ',', 0.100),
(2, 6, 5, '2025-10-05 10:26:31', '1\r\n/.,mn', 0.800),
(3, 99, 5, '2025-10-15 22:56:54', '0', 2.000),
(4, 100, 5, '2025-10-22 21:06:58', '\';lkjhgfd', 4.000),
(5, 98, 5, '2025-10-22 22:46:03', ';lkjmnb', 0.000),
(6, 96, 5, '2025-10-22 22:46:09', ';lkn', 2.000),
(7, 94, 5, '2025-10-22 22:46:20', 'nn', 0.000),
(8, 106, 5, '2025-10-25 07:17:36', 'i,', 3.000),
(9, 105, 5, '2025-10-25 07:54:44', 'n', 5.000),
(10, 112, 5, '2025-10-25 08:04:51', 'وةى', 4.000),
(11, 113, 5, '2025-10-25 08:23:58', 'وةى', 1.000),
(12, 114, 5, '2025-10-25 22:22:32', 'dpvf', 4.000),
(13, 115, 5, '2025-10-26 00:01:33', 'km', 1.000),
(14, 117, 5, '2025-10-26 00:13:19', ',', 1.000),
(15, 116, 5, '2025-10-26 00:13:28', ',', 1.000),
(16, 118, 5, '2025-10-26 00:21:33', 'jhn', 2.000),
(17, 119, 5, '2025-10-26 00:33:18', 'jn', 3.000);

-- --------------------------------------------------------

--
-- Table structure for table `invoice_cancellation_allocations`
--

CREATE TABLE `invoice_cancellation_allocations` (
  `id` int(11) NOT NULL,
  `cancellation_id` int(11) NOT NULL,
  `sale_item_allocation_id` int(11) NOT NULL,
  `batch_id` int(11) NOT NULL,
  `qty_restored` decimal(12,3) NOT NULL,
  `unit_cost` decimal(12,4) DEFAULT NULL
) ENGINE=InnoDB DEFAULT CHARSET=utf8mb4 COLLATE=utf8mb4_general_ci;

--
-- Dumping data for table `invoice_cancellation_allocations`
--

INSERT INTO `invoice_cancellation_allocations` (`id`, `cancellation_id`, `sale_item_allocation_id`, `batch_id`, `qty_restored`, `unit_cost`) VALUES
(1, 1, 5, 2, 0.100, 75.0000),
(2, 2, 6, 2, 0.800, 75.0000),
(3, 3, 70, 6, 2.000, 0.0000),
(4, 4, 71, 5, 2.000, 0.0000),
(5, 4, 72, 12, 1.000, 0.0000),
(6, 4, 73, 13, 1.000, 0.5200),
(7, 6, 66, 9, 1.000, 0.0000),
(8, 6, 67, 8, 1.000, 0.0000),
(9, 8, 86, 18, 3.000, 50.0000),
(10, 9, 82, 15, 3.000, 10.0000),
(11, 9, 83, 16, 1.000, 10.0000),
(12, 9, 84, 17, 1.000, 50.0000),
(13, 10, 98, 21, 3.000, 10.0000),
(14, 10, 99, 22, 1.000, 50.0000),
(15, 11, 100, 21, 1.000, 10.0000),
(16, 12, 102, 21, 3.000, 10.0000),
(17, 12, 103, 22, 1.000, 50.0000),
(18, 13, 104, 21, 1.000, 10.0000),
(19, 14, 108, 21, 1.000, 10.0000),
(20, 15, 106, 21, 1.000, 10.0000),
(21, 16, 110, 21, 2.000, 10.0000),
(22, 17, 112, 21, 3.000, 10.0000);

-- --------------------------------------------------------

--
-- Table structure for table `invoice_out_items`
--

CREATE TABLE `invoice_out_items` (
  `id` int(11) NOT NULL COMMENT 'المعرف التلقائي لبند الفاتورة',
  `invoice_out_id` int(11) NOT NULL COMMENT 'معرف الفاتورة الصادرة (مفتاح أجنبي لجدول invoices_out)',
  `product_id` int(11) NOT NULL COMMENT 'معرف المنتج (مفتاح أجنبي لجدول products)',
  `quantity` decimal(10,2) NOT NULL COMMENT 'الكمية المباعة من المنتج',
  `total_price` decimal(10,2) NOT NULL COMMENT 'السعر الإجمالي للبند (الكمية * سعر الوحدة)',
  `cost_price_per_unit` decimal(10,2) NOT NULL DEFAULT 0.00,
  `created_at` timestamp NOT NULL DEFAULT current_timestamp() COMMENT 'تاريخ إضافة البند',
  `updated_at` timestamp NULL DEFAULT NULL ON UPDATE current_timestamp() COMMENT 'تاريخ آخر تعديل للبند',
  `selling_price` decimal(10,2) NOT NULL
) ENGINE=InnoDB DEFAULT CHARSET=utf8mb4 COLLATE=utf8mb4_unicode_ci;

--
-- Dumping data for table `invoice_out_items`
--

INSERT INTO `invoice_out_items` (`id`, `invoice_out_id`, `product_id`, `quantity`, `total_price`, `cost_price_per_unit`, `created_at`, `updated_at`, `selling_price`) VALUES
(1, 1, 34, 0.50, 60.00, 80.00, '2025-10-01 14:16:06', NULL, 120.00),
(2, 2, 35, 0.10, 15.00, 75.00, '2025-10-01 14:20:00', NULL, 150.00),
(3, 3, 34, 0.25, 30.00, 80.00, '2025-10-01 14:47:14', NULL, 120.00),
(4, 4, 35, 0.10, 15.00, 75.00, '2025-10-01 14:48:03', NULL, 150.00),
(5, 5, 35, 0.10, 10.00, 75.00, '2025-10-02 15:25:59', NULL, 100.00),
(6, 6, 35, 0.80, 80.00, 75.00, '2025-10-05 07:25:17', NULL, 100.00),
(7, 7, 35, 0.80, 80.00, 75.00, '2025-10-11 14:51:23', NULL, 100.00),
(8, 8, 34, 1.00, 100.00, 80.00, '2025-10-11 15:05:28', NULL, 100.00),
(9, 9, 34, 0.20, 20.00, 80.00, '2025-10-11 15:05:57', NULL, 100.00),
(10, 21, 34, 0.05, 5.00, 80.00, '2025-10-11 15:12:51', NULL, 100.00),
(14, 33, 25, 1.00, 0.00, 0.00, '2025-10-11 15:36:00', NULL, 0.00),
(15, 38, 25, 1.00, 0.00, 0.00, '2025-10-11 15:42:48', NULL, 0.00),
(16, 39, 25, 1.00, 0.00, 0.00, '2025-10-11 15:43:16', NULL, 0.00),
(17, 43, 25, 1.00, 0.00, 0.00, '2025-10-11 16:01:07', NULL, 0.00),
(18, 44, 25, 1.00, 0.00, 0.00, '2025-10-11 16:01:31', NULL, 0.00),
(19, 45, 25, 1.00, 0.00, 0.00, '2025-10-11 16:03:14', NULL, 0.00),
(20, 47, 25, 1.00, 0.00, 0.00, '2025-10-11 16:13:54', NULL, 0.00),
(21, 48, 25, 1.00, 0.00, 0.00, '2025-10-11 16:20:14', NULL, 0.00),
(22, 50, 25, 1.00, 0.00, 0.00, '2025-10-11 16:20:49', NULL, 0.00),
(23, 51, 25, 1.00, 0.00, 0.00, '2025-10-11 16:21:00', NULL, 0.00),
(24, 53, 25, 1.00, 0.00, 0.00, '2025-10-11 16:22:11', NULL, 0.00),
(25, 56, 25, 1.00, 0.00, 0.00, '2025-10-11 16:23:17', NULL, 0.00),
(26, 57, 25, 1.00, 0.00, 0.00, '2025-10-11 16:23:30', NULL, 0.00),
(27, 58, 25, 1.00, 0.00, 0.00, '2025-10-11 16:24:15', NULL, 0.00),
(28, 59, 25, 1.00, 0.00, 0.00, '2025-10-11 16:24:33', NULL, 0.00),
(29, 61, 25, 1.00, 0.00, 0.00, '2025-10-11 16:25:01', NULL, 0.00),
(30, 64, 25, 1.00, 0.00, 0.00, '2025-10-11 16:26:09', NULL, 0.00),
(31, 65, 25, 1.00, 0.00, 0.00, '2025-10-11 16:26:45', NULL, 0.00),
(32, 67, 25, 1.00, 0.00, 0.00, '2025-10-11 16:28:12', NULL, 0.00),
(33, 70, 25, 1.00, 0.00, 0.00, '2025-10-11 23:19:57', NULL, 0.00),
(34, 71, 25, 1.00, 0.00, 0.00, '2025-10-11 23:26:21', NULL, 0.00),
(35, 75, 25, 1.00, 0.00, 0.00, '2025-10-11 23:36:25', NULL, 0.00),
(36, 76, 25, 1.00, 0.00, 0.00, '2025-10-12 00:14:35', NULL, 0.00),
(37, 77, 25, 1.00, 0.00, 0.00, '2025-10-12 00:15:09', NULL, 0.00),
(38, 78, 25, 1.00, 520.00, 0.00, '2025-10-12 00:15:50', NULL, 520.00),
(39, 79, 25, 1.00, 0.00, 0.00, '2025-10-12 00:16:25', NULL, 0.00),
(40, 80, 25, 1.00, 0.00, 0.00, '2025-10-12 00:20:38', NULL, 0.00),
(41, 83, 25, 1.00, 0.00, 0.00, '2025-10-12 00:23:04', NULL, 0.00),
(42, 87, 25, 2.00, 0.00, 0.00, '2025-10-12 16:30:18', NULL, 0.00),
(43, 88, 25, 1.00, 0.00, 0.00, '2025-10-12 16:30:41', NULL, 0.00),
(44, 89, 25, 1.00, 0.00, 0.00, '2025-10-12 16:31:26', NULL, 0.00),
(45, 90, 25, 1.00, 0.00, 0.00, '2025-10-12 16:37:46', NULL, 0.00),
(46, 91, 25, 1.00, 0.00, 0.00, '2025-10-12 16:55:43', NULL, 0.00),
(47, 91, 19, 1.00, 0.00, 0.00, '2025-10-12 16:55:43', NULL, 0.00),
(48, 91, 18, 1.00, 0.00, 0.00, '2025-10-12 16:55:43', NULL, 0.00),
(49, 91, 20, 1.00, 0.00, 0.00, '2025-10-12 16:55:43', NULL, 0.00),
(50, 92, 25, 1.00, 0.00, 0.00, '2025-10-12 17:08:50', NULL, 0.00),
(51, 92, 20, 1.00, 0.00, 0.00, '2025-10-12 17:08:50', NULL, 0.00),
(52, 92, 19, 1.00, 0.00, 0.00, '2025-10-12 17:08:50', NULL, 0.00),
(53, 92, 18, 1.00, 0.00, 0.00, '2025-10-12 17:08:50', NULL, 0.00),
(54, 92, 13, 1.00, 0.00, 0.00, '2025-10-12 17:08:50', NULL, 0.00),
(55, 92, 12, 1.00, 0.00, 0.00, '2025-10-12 17:08:50', NULL, 0.00),
(56, 92, 11, 1.00, 0.00, 0.00, '2025-10-12 17:08:50', NULL, 0.00),
(57, 92, 10, 1.00, 0.00, 0.00, '2025-10-12 17:08:50', NULL, 0.00),
(65, 95, 25, 4.00, 1000.00, 0.00, '2025-10-13 07:43:14', NULL, 250.00),
(66, 96, 11, 1.00, 0.00, 0.00, '2025-10-13 22:35:02', NULL, 0.00),
(67, 96, 10, 2.00, 0.00, 0.00, '2025-10-13 22:35:02', '2025-10-15 20:18:30', 0.00),
(70, 99, 25, 2.00, 0.00, 0.00, '2025-10-13 23:09:35', NULL, 0.00),
(71, 100, 20, 2.00, 0.00, 0.00, '2025-10-22 08:44:52', NULL, 0.00),
(72, 100, 18, 2.00, 0.00, 0.26, '2025-10-22 08:44:52', NULL, 0.00),
(73, 101, 36, 2.00, 120.00, 10.00, '2025-10-23 12:23:17', '2025-10-23 12:25:05', 20.00),
(74, 102, 36, 1.00, 20.00, 10.00, '2025-10-23 12:28:28', '2025-10-25 05:22:42', 20.00),
(76, 103, 25, 1.00, 0.00, 0.00, '2025-10-23 12:30:33', '2025-10-25 05:12:48', 0.00),
(77, 104, 36, 1.00, 50.00, 10.00, '2025-10-23 13:13:10', '2025-10-23 19:00:33', 20.00),
(80, 105, 36, 1.00, 100.00, 18.00, '2025-10-23 19:01:15', '2025-10-23 19:01:48', 100.00),
(82, 106, 36, 1.00, 400.00, 62.50, '2025-10-23 19:06:04', '2025-10-23 19:09:19', 200.00),
(83, 107, 36, 1.00, 200.00, 100.00, '2025-10-24 11:17:38', NULL, 200.00),
(84, 108, 36, 7.00, 1400.00, 100.00, '2025-10-24 11:19:05', NULL, 200.00),
(85, 108, 18, 1.00, 0.00, 0.00, '2025-10-24 11:19:05', NULL, 0.00),
(86, 109, 36, 2.00, 400.00, 70.00, '2025-10-25 04:18:30', '2025-10-25 04:19:50', 200.00),
(87, 110, 36, 1.00, 200.00, 83.33, '2025-10-25 04:27:44', '2025-10-25 04:33:37', 200.00),
(88, 111, 36, 2.00, 400.00, 18.00, '2025-10-25 04:56:10', '2025-10-25 04:58:55', 200.00),
(89, 112, 37, 4.00, 400.00, 20.00, '2025-10-25 05:04:30', NULL, 100.00),
(90, 113, 37, 1.00, 100.00, 26.00, '2025-10-25 05:05:40', '2025-10-25 05:07:22', 100.00),
(91, 114, 37, 4.00, 400.00, 26.00, '2025-10-25 05:24:17', '2025-10-25 05:25:36', 100.00),
(92, 115, 37, 1.00, 100.00, 20.00, '2025-10-25 19:23:55', '2025-10-25 20:50:01', 100.00),
(93, 116, 37, 1.00, 100.00, 10.00, '2025-10-25 21:02:14', '2025-10-25 21:04:32', 100.00),
(94, 117, 37, 1.00, 100.00, 10.00, '2025-10-25 21:06:16', '2025-10-25 21:12:17', 100.00),
(95, 118, 37, 2.00, 200.00, 10.00, '2025-10-25 21:17:13', '2025-10-25 21:19:59', 100.00),
(96, 119, 37, 3.00, 300.00, 20.00, '2025-10-25 21:22:19', '2025-10-25 21:24:59', 100.00),
(97, 120, 37, 3.00, 300.00, 10.00, '2025-10-25 21:33:43', '2025-10-25 21:36:56', 100.00),
(98, 121, 37, 1.00, 80.00, 50.00, '2025-10-25 22:17:39', NULL, 80.00),
(99, 122, 37, 12.00, 1200.00, 83.33, '2025-10-26 10:49:44', NULL, 100.00),
(100, 126, 36, 1.00, 20.00, 10.00, '2025-11-03 19:43:19', NULL, 20.00),
(101, 127, 36, 1.00, 20.00, 10.00, '2025-11-03 19:55:26', NULL, 20.00),
(102, 128, 36, 1.00, 20.00, 10.00, '2025-11-03 20:26:02', NULL, 20.00),
(103, 129, 36, 1.00, 20.00, 10.00, '2025-11-05 12:57:23', NULL, 20.00),
(104, 130, 36, 1.00, 20.00, 50.00, '2025-11-05 12:57:35', NULL, 20.00),
(105, 131, 39, 1.00, 20.00, 10.00, '2025-11-05 15:14:47', NULL, 20.00);

-- --------------------------------------------------------

--
-- Table structure for table `products`
--

CREATE TABLE `products` (
  `id` int(11) NOT NULL COMMENT 'المعرف التلقائي للمنتج',
  `product_code` varchar(50) NOT NULL COMMENT 'كود المنتج الفريد',
  `name` varchar(255) NOT NULL COMMENT 'اسم المنتج',
  `description` text DEFAULT NULL COMMENT 'وصف المنتج (اختياري)',
  `unit_of_measure` varchar(50) NOT NULL COMMENT 'وحدة القياس (مثال: قطعة، كجم، لتر)',
  `current_stock` decimal(10,2) NOT NULL DEFAULT 0.00 COMMENT 'الرصيد الحالي في المخزن',
  `reorder_level` decimal(10,2) NOT NULL DEFAULT 0.00 COMMENT 'حد إعادة الطلب (التنبيه عند وصول الرصيد إليه أو أقل)',
  `created_at` timestamp NOT NULL DEFAULT current_timestamp() COMMENT 'تاريخ الإنشاء',
  `updated_at` timestamp NULL DEFAULT NULL ON UPDATE current_timestamp() COMMENT 'تاريخ آخر تعديل',
  `cost_price` decimal(10,2) NOT NULL DEFAULT 0.00,
  `selling_price` decimal(10,2) NOT NULL,
  `retail_price` decimal(10,2) DEFAULT NULL COMMENT 'سعر البيع القطاعي (للعميل الفرد)'
) ENGINE=InnoDB DEFAULT CHARSET=utf8mb4 COLLATE=utf8mb4_unicode_ci COMMENT='جدول المنتجات المخزنة';

--
-- Dumping data for table `products`
--

INSERT INTO `products` (`id`, `product_code`, `name`, `description`, `unit_of_measure`, `current_stock`, `reorder_level`, `created_at`, `updated_at`, `cost_price`, `selling_price`, `retail_price`) VALUES
(1, '128مللي', 'مقبض اسود كبير', '', 'قطعة', 0.00, 30.00, '2025-10-01 11:55:01', '2025-10-01 19:32:10', 9.00, 20.00, NULL),
(2, '96مللي', 'مقبض اسود صغير', '', 'قطعة', 0.00, 30.00, '2025-10-01 12:07:31', '2025-10-01 19:32:16', 8.50, 0.00, NULL),
(3, 'm05 فضي', 'مفصلة فراشة فضي pukka', '', 'كارت 2 قطعة', 0.00, 10.00, '2025-10-01 12:09:18', '2025-10-01 19:32:20', 0.00, 0.00, NULL),
(4, 'm05 اسود', 'مفصلة فراشة اسود pukka', '', 'كارت 2 قطعة', 0.00, 10.00, '2025-10-01 12:10:15', '2025-10-01 19:32:25', 0.00, 0.00, NULL),
(6, '20mm ابيض', 'مسمار 2سم ابيض', '', 'علبة', 0.00, 5.00, '2025-10-01 12:16:12', '2025-10-01 19:33:25', 0.00, 0.00, NULL),
(7, '30mm ابيض', 'مسمار 3سم ابيض', '', 'علبة', 0.00, 5.00, '2025-10-01 12:16:51', '2025-10-01 19:33:33', 0.00, 0.00, NULL),
(8, '40mm ابيض', 'مسمار 4سم ابيض', '', 'علبة', 0.00, 5.00, '2025-10-01 12:17:32', '2025-10-01 19:33:39', 0.00, 0.00, NULL),
(9, '50mm ابيض', 'مسمار 5سم ابيض', '', 'علبة', 0.00, 5.00, '2025-10-01 12:17:57', '2025-10-01 19:33:43', 0.00, 0.00, NULL),
(10, 'f15 turbo', 'دبوس 1.5سم مشط turbo', '', 'علبة', 4.00, 5.00, '2025-10-01 12:21:24', '2025-11-05 13:59:47', 0.00, 0.00, NULL),
(11, 'f20 tiger', 'دبوس 2سم مشط tiger', '', 'علبة', 5.00, 5.00, '2025-10-01 12:22:28', '2025-11-05 13:59:47', 0.00, 0.00, NULL),
(12, 'f30 tiger', 'دبوس 3سم مشط tiger', '', 'علبة', 3.00, 5.00, '2025-10-01 12:23:50', '2025-10-12 17:08:04', 0.00, 0.00, NULL),
(13, 'f40 turbo', 'دبوس 4سم مشط turbo', '', 'علبة', 2.00, 5.00, '2025-10-01 12:26:23', '2025-10-12 17:08:04', 0.00, 0.00, NULL),
(14, 'f50 turbo', 'دبوس 5سم مشط turbo', '', 'علبة', 0.00, 5.00, '2025-10-01 12:27:28', '2025-10-01 19:34:07', 0.00, 0.00, NULL),
(15, '1013j tiger', 'دبوس مشبك 1013', '', 'علبة', 0.00, 5.00, '2025-10-01 12:28:59', '2025-10-01 19:34:11', 0.00, 0.00, NULL),
(16, '8010 turbo', 'دبوس مشبك 8010 turbo', '', 'علبة', 0.00, 5.00, '2025-10-01 12:30:50', '2025-10-01 19:34:15', 0.00, 0.00, NULL),
(17, 'x-seal 1991', 'علبة مادة كبيرة (امير) seal', '', 'قطعة', 0.00, 5.00, '2025-10-01 12:34:08', '2025-10-01 19:34:19', 0.00, 0.00, NULL),
(18, '650f  falcon', 'امبوبة سيلكون عضم صغير رمادي', '', 'كارت', 5.00, 0.00, '2025-10-01 12:37:52', '2025-11-05 13:59:46', 0.00, 0.00, NULL),
(19, 'super glue', 'امير الصاروخ صغير', '', 'قطعة', 6.00, 0.00, '2025-10-01 12:41:02', '2025-11-05 13:59:46', 0.00, 0.00, NULL),
(20, 'GP-5000', 'امير الصاروخ لزوجة ثقيلة', '', 'امبوبة', 9.00, 5.00, '2025-10-01 12:42:30', '2025-11-05 13:59:47', 0.00, 0.00, NULL),
(21, 'blade usa', 'مقشطة شريط', '', 'قطعة', 0.00, 5.00, '2025-10-01 12:44:34', '2025-10-01 19:34:40', 0.00, 0.00, NULL),
(22, 'ATQ 80N', 'دراع باكم', '', 'قطعة', 0.00, 5.00, '2025-10-01 12:45:58', '2025-10-01 19:34:43', 0.00, 0.00, NULL),
(23, '10cm-reglStenls', 'رجل ساتانلس', '', 'قطعة', 0.00, 4.00, '2025-10-01 12:47:41', '2025-10-01 19:34:47', 0.00, 0.00, NULL),
(24, 'sopa3-Tatch', 'صباع تاتش', '', 'قطعة', 0.00, 5.00, '2025-10-01 12:48:45', '2025-10-01 19:34:51', 0.00, 0.00, NULL),
(25, 'sadadda01', 'صدادة باب ابيض', NULL, 'قطعة', 52.00, 5.00, '2025-10-01 12:49:52', '2025-11-03 20:46:14', 0.00, 100.00, NULL),
(27, 'P40 sarokh', 'فرخ صنفرة كليتشه 40', '', 'قطعة', 0.00, 5.00, '2025-10-01 12:51:27', '2025-10-01 19:37:34', 0.00, 0.00, NULL),
(28, 'P120 sarokh', 'فرخ صنفرة كليتشه 120', '', 'قطعة', 0.00, 5.00, '2025-10-01 12:52:09', '2025-10-01 19:37:39', 0.00, 0.00, NULL),
(29, '14000010-ALI', 'طلمبة كمبيوتر ALI', '', 'قطعة', 0.00, 5.00, '2025-10-01 12:54:07', '2025-10-01 19:37:42', 0.00, 0.00, NULL),
(30, 'sadadda02', 'صدادة باب بني', '', 'قطعة', 0.00, 5.00, '2025-10-01 12:56:21', '2025-10-01 19:37:47', 0.00, 0.00, NULL),
(33, '1000تكاية-بني', 'كيس تكاية كبير بني 1000', '', 'كيس', 0.00, 3.00, '2025-10-01 12:58:08', '2025-10-01 19:38:37', 0.00, 0.00, NULL),
(34, '16mm ابيض', 'مسمار 1.5سم ابيض', '', 'علبة', 2.00, 5.00, '2025-10-01 12:15:26', '2025-10-01 14:14:31', 0.00, 0.00, NULL),
(35, '1000تكاية-ابيض', 'كيس تكاية كبير ابيض 1000', '', 'كيس', 1.00, 3.00, '2025-10-01 12:57:16', '2025-10-01 14:19:24', 0.00, 0.00, NULL),
(36, '21222', 'كوكو', NULL, 'قطعه', 28.00, 0.00, '2025-10-23 12:21:16', '2025-11-05 13:53:06', 10.00, 20.00, 120.00),
(37, '212224', 'لبس', NULL, 'قطعه', 16.00, 0.00, '2025-10-25 05:02:58', '2025-10-26 10:49:08', 90.00, 100.00, NULL),
(38, '2122m2d', 'كوكو', NULL, 'قطعه', 0.00, 0.00, '2025-11-05 13:56:31', NULL, 10.00, 20.00, 120.00),
(39, '2122m2d,m', 'gfd', NULL, 'قطعه', 5.00, 0.00, '2025-11-05 13:56:58', '2025-11-05 14:00:22', 10.00, 20.00, 150.00);

-- --------------------------------------------------------

--
-- Table structure for table `purchase_invoices`
--

CREATE TABLE `purchase_invoices` (
  `id` int(11) NOT NULL COMMENT 'المعرف التلقائي لفاتورة الشراء',
  `supplier_id` int(11) NOT NULL COMMENT 'معرف المورد (FK to suppliers.id)',
  `supplier_invoice_number` varchar(100) DEFAULT NULL COMMENT 'رقم فاتورة المورد (قد يكون فريداً لكل مورد)',
  `purchase_date` date NOT NULL COMMENT 'تاريخ الشراء/الفاتورة',
  `notes` text DEFAULT NULL COMMENT 'ملاحظات إضافية على الفاتورة',
  `total_amount` decimal(12,2) NOT NULL DEFAULT 0.00 COMMENT 'الإجمالي الكلي للفاتورة (يُحسب من البنود)',
  `status` enum('pending','partial_received','fully_received','cancelled') NOT NULL DEFAULT 'pending' COMMENT 'حالة فاتورة الشراء',
  `created_by` int(11) DEFAULT NULL COMMENT 'معرف المستخدم الذي أنشأ فاتورة الشراء (FK to users.id)',
  `created_at` timestamp NOT NULL DEFAULT current_timestamp() COMMENT 'تاريخ ووقت الإنشاء',
  `updated_by` int(11) DEFAULT NULL COMMENT 'معرف المستخدم الذي آخر من عدل بيانات رأس الفاتورة',
  `updated_at` timestamp NULL DEFAULT NULL ON UPDATE current_timestamp() COMMENT 'تاريخ آخر تعديل',
  `cancel_reason` varchar(255) DEFAULT NULL,
  `revert_reason` varchar(255) DEFAULT NULL
) ENGINE=InnoDB DEFAULT CHARSET=utf8mb4 COLLATE=utf8mb4_unicode_ci COMMENT='جدول فواتير المشتريات (الوارد)';

--
-- Dumping data for table `purchase_invoices`
--

INSERT INTO `purchase_invoices` (`id`, `supplier_id`, `supplier_invoice_number`, `purchase_date`, `notes`, `total_amount`, `status`, `created_by`, `created_at`, `updated_by`, `updated_at`, `cancel_reason`, `revert_reason`) VALUES
(1, 1, '', '2025-10-01', '', 160.00, 'fully_received', 5, '2025-10-01 14:14:31', NULL, '2025-10-01 14:14:31', NULL, NULL),
(2, 1, '', '2025-10-01', '', 75.00, 'fully_received', 5, '2025-10-01 14:19:15', 5, '2025-10-01 14:19:24', NULL, NULL),
(3, 2, '', '2025-10-02', '', 0.00, 'fully_received', 5, '2025-10-02 15:25:17', 5, '2025-10-02 15:25:26', NULL, NULL),
(4, 2, '', '2025-10-11', '', 0.00, 'fully_received', 5, '2025-10-11 15:33:40', NULL, NULL, NULL, NULL),
(5, 2, '', '2025-10-12', '', 0.00, 'fully_received', 5, '2025-10-12 17:08:04', NULL, NULL, NULL, NULL),
(6, 2, '', '2025-10-12', '', 0.00, 'fully_received', 5, '2025-10-12 19:56:13', NULL, NULL, NULL, NULL),
(7, 2, '', '2025-10-12', '', 0.52, 'fully_received', 5, '2025-10-12 19:56:28', 5, '2025-10-12 19:56:36', NULL, NULL),
(8, 2, '', '2025-10-13', '', 0.00, 'pending', 5, '2025-10-13 22:40:11', NULL, NULL, NULL, NULL),
(9, 2, '', '2025-10-23', '', 50.00, 'fully_received', 5, '2025-10-23 12:21:49', NULL, '2025-10-23 12:21:49', NULL, NULL),
(10, 1, '', '2025-10-23', '', 50.00, 'fully_received', 5, '2025-10-23 12:22:08', NULL, '2025-10-23 12:22:08', NULL, NULL),
(11, 2, '', '2025-10-23', '', 10.00, 'fully_received', 5, '2025-10-23 14:17:11', NULL, '2025-10-23 14:17:11', NULL, NULL),
(12, 2, '', '2025-10-23', '', 50.00, 'fully_received', 5, '2025-10-23 14:32:16', NULL, '2025-10-23 14:32:16', NULL, NULL),
(13, 2, '', '2025-10-23', '', 150.00, 'fully_received', 5, '2025-10-23 19:05:08', NULL, '2025-10-23 19:05:08', NULL, NULL),
(14, 2, '', '2025-10-23', '', 100.00, 'fully_received', 5, '2025-10-23 19:05:25', NULL, '2025-10-23 19:05:25', NULL, NULL),
(15, 2, '', '2025-10-24', '', 1200.00, 'fully_received', 5, '2025-10-24 11:18:29', NULL, '2025-10-24 11:18:29', NULL, NULL),
(16, 2, '', '2025-10-25', '', 30.00, 'fully_received', 5, '2025-10-25 05:03:28', NULL, '2025-10-25 05:03:28', NULL, NULL),
(17, 2, '', '2025-10-25', '', 150.00, 'fully_received', 5, '2025-10-25 05:03:53', 5, '2025-10-25 05:04:00', NULL, NULL),
(18, 2, '', '2025-10-25', '', 10.00, 'pending', 5, '2025-10-25 16:49:25', NULL, '2025-10-25 16:49:25', NULL, NULL),
(19, 2, '', '2025-10-26', '', 900.00, 'fully_received', 5, '2025-10-26 10:49:08', NULL, '2025-10-26 10:49:08', NULL, NULL),
(20, 2, '', '2025-11-05', '', 50.52, 'fully_received', 5, '2025-11-05 13:59:46', NULL, '2025-11-05 13:59:47', NULL, NULL);

-- --------------------------------------------------------

--
-- Table structure for table `purchase_invoice_items`
--

CREATE TABLE `purchase_invoice_items` (
  `id` int(11) NOT NULL COMMENT 'المعرف التلقائي لبند فاتورة الشراء',
  `batch_id` bigint(20) UNSIGNED DEFAULT NULL,
  `purchase_invoice_id` int(11) NOT NULL COMMENT 'معرف فاتورة الشراء (FK to purchase_invoices.id)',
  `product_id` int(11) NOT NULL COMMENT 'معرف المنتج (FK to products.id)',
  `quantity` decimal(13,4) NOT NULL DEFAULT 0.0000,
  `cost_price_per_unit` decimal(10,2) NOT NULL COMMENT 'سعر التكلفة للوحدة من المورد',
  `total_cost` decimal(12,2) NOT NULL COMMENT 'التكلفة الإجمالية للبند (الكمية المطلوبة * سعر التكلفة)',
  `sale_price` decimal(13,4) DEFAULT NULL,
  `created_at` timestamp NOT NULL DEFAULT current_timestamp(),
  `updated_at` timestamp NULL DEFAULT NULL ON UPDATE current_timestamp(),
  `qty_received` decimal(13,4) NOT NULL DEFAULT 0.0000,
  `qty_adjusted` decimal(13,4) DEFAULT NULL,
  `adjustment_reason` varchar(255) DEFAULT NULL,
  `adjusted_by` int(11) DEFAULT NULL,
  `adjusted_at` datetime DEFAULT NULL
) ENGINE=InnoDB DEFAULT CHARSET=utf8mb4 COLLATE=utf8mb4_unicode_ci;

--
-- Dumping data for table `purchase_invoice_items`
--

INSERT INTO `purchase_invoice_items` (`id`, `batch_id`, `purchase_invoice_id`, `product_id`, `quantity`, `cost_price_per_unit`, `total_cost`, `sale_price`, `created_at`, `updated_at`, `qty_received`, `qty_adjusted`, `adjustment_reason`, `adjusted_by`, `adjusted_at`) VALUES
(1, 1, 1, 34, 2.0000, 80.00, 160.00, 100.0000, '2025-10-01 14:14:31', '2025-10-01 14:14:31', 2.0000, NULL, NULL, NULL, NULL),
(2, 2, 2, 35, 1.0000, 75.00, 75.00, 100.0000, '2025-10-01 14:19:15', '2025-10-01 14:19:24', 1.0000, NULL, NULL, NULL, NULL),
(3, 3, 3, 18, 1.0000, 0.00, 0.00, 0.0000, '2025-10-02 15:25:17', '2025-10-02 15:25:26', 1.0000, NULL, NULL, NULL, NULL),
(4, 4, 4, 19, 2.0000, 0.00, 0.00, 0.0000, '2025-10-11 15:33:40', '2025-10-11 15:33:40', 2.0000, NULL, NULL, NULL, NULL),
(5, 5, 4, 20, 5.0000, 0.00, 0.00, 0.0000, '2025-10-11 15:33:40', '2025-10-11 15:33:40', 5.0000, NULL, NULL, NULL, NULL),
(6, 6, 4, 25, 52.0000, 0.00, 0.00, 0.0000, '2025-10-11 15:33:40', '2025-10-11 15:33:40', 52.0000, NULL, NULL, NULL, NULL),
(7, 7, 5, 18, 1.0000, 0.00, 0.00, 0.0000, '2025-10-12 17:08:04', '2025-10-12 17:08:04', 1.0000, NULL, NULL, NULL, NULL),
(8, 8, 5, 10, 3.0000, 0.00, 0.00, 0.0000, '2025-10-12 17:08:04', '2025-10-12 17:08:04', 3.0000, NULL, NULL, NULL, NULL),
(9, 9, 5, 11, 4.0000, 0.00, 0.00, 0.0000, '2025-10-12 17:08:04', '2025-10-12 17:08:04', 4.0000, NULL, NULL, NULL, NULL),
(10, 10, 5, 12, 3.0000, 0.00, 0.00, 0.0000, '2025-10-12 17:08:04', '2025-10-12 17:08:04', 3.0000, NULL, NULL, NULL, NULL),
(11, 11, 5, 13, 2.0000, 0.00, 0.00, 0.0000, '2025-10-12 17:08:04', '2025-10-12 17:08:04', 2.0000, NULL, NULL, NULL, NULL),
(12, 12, 6, 18, 1.0000, 0.00, 0.00, 0.0000, '2025-10-12 19:56:13', '2025-10-12 19:56:13', 1.0000, NULL, NULL, NULL, NULL),
(13, 13, 7, 18, 1.0000, 0.52, 0.52, 0.0000, '2025-10-12 19:56:28', '2025-10-12 19:56:36', 1.0000, NULL, NULL, NULL, NULL),
(14, NULL, 8, 19, 1.0000, 0.00, 0.00, 0.0000, '2025-10-13 22:40:11', NULL, 0.0000, NULL, NULL, NULL, NULL),
(15, 14, 9, 36, 5.0000, 10.00, 50.00, 20.0000, '2025-10-23 12:21:49', '2025-10-23 12:21:49', 5.0000, NULL, NULL, NULL, NULL),
(16, 15, 10, 36, 5.0000, 10.00, 50.00, 20.0000, '2025-10-23 12:22:08', '2025-10-23 12:22:08', 5.0000, NULL, NULL, NULL, NULL),
(17, 16, 11, 36, 1.0000, 10.00, 10.00, 100.0000, '2025-10-23 14:17:11', '2025-10-23 14:17:11', 1.0000, NULL, NULL, NULL, NULL),
(18, 17, 12, 36, 1.0000, 50.00, 50.00, 100.0000, '2025-10-23 14:32:16', '2025-10-23 14:32:16', 1.0000, NULL, NULL, NULL, NULL),
(19, 18, 13, 36, 3.0000, 50.00, 150.00, 100.0000, '2025-10-23 19:05:08', '2025-10-23 19:05:08', 3.0000, NULL, NULL, NULL, NULL),
(20, 19, 14, 36, 1.0000, 100.00, 100.00, 200.0000, '2025-10-23 19:05:25', '2025-10-23 19:05:25', 1.0000, NULL, NULL, NULL, NULL),
(21, 20, 15, 36, 12.0000, 100.00, 1200.00, 200.0000, '2025-10-24 11:18:29', '2025-10-24 11:18:29', 12.0000, NULL, NULL, NULL, NULL),
(22, 21, 16, 37, 3.0000, 10.00, 30.00, 20.0000, '2025-10-25 05:03:28', '2025-10-25 05:03:28', 3.0000, NULL, NULL, NULL, NULL),
(23, 22, 17, 37, 3.0000, 50.00, 150.00, 100.0000, '2025-10-25 05:03:53', '2025-10-25 05:04:00', 3.0000, NULL, NULL, NULL, NULL),
(24, NULL, 18, 20, 1.0000, 10.00, 10.00, 20.0000, '2025-10-25 16:49:25', NULL, 0.0000, NULL, NULL, NULL, NULL),
(25, 23, 19, 37, 10.0000, 90.00, 900.00, 100.0000, '2025-10-26 10:49:08', '2025-10-26 10:49:08', 10.0000, NULL, NULL, NULL, NULL),
(26, 24, 20, 39, 5.0000, 10.00, 50.00, 20.0000, '2025-11-05 13:59:46', '2025-11-05 13:59:46', 5.0000, NULL, NULL, NULL, NULL),
(27, 25, 20, 18, 1.0000, 0.52, 0.52, 0.0000, '2025-11-05 13:59:46', '2025-11-05 13:59:46', 1.0000, NULL, NULL, NULL, NULL),
(28, 26, 20, 19, 4.0000, 0.00, 0.00, 0.0000, '2025-11-05 13:59:46', '2025-11-05 13:59:47', 4.0000, NULL, NULL, NULL, NULL),
(29, 27, 20, 20, 4.0000, 0.00, 0.00, 0.0000, '2025-11-05 13:59:47', '2025-11-05 13:59:47', 4.0000, NULL, NULL, NULL, NULL),
(30, 28, 20, 10, 1.0000, 0.00, 0.00, 0.0000, '2025-11-05 13:59:47', '2025-11-05 13:59:47', 1.0000, NULL, NULL, NULL, NULL),
(31, 29, 20, 11, 1.0000, 0.00, 0.00, 0.0000, '2025-11-05 13:59:47', '2025-11-05 13:59:47', 1.0000, NULL, NULL, NULL, NULL);

-- --------------------------------------------------------

--
-- Table structure for table `sale_item_allocations`
--

CREATE TABLE `sale_item_allocations` (
  `id` bigint(20) UNSIGNED NOT NULL,
  `sale_item_id` int(11) NOT NULL,
  `batch_id` bigint(20) UNSIGNED NOT NULL,
  `qty` decimal(13,4) NOT NULL DEFAULT 0.0000,
  `unit_cost` decimal(13,4) NOT NULL DEFAULT 0.0000,
  `line_cost` decimal(18,4) NOT NULL DEFAULT 0.0000,
  `created_by` int(11) DEFAULT NULL,
  `created_at` datetime NOT NULL DEFAULT current_timestamp(),
  `updated_at` datetime NOT NULL DEFAULT current_timestamp() ON UPDATE current_timestamp()
) ENGINE=InnoDB DEFAULT CHARSET=utf8mb4 COLLATE=utf8mb4_unicode_ci;

--
-- Dumping data for table `sale_item_allocations`
--

INSERT INTO `sale_item_allocations` (`id`, `sale_item_id`, `batch_id`, `qty`, `unit_cost`, `line_cost`, `created_by`, `created_at`, `updated_at`) VALUES
(1, 1, 1, 0.5000, 80.0000, 40.0000, 5, '2025-10-01 16:16:06', '2025-10-01 16:16:06'),
(2, 2, 2, 0.1000, 75.0000, 7.5000, 5, '2025-10-01 16:20:00', '2025-10-01 16:20:00'),
(3, 3, 1, 0.2500, 80.0000, 20.0000, 5, '2025-10-01 16:47:14', '2025-10-01 16:47:14'),
(4, 4, 2, 0.1000, 75.0000, 7.5000, 5, '2025-10-01 16:48:03', '2025-10-01 16:48:03'),
(5, 5, 2, 0.1000, 75.0000, 7.5000, 5, '2025-10-02 18:25:59', '2025-10-02 18:25:59'),
(6, 6, 2, 0.8000, 75.0000, 60.0000, 5, '2025-10-05 10:25:17', '2025-10-05 10:25:17'),
(7, 7, 2, 0.8000, 75.0000, 60.0000, 5, '2025-10-11 17:51:23', '2025-10-11 17:51:23'),
(8, 8, 1, 1.0000, 80.0000, 80.0000, 5, '2025-10-11 18:05:28', '2025-10-11 18:05:28'),
(9, 9, 1, 0.2000, 80.0000, 16.0000, 5, '2025-10-11 18:05:57', '2025-10-11 18:05:57'),
(10, 10, 1, 0.0500, 80.0000, 4.0000, 5, '2025-10-11 18:12:51', '2025-10-11 18:12:51'),
(14, 14, 6, 1.0000, 0.0000, 0.0000, 5, '2025-10-11 18:36:00', '2025-10-11 18:36:00'),
(15, 15, 6, 1.0000, 0.0000, 0.0000, 5, '2025-10-11 18:42:48', '2025-10-11 18:42:48'),
(16, 16, 6, 1.0000, 0.0000, 0.0000, 5, '2025-10-11 18:43:16', '2025-10-11 18:43:16'),
(17, 17, 6, 1.0000, 0.0000, 0.0000, 5, '2025-10-11 19:01:07', '2025-10-11 19:01:07'),
(18, 18, 6, 1.0000, 0.0000, 0.0000, 5, '2025-10-11 19:01:31', '2025-10-11 19:01:31'),
(19, 19, 6, 1.0000, 0.0000, 0.0000, 5, '2025-10-11 19:03:14', '2025-10-11 19:03:14'),
(20, 20, 6, 1.0000, 0.0000, 0.0000, 5, '2025-10-11 19:13:54', '2025-10-11 19:13:54'),
(21, 21, 6, 1.0000, 0.0000, 0.0000, 5, '2025-10-11 19:20:14', '2025-10-11 19:20:14'),
(22, 22, 6, 1.0000, 0.0000, 0.0000, 5, '2025-10-11 19:20:49', '2025-10-11 19:20:49'),
(23, 23, 6, 1.0000, 0.0000, 0.0000, 5, '2025-10-11 19:21:00', '2025-10-11 19:21:00'),
(24, 24, 6, 1.0000, 0.0000, 0.0000, 5, '2025-10-11 19:22:11', '2025-10-11 19:22:11'),
(25, 25, 6, 1.0000, 0.0000, 0.0000, 5, '2025-10-11 19:23:17', '2025-10-11 19:23:17'),
(26, 26, 6, 1.0000, 0.0000, 0.0000, 5, '2025-10-11 19:23:30', '2025-10-11 19:23:30'),
(27, 27, 6, 1.0000, 0.0000, 0.0000, 5, '2025-10-11 19:24:15', '2025-10-11 19:24:15'),
(28, 28, 6, 1.0000, 0.0000, 0.0000, 5, '2025-10-11 19:24:33', '2025-10-11 19:24:33'),
(29, 29, 6, 1.0000, 0.0000, 0.0000, 5, '2025-10-11 19:25:01', '2025-10-11 19:25:01'),
(30, 30, 6, 1.0000, 0.0000, 0.0000, 5, '2025-10-11 19:26:09', '2025-10-11 19:26:09'),
(31, 31, 6, 1.0000, 0.0000, 0.0000, 5, '2025-10-11 19:26:45', '2025-10-11 19:26:45'),
(32, 32, 6, 1.0000, 0.0000, 0.0000, 5, '2025-10-11 19:28:12', '2025-10-11 19:28:12'),
(33, 33, 6, 1.0000, 0.0000, 0.0000, 5, '2025-10-12 02:19:57', '2025-10-12 02:19:57'),
(34, 34, 6, 1.0000, 0.0000, 0.0000, 5, '2025-10-12 02:26:21', '2025-10-12 02:26:21'),
(35, 35, 6, 1.0000, 0.0000, 0.0000, 5, '2025-10-12 02:36:25', '2025-10-12 02:36:25'),
(36, 36, 6, 1.0000, 0.0000, 0.0000, 5, '2025-10-12 03:14:35', '2025-10-12 03:14:35'),
(37, 37, 6, 1.0000, 0.0000, 0.0000, 5, '2025-10-12 03:15:09', '2025-10-12 03:15:09'),
(38, 38, 6, 1.0000, 0.0000, 0.0000, 5, '2025-10-12 03:15:50', '2025-10-12 03:15:50'),
(39, 39, 6, 1.0000, 0.0000, 0.0000, 5, '2025-10-12 03:16:25', '2025-10-12 03:16:25'),
(40, 40, 6, 1.0000, 0.0000, 0.0000, 5, '2025-10-12 03:20:38', '2025-10-12 03:20:38'),
(41, 41, 6, 1.0000, 0.0000, 0.0000, 5, '2025-10-12 03:23:04', '2025-10-12 03:23:04'),
(42, 42, 6, 2.0000, 0.0000, 0.0000, 5, '2025-10-12 19:30:18', '2025-10-12 19:30:18'),
(43, 43, 6, 1.0000, 0.0000, 0.0000, 5, '2025-10-12 19:30:41', '2025-10-12 19:30:41'),
(44, 44, 6, 1.0000, 0.0000, 0.0000, 5, '2025-10-12 19:31:26', '2025-10-12 19:31:26'),
(45, 45, 6, 1.0000, 0.0000, 0.0000, 5, '2025-10-12 19:37:46', '2025-10-12 19:37:46'),
(46, 46, 6, 1.0000, 0.0000, 0.0000, 5, '2025-10-12 19:55:43', '2025-10-12 19:55:43'),
(47, 47, 4, 1.0000, 0.0000, 0.0000, 5, '2025-10-12 19:55:43', '2025-10-12 19:55:43'),
(48, 48, 3, 1.0000, 0.0000, 0.0000, 5, '2025-10-12 19:55:43', '2025-10-12 19:55:43'),
(49, 49, 5, 1.0000, 0.0000, 0.0000, 5, '2025-10-12 19:55:43', '2025-10-12 19:55:43'),
(50, 50, 6, 1.0000, 0.0000, 0.0000, 5, '2025-10-12 20:08:50', '2025-10-12 20:08:50'),
(51, 51, 5, 1.0000, 0.0000, 0.0000, 5, '2025-10-12 20:08:50', '2025-10-12 20:08:50'),
(52, 52, 4, 1.0000, 0.0000, 0.0000, 5, '2025-10-12 20:08:50', '2025-10-12 20:08:50'),
(53, 53, 7, 1.0000, 0.0000, 0.0000, 5, '2025-10-12 20:08:50', '2025-10-12 20:08:50'),
(54, 54, 11, 1.0000, 0.0000, 0.0000, 5, '2025-10-12 20:08:50', '2025-10-12 20:08:50'),
(55, 55, 10, 1.0000, 0.0000, 0.0000, 5, '2025-10-12 20:08:50', '2025-10-12 20:08:50'),
(56, 56, 9, 1.0000, 0.0000, 0.0000, 5, '2025-10-12 20:08:50', '2025-10-12 20:08:50'),
(57, 57, 8, 1.0000, 0.0000, 0.0000, 5, '2025-10-12 20:08:50', '2025-10-12 20:08:50'),
(65, 65, 6, 4.0000, 0.0000, 0.0000, 5, '2025-10-13 10:43:14', '2025-10-13 10:43:14'),
(66, 66, 9, 1.0000, 0.0000, 0.0000, 5, '2025-10-14 01:35:02', '2025-10-14 01:35:02'),
(67, 67, 8, 1.0000, 0.0000, 0.0000, 5, '2025-10-14 01:35:02', '2025-10-14 01:35:02'),
(70, 70, 6, 2.0000, 0.0000, 0.0000, 5, '2025-10-14 02:09:35', '2025-10-14 02:09:35'),
(71, 71, 5, 2.0000, 0.0000, 0.0000, 5, '2025-10-22 11:44:52', '2025-10-22 11:44:52'),
(72, 72, 12, 1.0000, 0.0000, 0.0000, 5, '2025-10-22 11:44:52', '2025-10-22 11:44:52'),
(73, 72, 13, 1.0000, 0.5200, 0.5200, 5, '2025-10-22 11:44:52', '2025-10-22 11:44:52'),
(74, 73, 14, 2.0000, 10.0000, 50.0000, 5, '2025-10-23 15:23:17', '2025-10-23 15:25:05'),
(76, 74, 14, 1.0000, 10.0000, 10.0000, 5, '2025-10-23 15:28:28', '2025-10-25 08:22:42'),
(78, 76, 6, 1.0000, 0.0000, 0.0000, 5, '2025-10-23 15:30:33', '2025-10-25 08:12:48'),
(79, 77, 15, 2.0000, 10.0000, 50.0000, 5, '2025-10-23 16:13:10', '2025-10-23 16:30:21'),
(82, 80, 15, 3.0000, 10.0000, 30.0000, 5, '2025-10-23 22:01:15', '2025-10-23 22:01:15'),
(83, 80, 16, 1.0000, 10.0000, 10.0000, 5, '2025-10-23 22:01:15', '2025-10-23 22:01:15'),
(84, 80, 17, 1.0000, 50.0000, 50.0000, 5, '2025-10-23 22:01:16', '2025-10-23 22:01:16'),
(86, 82, 18, 3.0000, 50.0000, 150.0000, 5, '2025-10-23 22:06:04', '2025-10-23 22:06:04'),
(88, 83, 19, 1.0000, 100.0000, 100.0000, 5, '2025-10-24 14:17:38', '2025-10-24 14:17:38'),
(89, 84, 20, 7.0000, 100.0000, 700.0000, 5, '2025-10-24 14:19:05', '2025-10-24 14:19:05'),
(90, 85, 12, 1.0000, 0.0000, 0.0000, 5, '2025-10-24 14:19:05', '2025-10-24 14:19:05'),
(91, 86, 18, 2.0000, 50.0000, 150.0000, 5, '2025-10-25 07:18:30', '2025-10-25 07:19:50'),
(93, 87, 18, 1.0000, 50.0000, 50.0000, 5, '2025-10-25 07:27:44', '2025-10-25 07:27:44'),
(95, 88, 15, 2.0000, 10.0000, 0.0000, 5, '2025-10-25 07:56:10', '2025-10-25 07:58:55'),
(98, 89, 21, 3.0000, 10.0000, 30.0000, 5, '2025-10-25 08:04:30', '2025-10-25 08:04:30'),
(99, 89, 22, 1.0000, 50.0000, 50.0000, 5, '2025-10-25 08:04:30', '2025-10-25 08:04:30'),
(100, 90, 21, 1.0000, 10.0000, 0.0000, 5, '2025-10-25 08:05:40', '2025-10-25 08:07:22'),
(102, 91, 21, 3.0000, 10.0000, 30.0000, 5, '2025-10-25 08:24:17', '2025-10-25 08:24:17'),
(103, 91, 22, 1.0000, 50.0000, 50.0000, 5, '2025-10-25 08:24:17', '2025-10-25 08:25:36'),
(104, 92, 21, 1.0000, 10.0000, 10.0000, 5, '2025-10-25 22:23:55', '2025-10-25 23:50:01'),
(106, 93, 21, 1.0000, 10.0000, 10.0000, 5, '2025-10-26 00:02:14', '2025-10-26 00:04:32'),
(108, 94, 21, 1.0000, 10.0000, 10.0000, 5, '2025-10-26 00:06:16', '2025-10-26 00:12:17'),
(110, 95, 21, 2.0000, 10.0000, 20.0000, 5, '2025-10-26 00:17:13', '2025-10-26 00:19:59'),
(112, 96, 21, 3.0000, 10.0000, 30.0000, 5, '2025-10-26 00:22:19', '2025-10-26 00:22:19'),
(114, 97, 21, 3.0000, 10.0000, 30.0000, 5, '2025-10-26 00:33:43', '2025-10-26 00:33:43'),
(116, 98, 22, 1.0000, 50.0000, 50.0000, 5, '2025-10-26 01:17:39', '2025-10-26 01:17:39'),
(117, 99, 22, 2.0000, 50.0000, 100.0000, 5, '2025-10-26 13:49:44', '2025-10-26 13:49:44'),
(118, 99, 23, 10.0000, 90.0000, 900.0000, 5, '2025-10-26 13:49:44', '2025-10-26 13:49:44'),
(119, 100, 14, 1.0000, 10.0000, 10.0000, 5, '2025-11-03 21:43:19', '2025-11-03 21:43:19'),
(120, 101, 14, 1.0000, 10.0000, 10.0000, 5, '2025-11-03 21:55:26', '2025-11-03 21:55:26'),
(121, 102, 15, 1.0000, 10.0000, 10.0000, 5, '2025-11-03 22:26:02', '2025-11-03 22:26:02'),
(122, 103, 16, 1.0000, 10.0000, 10.0000, 5, '2025-11-05 14:57:23', '2025-11-05 14:57:23'),
(123, 104, 17, 1.0000, 50.0000, 50.0000, 5, '2025-11-05 14:57:35', '2025-11-05 14:57:35'),
(124, 105, 24, 1.0000, 10.0000, 10.0000, 5, '2025-11-05 17:14:47', '2025-11-05 17:14:47');

-- --------------------------------------------------------

--
-- Table structure for table `settings`
--

CREATE TABLE `settings` (
  `setting_name` varchar(100) NOT NULL COMMENT 'اسم الإعداد',
  `setting_value` text DEFAULT NULL COMMENT 'قيمة الإعداد',
  `updated_at` timestamp NOT NULL DEFAULT current_timestamp() ON UPDATE current_timestamp() COMMENT 'آخر تحديث'
) ENGINE=InnoDB DEFAULT CHARSET=utf8mb4 COLLATE=utf8mb4_unicode_ci COMMENT='جدول إعدادات النظام العامة';

-- --------------------------------------------------------

--
-- Table structure for table `suppliers`
--

CREATE TABLE `suppliers` (
  `id` int(11) NOT NULL COMMENT 'المعرف التلقائي للمورد',
  `name` varchar(200) NOT NULL COMMENT 'اسم المورد',
  `mobile` varchar(11) NOT NULL COMMENT 'رقم موبايل المورد (11 رقم)',
  `city` varchar(100) NOT NULL COMMENT 'مدينة المورد',
  `address` text DEFAULT NULL COMMENT 'عنوان المورد التفصيلي (اختياري)',
  `commercial_register` varchar(100) DEFAULT NULL COMMENT 'رقم السجل التجاري (اختياري ولكنه فريد إذا أدخل)',
  `created_by` int(11) DEFAULT NULL COMMENT 'معرف المستخدم الذي أضاف المورد (FK to users.id)',
  `created_at` timestamp NOT NULL DEFAULT current_timestamp() COMMENT 'تاريخ إضافة المورد',
  `updated_at` timestamp NULL DEFAULT NULL ON UPDATE current_timestamp() COMMENT 'تاريخ آخر تعديل لبيانات المورد'
) ENGINE=InnoDB DEFAULT CHARSET=utf8mb4 COLLATE=utf8mb4_unicode_ci COMMENT='جدول بيانات الموردين';

--
-- Dumping data for table `suppliers`
--

INSERT INTO `suppliers` (`id`, `name`, `mobile`, `city`, `address`, `commercial_register`, `created_by`, `created_at`, `updated_at`) VALUES
(1, 'البضاعة الموجده حاليا', '01099337896', 'الفيوم', '', NULL, 5, '2025-10-01 11:50:40', NULL),
(2, 'bebo', '01157728787', ',', '', NULL, 5, '2025-10-02 15:25:09', NULL);

-- --------------------------------------------------------

--
-- Table structure for table `users`
--

CREATE TABLE `users` (
  `id` int(11) NOT NULL,
  `username` varchar(50) NOT NULL,
  `email` varchar(100) NOT NULL,
  `password` varchar(255) NOT NULL,
  `role` enum('user','admin') NOT NULL DEFAULT 'user',
  `created_at` timestamp NOT NULL DEFAULT current_timestamp()
) ENGINE=InnoDB DEFAULT CHARSET=utf8mb4 COLLATE=utf8mb4_unicode_ci;

--
-- Dumping data for table `users`
--

INSERT INTO `users` (`id`, `username`, `email`, `password`, `role`, `created_at`) VALUES
(5, 'admin', 'admin@gmail.com', '$2y$10$9DkMvN8bVe3xV3Mf5qd91O/0YyliyVLUVWVcy8NQkjmNo4.hDuvIq', 'admin', '2025-06-04 10:52:41');

--
-- Indexes for dumped tables
--

--
-- Indexes for table `batches`
--
ALTER TABLE `batches`
  ADD PRIMARY KEY (`id`),
  ADD KEY `fk_batches_invoice` (`source_invoice_id`),
  ADD KEY `fk_batches_invoice_item` (`source_item_id`),
  ADD KEY `idx_product_date` (`product_id`,`received_at`,`status`),
  ADD KEY `idx_remaining` (`product_id`,`remaining`);

--
-- Indexes for table `customers`
--
ALTER TABLE `customers`
  ADD PRIMARY KEY (`id`),
  ADD UNIQUE KEY `mobile` (`mobile`),
  ADD KEY `fk_customer_user` (`created_by`);

--
-- Indexes for table `expenses`
--
ALTER TABLE `expenses`
  ADD PRIMARY KEY (`id`),
  ADD KEY `fk_expense_category` (`category_id`),
  ADD KEY `fk_expense_user_creator` (`created_by`);

--
-- Indexes for table `expense_categories`
--
ALTER TABLE `expense_categories`
  ADD PRIMARY KEY (`id`),
  ADD UNIQUE KEY `name` (`name`);

--
-- Indexes for table `invoices_out`
--
ALTER TABLE `invoices_out`
  ADD PRIMARY KEY (`id`),
  ADD KEY `fk_invoice_customer` (`customer_id`),
  ADD KEY `fk_invoice_creator` (`created_by`),
  ADD KEY `fk_invoice_updater` (`updated_by`);

--
-- Indexes for table `invoice_cancellations`
--
ALTER TABLE `invoice_cancellations`
  ADD PRIMARY KEY (`id`),
  ADD KEY `invoice_out_id` (`invoice_out_id`);

--
-- Indexes for table `invoice_cancellation_allocations`
--
ALTER TABLE `invoice_cancellation_allocations`
  ADD PRIMARY KEY (`id`),
  ADD KEY `cancellation_id` (`cancellation_id`);

--
-- Indexes for table `invoice_out_items`
--
ALTER TABLE `invoice_out_items`
  ADD PRIMARY KEY (`id`),
  ADD KEY `fk_invoice_item_to_invoice` (`invoice_out_id`),
  ADD KEY `fk_invoice_item_to_product` (`product_id`);

--
-- Indexes for table `products`
--
ALTER TABLE `products`
  ADD PRIMARY KEY (`id`),
  ADD UNIQUE KEY `product_code` (`product_code`);

--
-- Indexes for table `purchase_invoices`
--
ALTER TABLE `purchase_invoices`
  ADD PRIMARY KEY (`id`),
  ADD KEY `fk_purchase_invoice_supplier` (`supplier_id`),
  ADD KEY `fk_purchase_invoice_creator` (`created_by`),
  ADD KEY `fk_purchase_invoice_updater` (`updated_by`);

--
-- Indexes for table `purchase_invoice_items`
--
ALTER TABLE `purchase_invoice_items`
  ADD PRIMARY KEY (`id`),
  ADD KEY `fk_purchase_item_to_purchase_invoice` (`purchase_invoice_id`),
  ADD KEY `fk_purchase_item_to_product` (`product_id`),
  ADD KEY `fk_pitem_batch` (`batch_id`);

--
-- Indexes for table `sale_item_allocations`
--
ALTER TABLE `sale_item_allocations`
  ADD PRIMARY KEY (`id`),
  ADD KEY `idx_sale_item` (`sale_item_id`),
  ADD KEY `idx_batch` (`batch_id`),
  ADD KEY `idx_saleitem_batch` (`sale_item_id`,`batch_id`);

--
-- Indexes for table `settings`
--
ALTER TABLE `settings`
  ADD PRIMARY KEY (`setting_name`);

--
-- Indexes for table `suppliers`
--
ALTER TABLE `suppliers`
  ADD PRIMARY KEY (`id`),
  ADD UNIQUE KEY `mobile` (`mobile`),
  ADD UNIQUE KEY `commercial_register` (`commercial_register`),
  ADD KEY `fk_supplier_user_creator` (`created_by`);

--
-- Indexes for table `users`
--
ALTER TABLE `users`
  ADD PRIMARY KEY (`id`),
  ADD UNIQUE KEY `username` (`username`),
  ADD UNIQUE KEY `email` (`email`);

--
-- AUTO_INCREMENT for dumped tables
--

--
-- AUTO_INCREMENT for table `batches`
--
ALTER TABLE `batches`
  MODIFY `id` bigint(20) UNSIGNED NOT NULL AUTO_INCREMENT, AUTO_INCREMENT=30;

--
-- AUTO_INCREMENT for table `customers`
--
ALTER TABLE `customers`
  MODIFY `id` int(11) NOT NULL AUTO_INCREMENT, AUTO_INCREMENT=14;

--
-- AUTO_INCREMENT for table `expenses`
--
ALTER TABLE `expenses`
  MODIFY `id` int(11) NOT NULL AUTO_INCREMENT;

--
-- AUTO_INCREMENT for table `expense_categories`
--
ALTER TABLE `expense_categories`
  MODIFY `id` int(11) NOT NULL AUTO_INCREMENT;

--
-- AUTO_INCREMENT for table `invoices_out`
--
ALTER TABLE `invoices_out`
  MODIFY `id` int(11) NOT NULL AUTO_INCREMENT COMMENT 'المعرف التلقائي للفاتورة', AUTO_INCREMENT=132;

--
-- AUTO_INCREMENT for table `invoice_cancellations`
--
ALTER TABLE `invoice_cancellations`
  MODIFY `id` int(11) NOT NULL AUTO_INCREMENT, AUTO_INCREMENT=18;

--
-- AUTO_INCREMENT for table `invoice_cancellation_allocations`
--
ALTER TABLE `invoice_cancellation_allocations`
  MODIFY `id` int(11) NOT NULL AUTO_INCREMENT, AUTO_INCREMENT=23;

--
-- AUTO_INCREMENT for table `invoice_out_items`
--
ALTER TABLE `invoice_out_items`
  MODIFY `id` int(11) NOT NULL AUTO_INCREMENT COMMENT 'المعرف التلقائي لبند الفاتورة', AUTO_INCREMENT=106;

--
-- AUTO_INCREMENT for table `products`
--
ALTER TABLE `products`
  MODIFY `id` int(11) NOT NULL AUTO_INCREMENT COMMENT 'المعرف التلقائي للمنتج', AUTO_INCREMENT=40;

--
-- AUTO_INCREMENT for table `purchase_invoices`
--
ALTER TABLE `purchase_invoices`
  MODIFY `id` int(11) NOT NULL AUTO_INCREMENT COMMENT 'المعرف التلقائي لفاتورة الشراء', AUTO_INCREMENT=21;

--
-- AUTO_INCREMENT for table `purchase_invoice_items`
--
ALTER TABLE `purchase_invoice_items`
  MODIFY `id` int(11) NOT NULL AUTO_INCREMENT COMMENT 'المعرف التلقائي لبند فاتورة الشراء', AUTO_INCREMENT=32;

--
-- AUTO_INCREMENT for table `sale_item_allocations`
--
ALTER TABLE `sale_item_allocations`
  MODIFY `id` bigint(20) UNSIGNED NOT NULL AUTO_INCREMENT, AUTO_INCREMENT=125;

--
-- AUTO_INCREMENT for table `suppliers`
--
ALTER TABLE `suppliers`
  MODIFY `id` int(11) NOT NULL AUTO_INCREMENT COMMENT 'المعرف التلقائي للمورد', AUTO_INCREMENT=3;

--
-- AUTO_INCREMENT for table `users`
--
ALTER TABLE `users`
  MODIFY `id` int(11) NOT NULL AUTO_INCREMENT, AUTO_INCREMENT=6;

--
-- Constraints for dumped tables
--

--
-- Constraints for table `batches`
--
ALTER TABLE `batches`
  ADD CONSTRAINT `fk_batches_invoice` FOREIGN KEY (`source_invoice_id`) REFERENCES `purchase_invoices` (`id`) ON DELETE SET NULL,
  ADD CONSTRAINT `fk_batches_invoice_item` FOREIGN KEY (`source_item_id`) REFERENCES `purchase_invoice_items` (`id`) ON DELETE SET NULL,
  ADD CONSTRAINT `fk_batches_product` FOREIGN KEY (`product_id`) REFERENCES `products` (`id`) ON DELETE CASCADE;

--
-- Constraints for table `customers`
--
ALTER TABLE `customers`
  ADD CONSTRAINT `fk_customer_user` FOREIGN KEY (`created_by`) REFERENCES `users` (`id`) ON DELETE SET NULL;

--
-- Constraints for table `expenses`
--
ALTER TABLE `expenses`
  ADD CONSTRAINT `fk_expense_category` FOREIGN KEY (`category_id`) REFERENCES `expense_categories` (`id`) ON DELETE SET NULL ON UPDATE CASCADE,
  ADD CONSTRAINT `fk_expense_user_creator` FOREIGN KEY (`created_by`) REFERENCES `users` (`id`) ON DELETE SET NULL ON UPDATE CASCADE;

--
-- Constraints for table `invoices_out`
--
ALTER TABLE `invoices_out`
  ADD CONSTRAINT `fk_invoice_creator` FOREIGN KEY (`created_by`) REFERENCES `users` (`id`) ON DELETE SET NULL,
  ADD CONSTRAINT `fk_invoice_customer` FOREIGN KEY (`customer_id`) REFERENCES `customers` (`id`),
  ADD CONSTRAINT `fk_invoice_updater` FOREIGN KEY (`updated_by`) REFERENCES `users` (`id`) ON DELETE SET NULL;

--
-- Constraints for table `invoice_cancellations`
--
ALTER TABLE `invoice_cancellations`
  ADD CONSTRAINT `fk_ic_invoice` FOREIGN KEY (`invoice_out_id`) REFERENCES `invoices_out` (`id`);

--
-- Constraints for table `invoice_cancellation_allocations`
--
ALTER TABLE `invoice_cancellation_allocations`
  ADD CONSTRAINT `fk_ica_cancel` FOREIGN KEY (`cancellation_id`) REFERENCES `invoice_cancellations` (`id`);

--
-- Constraints for table `invoice_out_items`
--
ALTER TABLE `invoice_out_items`
  ADD CONSTRAINT `fk_invoice_item_to_invoice` FOREIGN KEY (`invoice_out_id`) REFERENCES `invoices_out` (`id`) ON DELETE CASCADE,
  ADD CONSTRAINT `fk_invoice_item_to_product` FOREIGN KEY (`product_id`) REFERENCES `products` (`id`);

--
-- Constraints for table `purchase_invoices`
--
ALTER TABLE `purchase_invoices`
  ADD CONSTRAINT `fk_purchase_invoice_creator` FOREIGN KEY (`created_by`) REFERENCES `users` (`id`) ON DELETE SET NULL ON UPDATE CASCADE,
  ADD CONSTRAINT `fk_purchase_invoice_supplier` FOREIGN KEY (`supplier_id`) REFERENCES `suppliers` (`id`) ON UPDATE CASCADE,
  ADD CONSTRAINT `fk_purchase_invoice_updater` FOREIGN KEY (`updated_by`) REFERENCES `users` (`id`) ON DELETE SET NULL ON UPDATE CASCADE;

--
-- Constraints for table `purchase_invoice_items`
--
ALTER TABLE `purchase_invoice_items`
  ADD CONSTRAINT `fk_pitem_batch` FOREIGN KEY (`batch_id`) REFERENCES `batches` (`id`) ON DELETE SET NULL,
  ADD CONSTRAINT `fk_purchase_item_to_product` FOREIGN KEY (`product_id`) REFERENCES `products` (`id`) ON UPDATE CASCADE,
  ADD CONSTRAINT `fk_purchase_item_to_purchase_invoice` FOREIGN KEY (`purchase_invoice_id`) REFERENCES `purchase_invoices` (`id`) ON DELETE CASCADE ON UPDATE CASCADE;

--
-- Constraints for table `sale_item_allocations`
--
ALTER TABLE `sale_item_allocations`
  ADD CONSTRAINT `fk_alloc_batch` FOREIGN KEY (`batch_id`) REFERENCES `batches` (`id`),
  ADD CONSTRAINT `fk_alloc_sale_item` FOREIGN KEY (`sale_item_id`) REFERENCES `invoice_out_items` (`id`) ON DELETE CASCADE;

--
-- Constraints for table `suppliers`
--
ALTER TABLE `suppliers`
  ADD CONSTRAINT `fk_supplier_user_creator` FOREIGN KEY (`created_by`) REFERENCES `users` (`id`) ON DELETE SET NULL;
COMMIT;

/*!40101 SET CHARACTER_SET_CLIENT=@OLD_CHARACTER_SET_CLIENT */;
/*!40101 SET CHARACTER_SET_RESULTS=@OLD_CHARACTER_SET_RESULTS */;
/*!40101 SET COLLATION_CONNECTION=@OLD_COLLATION_CONNECTION */;
