-- phpMyAdmin SQL Dump
-- version 5.2.1
-- https://www.phpmyadmin.net/
--
-- Host: 127.0.0.1
-- Generation Time: Dec 30, 2025 at 11:54 AM
-- Server version: 10.4.32-MariaDB
-- PHP Version: 8.0.30

SET SQL_MODE = "NO_AUTO_VALUE_ON_ZERO";
START TRANSACTION;
SET time_zone = "+00:00";


/*!40101 SET @OLD_CHARACTER_SET_CLIENT=@@CHARACTER_SET_CLIENT */;
/*!40101 SET @OLD_CHARACTER_SET_RESULTS=@@CHARACTER_SET_RESULTS */;
/*!40101 SET @OLD_COLLATION_CONNECTION=@@COLLATION_CONNECTION */;
/*!40101 SET NAMES utf8mb4 */;

--
-- Database: `store_said_db`
--

-- --------------------------------------------------------

--
-- Table structure for table `batches`
--

CREATE TABLE `batches` (
  `id` bigint(20) UNSIGNED NOT NULL,
  `product_id` int(11) NOT NULL,
  `qty` decimal(13,4) NOT NULL DEFAULT 0.0000,
  `remaining` decimal(13,4) NOT NULL DEFAULT 0.0000,
  `original_qty` decimal(13,4) NOT NULL DEFAULT 0.0000,
  `unit_cost` decimal(13,4) NOT NULL DEFAULT 0.0000,
  `sale_price` decimal(13,4) DEFAULT NULL,
  `received_at` date DEFAULT NULL,
  `expiry` date DEFAULT NULL,
  `notes` text DEFAULT NULL,
  `source_invoice_id` int(11) DEFAULT NULL,
  `source_item_id` int(11) DEFAULT NULL,
  `created_by` int(11) DEFAULT NULL,
  `adjusted_by` int(11) DEFAULT NULL,
  `adjusted_at` datetime DEFAULT NULL,
  `created_at` datetime NOT NULL DEFAULT current_timestamp(),
  `updated_at` datetime NOT NULL DEFAULT current_timestamp() ON UPDATE current_timestamp(),
  `revert_reason` varchar(255) DEFAULT NULL,
  `cancel_reason` varchar(255) DEFAULT NULL,
  `status` enum('active','consumed','cancelled','reverted') NOT NULL DEFAULT 'active'
) ENGINE=InnoDB DEFAULT CHARSET=utf8mb4 COLLATE=utf8mb4_unicode_ci;

--
-- Dumping data for table `batches`
--

INSERT INTO `batches` (`id`, `product_id`, `qty`, `remaining`, `original_qty`, `unit_cost`, `sale_price`, `received_at`, `expiry`, `notes`, `source_invoice_id`, `source_item_id`, `created_by`, `adjusted_by`, `adjusted_at`, `created_at`, `updated_at`, `revert_reason`, `cancel_reason`, `status`) VALUES
(1, 34, 2.0000, 2.0000, 2.0000, 80.0000, 100.0000, '2025-10-01', NULL, NULL, NULL, NULL, 5, 5, '2025-10-01 16:47:14', '2025-10-01 16:14:31', '2025-10-02 18:49:31', NULL, '00000', 'cancelled'),
(2, 35, 1.0000, 1.0000, 1.0000, 75.0000, 100.0000, '2025-10-01', NULL, NULL, NULL, NULL, 5, 5, '2025-10-01 16:48:03', '2025-10-01 16:19:24', '2025-10-02 18:49:24', NULL, '0000', 'cancelled'),
(3, 53, 14.0000, 14.0000, 14.0000, 100.0000, 120.0000, '2025-10-05', NULL, NULL, 1, 1, 5, NULL, NULL, '2025-10-05 18:01:19', '2025-10-05 18:01:19', NULL, NULL, 'active'),
(4, 18, 11.0000, 9.0000, 11.0000, 24.5000, 30.0000, '2025-10-05', NULL, NULL, 1, 2, 5, 8, '2025-11-13 20:21:06', '2025-10-05 18:01:19', '2025-11-13 20:21:06', NULL, NULL, 'active'),
(5, 19, 114.0000, 101.0000, 114.0000, 4.5000, 10.0000, '2025-10-05', NULL, NULL, 1, 3, 5, 8, '2025-12-22 01:22:38', '2025-10-05 18:01:19', '2025-12-22 01:22:38', NULL, NULL, 'active'),
(6, 10, 16.0000, 14.0000, 16.0000, 48.5000, 60.0000, '2025-10-05', NULL, NULL, 1, 4, 5, 8, '2025-10-21 21:39:32', '2025-10-05 18:01:19', '2025-10-21 21:39:32', NULL, NULL, 'active'),
(7, 11, 7.0000, 0.0000, 7.0000, 60.0000, 85.0000, '2025-10-05', NULL, NULL, 1, 5, 5, 8, '2025-11-16 17:35:03', '2025-10-05 18:01:19', '2025-11-16 17:35:03', NULL, NULL, 'consumed'),
(8, 12, 11.0000, 0.0000, 11.0000, 84.0000, 95.0000, '2025-10-05', NULL, NULL, 1, 6, 5, 8, '2025-11-24 22:16:54', '2025-10-05 18:01:19', '2025-11-24 22:16:54', NULL, NULL, 'consumed'),
(9, 13, 4.0000, 3.0000, 4.0000, 120.0000, 150.0000, '2025-10-05', NULL, NULL, 1, 7, 5, 5, '2025-10-06 18:04:01', '2025-10-05 18:01:19', '2025-10-06 18:04:01', NULL, NULL, 'active'),
(10, 14, 5.0000, 3.0000, 5.0000, 145.0000, 175.0000, '2025-10-05', NULL, NULL, 1, 8, 5, 8, '2025-11-24 22:16:54', '2025-10-05 18:01:19', '2025-11-24 22:16:54', NULL, NULL, 'active'),
(11, 15, 11.0000, 4.0000, 11.0000, 65.0000, 90.0000, '2025-10-05', NULL, NULL, 1, 9, 5, 8, '2025-12-18 04:01:31', '2025-10-05 18:01:19', '2025-12-18 04:01:31', NULL, NULL, 'active'),
(12, 16, 10.0000, 5.0000, 10.0000, 97.5000, 110.0000, '2025-10-05', NULL, NULL, 1, 10, 5, 8, '2025-12-22 17:36:33', '2025-10-05 18:01:19', '2025-12-22 17:36:33', NULL, NULL, 'active'),
(13, 22, 46.0000, 0.0000, 46.0000, 15.5000, 30.0000, '2025-10-05', NULL, NULL, 1, 11, 5, 8, '2025-11-20 05:25:31', '2025-10-05 18:01:19', '2025-11-20 05:25:31', NULL, NULL, 'consumed'),
(14, 23, 9.0000, 0.0000, 9.0000, 14.0000, 25.0000, '2025-10-05', NULL, NULL, 1, 12, 5, 8, '2025-11-18 22:28:07', '2025-10-05 18:01:19', '2025-11-18 22:28:07', NULL, NULL, 'consumed'),
(15, 36, 21.0000, 20.7000, 21.0000, 40.0000, 80.0000, '2025-10-05', NULL, NULL, 1, 13, 5, 8, '2025-12-02 19:25:05', '2025-10-05 18:01:19', '2025-12-02 19:25:05', NULL, NULL, 'active'),
(16, 39, 13.0000, 6.0000, 13.0000, 105.0000, 120.0000, '2025-10-05', NULL, NULL, 1, 14, 5, 8, '2025-12-16 14:56:21', '2025-10-05 18:01:19', '2025-12-16 14:56:21', NULL, NULL, 'active'),
(17, 24, 26.0000, 16.0000, 26.0000, 11.0000, 20.0000, '2025-10-05', NULL, NULL, 1, 15, 5, 8, '2025-12-06 13:01:24', '2025-10-05 18:01:19', '2025-12-06 13:01:24', NULL, NULL, 'active'),
(18, 25, 25.0000, 25.0000, 25.0000, 4.0000, 10.0000, '2025-10-05', NULL, NULL, 1, 16, 5, NULL, NULL, '2025-10-05 18:01:19', '2025-10-05 18:01:19', NULL, NULL, 'active'),
(19, 30, 24.0000, 24.0000, 24.0000, 4.0000, 10.0000, '2025-10-05', NULL, NULL, 1, 17, 5, NULL, NULL, '2025-10-05 18:01:19', '2025-10-05 18:01:19', NULL, NULL, 'active'),
(20, 40, 9.0000, 9.0000, 9.0000, 45.0000, 70.0000, '2025-10-05', NULL, NULL, 1, 18, 5, NULL, NULL, '2025-10-05 18:01:19', '2025-10-05 18:01:19', NULL, NULL, 'active'),
(21, 29, 10.0000, 7.0000, 10.0000, 65.0000, 100.0000, '2025-10-05', NULL, NULL, 1, 19, 5, 8, '2025-12-16 14:57:03', '2025-10-05 18:01:19', '2025-12-16 14:57:03', NULL, NULL, 'active'),
(22, 43, 8.0000, 0.0000, 8.0000, 4.5000, 7.5000, '2025-10-05', NULL, NULL, 1, 20, 5, 8, '2025-11-01 13:46:21', '2025-10-05 18:01:19', '2025-11-01 13:46:21', NULL, NULL, 'consumed'),
(23, 17, 10.0000, 0.0000, 10.0000, 106.0000, 120.0000, '2025-10-05', NULL, NULL, 1, 21, 5, 8, '2025-10-22 19:21:39', '2025-10-05 18:01:19', '2025-10-22 19:21:39', NULL, NULL, 'consumed'),
(24, 45, 13.0000, 0.0000, 13.0000, 145.0000, 175.0000, '2025-10-05', NULL, NULL, 1, 22, 5, 8, '2025-11-16 14:13:24', '2025-10-05 18:01:19', '2025-11-16 14:13:24', NULL, NULL, 'consumed'),
(25, 28, 31.0000, 0.0000, 31.0000, 3.0000, 5.0000, '2025-10-05', NULL, NULL, 1, 23, 5, 8, '2025-11-15 20:28:15', '2025-10-05 18:01:19', '2025-11-15 20:28:15', NULL, NULL, 'consumed'),
(26, 27, 32.0000, 0.0000, 32.0000, 3.0000, 5.0000, '2025-10-05', NULL, NULL, 1, 24, 5, 8, '2025-11-15 20:28:15', '2025-10-05 18:01:19', '2025-11-15 20:28:15', NULL, NULL, 'consumed'),
(27, 71, 2.0000, 0.0000, 2.0000, 25.0000, 50.0000, '2025-10-05', NULL, NULL, 1, 25, 5, 8, '2025-11-06 23:19:13', '2025-10-05 18:01:19', '2025-11-06 23:19:13', NULL, NULL, 'consumed'),
(28, 35, 3.1000, 2.7000, 3.1000, 75.0000, 100.0000, '2025-10-05', NULL, NULL, 1, 26, 5, 8, '2025-12-27 15:13:19', '2025-10-05 18:01:19', '2025-12-27 15:13:19', NULL, NULL, 'active'),
(29, 33, 3.5000, 3.1920, 3.5000, 75.0000, 100.0000, '2025-10-05', NULL, NULL, 1, 27, 5, 8, '2025-11-24 23:43:53', '2025-10-05 18:01:19', '2025-11-24 23:43:53', NULL, NULL, 'active'),
(30, 41, 2.0000, 2.0000, 2.0000, 275.0000, 320.0000, '2025-10-05', NULL, NULL, 1, 28, 5, NULL, NULL, '2025-10-05 18:01:19', '2025-10-05 18:01:19', NULL, NULL, 'active'),
(31, 42, 1.0000, 0.0000, 1.0000, 275.0000, 320.0000, '2025-10-05', NULL, NULL, 1, 29, 5, 8, '2025-12-18 11:58:45', '2025-10-05 18:01:19', '2025-12-18 11:58:45', NULL, NULL, 'consumed'),
(32, 68, 24.0000, 9.0000, 24.0000, 23.5000, 30.0000, '2025-10-05', NULL, NULL, 1, 30, 5, 8, '2025-12-08 00:27:13', '2025-10-05 18:01:19', '2025-12-08 00:27:13', NULL, NULL, 'active'),
(33, 34, 19.0000, 10.4851, 19.0000, 84.0000, 100.0000, '2025-10-05', NULL, NULL, 1, 31, 5, 8, '2025-12-01 23:38:26', '2025-10-05 18:01:19', '2025-12-01 23:38:26', NULL, NULL, 'active'),
(34, 6, 1.2500, 0.0000, 1.2500, 84.0000, 100.0000, '2025-10-05', NULL, NULL, 1, 32, 5, 8, '2025-10-13 21:27:43', '2025-10-05 18:01:19', '2025-10-13 21:27:43', NULL, NULL, 'consumed'),
(35, 7, 8.2500, 7.3333, 8.2500, 84.0000, 100.0000, '2025-10-05', NULL, NULL, 1, 33, 5, 8, '2025-11-06 23:21:25', '2025-10-05 18:01:19', '2025-11-06 23:21:25', NULL, NULL, 'active'),
(36, 8, 9.5000, 2.2916, 9.5000, 84.0000, 100.0000, '2025-10-05', NULL, NULL, 1, 34, 5, 8, '2025-12-22 17:42:10', '2025-10-05 18:01:19', '2025-12-25 16:53:40', NULL, NULL, 'active'),
(37, 9, 5.0000, 0.2500, 5.0000, 84.0000, 100.0000, '2025-10-05', NULL, NULL, 1, 35, 5, 8, '2025-12-16 22:40:24', '2025-10-05 18:01:19', '2025-12-16 22:40:24', NULL, NULL, 'active'),
(38, 60, 4.0000, 4.0000, 4.0000, 14.0000, 20.0000, '2025-10-05', NULL, NULL, 1, 36, 5, NULL, NULL, '2025-10-05 18:01:19', '2025-10-05 18:01:19', NULL, NULL, 'active'),
(39, 61, 17.0000, 0.0000, 17.0000, 12.0000, 15.0000, '2025-10-05', NULL, NULL, 1, 37, 5, 8, '2025-11-30 10:16:34', '2025-10-05 18:01:19', '2025-11-30 10:16:34', NULL, NULL, 'consumed'),
(40, 2, 12.0000, 10.0000, 12.0000, 8.5000, 15.0000, '2025-10-05', NULL, NULL, 1, 38, 5, 8, '2025-12-14 18:20:47', '2025-10-05 18:01:19', '2025-12-14 18:20:47', NULL, NULL, 'active'),
(41, 21, 11.0000, 0.0000, 11.0000, 16.0000, 25.0000, '2025-10-05', NULL, NULL, 1, 39, 5, 8, '2025-11-13 21:53:44', '2025-10-05 18:01:19', '2025-11-13 21:53:44', NULL, NULL, 'consumed'),
(42, 38, 9.0000, 0.0000, 9.0000, 154.0000, 190.0000, '2025-10-05', NULL, NULL, 1, 40, 5, 8, '2025-11-11 18:17:10', '2025-10-05 18:01:19', '2025-11-11 18:17:10', NULL, NULL, 'consumed'),
(43, 37, 15.0000, 11.0000, 15.0000, 100.0000, 130.0000, '2025-10-05', NULL, NULL, 1, 41, 5, 8, '2025-11-17 12:00:54', '2025-10-05 18:01:19', '2025-11-17 12:00:54', NULL, NULL, 'active'),
(44, 3, 29.0000, 29.0000, 29.0000, 70.0000, 85.0000, '2025-10-05', NULL, NULL, 1, 42, 5, NULL, NULL, '2025-10-05 18:01:19', '2025-10-05 18:01:19', NULL, NULL, 'active'),
(45, 4, 40.0000, 16.5000, 40.0000, 70.0000, 85.0000, '2025-10-05', NULL, NULL, 1, 43, 5, 8, '2025-12-15 04:48:56', '2025-10-05 18:01:19', '2025-12-15 04:48:56', NULL, NULL, 'active'),
(46, 1, 116.0000, 116.0000, 116.0000, 9.0000, 20.0000, '2025-10-05', NULL, NULL, 1, 44, 5, NULL, NULL, '2025-10-05 18:01:19', '2025-10-05 18:01:19', NULL, NULL, 'active'),
(47, 66, 349.0000, 13.0000, 349.0000, 0.7500, 1.0000, '2025-10-05', NULL, NULL, 2, 45, 5, 8, '2025-12-27 23:53:58', '2025-10-05 19:33:03', '2025-12-27 23:53:58', NULL, NULL, 'active'),
(48, 72, 75.0000, 0.0000, 75.0000, 0.8500, 2.0000, '2025-10-05', NULL, NULL, 2, 46, 5, 8, '2025-11-12 23:18:45', '2025-10-05 19:33:03', '2025-11-12 23:18:45', NULL, NULL, 'consumed'),
(49, 46, 50.0000, 43.0000, 50.0000, 4.5000, 10.0000, '2025-10-05', NULL, NULL, 2, 47, 5, 8, '2025-11-29 21:59:46', '2025-10-05 19:33:03', '2025-11-29 21:59:46', NULL, NULL, 'active'),
(50, 63, 439.0000, 416.0000, 439.0000, 9.0000, 15.0000, '2025-10-05', NULL, NULL, 2, 48, 5, 8, '2025-12-17 03:56:13', '2025-10-05 19:33:03', '2025-12-17 03:56:13', NULL, NULL, 'active'),
(51, 64, 147.0000, 135.0000, 147.0000, 3.5000, 5.0000, '2025-10-05', NULL, NULL, 2, 49, 5, 8, '2025-11-20 00:27:25', '2025-10-05 19:33:03', '2025-11-20 00:27:25', NULL, NULL, 'active'),
(52, 62, 250.0000, 205.0000, 250.0000, 0.2500, 0.5000, '2025-10-05', NULL, NULL, 2, 50, 5, 8, '2025-12-06 13:03:08', '2025-10-05 19:33:03', '2025-12-06 13:03:08', NULL, NULL, 'active'),
(53, 65, 80.0000, 80.0000, 80.0000, 4.0000, 10.0000, '2025-10-05', NULL, NULL, 2, 51, 5, 5, '2025-10-05 23:15:25', '2025-10-05 19:33:03', '2025-10-05 23:15:25', NULL, NULL, 'active'),
(54, 73, 58.0000, 0.0000, 58.0000, 1.2000, 3.0000, '2025-10-05', NULL, NULL, 2, 52, 5, 8, '2025-12-06 13:03:08', '2025-10-05 19:33:03', '2025-12-06 13:03:08', NULL, NULL, 'consumed'),
(55, 2, 100.0000, 100.0000, 100.0000, 8.5000, 15.0000, '2025-10-05', NULL, NULL, 3, 53, 5, NULL, NULL, '2025-10-05 20:56:24', '2025-10-05 20:56:24', NULL, NULL, 'active'),
(56, 59, 7.0000, 3.0000, 7.0000, 64.0000, 75.0000, '2025-10-05', NULL, NULL, 5, 56, 5, 8, '2025-12-10 23:19:38', '2025-10-05 22:09:25', '2025-12-10 23:19:38', NULL, NULL, 'active'),
(57, 58, 12.0000, 12.0000, 12.0000, 79.0000, 95.0000, '2025-10-05', NULL, NULL, 5, 57, 5, NULL, NULL, '2025-10-05 22:09:25', '2025-10-05 22:09:25', NULL, NULL, 'active'),
(58, 56, 6.0000, 0.0000, 6.0000, 65.0000, 75.0000, '2025-10-05', NULL, NULL, 5, 58, 5, 8, '2025-10-15 20:27:05', '2025-10-05 22:09:25', '2025-10-15 20:27:05', NULL, NULL, 'consumed'),
(59, 57, 3.0000, 0.0000, 3.0000, 72.0000, 85.0000, '2025-10-05', NULL, NULL, 5, 59, 5, 8, '2025-10-09 20:25:46', '2025-10-05 22:09:25', '2025-10-09 20:25:46', NULL, NULL, 'consumed'),
(60, 69, 65.0000, 62.0000, 65.0000, 20.0000, 25.0000, '2025-10-05', NULL, NULL, 4, 54, 5, 8, '2025-10-15 20:27:05', '2025-10-05 22:09:28', '2025-10-15 20:27:05', NULL, NULL, 'active'),
(61, 49, 94.0000, 62.0000, 94.0000, 20.0000, 35.0000, '2025-10-05', NULL, NULL, 4, 55, 5, 8, '2025-12-28 07:17:54', '2025-10-05 22:09:28', '2025-12-28 07:17:54', NULL, NULL, 'active'),
(62, 52, 116.0000, 82.0000, 116.0000, 13.5000, 20.0000, '2025-10-05', NULL, NULL, 6, 60, 5, 8, '2025-12-17 03:53:31', '2025-10-05 22:46:03', '2025-12-17 03:53:31', NULL, NULL, 'active'),
(63, 74, 70.0000, 0.0000, 70.0000, 19.0000, 25.0000, '2025-10-05', NULL, NULL, 6, 61, 5, 8, '2025-12-25 18:33:56', '2025-10-05 22:46:03', '2025-12-25 18:33:56', NULL, NULL, 'consumed'),
(64, 50, 42.0000, 4.0000, 42.0000, 19.0000, 25.0000, '2025-10-05', NULL, NULL, 6, 62, 5, 8, '2025-12-03 18:16:52', '2025-10-05 22:46:03', '2025-12-03 18:16:52', NULL, NULL, 'active'),
(65, 76, 36.0000, 8.0000, 36.0000, 35.0000, 40.0000, '2025-10-05', NULL, NULL, 6, 63, 5, 8, '2025-12-16 00:25:15', '2025-10-05 22:46:03', '2025-12-16 00:25:15', NULL, NULL, 'active'),
(66, 51, 22.0000, 0.0000, 22.0000, 35.0000, 40.0000, '2025-10-05', NULL, NULL, 6, 64, 5, 8, '2025-12-16 00:25:15', '2025-10-05 22:46:03', '2025-12-16 00:25:15', NULL, NULL, 'consumed'),
(67, 75, 32.0000, 10.0000, 32.0000, 19.0000, 25.0000, '2025-10-05', NULL, NULL, 6, 65, 5, 8, '2025-12-28 07:17:54', '2025-10-05 22:46:03', '2025-12-28 07:17:54', NULL, NULL, 'active'),
(68, 81, 1.0000, 0.0000, 1.0000, 60.0000, 85.0000, '2025-10-05', NULL, NULL, 7, 66, 5, 9, '2025-10-19 14:16:12', '2025-10-05 23:00:20', '2025-10-19 14:16:12', NULL, NULL, 'consumed'),
(69, 79, 1.0000, 1.0000, 1.0000, 63.0000, 70.0000, '2025-10-05', NULL, NULL, 7, 67, 5, NULL, NULL, '2025-10-05 23:00:20', '2025-10-05 23:00:20', NULL, NULL, 'active'),
(70, 78, 3.0000, 3.0000, 3.0000, 54.0000, 65.0000, '2025-10-05', NULL, NULL, 7, 68, 5, NULL, NULL, '2025-10-05 23:00:20', '2025-10-05 23:00:20', NULL, NULL, 'active'),
(71, 77, 6.0000, 4.0000, 6.0000, 45.0000, 60.0000, '2025-10-05', NULL, NULL, 7, 69, 5, 8, '2025-11-05 13:56:27', '2025-10-05 23:00:20', '2025-11-05 13:56:27', NULL, NULL, 'active'),
(72, 80, 1.0000, 1.0000, 1.0000, 0.0000, 70.0000, '2025-10-05', NULL, NULL, 7, 70, 5, NULL, NULL, '2025-10-05 23:00:20', '2025-10-05 23:00:20', NULL, NULL, 'active'),
(73, 84, 1.0000, 0.0000, 1.0000, 145.0000, 180.0000, '2025-10-05', NULL, NULL, 8, 71, 5, 5, '2025-10-06 20:45:25', '2025-10-05 23:11:40', '2025-10-06 20:45:25', NULL, NULL, 'consumed'),
(74, 83, 5.0000, 5.0000, 5.0000, 0.0000, 0.0000, '2025-10-05', NULL, NULL, 8, 72, 5, NULL, NULL, '2025-10-05 23:11:40', '2025-10-05 23:11:40', NULL, NULL, 'active'),
(75, 48, 32.0000, 18.0000, 32.0000, 18.0000, 25.0000, '2025-10-05', NULL, NULL, 8, 73, 5, 8, '2025-11-27 05:35:15', '2025-10-05 23:11:40', '2025-11-27 05:35:15', NULL, NULL, 'active'),
(76, 70, 9.0000, 1.0000, 9.0000, 20.0000, 25.0000, '2025-10-05', NULL, NULL, 8, 74, 5, 8, '2025-11-24 17:52:30', '2025-10-05 23:11:40', '2025-11-24 17:52:30', NULL, NULL, 'active'),
(77, 45, 0.1600, 0.0000, 0.1600, 145.0000, 175.0000, '2025-10-05', NULL, NULL, 9, 75, 5, 8, '2025-11-18 22:23:16', '2025-10-05 23:19:35', '2025-11-18 22:23:16', NULL, NULL, 'consumed'),
(78, 84, 7.0000, 0.0000, 7.0000, 170.0000, 200.0000, '2025-10-06', NULL, NULL, 10, 76, 5, 8, '2025-10-16 19:15:28', '2025-10-06 20:44:50', '2025-10-16 19:15:28', NULL, NULL, 'consumed'),
(79, 17, 2.0000, 0.0000, 2.0000, 106.0000, 120.0000, '2025-10-08', NULL, NULL, 11, 77, 5, 8, '2025-10-22 19:21:39', '2025-10-08 08:27:49', '2025-10-22 19:21:39', NULL, NULL, 'consumed'),
(80, 86, 189.0000, 147.0000, 189.0000, 0.7937, 2.5000, '2025-10-08', NULL, NULL, 12, 78, 8, 8, '2025-11-18 22:28:46', '2025-10-08 18:12:46', '2025-11-18 22:28:46', NULL, NULL, 'active'),
(81, 67, 12.0000, 0.0000, 12.0000, 20.8330, 30.0000, '2025-10-08', NULL, NULL, 12, 79, 8, 8, '2025-12-10 23:19:38', '2025-10-08 18:12:46', '2025-12-10 23:19:38', NULL, NULL, 'consumed'),
(82, 6, 10.0000, 8.5500, 10.0000, 84.0000, 100.0000, '2025-10-08', NULL, NULL, 12, 80, 8, 8, '2025-11-05 13:56:27', '2025-10-08 18:12:46', '2025-11-05 13:56:27', NULL, NULL, 'active'),
(83, 85, 99.0000, 57.0000, 99.0000, 6.0606, 10.0000, '2025-10-08', NULL, NULL, 12, 81, 8, 8, '2025-12-20 01:08:57', '2025-10-08 18:12:46', '2025-12-20 01:08:57', NULL, NULL, 'active'),
(84, 44, 50.0000, 0.0000, 50.0000, 6.0000, 10.0000, '2025-10-08', NULL, NULL, 12, 82, 8, 8, '2025-11-24 17:03:32', '2025-10-08 18:12:46', '2025-11-24 17:03:32', NULL, NULL, 'consumed'),
(85, 55, 15.0000, 0.0000, 15.0000, 57.0000, 65.0000, '2025-10-09', NULL, NULL, 13, 83, 8, 8, '2025-11-25 10:08:03', '2025-10-09 19:29:40', '2025-11-25 10:08:03', NULL, NULL, 'consumed'),
(86, 56, 15.0000, 0.0000, 15.0000, 64.0000, 75.0000, '2025-10-09', NULL, NULL, 13, 84, 8, 8, '2025-10-27 22:05:20', '2025-10-09 19:29:40', '2025-10-27 22:05:20', NULL, NULL, 'consumed'),
(87, 57, 15.0000, 0.0000, 15.0000, 71.0000, 85.0000, '2025-10-09', NULL, NULL, 13, 85, 8, 8, '2025-10-20 23:08:04', '2025-10-09 19:29:40', '2025-10-20 23:08:04', NULL, NULL, 'consumed'),
(88, 87, 10.0000, 6.0000, 10.0000, 57.0000, 65.0000, '2025-10-12', NULL, NULL, 14, 86, 8, 8, '2025-12-17 03:56:13', '2025-10-12 22:44:17', '2025-12-17 03:56:13', NULL, NULL, 'active'),
(89, 17, 15.0000, 0.0000, 15.0000, 110.0000, 125.0000, '2025-10-14', NULL, NULL, 15, 87, 8, 8, '2025-12-12 10:50:18', '2025-10-14 14:55:11', '2025-12-12 10:50:18', NULL, NULL, 'consumed'),
(90, 88, 15.0000, 4.0000, 15.0000, 85.0000, 100.0000, '2025-10-14', NULL, NULL, 15, 88, 8, 8, '2025-12-27 18:38:21', '2025-10-14 14:55:11', '2025-12-27 18:38:21', NULL, NULL, 'active'),
(91, 89, 1.0000, 0.0000, 1.0000, 190.0000, 210.0000, '2025-10-16', NULL, NULL, 16, 89, 8, 8, '2025-10-16 19:15:28', '2025-10-16 19:14:15', '2025-10-16 19:15:28', NULL, NULL, 'consumed'),
(92, 84, 1.0000, 0.0000, 1.0000, 180.0000, 200.0000, '2025-10-16', NULL, NULL, 16, 90, 8, 8, '2025-10-16 19:15:28', '2025-10-16 19:14:15', '2025-10-16 19:15:28', NULL, NULL, 'consumed'),
(93, 90, 3.0000, 0.0000, 3.0000, 75.0000, 80.0000, '2025-10-16', NULL, NULL, 16, 91, 8, 8, '2025-10-16 19:15:28', '2025-10-16 19:14:15', '2025-10-16 19:15:28', NULL, NULL, 'consumed'),
(94, 93, 20.0000, 18.5833, 20.0000, 78.0000, 100.0000, '2025-10-20', NULL, NULL, 17, 92, 8, 8, '2025-12-23 20:26:35', '2025-10-20 22:56:51', '2025-12-23 20:26:35', NULL, NULL, 'active'),
(95, 94, 20.0000, 3.4999, 20.0000, 78.0000, 100.0000, '2025-10-20', NULL, NULL, 17, 93, 8, 8, '2025-12-27 19:05:29', '2025-10-20 22:56:51', '2025-12-27 19:05:29', NULL, NULL, 'active'),
(96, 95, 20.0000, 17.6667, 20.0000, 78.0000, 100.0000, '2025-10-20', NULL, NULL, 17, 94, 8, 8, '2025-12-28 07:18:50', '2025-10-20 22:56:51', '2025-12-28 07:18:50', NULL, NULL, 'active'),
(97, 96, 20.0000, 8.9251, 20.0000, 78.0000, 100.0000, '2025-10-20', NULL, NULL, 17, 95, 8, 8, '2025-12-25 18:33:56', '2025-10-20 22:56:51', '2025-12-25 18:33:56', NULL, NULL, 'active'),
(98, 55, 15.0000, 13.0000, 15.0000, 57.0000, 65.0000, '2025-10-20', NULL, NULL, 17, 96, 8, 8, '2025-12-28 07:17:54', '2025-10-20 22:56:51', '2025-12-28 07:17:54', NULL, NULL, 'active'),
(99, 56, 15.0000, 4.0000, 15.0000, 64.0000, 75.0000, '2025-10-20', NULL, NULL, 17, 97, 8, 8, '2025-11-11 14:56:41', '2025-10-20 22:56:52', '2025-11-11 14:56:41', NULL, NULL, 'active'),
(100, 57, 15.0000, 7.0000, 15.0000, 71.0000, 85.0000, '2025-10-20', NULL, NULL, 17, 98, 8, 8, '2025-12-12 13:48:23', '2025-10-20 22:56:52', '2025-12-12 13:48:23', NULL, NULL, 'active'),
(101, 58, 15.0000, 15.0000, 15.0000, 78.0000, 95.0000, '2025-10-20', NULL, NULL, 17, 99, 8, NULL, NULL, '2025-10-20 22:56:52', '2025-10-20 22:56:52', NULL, NULL, 'active'),
(102, 91, 100.0000, 92.0000, 100.0000, 15.0000, 30.0000, '2025-10-20', NULL, NULL, 17, 100, 8, 8, '2025-12-17 03:53:31', '2025-10-20 22:56:52', '2025-12-17 03:53:31', NULL, NULL, 'active'),
(103, 92, 10.0000, 9.0000, 10.0000, 110.0000, 150.0000, '2025-10-20', NULL, NULL, 17, 101, 8, 8, '2025-11-24 22:16:54', '2025-10-20 22:56:52', '2025-11-24 22:16:54', NULL, NULL, 'active'),
(104, 97, 1.0000, 0.0000, 1.0000, 100.0000, 150.0000, '2025-10-20', NULL, NULL, 18, 102, 8, 8, '2025-10-20 23:08:04', '2025-10-20 23:03:04', '2025-10-20 23:08:04', NULL, NULL, 'consumed'),
(105, 98, 12.0000, 1.0000, 12.0000, 120.0000, 150.0000, '2025-10-26', NULL, NULL, 22, 128, 8, 8, '2025-12-10 23:05:43', '2025-10-26 13:43:01', '2025-12-10 23:05:43', NULL, NULL, 'active'),
(106, 99, 24.0000, 14.0000, 24.0000, 74.0000, 90.0000, '2025-10-26', NULL, NULL, 22, 129, 8, 8, '2025-11-26 07:03:17', '2025-10-26 13:43:01', '2025-11-26 07:03:17', NULL, NULL, 'active'),
(107, 21, 50.0000, 42.0000, 50.0000, 16.0000, 25.0000, '2025-10-26', NULL, NULL, 22, 130, 8, 8, '2025-12-23 20:27:02', '2025-10-26 13:43:01', '2025-12-23 20:27:02', NULL, NULL, 'active'),
(108, 114, 5.0000, 0.0000, 5.0000, 130.0000, 175.0000, '2025-10-26', NULL, NULL, 21, 115, 8, 8, '2025-11-12 23:18:45', '2025-10-26 13:43:04', '2025-11-12 23:18:45', NULL, NULL, 'consumed'),
(109, 101, 10.0000, 0.0000, 10.0000, 130.0000, 175.0000, '2025-10-26', NULL, NULL, 21, 116, 8, 8, '2025-11-12 23:18:45', '2025-10-26 13:43:04', '2025-11-12 23:18:45', NULL, NULL, 'consumed'),
(110, 84, 15.0000, 0.0000, 15.0000, 140.0000, 200.0000, '2025-10-26', NULL, NULL, 21, 117, 8, 8, '2025-11-04 13:28:43', '2025-10-26 13:43:04', '2025-11-04 13:28:43', NULL, NULL, 'consumed'),
(111, 102, 200.0000, 137.0000, 200.0000, 17.0000, 25.0000, '2025-10-26', NULL, NULL, 21, 118, 8, 8, '2025-12-16 22:40:24', '2025-10-26 13:43:04', '2025-12-16 22:40:24', NULL, NULL, 'active'),
(112, 104, 600.0000, 528.0000, 600.0000, 1.2500, 2.5000, '2025-10-26', NULL, NULL, 21, 119, 8, 8, '2025-12-28 07:17:54', '2025-10-26 13:43:04', '2025-12-28 07:17:54', NULL, NULL, 'active'),
(113, 103, 200.0000, 94.0000, 200.0000, 1.5000, 2.5000, '2025-10-26', NULL, NULL, 21, 120, 8, 8, '2025-12-23 20:26:35', '2025-10-26 13:43:04', '2025-12-23 20:26:35', NULL, NULL, 'active'),
(114, 61, 50.0000, 34.0000, 50.0000, 12.0000, 15.0000, '2025-10-26', NULL, NULL, 21, 121, 8, 8, '2025-12-07 13:04:16', '2025-10-26 13:43:04', '2025-12-07 13:04:16', NULL, NULL, 'active'),
(115, 105, 40.0000, 30.0000, 40.0000, 14.0000, 25.0000, '2025-10-26', NULL, NULL, 21, 122, 8, 8, '2025-12-16 16:52:34', '2025-10-26 13:43:04', '2025-12-16 16:52:34', NULL, NULL, 'active'),
(116, 106, 100.0000, 0.0000, 100.0000, 0.6500, 2.0000, '2025-10-26', NULL, NULL, 21, 123, 8, 8, '2025-11-22 02:31:31', '2025-10-26 13:43:04', '2025-11-22 02:31:31', NULL, NULL, 'consumed'),
(117, 35, 2.0000, 2.0000, 2.0000, 75.0000, 100.0000, '2025-10-26', NULL, NULL, 21, 124, 8, NULL, NULL, '2025-10-26 13:43:04', '2025-10-26 13:43:04', NULL, NULL, 'active'),
(118, 107, 40.0000, 40.0000, 40.0000, 40.0000, 55.0000, '2025-10-26', NULL, NULL, 21, 125, 8, 8, '2025-12-27 15:14:08', '2025-10-26 13:43:04', '2025-12-27 15:14:08', NULL, NULL, 'active'),
(119, 47, 40.0000, 36.0000, 40.0000, 45.0000, 60.0000, '2025-10-26', NULL, NULL, 21, 126, 8, 8, '2025-11-13 13:54:35', '2025-10-26 13:43:04', '2025-11-13 13:54:35', NULL, NULL, 'active'),
(120, 23, 100.0000, 85.0000, 100.0000, 19.0000, 25.0000, '2025-10-26', NULL, NULL, 21, 127, 8, 8, '2025-12-10 23:08:02', '2025-10-26 13:43:04', '2025-12-10 23:08:02', NULL, NULL, 'active'),
(121, 100, 12.0000, 11.0000, 12.0000, 72.5000, 100.0000, '2025-10-26', NULL, NULL, 20, 114, 8, 8, '2025-11-16 19:06:20', '2025-10-26 13:43:07', '2025-11-16 19:06:20', NULL, NULL, 'active'),
(122, 44, 300.0000, 226.0000, 300.0000, 4.0000, 10.0000, '2025-10-26', NULL, NULL, 19, 103, 8, 8, '2025-12-27 19:06:03', '2025-10-26 13:43:09', '2025-12-27 19:06:03', NULL, NULL, 'active'),
(123, 43, 50.0000, 3.0000, 50.0000, 4.0000, 10.0000, '2025-10-26', NULL, NULL, 19, 104, 8, 8, '2025-11-02 17:37:00', '2025-10-26 13:43:09', '2025-11-02 17:37:00', NULL, NULL, 'active'),
(124, 33, 1.0000, 1.0000, 1.0000, 70.0000, 100.0000, '2025-10-26', NULL, NULL, 19, 105, 8, NULL, NULL, '2025-10-26 13:43:09', '2025-10-26 13:43:09', NULL, NULL, 'active'),
(125, 22, 50.0000, 48.0000, 50.0000, 15.0000, 30.0000, '2025-10-26', NULL, NULL, 19, 106, 8, 8, '2025-11-20 05:25:31', '2025-10-26 13:43:09', '2025-11-20 05:25:31', NULL, NULL, 'active'),
(126, 109, 40.0000, 40.0000, 40.0000, 43.0000, 55.0000, '2025-10-26', NULL, NULL, 19, 107, 8, NULL, NULL, '2025-10-26 13:43:09', '2025-10-26 13:43:09', NULL, NULL, 'active'),
(127, 110, 40.0000, 16.0000, 40.0000, 45.0000, 60.0000, '2025-10-26', NULL, NULL, 19, 108, 8, 8, '2025-12-17 04:01:21', '2025-10-26 13:43:09', '2025-12-17 04:01:21', NULL, NULL, 'active'),
(128, 111, 100.0000, 88.0000, 100.0000, 13.0000, 25.0000, '2025-10-26', NULL, NULL, 19, 109, 8, 8, '2025-12-02 19:15:05', '2025-10-26 13:43:09', '2025-12-02 19:15:05', NULL, NULL, 'active'),
(129, 112, 300.0000, 274.0000, 300.0000, 1.0000, 2.5000, '2025-10-26', NULL, NULL, 19, 110, 8, 8, '2025-12-16 16:52:34', '2025-10-26 13:43:09', '2025-12-16 16:52:34', NULL, NULL, 'active'),
(130, 113, 200.0000, 196.0000, 200.0000, 2.0000, 2.5000, '2025-10-26', NULL, NULL, 19, 111, 8, 8, '2025-11-30 10:46:25', '2025-10-26 13:43:09', '2025-11-30 10:46:25', NULL, NULL, 'active'),
(131, 108, 25.0000, 21.0000, 25.0000, 37.0000, 60.0000, '2025-10-26', NULL, NULL, 19, 112, 8, 8, '2025-12-27 19:05:29', '2025-10-26 13:43:09', '2025-12-27 19:05:29', NULL, NULL, 'active'),
(132, 45, 16.0000, 5.6700, 16.0000, 130.0000, 175.0000, '2025-10-26', NULL, NULL, 19, 113, 8, 8, '2025-12-28 07:17:54', '2025-10-26 13:43:09', '2025-12-28 07:17:54', NULL, NULL, 'active'),
(133, 105, 10.0000, 10.0000, 10.0000, 20.0000, 25.0000, '2025-10-27', NULL, NULL, 24, 132, 8, NULL, NULL, '2025-10-27 16:49:18', '2025-10-27 16:49:18', NULL, NULL, 'active'),
(134, 116, 1.0000, 0.0000, 1.0000, 160.0000, 180.0000, '2025-10-27', NULL, NULL, 25, 133, 8, 8, '2025-10-27 20:40:47', '2025-10-27 20:37:23', '2025-10-27 20:40:47', NULL, NULL, 'consumed'),
(135, 115, 12.0000, 0.0000, 12.0000, 55.0000, 65.0000, '2025-10-27', NULL, NULL, 25, 134, 8, 8, '2025-10-27 20:40:47', '2025-10-27 20:37:23', '2025-10-27 20:40:47', NULL, NULL, 'consumed'),
(136, 117, 8.0000, 0.0000, 8.0000, 25.0000, 40.0000, '2025-10-29', NULL, NULL, 26, 135, 8, 8, '2025-10-29 18:51:35', '2025-10-29 18:50:21', '2025-10-29 18:51:35', NULL, NULL, 'consumed'),
(137, 118, 0.8200, 0.4820, 0.8200, 122.0000, 180.0000, '2025-11-01', NULL, NULL, 27, 136, 8, 8, '2025-11-01 14:12:21', '2025-11-01 13:53:33', '2025-11-01 14:12:21', NULL, NULL, 'active'),
(138, 84, 15.0000, 0.0000, 15.0000, 160.0000, 200.0000, '2025-11-03', NULL, NULL, 28, 137, 8, 8, '2025-11-12 23:18:45', '2025-11-03 13:34:39', '2025-11-12 23:18:45', NULL, NULL, 'consumed'),
(139, 72, 200.0000, 99.0000, 200.0000, 0.9000, 2.0000, '2025-11-03', NULL, NULL, 28, 138, 8, 8, '2025-12-28 07:15:24', '2025-11-03 13:34:39', '2025-12-28 07:15:24', NULL, NULL, 'active'),
(140, 119, 15.0000, 1.0000, 15.0000, 150.0000, 0.0000, '2025-11-12', NULL, NULL, 29, 139, 8, 8, '2025-12-12 13:48:23', '2025-11-12 22:39:43', '2025-12-12 13:48:23', NULL, NULL, 'active'),
(141, 38, 24.0000, 18.0000, 24.0000, 142.0000, 190.0000, '2025-11-15', NULL, NULL, 30, 140, 8, 8, '2025-12-22 01:25:15', '2025-11-15 20:45:43', '2025-12-22 01:25:15', NULL, NULL, 'active'),
(142, 122, 100.0000, 94.0000, 100.0000, 2.6000, 5.0000, '2025-11-15', NULL, NULL, 30, 141, 8, 8, '2025-12-11 18:58:39', '2025-11-15 20:45:43', '2025-12-11 18:58:39', NULL, NULL, 'active'),
(143, 28, 100.0000, 96.0000, 100.0000, 2.6000, 5.0000, '2025-11-15', NULL, NULL, 30, 142, 8, 8, '2025-11-29 22:00:20', '2025-11-15 20:45:43', '2025-11-29 22:00:20', NULL, NULL, 'active'),
(144, 121, 100.0000, 88.0000, 100.0000, 2.6000, 5.0000, '2025-11-15', NULL, NULL, 30, 143, 8, 8, '2025-12-12 13:48:23', '2025-11-15 20:45:43', '2025-12-12 13:48:23', NULL, NULL, 'active'),
(145, 72, 200.0000, 200.0000, 200.0000, 0.9500, 2.0000, '2025-11-15', NULL, NULL, 30, 144, 8, NULL, NULL, '2025-11-15 20:45:43', '2025-11-15 20:45:43', NULL, NULL, 'active'),
(146, 67, 12.0000, 11.0000, 12.0000, 20.8330, 30.0000, '2025-11-15', NULL, NULL, 30, 145, 8, 8, '2025-12-07 16:10:42', '2025-11-15 20:45:43', '2025-12-07 16:10:42', NULL, NULL, 'active'),
(147, 123, 20.0000, 14.0000, 20.0000, 47.0000, 65.0000, '2025-11-17', NULL, NULL, 31, 146, 8, 8, '2025-11-18 22:23:16', '2025-11-17 01:48:55', '2025-11-18 22:23:16', NULL, NULL, 'active'),
(148, 78, 20.0000, 20.0000, 20.0000, 54.0000, 75.0000, '2025-11-17', NULL, NULL, 31, 147, 8, NULL, NULL, '2025-11-17 01:48:55', '2025-11-17 01:48:55', NULL, NULL, 'active'),
(149, 124, 1.0000, 1.0000, 1.0000, 106.0000, 125.0000, '2025-11-18', NULL, NULL, 32, 148, 8, NULL, NULL, '2025-11-18 14:54:22', '2025-11-18 14:55:55', NULL, 'مضيفتش الكمية كاله', 'cancelled'),
(150, 124, 25.0000, 15.0000, 25.0000, 106.0000, 125.0000, '2025-11-18', NULL, NULL, 33, 149, 8, 8, '2025-12-23 20:26:35', '2025-11-18 14:56:21', '2025-12-23 20:26:35', NULL, NULL, 'active'),
(151, 125, 1.0000, 0.0000, 1.0000, 65.0000, 100.0000, '2025-11-19', NULL, NULL, 34, 150, 8, 8, '2025-11-19 16:30:26', '2025-11-19 16:02:54', '2025-11-19 16:30:26', NULL, NULL, 'consumed'),
(152, 128, 50.0000, 50.0000, 50.0000, 8.0000, 20.0000, '2025-11-21', NULL, NULL, 35, 151, 8, 8, '2025-11-25 07:27:09', '2025-11-21 06:31:51', '2025-11-25 15:05:54', NULL, NULL, 'active'),
(153, 127, 50.0000, 49.0000, 50.0000, 7.0000, 25.0000, '2025-11-21', NULL, NULL, 35, 152, 8, 8, '2025-12-02 03:18:13', '2025-11-21 06:31:51', '2025-12-02 03:18:13', NULL, NULL, 'active'),
(154, 126, 50.0000, 50.0000, 50.0000, 12.0000, 25.0000, '2025-11-21', NULL, NULL, 35, 153, 8, NULL, NULL, '2025-11-21 06:31:51', '2025-11-21 06:31:51', NULL, NULL, 'active'),
(155, 74, 200.0000, 197.0000, 200.0000, 18.0000, 25.0000, '2025-11-21', NULL, NULL, 35, 154, 8, 8, '2025-12-27 19:10:19', '2025-11-21 06:31:51', '2025-12-27 19:10:19', NULL, NULL, 'active'),
(156, 129, 20.0000, 14.0000, 20.0000, 75.6000, 90.0000, '2025-11-21', NULL, NULL, 35, 155, 8, 8, '2025-12-20 01:05:14', '2025-11-21 06:31:51', '2025-12-20 01:05:14', NULL, NULL, 'active'),
(157, 131, 20.0000, 10.0000, 20.0000, 150.0000, 200.0000, '2025-11-22', NULL, NULL, 36, 156, 8, 8, '2025-12-27 19:05:29', '2025-11-22 01:47:39', '2025-12-27 19:05:29', NULL, NULL, 'active'),
(158, 130, 20.0000, 7.0000, 20.0000, 160.0000, 210.0000, '2025-11-22', NULL, NULL, 36, 157, 8, 8, '2025-12-27 19:05:29', '2025-11-22 01:47:39', '2025-12-27 19:05:29', NULL, NULL, 'active'),
(159, 106, 200.0000, 76.0000, 200.0000, 0.8000, 2.0000, '2025-11-22', NULL, NULL, 36, 158, 8, 8, '2025-12-23 20:26:35', '2025-11-22 01:47:39', '2025-12-23 20:26:35', NULL, NULL, 'active'),
(160, 120, 20.0000, 13.0000, 20.0000, 55.0000, 85.0000, '2025-11-23', NULL, NULL, 37, 159, 8, 8, '2025-12-20 01:05:14', '2025-11-23 18:27:25', '2025-12-20 01:05:14', NULL, NULL, 'active'),
(161, 132, 1.0000, 0.0000, 1.0000, 55.0000, 60.0000, '2025-11-23', NULL, NULL, 38, 160, 8, 8, '2025-11-23 21:33:35', '2025-11-23 21:32:11', '2025-11-23 21:33:35', NULL, NULL, 'consumed'),
(162, 133, 8.0000, 2.0000, 8.0000, 12.0000, 15.0000, '2025-11-26', NULL, NULL, 39, 161, 8, 8, '2025-11-26 00:59:49', '2025-11-26 00:58:58', '2025-11-26 00:59:49', NULL, NULL, 'active'),
(163, 136, 100.0000, 100.0000, 100.0000, 0.0000, 0.0000, '2025-11-27', NULL, NULL, 40, 162, 8, NULL, NULL, '2025-11-27 02:16:59', '2025-11-27 02:16:59', NULL, NULL, 'active'),
(164, 134, 100.0000, 94.0000, 100.0000, 0.0000, 0.0000, '2025-11-27', NULL, NULL, 40, 163, 8, 8, '2025-12-12 10:49:27', '2025-11-27 02:16:59', '2025-12-12 10:49:27', NULL, NULL, 'active'),
(165, 135, 100.0000, 100.0000, 100.0000, 0.0000, 0.0000, '2025-11-27', NULL, NULL, 40, 164, 8, NULL, NULL, '2025-11-27 02:16:59', '2025-11-27 02:16:59', NULL, NULL, 'active'),
(166, 144, 1.0000, 0.0000, 1.0000, 50.0000, 60.0000, '2025-11-29', NULL, NULL, 41, 165, 8, 8, '2025-11-29 22:01:36', '2025-11-29 22:01:15', '2025-11-29 22:01:36', NULL, NULL, 'consumed'),
(167, 75, 100.0000, 100.0000, 100.0000, 20.0000, 25.0000, '2025-11-29', NULL, NULL, 42, 166, 8, 8, '2025-11-29 22:19:27', '2025-11-29 22:17:45', '2025-11-29 22:19:27', NULL, NULL, 'active'),
(168, 50, 100.0000, 100.0000, 100.0000, 15.0000, 25.0000, '2025-11-29', NULL, NULL, 42, 167, 8, 8, '2025-11-29 22:19:27', '2025-11-29 22:17:45', '2025-11-29 22:19:27', NULL, NULL, 'active'),
(169, 139, 100.0000, 80.0000, 100.0000, 9.0000, 12.0000, '2025-11-29', NULL, NULL, 42, 168, 8, 8, '2025-12-07 21:13:43', '2025-11-29 22:17:45', '2025-12-07 21:13:43', NULL, NULL, 'active'),
(170, 138, 100.0000, 100.0000, 100.0000, 6.5000, 10.0000, '2025-11-29', NULL, NULL, 42, 169, 8, 8, '2025-11-29 22:19:27', '2025-11-29 22:17:45', '2025-11-29 22:19:27', NULL, NULL, 'active'),
(171, 137, 100.0000, 98.0000, 100.0000, 6.5000, 10.0000, '2025-11-29', NULL, NULL, 42, 170, 8, 8, '2025-12-03 13:19:31', '2025-11-29 22:17:45', '2025-12-03 13:19:31', NULL, NULL, 'active'),
(172, 123, 0.0000, 0.0000, 0.0000, 0.0000, 0.0000, '2025-11-29', NULL, NULL, 42, 171, 8, 8, '2025-11-29 22:19:27', '2025-11-29 22:17:45', '2025-11-29 22:20:38', NULL, NULL, 'consumed'),
(173, 141, 10.0000, 0.0000, 10.0000, 55.0000, 65.0000, '2025-11-29', NULL, NULL, 42, 172, 8, 8, '2025-12-18 09:49:20', '2025-11-29 22:17:45', '2025-12-18 09:49:20', NULL, NULL, 'consumed'),
(174, 142, 100.0000, 97.0000, 100.0000, 11.5000, 15.0000, '2025-11-29', NULL, NULL, 42, 173, 8, 8, '2025-11-30 10:46:25', '2025-11-29 22:17:45', '2025-11-30 10:46:25', NULL, NULL, 'active'),
(175, 143, 100.0000, 100.0000, 100.0000, 11.5000, 15.0000, '2025-11-29', NULL, NULL, 42, 174, 8, 8, '2025-11-29 22:19:27', '2025-11-29 22:17:45', '2025-11-29 22:19:27', NULL, NULL, 'active'),
(176, 135, 2.0000, 2.0000, 2.0000, 45.0000, 0.0000, '2025-11-29', NULL, NULL, 42, 175, 8, 8, '2025-11-29 22:19:27', '2025-11-29 22:17:45', '2025-11-29 22:19:27', NULL, NULL, 'active'),
(177, 134, 2.0000, 2.0000, 2.0000, 45.0000, 0.0000, '2025-11-29', NULL, NULL, 42, 176, 8, 8, '2025-11-29 22:19:27', '2025-11-29 22:17:45', '2025-11-29 22:19:27', NULL, NULL, 'active'),
(178, 56, 15.0000, 15.0000, 15.0000, 64.0000, 75.0000, '2025-11-29', NULL, NULL, 43, 177, 8, NULL, NULL, '2025-11-29 22:20:30', '2025-11-29 22:20:30', NULL, NULL, 'active'),
(179, 145, 10.0000, 0.0000, 10.0000, 85.0000, 110.0000, '2025-11-29', NULL, NULL, 44, 178, 8, 8, '2025-12-18 04:09:07', '2025-11-29 22:23:51', '2025-12-18 04:09:07', NULL, NULL, 'consumed'),
(180, 116, 3.0000, 0.0000, 3.0000, 150.0000, 180.0000, '2025-12-02', NULL, NULL, 45, 179, 8, 8, '2025-12-02 03:23:53', '2025-12-02 03:16:05', '2025-12-02 03:23:53', NULL, NULL, 'consumed'),
(181, 141, 10.0000, 10.0000, 10.0000, 55.0000, 65.0000, '2025-12-02', NULL, NULL, 45, 180, 8, NULL, NULL, '2025-12-02 03:16:05', '2025-12-02 03:16:05', NULL, NULL, 'active'),
(182, 73, 90.0000, 6.0000, 90.0000, 1.2000, 3.0000, '2025-12-06', NULL, NULL, 46, 181, 8, 8, '2025-12-20 01:09:32', '2025-12-06 13:02:25', '2025-12-20 01:09:32', NULL, NULL, 'active'),
(183, 73, 73.0000, 73.0000, 73.0000, 1.3013, 3.0000, '2025-12-08', NULL, NULL, 47, 182, 8, NULL, NULL, '2025-12-08 16:03:29', '2025-12-08 16:03:29', NULL, NULL, 'active'),
(184, 146, 15.0000, 15.0000, 15.0000, 120.0000, 160.0000, '2025-12-12', NULL, NULL, 48, 183, 8, NULL, NULL, '2025-12-12 11:01:58', '2025-12-12 11:01:58', NULL, NULL, 'active'),
(185, 147, 15.0000, 15.0000, 15.0000, 130.0000, 170.0000, '2025-12-12', NULL, NULL, 48, 184, 8, NULL, NULL, '2025-12-12 11:01:58', '2025-12-12 11:01:58', NULL, NULL, 'active'),
(186, 148, 15.0000, 15.0000, 15.0000, 140.0000, 185.0000, '2025-12-12', NULL, NULL, 48, 185, 8, NULL, NULL, '2025-12-12 11:01:58', '2025-12-12 11:01:58', NULL, NULL, 'active'),
(187, 149, 15.0000, 15.0000, 15.0000, 150.0000, 200.0000, '2025-12-12', NULL, NULL, 48, 186, 8, NULL, NULL, '2025-12-12 11:01:58', '2025-12-12 11:01:58', NULL, NULL, 'active'),
(188, 51, 100.0000, 11.0000, 100.0000, 30.0000, 40.0000, '2025-12-12', NULL, NULL, 48, 187, 8, 8, '2025-12-27 19:05:29', '2025-12-12 11:01:58', '2025-12-27 19:05:29', NULL, NULL, 'active'),
(189, 76, 50.0000, 50.0000, 50.0000, 31.0000, 40.0000, '2025-12-12', NULL, NULL, 48, 188, 8, NULL, NULL, '2025-12-12 11:01:58', '2025-12-12 11:01:58', NULL, NULL, 'active'),
(190, 150, 100.0000, 99.0000, 100.0000, 3.0000, 5.0000, '2025-12-12', NULL, NULL, 49, 189, 8, 8, '2025-12-12 12:02:08', '2025-12-12 11:06:43', '2025-12-12 12:02:08', NULL, NULL, 'active'),
(191, 151, 1.0000, 0.8750, 1.0000, 85.0000, 120.0000, '2025-12-12', NULL, NULL, 50, 190, 8, 8, '2025-12-16 22:40:24', '2025-12-12 11:22:11', '2025-12-16 22:40:24', NULL, NULL, 'active'),
(192, 152, 1.0000, 1.0000, 1.0000, 90.0000, 120.0000, '2025-12-12', NULL, NULL, 50, 191, 8, NULL, NULL, '2025-12-12 11:22:11', '2025-12-12 11:22:11', NULL, NULL, 'active'),
(193, 153, 1.0000, 1.0000, 1.0000, 85.0000, 120.0000, '2025-12-12', NULL, NULL, 50, 192, 8, NULL, NULL, '2025-12-12 11:22:11', '2025-12-12 11:22:11', NULL, NULL, 'active'),
(194, 155, 5.0000, 5.0000, 5.0000, 30.0000, 55.0000, '2025-12-12', NULL, NULL, 50, 193, 8, NULL, NULL, '2025-12-12 11:22:11', '2025-12-12 11:22:11', NULL, NULL, 'active'),
(195, 154, 100.0000, 90.0000, 100.0000, 3.8000, 5.0000, '2025-12-12', NULL, NULL, 50, 194, 8, 8, '2025-12-13 23:59:19', '2025-12-12 11:22:11', '2025-12-13 23:59:19', NULL, NULL, 'active'),
(196, 156, 25.0000, 0.0000, 25.0000, 4.0000, 6.0000, '2025-12-12', NULL, NULL, 51, 195, 8, 8, '2025-12-15 19:10:22', '2025-12-12 11:33:42', '2025-12-15 19:10:22', NULL, NULL, 'consumed'),
(197, 123, 20.0000, 20.0000, 20.0000, 47.0000, 65.0000, '2025-12-12', NULL, NULL, 52, 196, 8, NULL, NULL, '2025-12-12 12:04:00', '2025-12-12 12:04:00', NULL, NULL, 'active'),
(198, 157, 24.0000, 0.0000, 24.0000, 30.0000, 40.0000, '2025-12-12', NULL, NULL, 53, 197, 8, 8, '2025-12-12 13:48:23', '2025-12-12 13:40:59', '2025-12-12 13:48:23', NULL, NULL, 'consumed'),
(199, 158, 10.0000, 0.0000, 10.0000, 30.0000, 40.0000, '2025-12-12', NULL, NULL, 53, 198, 8, 8, '2025-12-12 13:48:23', '2025-12-12 13:40:59', '2025-12-12 13:48:23', NULL, NULL, 'consumed'),
(200, 159, 1.0000, 1.0000, 1.0000, 40.0000, 50.0000, '2025-12-16', NULL, NULL, 54, 199, 8, 8, '2025-12-16 22:43:06', '2025-12-16 22:42:40', '2025-12-17 08:36:09', NULL, NULL, 'active'),
(201, 145, 1.0000, 0.0000, 1.0000, 80.0000, 110.0000, '2025-12-18', NULL, NULL, 55, 200, 8, 8, '2025-12-18 04:09:07', '2025-12-18 04:08:02', '2025-12-18 04:09:07', NULL, NULL, 'consumed'),
(202, 160, 16.0000, 0.0000, 16.0000, 60.0000, 80.0000, '2025-12-18', NULL, NULL, 55, 201, 8, 8, '2025-12-18 04:09:07', '2025-12-18 04:08:02', '2025-12-18 04:09:07', NULL, NULL, 'consumed'),
(203, 161, 1.0000, 0.0000, 1.0000, 100.0000, 120.0000, '2025-12-20', NULL, NULL, 56, 202, 8, 8, '2025-12-20 01:03:58', '2025-12-20 01:03:42', '2025-12-20 01:03:58', NULL, NULL, 'consumed'),
(204, 158, 2.0000, 0.0000, 2.0000, 30.0000, 40.0000, '2025-12-25', NULL, NULL, 57, 203, 8, 8, '2025-12-25 13:50:22', '2025-12-25 13:49:30', '2025-12-25 13:50:22', NULL, NULL, 'consumed'),
(205, 157, 5.0000, 0.0000, 5.0000, 30.0000, 40.0000, '2025-12-25', NULL, NULL, 57, 204, 8, 8, '2025-12-25 13:50:22', '2025-12-25 13:49:30', '2025-12-25 13:50:22', NULL, NULL, 'consumed'),
(206, 163, 2.0000, 0.0000, 2.0000, 110.0000, 145.0000, '2025-12-27', NULL, NULL, 58, 205, 8, 8, '2025-12-27 19:05:29', '2025-12-27 18:34:41', '2025-12-27 19:05:29', NULL, NULL, 'consumed'),
(207, 162, 2.0000, 0.0000, 2.0000, 115.0000, 150.0000, '2025-12-27', NULL, NULL, 58, 206, 8, 8, '2025-12-27 19:05:29', '2025-12-27 18:34:41', '2025-12-27 19:05:29', NULL, NULL, 'consumed'),
(208, 116, 1.0000, 0.0000, 1.0000, 160.0000, 180.0000, '2025-12-27', NULL, NULL, 59, 207, 8, 8, '2025-12-27 19:05:29', '2025-12-27 18:35:59', '2025-12-27 19:05:29', NULL, NULL, 'consumed'),
(209, 164, 20.0000, 19.7500, 20.0000, 78.0000, 100.0000, '2025-12-27', NULL, NULL, 60, 208, 8, 8, '2025-12-27 19:08:12', '2025-12-27 18:37:41', '2025-12-27 19:08:12', NULL, NULL, 'active');

-- --------------------------------------------------------

--
-- Table structure for table `customers`
--

CREATE TABLE `customers` (
  `id` int(11) NOT NULL,
  `name` varchar(150) NOT NULL COMMENT 'اسم العميل',
  `mobile` varchar(11) NOT NULL COMMENT 'رقم الموبايل (11 رقم)',
  `city` varchar(100) NOT NULL COMMENT 'المدينة',
  `address` varchar(255) DEFAULT NULL COMMENT 'العنوان التفصيلي',
  `notes` text DEFAULT NULL,
  `created_by` int(11) DEFAULT NULL COMMENT 'معرف المستخدم الذي أضاف العميل',
  `created_at` timestamp NOT NULL DEFAULT current_timestamp() COMMENT 'تاريخ الإضافة'
) ENGINE=InnoDB DEFAULT CHARSET=utf8mb4 COLLATE=utf8mb4_unicode_ci;

--
-- Dumping data for table `customers`
--

INSERT INTO `customers` (`id`, `name`, `mobile`, `city`, `address`, `notes`, `created_by`, `created_at`) VALUES
(8, 'عميل نقدي', '01096590798', 'Fayoum', 'Fayoum, Egypt', '', 5, '2025-09-01 11:38:46'),
(9, 'مينا ميلاد', '01010029252', 'الفيوم', '', '', 5, '2025-10-05 13:54:03'),
(10, 'الاسطي اسلام', '01002821969', 'الفيوم', '', '', 5, '2025-10-06 13:13:04'),
(11, 'الاسطي بولا', '01005557898', 'الفيوم', '', '', 5, '2025-10-06 13:13:45'),
(12, 'الاسطى احمد عيد', '01099656683', 'الصوفى', 'الفيوم', 'الاسطى احمد اللي بياجي لاسلام حمدي', 8, '2025-10-08 14:54:34'),
(13, 'احمد عويس', '01000765098', 'الفيوم', 'السلخانة', '', 8, '2025-10-09 14:32:57'),
(14, 'عم حسن ابو غزالة', '01148393805', 'الفيوم', 'شارع دراماد الجديد', '', 9, '2025-10-11 15:57:29'),
(15, 'الاسطي حماده نبيل', '01007723915', 'الفيوم', '', '', 8, '2025-10-12 20:47:51'),
(16, 'الاسطي امين', '01090293867', 'الفيوم', 'سلخانه', '', 8, '2025-10-13 12:29:17'),
(17, 'كشري', '01000561550', 'الشيخ سالم', '', '', 8, '2025-10-28 18:13:34'),
(18, 'السطي فايز', '01276757490', 'الجون', '', '', 8, '2025-10-29 15:42:18'),
(19, 'احمد بندق', '01094410355', 'البرمكي', '', '', 8, '2025-11-01 11:46:14'),
(20, 'محمود البرمجي', '01017809788', 'الفيوم', 'البرمجي', 'عميلا بولا', 8, '2025-11-01 12:32:14'),
(21, 'احمد توفيق', '01030868990', 'ابوكساه', '', '', 8, '2025-11-01 19:08:15'),
(22, 'بتاع ديكورات', '01007633262', 'الفيوم', '', 'قواعد العمل\r\nالخامات اللي هتتسحب هيتم سددها بعد بيع الصنف وهيتم التقسيم كالاتي:\r\nسعيد : النصف\r\nواحمد واسلام وبولا : النصف\r\nوالله الموفق', 8, '2025-11-06 21:58:14'),
(23, 'هاني فكر', '01011767106', 'بيهمو', '', '', 8, '2025-11-08 12:36:55'),
(24, 'مصطفي حسين', '01157787113', 'الفيوم', 'السلخانه', '', 8, '2025-11-09 19:59:09'),
(25, 'مهندس ديفيد و مينا', '01006044093', 'الفيوم', '', 'تبع شغل بولا واسلام', 8, '2025-11-11 15:04:27'),
(26, 'عبدالرحمن سلامه', '01025582947', 'البرمكي', '', '', 8, '2025-11-13 18:59:49'),
(27, 'علي حسن', '01144383260', 'القاهره', 'الزاويه الحمراء', '', 8, '2025-11-18 18:24:36'),
(28, 'العطار', '01065222679', '', '', '', 8, '2025-11-19 23:29:28'),
(29, 'الشيخ ممدوح الغرق', '01094409101', 'الغرق', '', '', 8, '2025-11-24 20:16:28'),
(30, 'محمود سعيد', '01094133019', 'الفيوم', 'السلخانه', '', 8, '2025-11-29 19:41:24'),
(31, 'مصطفي العجميين', '01095204454', 'العجميين تلات', '', '', 8, '2025-11-30 08:33:35'),
(32, 'عبدالله محمد فتحي', '01060238079', 'السلاخانه', '', '', 8, '2025-12-04 11:48:34'),
(33, 'سامح نادي', '01065704639', 'الفيوم', '', '', 8, '2025-12-12 11:35:51'),
(34, 'عماد طاميه', '01271326240', 'طامية', '', '', 8, '2025-12-27 17:04:30');

-- --------------------------------------------------------

--
-- Table structure for table `expenses`
--

CREATE TABLE `expenses` (
  `id` int(11) NOT NULL,
  `expense_date` date NOT NULL COMMENT 'تاريخ حدوث المصروف',
  `description` varchar(255) NOT NULL COMMENT 'وصف أو بيان المصروف',
  `amount` decimal(10,2) NOT NULL COMMENT 'قيمة المصروف',
  `category_id` int(11) DEFAULT NULL COMMENT 'معرف فئة المصروف (FK to expense_categories.id)',
  `notes` text DEFAULT NULL COMMENT 'ملاحظات إضافية على المصروف (اختياري)',
  `created_by` int(11) DEFAULT NULL COMMENT 'معرف المستخدم الذي سجل المصروف (FK to users.id)',
  `created_at` timestamp NOT NULL DEFAULT current_timestamp(),
  `updated_at` timestamp NULL DEFAULT NULL ON UPDATE current_timestamp()
) ENGINE=InnoDB DEFAULT CHARSET=utf8mb4 COLLATE=utf8mb4_unicode_ci COMMENT='سجل المصاريف التشغيلية';

--
-- Dumping data for table `expenses`
--

INSERT INTO `expenses` (`id`, `expense_date`, `description`, `amount`, `category_id`, `notes`, `created_by`, `created_at`, `updated_at`) VALUES
(1, '2025-10-05', 'غدا', 30.00, NULL, '', 5, '2025-10-05 16:05:36', NULL),
(2, '2025-10-05', 'لله', 50.00, NULL, '', 5, '2025-10-05 16:47:45', NULL),
(3, '2025-10-05', 'قلم صبورة', 10.00, NULL, '', 5, '2025-10-05 19:43:14', NULL),
(6, '2025-10-06', 'غدا', 20.00, 2, '0', 5, '2025-10-06 18:34:18', NULL),
(7, '2025-10-07', 'غدا', 20.00, NULL, '', 5, '2025-10-07 16:05:27', NULL),
(8, '2025-10-09', 'غدا', 20.00, 2, '0', 8, '2025-10-09 16:35:54', NULL),
(9, '2025-10-14', 'بن', 20.00, NULL, '', 8, '2025-10-14 16:17:58', NULL),
(10, '2025-10-30', 'في الكشكول علي مدار الشهر اللي فات', 590.00, NULL, '', 8, '2025-10-30 11:35:29', NULL),
(11, '2025-10-30', 'ال5% بتاع لله', 150.00, NULL, '', 8, '2025-10-30 11:35:53', NULL),
(12, '2025-10-15', 'الميزانه', 850.00, NULL, 'مش فاكر يوم ايه بس بالتقريب', 8, '2025-11-01 11:35:11', NULL),
(13, '2025-11-01', 'غدا', 30.00, 2, '0', 8, '2025-11-01 16:01:16', NULL),
(14, '2025-11-02', 'غدا', 25.00, NULL, '', 8, '2025-11-02 14:07:14', NULL),
(15, '2025-11-03', 'زياد', 5.00, NULL, '', 8, '2025-11-03 12:32:57', NULL),
(16, '2025-11-04', 'غدا', 20.00, NULL, '', 8, '2025-11-04 11:38:47', NULL),
(18, '2025-11-06', 'فطار', 10.00, NULL, '', 8, '2025-11-06 09:57:52', NULL),
(19, '2025-11-08', 'غدا', 35.00, NULL, '', 8, '2025-11-08 15:07:54', NULL),
(20, '2025-11-09', 'فطار', 20.00, NULL, '', 8, '2025-11-09 10:41:06', NULL),
(21, '2025-11-12', 'فطار', 15.00, NULL, '', 8, '2025-11-12 12:11:14', NULL),
(22, '2025-11-12', 'سعيد', 5.00, NULL, '', 8, '2025-11-16 23:24:06', NULL),
(23, '2025-11-13', 'سعيد', 30.00, NULL, '', 8, '2025-11-16 23:24:31', NULL),
(24, '2025-11-16', 'سعيد', 20.00, NULL, '', 8, '2025-11-16 23:24:50', NULL),
(25, '2025-11-02', 'للبرنامج', 500.00, NULL, '', 8, '2025-11-18 13:11:46', NULL),
(26, '2025-11-18', 'من فلوس الكرسي والطابعه', 2000.00, NULL, '', 8, '2025-11-18 13:17:32', NULL),
(27, '2025-11-19', 'فطار وورق طابعه', 100.00, NULL, '', 8, '2025-11-27 15:32:01', NULL),
(28, '2025-11-20', 'فطار', 30.00, NULL, '', 8, '2025-11-27 15:33:19', NULL),
(29, '2025-11-21', 'غدا', 20.00, NULL, '', 8, '2025-11-27 15:34:23', NULL),
(30, '2025-11-22', 'سعيد', 20.00, NULL, '', 8, '2025-11-27 15:36:34', NULL),
(31, '2025-11-23', 'سعيد', 60.00, NULL, '', 8, '2025-11-27 15:39:38', NULL),
(33, '2025-11-25', 'غدا', 40.00, NULL, '', 8, '2025-11-27 15:41:15', NULL),
(34, '2025-11-27', 'سعيد', 20.00, NULL, '', 8, '2025-11-27 15:41:35', NULL),
(35, '2025-11-27', 'نت', 60.00, NULL, '', 8, '2025-11-27 15:43:12', NULL),
(36, '2025-11-29', 'سعيد', 50.00, NULL, '', 8, '2025-11-30 03:01:43', NULL),
(37, '2025-11-30', 'لله', 500.00, NULL, '', 8, '2025-11-30 04:07:10', NULL),
(38, '2025-12-02', 'كارت', 20.00, NULL, '', 8, '2025-12-02 01:25:44', NULL),
(39, '2025-12-03', 'سعيد', 10.00, NULL, '', 8, '2025-12-03 20:45:24', NULL),
(40, '2025-12-08', 'فطار', 20.00, NULL, '', 8, '2025-12-07 23:28:44', NULL),
(41, '2025-12-09', 'سعيد', 25.00, NULL, '', 8, '2025-12-09 17:20:38', NULL);

-- --------------------------------------------------------

--
-- Table structure for table `expense_categories`
--

CREATE TABLE `expense_categories` (
  `id` int(11) NOT NULL,
  `name` varchar(150) NOT NULL COMMENT 'اسم فئة المصروف (مثال: نقل، كهرباء، إيجار)',
  `description` text DEFAULT NULL COMMENT 'وصف إضافي للفئة (اختياري)',
  `created_at` timestamp NOT NULL DEFAULT current_timestamp()
) ENGINE=InnoDB DEFAULT CHARSET=utf8mb4 COLLATE=utf8mb4_unicode_ci COMMENT='فئات المصاريف المختلفة';

--
-- Dumping data for table `expense_categories`
--

INSERT INTO `expense_categories` (`id`, `name`, `description`, `created_at`) VALUES
(1, 'بضاعة', '', '2025-10-06 18:32:32'),
(2, 'غدا', '', '2025-10-06 18:32:58'),
(3, 'ايجار', '', '2025-11-04 20:33:55');

-- --------------------------------------------------------

--
-- Table structure for table `invoices_out`
--

CREATE TABLE `invoices_out` (
  `id` int(11) NOT NULL COMMENT 'المعرف التلقائي للفاتورة',
  `customer_id` int(11) NOT NULL COMMENT 'معرف العميل المرتبط بالفاتورة',
  `delivered` enum('yes','no','canceled','reverted') NOT NULL DEFAULT 'no' COMMENT 'هل تم التسليم؟ (نعم/لا)',
  `invoice_group` enum('group1','group2','group3','group4','group5','group6','group7','group8','group9','group10','group11') NOT NULL COMMENT 'مجموعة الفاتورة (من 1 إلى 11)',
  `created_by` int(11) DEFAULT NULL COMMENT 'معرف المستخدم الذي أنشأ الفاتورة',
  `created_at` timestamp NOT NULL DEFAULT current_timestamp() COMMENT 'تاريخ ووقت الإنشاء',
  `updated_by` int(11) DEFAULT NULL COMMENT 'معرف المستخدم الذي آخر من عدل الفاتورة',
  `updated_at` timestamp NULL DEFAULT NULL ON UPDATE current_timestamp() COMMENT 'تاريخ ووقت آخر تعديل',
  `notes` text DEFAULT NULL,
  `cancel_reason` varchar(255) DEFAULT NULL,
  `revert_reason` varchar(255) DEFAULT NULL,
  `total_before_discount` decimal(12,2) NOT NULL DEFAULT 0.00 COMMENT 'مجموع البيع قبل أي خصم',
  `discount_type` enum('percent','amount') NOT NULL DEFAULT 'percent' COMMENT 'نوع الخصم',
  `discount_value` decimal(10,2) NOT NULL DEFAULT 0.00 COMMENT 'قيمة الخصم: إذا percent -> تخزن النسبة وإلا قيمة المبلغ',
  `discount_amount` decimal(12,2) NOT NULL DEFAULT 0.00 COMMENT 'مبلغ الخصم المحسوب بالعملة',
  `total_after_discount` decimal(12,2) NOT NULL DEFAULT 0.00 COMMENT 'المجموع النهائي بعد الخصم',
  `total_cost` decimal(12,2) NOT NULL DEFAULT 0.00 COMMENT 'اجمالي التكلفة (مخزن للتقارير)',
  `profit_amount` decimal(12,2) NOT NULL DEFAULT 0.00 COMMENT 'اجمالي الربح = total_before_discount - total_cost'
) ENGINE=InnoDB DEFAULT CHARSET=utf8mb4 COLLATE=utf8mb4_unicode_ci COMMENT='جدول فواتير العملاء الصادرة';

--
-- Dumping data for table `invoices_out`
--

INSERT INTO `invoices_out` (`id`, `customer_id`, `delivered`, `invoice_group`, `created_by`, `created_at`, `updated_by`, `updated_at`, `notes`, `cancel_reason`, `revert_reason`, `total_before_discount`, `discount_type`, `discount_value`, `discount_amount`, `total_after_discount`, `total_cost`, `profit_amount`) VALUES
(1, 8, 'yes', 'group1', 5, '2025-10-05 16:49:00', 5, '2025-10-05 16:49:06', '', NULL, NULL, 0.00, 'percent', 0.00, 0.00, 0.00, 0.00, 0.00),
(2, 11, 'yes', 'group1', 5, '2025-10-06 16:04:01', 8, '2025-10-09 19:51:13', '', NULL, NULL, 0.00, 'percent', 0.00, 0.00, 0.00, 0.00, 0.00),
(3, 10, 'yes', 'group1', 5, '2025-10-06 18:45:25', 8, '2025-10-25 01:46:35', '', NULL, NULL, 0.00, 'percent', 0.00, 0.00, 0.00, 0.00, 0.00),
(4, 8, 'yes', 'group1', 5, '2025-10-06 19:54:48', NULL, NULL, '', NULL, NULL, 0.00, 'percent', 0.00, 0.00, 0.00, 0.00, 0.00),
(5, 8, 'yes', 'group1', 5, '2025-10-06 20:30:11', 5, '2025-10-06 20:30:15', '', NULL, NULL, 0.00, 'percent', 0.00, 0.00, 0.00, 0.00, 0.00),
(6, 8, 'yes', 'group1', 5, '2025-10-07 12:18:11', NULL, NULL, '', NULL, NULL, 0.00, 'percent', 0.00, 0.00, 0.00, 0.00, 0.00),
(7, 8, 'yes', 'group1', 5, '2025-10-07 14:40:30', NULL, NULL, '', NULL, NULL, 0.00, 'percent', 0.00, 0.00, 0.00, 0.00, 0.00),
(8, 11, 'yes', 'group1', 5, '2025-10-07 15:32:09', 8, '2025-10-09 19:51:13', 'العطار', NULL, NULL, 0.00, 'percent', 0.00, 0.00, 0.00, 0.00, 0.00),
(9, 8, 'yes', 'group1', 5, '2025-10-07 17:42:09', NULL, NULL, '', NULL, NULL, 0.00, 'percent', 0.00, 0.00, 0.00, 0.00, 0.00),
(10, 10, 'yes', 'group1', 8, '2025-10-08 13:59:39', 8, '2025-10-25 01:47:15', '', NULL, NULL, 0.00, 'percent', 0.00, 0.00, 0.00, 0.00, 0.00),
(11, 10, 'yes', 'group1', 8, '2025-10-08 14:17:16', 8, '2025-10-25 01:47:36', 'لشغل روماني', NULL, NULL, 0.00, 'percent', 0.00, 0.00, 0.00, 0.00, 0.00),
(12, 10, 'canceled', 'group1', 8, '2025-10-08 14:21:26', 8, '2025-10-08 14:33:41', 'لشغل روماني', NULL, NULL, 0.00, 'percent', 0.00, 0.00, 0.00, 0.00, 0.00),
(13, 10, 'canceled', 'group1', 8, '2025-10-08 14:21:26', 8, '2025-10-08 14:32:37', 'لشغل روماني', NULL, NULL, 0.00, 'percent', 0.00, 0.00, 0.00, 0.00, 0.00),
(14, 10, 'yes', 'group1', 8, '2025-10-08 14:31:57', 8, '2025-10-25 01:47:30', 'لشغل روماني', NULL, NULL, 0.00, 'percent', 0.00, 0.00, 0.00, 0.00, 0.00),
(15, 12, 'yes', 'group1', 8, '2025-10-08 15:10:57', 8, '2025-10-09 12:25:55', '', NULL, NULL, 0.00, 'percent', 0.00, 0.00, 0.00, 0.00, 0.00),
(16, 11, 'yes', 'group1', 8, '2025-10-08 17:05:57', 8, '2025-10-09 19:51:11', '', NULL, NULL, 0.00, 'percent', 0.00, 0.00, 0.00, 0.00, 0.00),
(17, 10, 'yes', 'group1', 8, '2025-10-09 08:32:30', 8, '2025-11-11 19:28:52', 'للمنياوي', NULL, NULL, 0.00, 'percent', 0.00, 0.00, 0.00, 0.00, 0.00),
(18, 8, 'yes', 'group1', 8, '2025-10-09 08:33:00', NULL, NULL, '', NULL, NULL, 0.00, 'percent', 0.00, 0.00, 0.00, 0.00, 0.00),
(19, 11, 'yes', 'group1', 8, '2025-10-09 12:39:27', 8, '2025-10-09 19:51:10', '', NULL, NULL, 0.00, 'percent', 0.00, 0.00, 0.00, 0.00, 0.00),
(20, 13, 'yes', 'group1', 8, '2025-10-09 14:33:13', NULL, NULL, '', NULL, NULL, 0.00, 'percent', 0.00, 0.00, 0.00, 0.00, 0.00),
(21, 11, 'yes', 'group1', 8, '2025-10-09 18:02:35', 8, '2025-10-09 19:51:03', 'عم سامح', NULL, NULL, 0.00, 'percent', 0.00, 0.00, 0.00, 0.00, 0.00),
(22, 11, 'yes', 'group1', 8, '2025-10-09 18:17:36', 8, '2025-10-09 19:50:55', 'خدهم احمد عزت من ابو الملايين وقال على حساب بولا', NULL, NULL, 0.00, 'percent', 0.00, 0.00, 0.00, 0.00, 0.00),
(23, 11, 'yes', 'group1', 8, '2025-10-09 18:25:46', 8, '2025-10-09 18:25:50', '', NULL, NULL, 0.00, 'percent', 0.00, 0.00, 0.00, 0.00, 0.00),
(24, 11, 'yes', 'group1', 8, '2025-10-09 18:44:01', 8, '2025-10-09 19:50:53', 'خدها زياد من ابو ريان', NULL, NULL, 0.00, 'percent', 0.00, 0.00, 0.00, 0.00, 0.00),
(25, 10, 'yes', 'group1', 8, '2025-10-09 19:09:19', 8, '2025-11-11 19:31:25', 'حماده نبيل', NULL, NULL, 0.00, 'percent', 0.00, 0.00, 0.00, 0.00, 0.00),
(26, 10, 'yes', 'group1', 8, '2025-10-09 19:56:03', NULL, NULL, '', NULL, NULL, 0.00, 'percent', 0.00, 0.00, 0.00, 0.00, 0.00),
(27, 10, 'yes', 'group1', 8, '2025-10-09 21:17:06', NULL, NULL, '', NULL, NULL, 0.00, 'percent', 0.00, 0.00, 0.00, 0.00, 0.00),
(28, 8, 'yes', 'group1', 9, '2025-10-11 12:47:14', NULL, NULL, '', NULL, NULL, 0.00, 'percent', 0.00, 0.00, 0.00, 0.00, 0.00),
(29, 14, 'yes', 'group1', 9, '2025-10-11 15:59:59', NULL, NULL, '', NULL, NULL, 0.00, 'percent', 0.00, 0.00, 0.00, 0.00, 0.00),
(30, 8, 'yes', 'group1', 8, '2025-10-12 13:44:57', NULL, NULL, '', NULL, NULL, 0.00, 'percent', 0.00, 0.00, 0.00, 0.00, 0.00),
(31, 8, 'yes', 'group1', 8, '2025-10-12 13:46:33', 8, '2025-10-12 13:47:01', '', NULL, NULL, 0.00, 'percent', 0.00, 0.00, 0.00, 0.00, 0.00),
(32, 11, 'yes', 'group1', 8, '2025-10-12 13:48:56', 8, '2025-10-14 15:57:29', 'سامح اطسا', NULL, NULL, 0.00, 'percent', 0.00, 0.00, 0.00, 0.00, 0.00),
(33, 11, 'yes', 'group1', 8, '2025-10-12 13:49:35', 8, '2025-10-16 22:47:31', 'خدها زياد', NULL, NULL, 0.00, 'percent', 0.00, 0.00, 0.00, 0.00, 0.00),
(34, 10, 'yes', 'group1', 8, '2025-10-12 20:46:10', 8, '2025-11-11 19:30:34', 'لاحمد عيد', NULL, NULL, 0.00, 'percent', 0.00, 0.00, 0.00, 0.00, 0.00),
(35, 15, 'yes', 'group1', 8, '2025-10-12 20:48:31', 8, '2025-10-25 01:50:37', '', NULL, NULL, 0.00, 'percent', 0.00, 0.00, 0.00, 0.00, 0.00),
(36, 16, 'yes', 'group1', 8, '2025-10-13 12:45:09', 8, '2025-10-13 12:45:17', '', NULL, NULL, 0.00, 'percent', 0.00, 0.00, 0.00, 0.00, 0.00),
(37, 10, 'yes', 'group1', 8, '2025-10-13 14:55:46', 8, '2025-10-25 01:51:47', 'روماني', NULL, NULL, 0.00, 'percent', 0.00, 0.00, 0.00, 0.00, 0.00),
(38, 11, 'yes', 'group1', 8, '2025-10-13 18:40:22', 8, '2025-10-16 22:47:30', 'زياد خدها', NULL, NULL, 0.00, 'percent', 0.00, 0.00, 0.00, 0.00, 0.00),
(39, 10, 'yes', 'group1', 8, '2025-10-13 18:41:00', 8, '2025-10-25 01:53:18', '', NULL, NULL, 0.00, 'percent', 0.00, 0.00, 0.00, 0.00, 0.00),
(40, 10, 'yes', 'group1', 8, '2025-10-13 18:49:20', 8, '2025-10-25 01:53:40', 'روماني', NULL, NULL, 0.00, 'percent', 0.00, 0.00, 0.00, 0.00, 0.00),
(41, 10, 'yes', 'group1', 8, '2025-10-13 19:17:20', 8, '2025-10-25 01:54:26', 'روماني اسلام', NULL, NULL, 0.00, 'percent', 0.00, 0.00, 0.00, 0.00, 0.00),
(42, 11, 'yes', 'group1', 8, '2025-10-13 19:27:43', 8, '2025-10-13 20:43:44', '', NULL, NULL, 0.00, 'percent', 0.00, 0.00, 0.00, 0.00, 0.00),
(43, 10, 'yes', 'group1', 8, '2025-10-13 21:21:34', 8, '2025-10-25 01:55:57', 'روماني', NULL, NULL, 0.00, 'percent', 0.00, 0.00, 0.00, 0.00, 0.00),
(44, 8, 'yes', 'group1', 8, '2025-10-14 13:11:45', NULL, NULL, '', NULL, NULL, 0.00, 'percent', 0.00, 0.00, 0.00, 0.00, 0.00),
(45, 15, 'yes', 'group1', 8, '2025-10-14 13:12:53', 8, '2025-10-22 17:18:14', '', NULL, NULL, 0.00, 'percent', 0.00, 0.00, 0.00, 0.00, 0.00),
(46, 15, 'yes', 'group1', 8, '2025-10-14 13:15:47', 8, '2025-10-30 18:33:03', '', NULL, NULL, 0.00, 'percent', 0.00, 0.00, 0.00, 0.00, 0.00),
(47, 8, 'yes', 'group1', 8, '2025-10-14 17:50:23', 8, '2025-10-16 17:54:37', 'عم خالد', NULL, NULL, 0.00, 'percent', 0.00, 0.00, 0.00, 0.00, 0.00),
(48, 15, 'canceled', 'group1', 8, '2025-10-14 21:00:59', 8, '2025-10-22 17:18:58', 'حماده نبيل', NULL, NULL, 0.00, 'percent', 0.00, 0.00, 0.00, 0.00, 0.00),
(49, 11, 'yes', 'group1', 8, '2025-10-15 18:27:05', 8, '2025-10-15 19:47:30', 'عمار دفع 300 وبقي 100', NULL, NULL, 0.00, 'percent', 0.00, 0.00, 0.00, 0.00, 0.00),
(50, 11, 'yes', 'group1', 8, '2025-10-15 19:08:51', 8, '2025-10-16 22:47:28', 'سامح الغرق', NULL, NULL, 0.00, 'percent', 0.00, 0.00, 0.00, 0.00, 0.00),
(51, 16, 'yes', 'group1', 8, '2025-10-15 19:11:48', 8, '2025-10-20 12:37:53', 'دفع 55 المقبض وتمن مفصله واحده لاحمد وليد', NULL, NULL, 0.00, 'percent', 0.00, 0.00, 0.00, 0.00, 0.00),
(52, 8, 'yes', 'group1', 8, '2025-10-15 19:47:08', 8, '2025-10-15 20:04:34', 'سالام مجدي دفع 100', NULL, NULL, 0.00, 'percent', 0.00, 0.00, 0.00, 0.00, 0.00),
(53, 8, 'yes', 'group1', 8, '2025-10-15 20:33:27', NULL, NULL, 'احمد عزت', NULL, NULL, 0.00, 'percent', 0.00, 0.00, 0.00, 0.00, 0.00),
(54, 8, 'yes', 'group1', 8, '2025-10-15 20:40:19', 8, '2025-10-20 12:37:13', 'خضير دفع 120', NULL, NULL, 0.00, 'percent', 0.00, 0.00, 0.00, 0.00, 0.00),
(55, 11, 'yes', 'group1', 8, '2025-10-15 20:53:27', 8, '2025-10-16 22:47:26', 'زياد', NULL, NULL, 0.00, 'percent', 0.00, 0.00, 0.00, 0.00, 0.00),
(56, 10, 'yes', 'group1', 8, '2025-10-16 17:15:28', 8, '2025-10-25 01:56:34', 'روماني', NULL, NULL, 0.00, 'percent', 0.00, 0.00, 0.00, 0.00, 0.00),
(57, 11, 'yes', 'group1', 8, '2025-10-16 17:22:07', 8, '2025-10-16 22:47:23', 'زياد', NULL, NULL, 0.00, 'percent', 0.00, 0.00, 0.00, 0.00, 0.00),
(58, 11, 'yes', 'group1', 8, '2025-10-16 17:38:34', 8, '2025-10-16 22:47:20', 'للسطي احمد', NULL, NULL, 0.00, 'percent', 0.00, 0.00, 0.00, 0.00, 0.00),
(59, 8, 'yes', 'group1', 8, '2025-10-16 17:54:25', 8, '2025-10-16 17:54:44', 'عم خالد', NULL, NULL, 0.00, 'percent', 0.00, 0.00, 0.00, 0.00, 0.00),
(60, 10, 'yes', 'group1', 8, '2025-10-16 17:55:23', 8, '2025-10-25 01:57:06', 'روماني', NULL, NULL, 0.00, 'percent', 0.00, 0.00, 0.00, 0.00, 0.00),
(61, 11, 'yes', 'group1', 8, '2025-10-16 18:32:31', 8, '2025-10-16 22:47:18', '', NULL, NULL, 0.00, 'percent', 0.00, 0.00, 0.00, 0.00, 0.00),
(62, 10, 'yes', 'group1', 8, '2025-10-16 20:25:33', 8, '2025-10-25 01:57:25', 'رماني', NULL, NULL, 0.00, 'percent', 0.00, 0.00, 0.00, 0.00, 0.00),
(63, 8, 'yes', 'group1', 8, '2025-10-16 20:53:51', NULL, NULL, '', NULL, NULL, 0.00, 'percent', 0.00, 0.00, 0.00, 0.00, 0.00),
(64, 8, 'yes', 'group1', 9, '2025-10-19 12:12:58', NULL, NULL, 'بياعهم اسلام', NULL, NULL, 0.00, 'percent', 0.00, 0.00, 0.00, 0.00, 0.00),
(65, 8, 'yes', 'group1', 9, '2025-10-19 12:15:34', NULL, NULL, 'غلطه طلعت ب150', NULL, NULL, 0.00, 'percent', 0.00, 0.00, 0.00, 0.00, 0.00),
(66, 11, 'yes', 'group1', 9, '2025-10-19 12:16:12', 8, '2025-10-25 01:59:46', 'طلعها احمد', NULL, NULL, 0.00, 'percent', 0.00, 0.00, 0.00, 0.00, 0.00),
(67, 10, 'yes', 'group1', 9, '2025-10-19 12:16:49', 8, '2025-10-25 01:57:44', 'اسلام وماني', NULL, NULL, 0.00, 'percent', 0.00, 0.00, 0.00, 0.00, 0.00),
(68, 8, 'yes', 'group1', 9, '2025-10-19 13:33:48', NULL, NULL, 'للمحل', NULL, NULL, 0.00, 'percent', 0.00, 0.00, 0.00, 0.00, 0.00),
(69, 10, 'yes', 'group1', 9, '2025-10-19 13:34:34', 8, '2025-10-25 01:57:52', 'روماني', NULL, NULL, 0.00, 'percent', 0.00, 0.00, 0.00, 0.00, 0.00),
(70, 10, 'yes', 'group1', 9, '2025-10-19 15:30:39', 8, '2025-10-25 01:57:59', 'روماني', NULL, NULL, 0.00, 'percent', 0.00, 0.00, 0.00, 0.00, 0.00),
(71, 8, 'yes', 'group1', 8, '2025-10-20 12:08:21', NULL, NULL, '', NULL, NULL, 0.00, 'percent', 0.00, 0.00, 0.00, 0.00, 0.00),
(72, 11, 'yes', 'group1', 8, '2025-10-20 12:32:11', 8, '2025-10-20 12:36:45', 'باقي 20 ودفع 380', NULL, NULL, 0.00, 'percent', 0.00, 0.00, 0.00, 0.00, 0.00),
(73, 8, 'yes', 'group1', 8, '2025-10-20 14:57:15', NULL, NULL, '', NULL, NULL, 0.00, 'percent', 0.00, 0.00, 0.00, 0.00, 0.00),
(74, 11, 'yes', 'group1', 8, '2025-10-20 14:57:51', 8, '2025-10-20 19:34:54', 'سامح اطسا', NULL, NULL, 0.00, 'percent', 0.00, 0.00, 0.00, 0.00, 0.00),
(75, 8, 'yes', 'group1', 8, '2025-10-20 19:38:17', NULL, NULL, 'سامح اطسا', NULL, NULL, 0.00, 'percent', 0.00, 0.00, 0.00, 0.00, 0.00),
(76, 10, 'yes', 'group1', 8, '2025-10-20 21:04:32', 8, '2025-10-21 20:38:31', 'محمد رجب', NULL, NULL, 0.00, 'percent', 0.00, 0.00, 0.00, 0.00, 0.00),
(77, 10, 'yes', 'group1', 8, '2025-10-20 21:06:51', 8, '2025-10-25 01:58:35', 'روماني', NULL, NULL, 0.00, 'percent', 0.00, 0.00, 0.00, 0.00, 0.00),
(78, 10, 'yes', 'group1', 8, '2025-10-20 21:08:04', 8, '2025-10-21 20:37:51', 'محمد رجب', NULL, NULL, 0.00, 'percent', 0.00, 0.00, 0.00, 0.00, 0.00),
(79, 10, 'yes', 'group1', 8, '2025-10-20 21:38:10', 8, '2025-10-21 20:38:02', 'محمد رجب', NULL, NULL, 0.00, 'percent', 0.00, 0.00, 0.00, 0.00, 0.00),
(80, 11, 'yes', 'group1', 8, '2025-10-21 10:20:23', 8, '2025-10-25 02:00:08', 'بولا', NULL, NULL, 0.00, 'percent', 0.00, 0.00, 0.00, 0.00, 0.00),
(81, 8, 'yes', 'group1', 8, '2025-10-21 19:38:23', 8, '2025-10-21 19:38:29', 'للمحل', NULL, NULL, 0.00, 'percent', 0.00, 0.00, 0.00, 0.00, 0.00),
(82, 11, 'yes', 'group1', 8, '2025-10-21 19:39:32', 8, '2025-10-25 02:00:16', 'زياد اللي شغا ف مكبس خدها', NULL, NULL, 0.00, 'percent', 0.00, 0.00, 0.00, 0.00, 0.00),
(83, 11, 'yes', 'group1', 8, '2025-10-22 09:23:17', NULL, NULL, 'سامح اطسا', NULL, NULL, 0.00, 'percent', 0.00, 0.00, 0.00, 0.00, 0.00),
(84, 8, 'yes', 'group1', 8, '2025-10-22 13:16:09', 8, '2025-10-30 10:44:50', 'يوسف جو', NULL, NULL, 0.00, 'percent', 0.00, 0.00, 0.00, 0.00, 0.00),
(85, 11, 'yes', 'group1', 8, '2025-10-22 16:08:05', 8, '2025-10-25 02:00:27', 'احمد محروس', NULL, NULL, 0.00, 'percent', 0.00, 0.00, 0.00, 0.00, 0.00),
(86, 15, 'yes', 'group1', 8, '2025-10-22 17:21:39', 8, '2025-10-26 20:51:03', 'بدل اللي اتلغت عشان رجع فرده', NULL, NULL, 0.00, 'percent', 0.00, 0.00, 0.00, 0.00, 0.00),
(87, 10, 'yes', 'group1', 8, '2025-10-25 02:02:10', 8, '2025-11-11 19:31:18', 'سامح نادي', NULL, NULL, 0.00, 'percent', 0.00, 0.00, 0.00, 0.00, 0.00),
(88, 8, 'yes', 'group1', 8, '2025-10-26 19:39:39', NULL, NULL, 'مينا بعها', NULL, NULL, 0.00, 'percent', 0.00, 0.00, 0.00, 0.00, 0.00),
(89, 10, 'yes', 'group1', 8, '2025-10-26 20:34:48', 8, '2025-11-11 19:30:15', 'خده ريان', NULL, NULL, 0.00, 'percent', 0.00, 0.00, 0.00, 0.00, 0.00),
(90, 15, 'yes', 'group1', 8, '2025-10-26 20:37:32', 8, '2025-10-30 19:21:26', 'الدريسينج', NULL, NULL, 0.00, 'percent', 0.00, 0.00, 0.00, 0.00, 0.00),
(91, 11, 'yes', 'group1', 8, '2025-10-26 20:39:15', 8, '2025-10-31 14:44:16', 'خدهم زياد للمكبس', NULL, NULL, 0.00, 'percent', 0.00, 0.00, 0.00, 0.00, 0.00),
(92, 10, 'yes', 'group1', 8, '2025-10-26 20:41:54', 8, '2025-11-11 19:31:01', 'شغل روماني', NULL, NULL, 0.00, 'percent', 0.00, 0.00, 0.00, 0.00, 0.00),
(93, 8, 'no', 'group1', 8, '2025-10-26 20:43:46', 8, '2025-12-30 10:54:11', 'محمد حجاج', NULL, NULL, 90.00, 'percent', 0.00, 0.00, 90.00, 0.00, 0.00),
(94, 15, 'yes', 'group1', 8, '2025-10-26 20:44:50', 8, '2025-10-30 19:21:43', 'الدريسنج', NULL, NULL, 0.00, 'percent', 0.00, 0.00, 0.00, 0.00, 0.00),
(95, 15, 'yes', 'group1', 8, '2025-10-27 10:19:13', 8, '2025-10-30 19:21:40', 'الدريسنج', NULL, NULL, 0.00, 'percent', 0.00, 0.00, 0.00, 0.00, 0.00),
(96, 15, 'yes', 'group1', 8, '2025-10-27 14:54:55', 8, '2025-10-30 19:21:39', 'الدريسنج', NULL, NULL, 0.00, 'percent', 0.00, 0.00, 0.00, 0.00, 0.00),
(97, 8, 'yes', 'group1', 8, '2025-10-27 14:57:55', NULL, NULL, 'سلام بعها ب85 احمد عزت', NULL, NULL, 0.00, 'percent', 0.00, 0.00, 0.00, 0.00, 0.00),
(98, 15, 'yes', 'group1', 8, '2025-10-27 18:40:47', 8, '2025-10-30 19:21:37', '', NULL, NULL, 0.00, 'percent', 0.00, 0.00, 0.00, 0.00, 0.00),
(99, 8, 'yes', 'group1', 8, '2025-10-27 20:05:20', 8, '2025-11-12 19:34:25', 'مصطفي دفع 1500', NULL, NULL, 0.00, 'percent', 0.00, 0.00, 0.00, 0.00, 0.00),
(100, 15, 'yes', 'group1', 8, '2025-10-28 07:34:21', 8, '2025-10-30 19:21:36', '', NULL, NULL, 0.00, 'percent', 0.00, 0.00, 0.00, 0.00, 0.00),
(101, 15, 'yes', 'group1', 8, '2025-10-28 07:43:44', 8, '2025-10-30 19:21:35', '', NULL, NULL, 0.00, 'percent', 0.00, 0.00, 0.00, 0.00, 0.00),
(102, 15, 'canceled', 'group1', 8, '2025-10-28 09:40:41', 8, '2025-10-28 09:43:16', 'وبدل 7 عدله بنص بردو', NULL, NULL, 0.00, 'percent', 0.00, 0.00, 0.00, 0.00, 0.00),
(103, 15, 'yes', 'group1', 8, '2025-10-28 09:44:26', 8, '2025-10-30 19:21:32', 'وبدل 7 بنص بدل عدله', NULL, NULL, 0.00, 'percent', 0.00, 0.00, 0.00, 0.00, 0.00),
(104, 17, 'yes', 'group1', 8, '2025-10-28 18:13:42', 8, '2025-10-28 18:22:34', '', NULL, NULL, 0.00, 'percent', 0.00, 0.00, 0.00, 0.00, 0.00),
(105, 10, 'canceled', 'group1', 8, '2025-10-28 18:26:06', 8, '2025-10-28 20:11:53', 'اسلام حمدي', NULL, NULL, 0.00, 'percent', 0.00, 0.00, 0.00, 0.00, 0.00),
(106, 8, 'yes', 'group1', 8, '2025-10-29 11:44:27', NULL, NULL, 'الزبون اللي شبه عبد المعز', NULL, NULL, 0.00, 'percent', 0.00, 0.00, 0.00, 0.00, 0.00),
(107, 8, 'yes', 'group1', 8, '2025-10-29 11:45:48', NULL, NULL, 'سامح اطسا', NULL, NULL, 0.00, 'percent', 0.00, 0.00, 0.00, 0.00, 0.00),
(108, 18, 'canceled', 'group1', 8, '2025-10-29 15:42:27', 8, '2025-10-29 16:42:06', '', NULL, NULL, 0.00, 'percent', 0.00, 0.00, 0.00, 0.00, 0.00),
(109, 18, 'yes', 'group1', 8, '2025-10-29 16:44:45', 8, '2025-10-29 16:44:51', 'عم فايز', NULL, NULL, 0.00, 'percent', 0.00, 0.00, 0.00, 0.00, 0.00),
(110, 15, 'yes', 'group1', 8, '2025-10-29 16:48:56', 8, '2025-10-30 19:21:31', '', NULL, NULL, 0.00, 'percent', 0.00, 0.00, 0.00, 0.00, 0.00),
(111, 15, 'yes', 'group1', 8, '2025-10-29 16:51:35', 8, '2025-10-30 19:21:29', '', NULL, NULL, 0.00, 'percent', 0.00, 0.00, 0.00, 0.00, 0.00),
(112, 8, 'yes', 'group1', 8, '2025-10-29 20:49:43', 8, '2025-10-29 20:49:48', 'عم محمود', NULL, NULL, 0.00, 'percent', 0.00, 0.00, 0.00, 0.00, 0.00),
(113, 11, 'yes', 'group1', 8, '2025-10-30 11:14:16', 8, '2025-10-30 19:25:04', 'خدها زياد', NULL, NULL, 0.00, 'percent', 0.00, 0.00, 0.00, 0.00, 0.00),
(114, 18, 'yes', 'group1', 8, '2025-10-30 11:15:06', NULL, NULL, 'بعها مينا', NULL, NULL, 0.00, 'percent', 0.00, 0.00, 0.00, 0.00, 0.00),
(115, 11, 'yes', 'group1', 8, '2025-10-30 12:39:39', 8, '2025-10-30 19:25:02', 'للتربيزه', NULL, NULL, 0.00, 'percent', 0.00, 0.00, 0.00, 0.00, 0.00),
(116, 15, 'yes', 'group1', 8, '2025-10-30 17:35:07', 8, '2025-10-30 19:21:28', '', NULL, NULL, 0.00, 'percent', 0.00, 0.00, 0.00, 0.00, 0.00),
(117, 11, 'yes', 'group1', 8, '2025-11-01 10:18:27', 8, '2025-11-06 22:01:14', 'محمد عبدالصمد', NULL, NULL, 0.00, 'percent', 0.00, 0.00, 0.00, 0.00, 0.00),
(118, 19, 'yes', 'group1', 8, '2025-11-01 11:46:21', 8, '2025-11-01 12:12:27', '', NULL, NULL, 0.00, 'percent', 0.00, 0.00, 0.00, 0.00, 0.00),
(119, 19, 'canceled', 'group1', 8, '2025-11-01 11:55:37', 8, '2025-11-01 12:10:14', '', NULL, NULL, 0.00, 'percent', 0.00, 0.00, 0.00, 0.00, 0.00),
(120, 19, 'yes', 'group1', 8, '2025-11-01 12:12:21', NULL, NULL, '', NULL, NULL, 0.00, 'percent', 0.00, 0.00, 0.00, 0.00, 0.00),
(121, 20, 'yes', 'group1', 8, '2025-11-01 12:34:08', 8, '2025-11-01 12:35:40', '', NULL, NULL, 0.00, 'percent', 0.00, 0.00, 0.00, 0.00, 0.00),
(122, 11, 'yes', 'group1', 8, '2025-11-01 18:18:30', 8, '2025-11-06 22:01:26', 'خدها الاسطي احمد', NULL, NULL, 0.00, 'percent', 0.00, 0.00, 0.00, 0.00, 0.00),
(123, 21, 'canceled', 'group1', 8, '2025-11-01 19:09:52', 8, '2025-11-01 20:02:43', 'اللي عمل شغل عند اسلام', NULL, NULL, 0.00, 'percent', 0.00, 0.00, 0.00, 0.00, 0.00),
(124, 21, 'yes', 'group1', 8, '2025-11-01 20:02:17', 8, '2025-11-01 20:02:47', 'اللي بيعمل شغل عند اسلام', NULL, NULL, 0.00, 'percent', 0.00, 0.00, 0.00, 0.00, 0.00),
(125, 19, 'yes', 'group1', 8, '2025-11-02 15:07:59', NULL, NULL, 'خدها محمد', NULL, NULL, 0.00, 'percent', 0.00, 0.00, 0.00, 0.00, 0.00),
(126, 8, 'yes', 'group1', 8, '2025-11-02 15:37:00', NULL, NULL, 'مسامير التليفون بحالهم', NULL, NULL, 0.00, 'percent', 0.00, 0.00, 0.00, 0.00, 0.00),
(127, 8, 'yes', 'group1', 8, '2025-11-02 15:54:06', NULL, NULL, '', NULL, NULL, 0.00, 'percent', 0.00, 0.00, 0.00, 0.00, 0.00),
(128, 8, 'yes', 'group1', 8, '2025-11-02 19:19:50', NULL, NULL, '', NULL, NULL, 0.00, 'percent', 0.00, 0.00, 0.00, 0.00, 0.00),
(129, 15, 'canceled', 'group1', 8, '2025-11-03 11:39:22', 8, '2025-11-04 11:24:28', 'خدهم الراجل اللي رايح موقف مصر', NULL, NULL, 0.00, 'percent', 0.00, 0.00, 0.00, 0.00, 0.00),
(130, 8, 'yes', 'group1', 8, '2025-11-03 20:58:11', NULL, NULL, '', NULL, NULL, 0.00, 'percent', 0.00, 0.00, 0.00, 0.00, 0.00),
(131, 8, 'yes', 'group1', 8, '2025-11-03 20:58:30', NULL, NULL, '', NULL, NULL, 0.00, 'percent', 0.00, 0.00, 0.00, 0.00, 0.00),
(132, 8, 'yes', 'group1', 8, '2025-11-03 20:59:18', NULL, NULL, '', NULL, NULL, 0.00, 'percent', 0.00, 0.00, 0.00, 0.00, 0.00),
(133, 15, 'yes', 'group1', 8, '2025-11-04 11:28:43', 8, '2025-11-27 09:38:36', 'خدهم الراجل اللي رايح موقف مصر - محمد الفلاح', NULL, NULL, 0.00, 'percent', 0.00, 0.00, 0.00, 0.00, 0.00),
(134, 8, 'yes', 'group1', 8, '2025-11-04 11:33:42', NULL, NULL, 'محمد الفلاح', NULL, NULL, 0.00, 'percent', 0.00, 0.00, 0.00, 0.00, 0.00),
(135, 11, 'yes', 'group1', 8, '2025-11-04 11:37:22', 8, '2025-11-06 22:01:24', 'خدها زياد طرفايه', NULL, NULL, 0.00, 'percent', 0.00, 0.00, 0.00, 0.00, 0.00),
(136, 8, 'yes', 'group1', 8, '2025-11-04 20:18:32', NULL, NULL, '', NULL, NULL, 0.00, 'percent', 0.00, 0.00, 0.00, 0.00, 0.00),
(137, 8, 'yes', 'group1', 8, '2025-11-04 20:32:07', 8, '2025-11-04 20:32:28', 'اخو الراجل اللي قالي بجبها ب160', NULL, NULL, 0.00, 'percent', 0.00, 0.00, 0.00, 0.00, 0.00),
(138, 16, 'yes', 'group1', 8, '2025-11-05 11:32:33', NULL, NULL, '', NULL, NULL, 0.00, 'percent', 0.00, 0.00, 0.00, 0.00, 0.00),
(139, 11, 'yes', 'group1', 8, '2025-11-05 11:34:40', 8, '2025-11-06 22:01:23', 'احمد محروس', NULL, NULL, 0.00, 'percent', 0.00, 0.00, 0.00, 0.00, 0.00),
(140, 8, 'yes', 'group1', 8, '2025-11-05 11:35:31', NULL, NULL, '', NULL, NULL, 0.00, 'percent', 0.00, 0.00, 0.00, 0.00, 0.00),
(141, 8, 'yes', 'group1', 8, '2025-11-05 11:36:18', 8, '2025-11-05 11:38:49', 'احمد عزت', NULL, NULL, 0.00, 'percent', 0.00, 0.00, 0.00, 0.00, 0.00),
(142, 8, 'yes', 'group1', 8, '2025-11-05 11:38:34', 8, '2025-11-05 11:38:47', '', NULL, NULL, 0.00, 'percent', 0.00, 0.00, 0.00, 0.00, 0.00),
(143, 11, 'yes', 'group1', 8, '2025-11-05 11:56:27', NULL, NULL, 'اديت لبولا 50م ال95 وكدا وخدت 45 بقيت ال500', NULL, NULL, 0.00, 'percent', 0.00, 0.00, 0.00, 0.00, 0.00),
(144, 11, 'yes', 'group1', 8, '2025-11-05 13:54:09', 8, '2025-11-06 22:01:22', 'ابو انس حسن خدهم مينا', NULL, NULL, 0.00, 'percent', 0.00, 0.00, 0.00, 0.00, 0.00),
(145, 10, 'yes', 'group1', 8, '2025-11-05 13:55:40', 8, '2025-11-11 19:29:52', '', NULL, NULL, 0.00, 'percent', 0.00, 0.00, 0.00, 0.00, 0.00),
(146, 10, 'yes', 'group1', 8, '2025-11-05 14:14:42', 8, '2025-11-11 19:29:38', 'لمحمد صيام', NULL, NULL, 0.00, 'percent', 0.00, 0.00, 0.00, 0.00, 0.00),
(147, 11, 'yes', 'group1', 8, '2025-11-05 14:15:47', 8, '2025-11-06 22:01:21', 'اللي رايحين العاصمة', NULL, NULL, 0.00, 'percent', 0.00, 0.00, 0.00, 0.00, 0.00),
(148, 11, 'yes', 'group1', 8, '2025-11-05 14:31:31', NULL, NULL, 'ابو محمود', NULL, NULL, 0.00, 'percent', 0.00, 0.00, 0.00, 0.00, 0.00),
(149, 8, 'yes', 'group1', 8, '2025-11-05 14:41:34', NULL, NULL, 'يوسف جود', NULL, NULL, 0.00, 'percent', 0.00, 0.00, 0.00, 0.00, 0.00),
(150, 15, 'yes', 'group1', 8, '2025-11-05 19:15:15', 8, '2025-11-27 09:38:50', 'خدهم محمد الفلاح', NULL, NULL, 0.00, 'percent', 0.00, 0.00, 0.00, 0.00, 0.00),
(151, 10, 'yes', 'group1', 8, '2025-11-06 21:11:27', 8, '2025-11-11 19:29:27', 'وليد رشاد', NULL, NULL, 0.00, 'percent', 0.00, 0.00, 0.00, 0.00, 0.00),
(152, 8, 'yes', 'group1', 8, '2025-11-06 21:16:07', NULL, NULL, 'سلام مجدي', NULL, NULL, 0.00, 'percent', 0.00, 0.00, 0.00, 0.00, 0.00),
(153, 8, 'yes', 'group1', 8, '2025-11-06 21:16:58', 8, '2025-11-12 19:32:30', 'بعها اسلام', NULL, NULL, 0.00, 'percent', 0.00, 0.00, 0.00, 0.00, 0.00),
(154, 10, 'yes', 'group1', 8, '2025-11-06 21:19:13', 8, '2025-11-11 19:29:07', 'محمد صيام', NULL, NULL, 0.00, 'percent', 0.00, 0.00, 0.00, 0.00, 0.00),
(155, 11, 'yes', 'group1', 8, '2025-11-06 21:21:25', 8, '2025-11-06 22:01:16', 'زياد ومينا', NULL, NULL, 0.00, 'percent', 0.00, 0.00, 0.00, 0.00, 0.00),
(156, 22, 'yes', 'group1', 8, '2025-11-06 22:00:59', 8, '2025-11-09 20:45:45', '', NULL, NULL, 0.00, 'percent', 0.00, 0.00, 0.00, 0.00, 0.00),
(157, 11, 'yes', 'group1', 8, '2025-11-07 21:08:33', NULL, NULL, 'رامي نسيب بولا', NULL, NULL, 0.00, 'percent', 0.00, 0.00, 0.00, 0.00, 0.00),
(158, 23, 'yes', 'group1', 8, '2025-11-08 12:38:21', NULL, NULL, '', NULL, NULL, 0.00, 'percent', 0.00, 0.00, 0.00, 0.00, 0.00),
(159, 8, 'yes', 'group1', 8, '2025-11-08 15:46:55', NULL, NULL, '', NULL, NULL, 0.00, 'percent', 0.00, 0.00, 0.00, 0.00, 0.00),
(160, 8, 'yes', 'group1', 8, '2025-11-08 20:49:22', 8, '2025-11-09 20:45:51', '', NULL, NULL, 0.00, 'percent', 0.00, 0.00, 0.00, 0.00, 0.00),
(161, 8, 'yes', 'group1', 8, '2025-11-09 13:23:18', NULL, NULL, '', NULL, NULL, 0.00, 'percent', 0.00, 0.00, 0.00, 0.00, 0.00),
(162, 24, 'yes', 'group1', 8, '2025-11-09 19:59:20', NULL, NULL, '', NULL, NULL, 10.00, 'amount', 0.00, 0.00, 10.00, 0.00, 10.00),
(163, 8, 'canceled', 'group1', 8, '2025-11-09 20:09:54', 8, '2025-11-09 20:14:51', '', NULL, NULL, 1000.00, 'percent', 25.00, 250.00, 750.00, 0.00, 1000.00),
(164, 8, 'yes', 'group1', 8, '2025-11-10 12:43:52', NULL, NULL, '', NULL, NULL, 105.00, 'amount', 0.00, 0.00, 105.00, 0.00, 105.00),
(165, 8, 'yes', 'group1', 8, '2025-11-11 12:56:41', NULL, NULL, 'دفع 300 وباقي 20 والقديم كان 1394 +425 =1819 كان موصلني 1500 يبقي باقي 319 وصلني 300 يبقي الباقي 20 مصطفي في فاتورة 99', NULL, NULL, 425.00, 'amount', 0.00, 0.00, 425.00, 0.00, 425.00),
(166, 25, 'canceled', 'group1', 8, '2025-11-11 15:08:30', 8, '2025-11-12 21:02:43', 'خدهم اسلام', NULL, NULL, 275.00, 'amount', 0.00, 0.00, 275.00, 0.00, 275.00),
(167, 11, 'yes', 'group1', 8, '2025-11-11 15:09:33', 8, '2025-11-20 20:52:26', 'احمد محروس', NULL, NULL, 85.00, 'amount', 0.00, 0.00, 85.00, 0.00, 85.00),
(168, 8, 'yes', 'group1', 8, '2025-11-11 16:17:10', NULL, NULL, '', NULL, NULL, 185.00, 'amount', 0.00, 0.00, 185.00, 0.00, 185.00),
(169, 11, 'yes', 'group1', 8, '2025-11-11 19:57:24', 8, '2025-11-13 16:31:03', 'عمرو بدوي', NULL, NULL, 410.00, 'amount', 0.00, 0.00, 410.00, 0.00, 410.00),
(170, 11, 'yes', 'group1', 8, '2025-11-11 20:09:24', NULL, NULL, 'مينا', NULL, NULL, 488.00, 'amount', 0.00, 0.00, 488.00, 0.00, 488.00),
(171, 11, 'yes', 'group1', 8, '2025-11-12 12:31:08', NULL, NULL, 'بعهم بولا', NULL, NULL, 350.00, 'amount', 0.00, 0.00, 350.00, 0.00, 350.00),
(172, 25, 'canceled', 'group1', 8, '2025-11-12 12:32:05', 8, '2025-11-12 21:02:37', 'اسلام خدهم', NULL, NULL, 75.00, 'amount', 0.00, 0.00, 75.00, 0.00, 75.00),
(173, 25, 'canceled', 'group1', 8, '2025-11-12 15:02:39', 8, '2025-11-12 21:02:31', 'خدهم احمد ابو ريان', NULL, NULL, 1225.00, 'amount', 0.00, 0.00, 1225.00, 0.00, 1225.00),
(174, 8, 'yes', 'group1', 8, '2025-11-12 15:39:23', NULL, NULL, '', NULL, NULL, 125.00, 'amount', 0.00, 0.00, 125.00, 0.00, 125.00),
(175, 25, 'canceled', 'group1', 8, '2025-11-12 16:53:18', 8, '2025-11-12 21:02:25', 'خدهم اسلام الصبح وبلغني بيهم احمد', NULL, NULL, 450.00, 'amount', 0.00, 0.00, 450.00, 0.00, 450.00),
(176, 25, 'yes', 'group1', 8, '2025-11-12 21:18:45', 8, '2025-11-20 18:11:19', 'علي مدار اليوم', NULL, NULL, 3675.00, 'amount', 0.00, 0.00, 3675.00, 0.00, 3675.00),
(177, 11, 'yes', 'group1', 8, '2025-11-13 10:40:08', 8, '2025-11-13 16:29:59', 'عمرو بدوي', NULL, NULL, 120.00, 'amount', 0.00, 0.00, 120.00, 0.00, 120.00),
(178, 11, 'yes', 'group1', 8, '2025-11-13 11:54:35', 8, '2025-11-13 16:29:50', 'عمرو بدوي', NULL, NULL, 120.00, 'amount', 0.00, 0.00, 120.00, 0.00, 120.00),
(179, 8, 'yes', 'group1', 8, '2025-11-13 12:39:20', 8, '2025-11-18 14:18:05', 'سامح اطسا', NULL, NULL, 145.00, 'amount', 0.00, 0.00, 145.00, 0.00, 145.00),
(180, 11, 'yes', 'group1', 8, '2025-11-13 14:12:22', 8, '2025-11-20 20:52:03', 'البوفيه', NULL, NULL, 100.00, 'amount', 0.00, 0.00, 100.00, 0.00, 100.00),
(181, 15, 'yes', 'group1', 8, '2025-11-13 18:19:58', 8, '2025-11-27 09:38:46', 'طلابهم اسلام', NULL, NULL, 330.00, 'amount', 0.00, 0.00, 330.00, 0.00, 330.00),
(182, 11, 'yes', 'group1', 8, '2025-11-13 18:21:06', 8, '2025-11-20 20:51:18', 'خدها احمد للكمبروسر', NULL, NULL, 30.00, 'amount', 0.00, 0.00, 30.00, 0.00, 30.00),
(183, 26, 'yes', 'group1', 8, '2025-11-13 19:00:47', NULL, NULL, '', NULL, NULL, 270.00, 'amount', 0.00, 0.00, 270.00, 0.00, 270.00),
(184, 15, 'yes', 'group1', 8, '2025-11-13 19:28:27', 8, '2025-11-27 09:38:41', '', NULL, NULL, 30.00, 'amount', 0.00, 0.00, 30.00, 0.00, 30.00),
(185, 15, 'yes', 'group1', 8, '2025-11-13 19:53:44', 8, '2025-11-27 09:38:29', 'الراجل اللي مع عم حماده نبيل', NULL, NULL, 75.00, 'amount', 0.00, 0.00, 75.00, 0.00, 75.00),
(186, 15, 'yes', 'group1', 8, '2025-11-13 19:55:58', 8, '2025-11-27 09:38:24', '', NULL, NULL, 90.00, 'amount', 0.00, 0.00, 90.00, 0.00, 90.00),
(187, 8, 'yes', 'group1', 8, '2025-11-15 18:28:15', NULL, NULL, 'ملقتهمش اصلا', NULL, NULL, 0.00, 'amount', 0.00, 0.00, 0.00, 0.00, 0.00),
(188, 25, 'yes', 'group1', 8, '2025-11-15 20:24:00', 8, '2025-11-20 18:10:21', '', NULL, NULL, 60.00, 'amount', 0.00, 0.00, 60.00, 0.00, 60.00),
(189, 15, 'yes', 'group1', 8, '2025-11-15 20:25:06', 8, '2025-11-27 09:38:18', '', NULL, NULL, 27.50, 'amount', 0.00, 0.00, 27.50, 0.00, 27.50),
(190, 11, 'yes', 'group1', 8, '2025-11-15 20:25:55', 8, '2025-11-20 20:50:38', 'رامي', NULL, NULL, 180.00, 'amount', 0.00, 0.00, 180.00, 0.00, 180.00),
(191, 25, 'yes', 'group1', 8, '2025-11-15 20:26:51', 8, '2025-11-20 18:09:55', '', NULL, NULL, 100.00, 'amount', 0.00, 0.00, 100.00, 0.00, 100.00),
(192, 11, 'yes', 'group1', 8, '2025-11-15 20:28:01', 8, '2025-11-27 10:07:42', 'كوكو', NULL, NULL, 125.00, 'amount', 0.00, 0.00, 125.00, 0.00, 125.00),
(193, 25, 'yes', 'group1', 8, '2025-11-15 20:30:15', 8, '2025-11-20 18:09:43', 'خدهم عبده', NULL, NULL, 240.00, 'amount', 0.00, 0.00, 240.00, 0.00, 240.00),
(194, 17, 'yes', 'group1', 8, '2025-11-16 12:13:24', 8, '2025-11-16 15:23:51', 'كشري', NULL, NULL, 515.00, 'amount', 0.00, 0.00, 515.00, 0.00, 515.00),
(195, 8, 'yes', 'group1', 8, '2025-11-16 13:35:50', NULL, NULL, '', NULL, NULL, 20.00, 'amount', 0.00, 0.00, 20.00, 0.00, 20.00),
(196, 11, 'yes', 'group1', 8, '2025-11-16 13:36:28', 8, '2025-11-20 20:50:19', 'بولا لما كان معاه طلبه', NULL, NULL, 150.00, 'amount', 0.00, 0.00, 150.00, 0.00, 150.00),
(197, 17, 'yes', 'group1', 8, '2025-11-16 14:42:02', 8, '2025-11-16 15:23:47', 'كشري', NULL, NULL, 120.00, 'amount', 0.00, 0.00, 120.00, 0.00, 120.00),
(198, 17, 'yes', 'group1', 8, '2025-11-16 15:23:26', 8, '2025-11-16 15:23:41', 'كشري دفع 800', NULL, NULL, 165.00, 'amount', 0.00, 0.00, 165.00, 0.00, 165.00),
(199, 11, 'yes', 'group1', 8, '2025-11-16 15:35:03', 8, '2025-11-20 20:50:07', '', NULL, NULL, 85.00, 'amount', 0.00, 0.00, 85.00, 0.00, 85.00),
(200, 17, 'yes', 'group1', 8, '2025-11-16 16:07:07', 8, '2025-11-25 08:13:05', '', NULL, NULL, 30.00, 'amount', 0.00, 0.00, 30.00, 0.00, 30.00),
(201, 11, 'yes', 'group1', 8, '2025-11-16 17:06:19', 8, '2025-11-20 20:49:54', '', NULL, NULL, 100.00, 'amount', 0.00, 0.00, 100.00, 0.00, 100.00),
(202, 8, 'yes', 'group1', 8, '2025-11-16 23:32:12', NULL, NULL, '', NULL, NULL, 20.00, 'amount', 0.00, 0.00, 20.00, 0.00, 20.00),
(203, 8, 'yes', 'group1', 8, '2025-11-16 23:54:59', NULL, NULL, '', NULL, NULL, 100.00, 'amount', 0.00, 0.00, 100.00, 0.00, 100.00),
(204, 17, 'yes', 'group1', 8, '2025-11-16 23:55:25', 8, '2025-11-25 08:13:11', '', NULL, NULL, 90.00, 'amount', 0.00, 0.00, 90.00, 0.00, 90.00),
(205, 8, 'yes', 'group1', 8, '2025-11-17 00:11:59', NULL, NULL, '', NULL, NULL, 203.00, 'amount', 3.00, 3.00, 200.00, 0.00, 203.00),
(206, 8, 'yes', 'group1', 8, '2025-11-17 09:03:57', NULL, NULL, '', NULL, NULL, 8.00, 'amount', 0.00, 0.00, 8.00, 0.00, 8.00),
(207, 11, 'yes', 'group1', 8, '2025-11-17 09:04:37', 8, '2025-11-20 20:49:38', '', NULL, NULL, 300.00, 'amount', 0.00, 0.00, 300.00, 0.00, 300.00),
(208, 8, 'yes', 'group1', 8, '2025-11-17 09:05:55', NULL, NULL, '', NULL, NULL, 395.00, 'amount', 0.00, 0.00, 395.00, 0.00, 395.00),
(209, 11, 'yes', 'group1', 8, '2025-11-17 10:00:54', 8, '2025-11-20 20:49:22', '', NULL, NULL, 130.00, 'amount', 0.00, 0.00, 130.00, 0.00, 130.00),
(210, 8, 'yes', 'group1', 8, '2025-11-17 11:32:54', NULL, NULL, '', NULL, NULL, 125.00, 'amount', 0.00, 0.00, 125.00, 0.00, 125.00),
(211, 11, 'yes', 'group1', 8, '2025-11-18 13:54:22', 8, '2025-11-18 22:14:44', '', NULL, NULL, 405.00, 'amount', 0.00, 0.00, 405.00, 0.00, 405.00),
(212, 8, 'yes', 'group1', 8, '2025-11-18 15:39:43', NULL, NULL, 'زياد بتاع المكبس', NULL, NULL, 230.00, 'amount', 0.00, 0.00, 230.00, 0.00, 230.00),
(213, 11, 'yes', 'group1', 8, '2025-11-18 20:23:16', 8, '2025-11-19 10:34:37', 'علي حسن', NULL, NULL, 1245.00, 'amount', 0.00, 0.00, 1245.00, 0.00, 1245.00),
(214, 8, 'yes', 'group1', 8, '2025-11-18 20:26:57', NULL, NULL, 'اسلام عطيه', NULL, NULL, 190.00, 'amount', 0.00, 0.00, 190.00, 0.00, 190.00),
(215, 8, 'yes', 'group1', 8, '2025-11-18 20:28:06', NULL, NULL, 'عم حسن', NULL, NULL, 200.00, 'amount', 0.00, 0.00, 200.00, 0.00, 200.00),
(216, 8, 'yes', 'group1', 8, '2025-11-18 20:28:46', NULL, NULL, 'دكنور احمد', NULL, NULL, 10.00, 'amount', 0.00, 0.00, 10.00, 0.00, 10.00),
(217, 8, 'yes', 'group1', 8, '2025-11-19 14:28:46', NULL, NULL, '', NULL, NULL, 15.00, 'amount', 0.00, 0.00, 15.00, 0.00, 15.00),
(218, 25, 'yes', 'group1', 8, '2025-11-19 14:30:26', 8, '2025-11-20 18:09:06', '', NULL, NULL, 170.00, 'amount', 0.00, 0.00, 170.00, 0.00, 170.00),
(219, 8, 'yes', 'group1', 8, '2025-11-19 14:31:13', 8, '2025-11-19 19:37:07', 'ابو مليكه', NULL, NULL, 10.00, 'amount', 0.00, 0.00, 10.00, 0.00, 10.00),
(220, 8, 'yes', 'group1', 8, '2025-11-19 19:15:42', NULL, NULL, '', NULL, NULL, 16.00, 'amount', 0.00, 0.00, 16.00, 0.00, 16.00),
(221, 8, 'yes', 'group1', 8, '2025-11-19 19:16:08', NULL, NULL, 'للمحل', NULL, NULL, 0.00, 'amount', 0.00, 0.00, 0.00, 0.00, 0.00),
(222, 8, 'yes', 'group1', 8, '2025-11-19 19:16:34', NULL, NULL, '', NULL, NULL, 90.00, 'amount', 0.00, 0.00, 90.00, 0.00, 90.00),
(223, 8, 'yes', 'group1', 8, '2025-11-19 19:17:41', NULL, NULL, '', NULL, NULL, 40.50, 'amount', 0.00, 0.00, 40.50, 0.00, 40.50),
(224, 8, 'yes', 'group1', 8, '2025-11-19 22:27:25', NULL, NULL, '', NULL, NULL, 60.00, 'amount', 0.00, 0.00, 60.00, 0.00, 60.00),
(225, 28, 'yes', 'group1', 8, '2025-11-19 23:30:18', NULL, NULL, '', NULL, NULL, 300.00, 'amount', 0.00, 0.00, 300.00, 0.00, 300.00),
(226, 25, 'yes', 'group1', 8, '2025-11-20 03:25:31', 8, '2025-11-20 18:08:22', '', NULL, NULL, 180.00, 'amount', 0.00, 0.00, 180.00, 0.00, 180.00),
(227, 25, 'yes', 'group1', 8, '2025-11-20 16:57:53', 8, '2025-11-20 18:08:03', '', NULL, NULL, 20.00, 'amount', 0.00, 0.00, 20.00, 0.00, 20.00),
(228, 11, 'canceled', 'group1', 8, '2025-11-20 17:44:44', 8, '2025-11-20 18:26:20', '', NULL, NULL, 720.00, 'amount', 0.00, 0.00, 720.00, 0.00, 720.00),
(229, 11, 'yes', 'group1', 8, '2025-11-20 23:28:23', 8, '2025-11-21 03:19:58', 'حماده الطيب', NULL, NULL, 550.00, 'amount', 0.00, 0.00, 550.00, 0.00, 550.00),
(230, 11, 'yes', 'group1', 8, '2025-11-20 23:55:46', 8, '2025-11-27 10:04:59', '', NULL, NULL, 90.00, 'amount', 0.00, 0.00, 90.00, 0.00, 90.00),
(231, 11, 'yes', 'group1', 8, '2025-11-21 02:21:11', 8, '2025-11-21 03:19:46', 'حماده الطيب', NULL, NULL, 60.00, 'amount', 0.00, 0.00, 60.00, 0.00, 60.00),
(232, 11, 'yes', 'group1', 8, '2025-11-21 02:50:27', 8, '2025-11-21 03:19:38', 'حماده الطيب', NULL, NULL, 30.00, 'amount', 0.00, 0.00, 30.00, 0.00, 30.00),
(233, 11, 'yes', 'group1', 8, '2025-11-21 03:19:15', 8, '2025-11-21 03:19:28', 'حماده الطيب', NULL, NULL, 30.00, 'amount', 0.00, 0.00, 30.00, 0.00, 30.00),
(234, 11, 'yes', 'group1', 8, '2025-11-22 00:30:14', 8, '2025-11-27 10:04:46', '', NULL, NULL, 95.00, 'amount', 0.00, 0.00, 95.00, 0.00, 95.00),
(235, 8, 'yes', 'group1', 8, '2025-11-22 00:31:31', NULL, NULL, '', NULL, NULL, 270.00, 'amount', 0.00, 0.00, 270.00, 0.00, 270.00),
(236, 25, 'yes', 'group1', 8, '2025-11-22 00:32:13', 8, '2025-11-22 23:14:01', '', NULL, NULL, 420.00, 'amount', 0.00, 0.00, 420.00, 0.00, 420.00),
(237, 8, 'yes', 'group1', 8, '2025-11-23 16:13:24', NULL, NULL, '', NULL, NULL, 10.00, 'amount', 0.00, 0.00, 10.00, 0.00, 10.00),
(238, 8, 'yes', 'group1', 8, '2025-11-23 16:14:22', 8, '2025-11-27 11:20:13', 'اسلام مجدي', NULL, NULL, 10.00, 'amount', 0.00, 0.00, 10.00, 0.00, 10.00),
(239, 11, 'yes', 'group1', 8, '2025-11-23 16:16:06', 8, '2025-11-23 18:25:43', 'حماده الطيب', NULL, NULL, 30.00, 'amount', 0.00, 0.00, 30.00, 0.00, 30.00),
(240, 11, 'yes', 'group1', 8, '2025-11-23 16:18:47', 8, '2025-11-27 10:05:39', '', NULL, NULL, 110.00, 'amount', 0.00, 0.00, 110.00, 0.00, 110.00),
(241, 11, 'yes', 'group1', 8, '2025-11-23 16:28:30', 8, '2025-11-27 10:02:54', 'زياد طرفايه لاحمد محروس', NULL, NULL, 195.00, 'amount', 0.00, 0.00, 195.00, 0.00, 195.00),
(242, 15, 'yes', 'group1', 8, '2025-11-23 17:06:19', 8, '2025-11-27 09:38:08', 'جزامة ووحده شاشه', NULL, NULL, 210.00, 'amount', 0.00, 0.00, 210.00, 0.00, 210.00),
(243, 15, 'canceled', 'group1', 8, '2025-11-23 18:35:36', 8, '2025-11-23 19:34:07', 'جزامة ووحده شاشه', NULL, NULL, 20.00, 'amount', 0.00, 0.00, 20.00, 0.00, 20.00),
(244, 15, 'yes', 'group1', 8, '2025-11-23 19:33:35', 8, '2025-11-27 09:37:46', 'جزامة و2 وحدة شاشاة', NULL, NULL, 110.00, 'amount', 0.00, 0.00, 110.00, 0.00, 110.00),
(245, 15, 'yes', 'group1', 8, '2025-11-23 19:40:59', 8, '2025-11-27 09:37:40', 'جزامة و2 وحدة شاشاة', NULL, NULL, 240.00, 'amount', 0.00, 0.00, 240.00, 0.00, 240.00),
(246, 8, 'yes', 'group1', 8, '2025-11-24 13:14:08', NULL, NULL, 'عبده عادل', NULL, NULL, 90.00, 'amount', 0.00, 0.00, 90.00, 0.00, 90.00),
(247, 15, 'yes', 'group1', 8, '2025-11-24 13:15:47', 8, '2025-11-27 09:37:30', 'جزامه 2وشاشة', NULL, NULL, 30.00, 'amount', 0.00, 0.00, 30.00, 0.00, 30.00),
(248, 15, 'yes', 'group1', 8, '2025-11-24 13:32:47', 8, '2025-11-27 09:37:24', 'جزامة 2وحدة شاشه', NULL, NULL, 90.00, 'amount', 0.00, 0.00, 90.00, 0.00, 90.00),
(249, 15, 'yes', 'group1', 8, '2025-11-24 15:03:32', 8, '2025-11-27 09:37:19', 'جزامه و2 وحددة شاشة', NULL, NULL, 60.00, 'amount', 0.00, 0.00, 60.00, 0.00, 60.00),
(250, 10, 'yes', 'group1', 8, '2025-11-24 15:52:30', 8, '2025-11-27 09:57:19', 'محمد عبد التواب', NULL, NULL, 410.00, 'amount', 0.00, 0.00, 410.00, 0.00, 410.00),
(251, 29, 'yes', 'group1', 8, '2025-11-24 20:16:53', NULL, NULL, '', NULL, NULL, 410.00, 'amount', 0.00, 0.00, 410.00, 0.00, 410.00),
(252, 10, 'yes', 'group1', 8, '2025-11-24 21:43:53', 8, '2025-11-27 09:57:12', 'محمد عبد التواب', NULL, NULL, 160.00, 'amount', 0.00, 0.00, 160.00, 0.00, 160.00),
(253, 15, 'yes', 'group1', 8, '2025-11-24 22:42:25', 8, '2025-11-27 09:37:14', 'الوحده ابيض * بني', NULL, NULL, 210.00, 'amount', 0.00, 0.00, 210.00, 0.00, 210.00),
(254, 11, 'yes', 'group1', 8, '2025-11-24 23:42:51', 8, '2025-11-25 02:55:07', 'عيسي', NULL, NULL, 570.00, 'amount', 0.00, 0.00, 570.00, 0.00, 570.00),
(255, 8, 'yes', 'group1', 8, '2025-11-24 23:51:11', NULL, NULL, 'عيسي', NULL, NULL, 15.00, 'amount', 0.00, 0.00, 15.00, 0.00, 15.00),
(256, 17, 'yes', 'group1', 8, '2025-11-24 23:51:41', 8, '2025-12-09 17:36:11', 'كشري', NULL, NULL, 30.00, 'amount', 0.00, 0.00, 30.00, 0.00, 30.00),
(257, 8, 'yes', 'group1', 8, '2025-11-25 00:21:12', NULL, NULL, '', NULL, NULL, 90.00, 'amount', 0.00, 0.00, 90.00, 0.00, 90.00),
(258, 8, 'yes', 'group1', 8, '2025-11-25 05:24:20', NULL, NULL, '', NULL, NULL, 90.00, 'amount', 0.00, 0.00, 90.00, 0.00, 90.00),
(259, 19, 'yes', 'group1', 8, '2025-11-25 05:25:26', NULL, NULL, '', NULL, NULL, 185.00, 'amount', 0.00, 0.00, 185.00, 0.00, 185.00),
(260, 15, 'canceled', 'group1', 8, '2025-11-25 05:27:09', 8, '2025-11-25 13:05:54', 'الوحده ابيض * بني', NULL, NULL, 50.00, 'amount', 0.00, 0.00, 50.00, 0.00, 50.00),
(261, 17, 'canceled', 'group1', 8, '2025-11-25 05:27:40', 8, '2025-11-25 05:28:12', '', NULL, NULL, 2100.00, 'amount', 0.00, 0.00, 2100.00, 0.00, 2100.00),
(262, 17, 'yes', 'group1', 8, '2025-11-25 05:28:36', 8, '2025-12-09 17:36:06', '', NULL, NULL, 21.00, 'amount', 0.00, 0.00, 21.00, 0.00, 21.00),
(263, 11, 'yes', 'group1', 8, '2025-11-25 05:44:47', 8, '2025-11-27 10:02:27', 'بولا', NULL, NULL, 85.00, 'amount', 0.00, 0.00, 85.00, 0.00, 85.00),
(264, 11, 'yes', 'group1', 8, '2025-11-25 08:03:08', 8, '2025-11-25 14:25:49', 'حج اشرف وصل 600', NULL, NULL, 720.00, 'amount', 0.00, 0.00, 720.00, 0.00, 720.00),
(265, 17, 'yes', 'group1', 8, '2025-11-25 08:06:21', 8, '2025-12-09 17:36:01', '', NULL, NULL, 26.00, 'amount', 0.00, 0.00, 26.00, 0.00, 26.00),
(266, 10, 'yes', 'group1', 8, '2025-11-25 08:08:02', 8, '2025-11-27 09:20:00', 'حماده الطيب', NULL, NULL, 500.00, 'amount', 0.00, 0.00, 500.00, 0.00, 500.00),
(267, 17, 'yes', 'group1', 8, '2025-11-25 08:27:44', 8, '2025-12-09 17:35:57', '', NULL, NULL, 50.00, 'amount', 0.00, 0.00, 50.00, 0.00, 50.00),
(268, 11, 'yes', 'group1', 8, '2025-11-25 08:49:25', 8, '2025-11-27 10:02:16', '', NULL, NULL, 50.00, 'amount', 0.00, 0.00, 50.00, 0.00, 50.00),
(269, 10, 'yes', 'group1', 8, '2025-11-25 09:23:13', 8, '2025-11-27 09:20:19', 'حماده الطيب', NULL, NULL, 50.00, 'amount', 0.00, 0.00, 50.00, 0.00, 50.00),
(270, 15, 'yes', 'group1', 8, '2025-11-25 13:06:40', 8, '2025-11-27 09:37:09', 'ابض * بني', NULL, NULL, 50.00, 'amount', 0.00, 0.00, 50.00, 0.00, 50.00),
(271, 10, 'yes', 'group1', 8, '2025-11-25 22:59:49', 8, '2025-11-27 09:20:09', 'حماده الطيب', NULL, NULL, 120.00, 'amount', 0.00, 0.00, 120.00, 0.00, 120.00),
(272, 11, 'yes', 'group1', 8, '2025-11-26 05:00:57', 8, '2025-11-27 10:01:55', 'بولا', NULL, NULL, 110.00, 'amount', 0.00, 0.00, 110.00, 0.00, 110.00),
(273, 8, 'yes', 'group1', 8, '2025-11-26 05:03:17', NULL, NULL, '', NULL, NULL, 100.00, 'amount', 0.00, 0.00, 100.00, 0.00, 100.00),
(274, 24, 'yes', 'group1', 8, '2025-11-26 05:05:10', 8, '2025-11-27 09:55:46', 'السبوره', NULL, NULL, 50.00, 'amount', 0.00, 0.00, 50.00, 0.00, 50.00),
(275, 22, 'no', 'group1', 8, '2025-11-26 05:06:54', NULL, NULL, 'عم اشرف من فلوس العلاقات', NULL, NULL, 15.00, 'amount', 0.00, 0.00, 15.00, 0.00, 15.00),
(276, 10, 'yes', 'group1', 8, '2025-11-26 05:37:57', 8, '2025-11-27 09:57:03', 'محمد عبدالتواب', NULL, NULL, 185.00, 'amount', 0.00, 0.00, 185.00, 0.00, 185.00),
(277, 25, 'yes', 'group1', 8, '2025-11-26 06:03:32', NULL, NULL, '', NULL, NULL, 125.00, 'amount', 0.00, 0.00, 125.00, 0.00, 125.00),
(278, 8, 'yes', 'group1', 8, '2025-11-26 06:47:57', 8, '2025-11-26 06:48:04', '', NULL, NULL, 52.00, 'amount', 2.00, 2.00, 50.00, 0.00, 52.00),
(279, 8, 'yes', 'group1', 8, '2025-11-26 09:26:55', 8, '2025-11-26 09:26:59', '', NULL, NULL, 32.00, 'amount', 2.00, 2.00, 30.00, 0.00, 32.00),
(280, 11, 'yes', 'group1', 8, '2025-11-26 22:40:17', 8, '2025-11-27 10:00:41', 'احمد محروس', NULL, NULL, 25.00, 'amount', 0.00, 0.00, 25.00, 0.00, 25.00),
(281, 8, 'yes', 'group1', 8, '2025-11-26 22:40:36', 8, '2025-11-26 22:40:49', '', NULL, NULL, 90.00, 'amount', 0.00, 0.00, 90.00, 0.00, 90.00),
(282, 17, 'yes', 'group1', 8, '2025-11-26 23:58:42', 8, '2025-12-09 17:35:52', 'احمد', NULL, NULL, 70.00, 'amount', 0.00, 0.00, 70.00, 0.00, 70.00),
(283, 25, 'no', 'group1', 8, '2025-11-27 00:17:50', NULL, NULL, 'لما عم اسامه خدهم', NULL, NULL, 185.00, 'amount', 0.00, 0.00, 185.00, 0.00, 185.00),
(284, 8, 'yes', 'group1', 8, '2025-11-27 03:34:50', NULL, NULL, '', NULL, NULL, 169.99, 'amount', 0.00, 0.00, 169.99, 0.00, 169.99),
(285, 8, 'yes', 'group1', 8, '2025-11-27 03:35:15', NULL, NULL, '', NULL, NULL, 50.00, 'amount', 0.00, 0.00, 50.00, 0.00, 50.00),
(286, 8, 'yes', 'group1', 8, '2025-11-27 05:04:36', 8, '2025-11-27 05:04:39', '', NULL, NULL, 10.00, 'amount', 0.00, 0.00, 10.00, 0.00, 10.00),
(287, 8, 'yes', 'group1', 8, '2025-11-27 05:14:23', NULL, NULL, 'تبع ميلاد', NULL, NULL, 60.00, 'amount', 0.00, 0.00, 60.00, 0.00, 60.00),
(288, 30, 'yes', 'group1', 8, '2025-11-29 19:42:12', NULL, NULL, '', NULL, NULL, 80.00, 'amount', 0.00, 0.00, 80.00, 0.00, 80.00),
(289, 11, 'yes', 'group1', 8, '2025-11-29 19:55:47', 8, '2025-12-11 21:38:08', '', NULL, NULL, 325.00, 'amount', 0.00, 0.00, 325.00, 0.00, 325.00),
(290, 10, 'yes', 'group1', 8, '2025-11-29 19:58:41', 8, '2025-12-07 14:29:54', 'حماده الطيب', NULL, NULL, 30.00, 'amount', 0.00, 0.00, 30.00, 0.00, 30.00),
(291, 11, 'yes', 'group1', 8, '2025-11-29 19:59:10', 8, '2025-12-11 21:38:03', '', NULL, NULL, 25.00, 'amount', 0.00, 0.00, 25.00, 0.00, 25.00),
(292, 22, 'no', 'group1', 8, '2025-11-29 19:59:46', NULL, NULL, 'حج اشرف', NULL, NULL, 15.00, 'amount', 0.00, 0.00, 15.00, 0.00, 15.00),
(293, 8, 'yes', 'group1', 8, '2025-11-29 20:00:20', NULL, NULL, '', NULL, NULL, 20.00, 'amount', 0.00, 0.00, 20.00, 0.00, 20.00),
(294, 25, 'no', 'group1', 8, '2025-11-29 20:01:36', NULL, NULL, '', NULL, NULL, 60.00, 'amount', 0.00, 0.00, 60.00, 0.00, 60.00),
(295, 11, 'yes', 'group1', 8, '2025-11-29 20:21:44', 8, '2025-12-11 21:37:58', 'سامح', NULL, NULL, 65.00, 'amount', 0.00, 0.00, 65.00, 0.00, 65.00),
(296, 11, 'yes', 'group1', 8, '2025-11-29 20:24:59', 8, '2025-12-11 21:37:53', 'سامح', NULL, NULL, 65.00, 'amount', 0.00, 0.00, 65.00, 0.00, 65.00),
(297, 11, 'yes', 'group1', 8, '2025-11-29 20:43:49', 8, '2025-12-11 21:37:49', 'سامح', NULL, NULL, 65.00, 'amount', 0.00, 0.00, 65.00, 0.00, 65.00),
(298, 11, 'yes', 'group1', 8, '2025-11-29 23:38:37', 8, '2025-12-11 21:37:43', 'محمد حمدي', NULL, NULL, 110.00, 'amount', 0.00, 0.00, 110.00, 0.00, 110.00),
(299, 11, 'yes', 'group1', 8, '2025-11-29 23:39:03', 8, '2025-12-11 21:37:39', 'عماد', NULL, NULL, 25.00, 'amount', 0.00, 0.00, 25.00, 0.00, 25.00),
(300, 25, 'no', 'group1', 8, '2025-11-29 23:40:03', NULL, NULL, '', NULL, NULL, 450.00, 'amount', 0.00, 0.00, 450.00, 0.00, 450.00),
(301, 25, 'no', 'group1', 8, '2025-11-30 07:08:18', NULL, NULL, '', NULL, NULL, 315.00, 'amount', 0.00, 0.00, 315.00, 0.00, 315.00),
(302, 8, 'yes', 'group1', 8, '2025-11-30 07:09:02', NULL, NULL, '', NULL, NULL, 10.00, 'amount', 0.00, 0.00, 10.00, 0.00, 10.00),
(303, 8, 'yes', 'group1', 8, '2025-11-30 08:16:34', NULL, NULL, '', NULL, NULL, 240.00, 'amount', 0.00, 0.00, 240.00, 0.00, 240.00),
(304, 30, 'canceled', 'group1', 8, '2025-11-30 08:18:17', 8, '2025-11-30 08:46:46', '', NULL, NULL, 40.00, 'amount', 0.00, 0.00, 40.00, 0.00, 40.00),
(305, 31, 'yes', 'group1', 8, '2025-11-30 08:46:25', 8, '2025-11-30 08:49:35', '', NULL, NULL, 75.00, 'amount', 0.00, 0.00, 75.00, 0.00, 75.00),
(306, 30, 'no', 'group1', 8, '2025-11-30 08:49:20', NULL, NULL, '', NULL, NULL, 150.00, 'amount', 0.00, 0.00, 150.00, 0.00, 150.00),
(307, 25, 'no', 'group1', 8, '2025-11-30 10:20:14', NULL, NULL, '', NULL, NULL, 60.00, 'amount', 0.00, 0.00, 60.00, 0.00, 60.00),
(308, 11, 'yes', 'group1', 8, '2025-11-30 10:20:34', 8, '2025-12-11 21:37:34', '', NULL, NULL, 65.00, 'amount', 0.00, 0.00, 65.00, 0.00, 65.00),
(309, 8, 'yes', 'group1', 8, '2025-12-01 14:20:10', NULL, NULL, '', NULL, NULL, 100.00, 'amount', 0.00, 0.00, 100.00, 0.00, 100.00),
(310, 8, 'yes', 'group1', 8, '2025-12-01 21:38:26', NULL, NULL, '', NULL, NULL, 40.00, 'amount', 0.00, 0.00, 40.00, 0.00, 40.00),
(311, 8, 'yes', 'group1', 8, '2025-12-01 22:00:40', 8, '2025-12-11 21:45:09', 'محمد سعد علي زياد طرفايه', NULL, NULL, 3.00, 'amount', 0.00, 0.00, 3.00, 0.00, 3.00),
(312, 8, 'yes', 'group1', 8, '2025-12-02 01:18:13', NULL, NULL, '', NULL, NULL, 20.00, 'amount', 0.00, 0.00, 20.00, 0.00, 20.00),
(313, 25, 'no', 'group1', 8, '2025-12-02 01:23:53', NULL, NULL, '', NULL, NULL, 540.00, 'amount', 0.00, 0.00, 540.00, 0.00, 540.00),
(314, 8, 'yes', 'group1', 8, '2025-12-02 14:58:58', 8, '2025-12-11 21:44:52', 'محمد سعد', NULL, NULL, 175.00, 'amount', 0.00, 0.00, 175.00, 0.00, 175.00),
(315, 8, 'yes', 'group1', 8, '2025-12-02 16:10:27', NULL, NULL, '', NULL, NULL, 85.00, 'amount', 0.00, 0.00, 85.00, 0.00, 85.00),
(316, 10, 'no', 'group1', 8, '2025-12-02 16:12:08', NULL, NULL, 'سامح نادي', NULL, NULL, 90.00, 'amount', 0.00, 0.00, 90.00, 0.00, 90.00),
(317, 8, 'yes', 'group1', 8, '2025-12-02 17:25:05', 8, '2025-12-11 21:44:30', 'محمد سعد', NULL, NULL, 12.00, 'amount', 0.00, 0.00, 12.00, 0.00, 12.00),
(318, 15, 'yes', 'group1', 8, '2025-12-02 19:39:00', 8, '2025-12-11 20:28:02', 'وحدة شاشة', NULL, NULL, 140.00, 'amount', 0.00, 0.00, 140.00, 0.00, 140.00),
(319, 25, 'no', 'group1', 8, '2025-12-03 09:58:34', NULL, NULL, '', NULL, NULL, 444.00, 'amount', 0.00, 0.00, 444.00, 0.00, 444.00),
(320, 25, 'no', 'group1', 8, '2025-12-03 10:00:50', NULL, NULL, '', NULL, NULL, 20.00, 'amount', 0.00, 0.00, 20.00, 0.00, 20.00),
(321, 8, 'yes', 'group1', 8, '2025-12-03 11:19:31', NULL, NULL, '', NULL, NULL, 57.00, 'amount', 0.00, 0.00, 57.00, 0.00, 57.00),
(322, 8, 'yes', 'group1', 8, '2025-12-03 16:16:52', NULL, NULL, '', NULL, NULL, 35.00, 'amount', 0.00, 0.00, 35.00, 0.00, 35.00),
(323, 10, 'no', 'group1', 8, '2025-12-03 16:19:10', NULL, NULL, 'سامح نادي', NULL, NULL, 100.00, 'amount', 0.00, 0.00, 100.00, 0.00, 100.00),
(324, 15, 'yes', 'group1', 8, '2025-12-03 16:19:46', 8, '2025-12-11 20:27:53', '', NULL, NULL, 10.00, 'amount', 0.00, 0.00, 10.00, 0.00, 10.00),
(325, 8, 'yes', 'group1', 8, '2025-12-03 16:25:56', NULL, NULL, 'عبده ليه 5ج', NULL, NULL, 95.00, 'amount', 0.00, 0.00, 95.00, 0.00, 95.00),
(326, 22, 'no', 'group1', 8, '2025-12-03 20:50:31', NULL, '2025-12-07 14:13:27', 'الخزن', NULL, NULL, 120.00, 'amount', 0.00, 0.00, 120.00, 0.00, 120.00),
(327, 8, 'yes', 'group1', 8, '2025-12-03 20:51:16', 8, '2025-12-03 21:09:55', 'عبده', NULL, NULL, 95.00, 'amount', 0.00, 0.00, 95.00, 0.00, 95.00),
(328, 11, 'yes', 'group1', 8, '2025-12-03 20:51:35', 8, '2025-12-11 21:37:29', 'العطار', NULL, NULL, 150.00, 'amount', 0.00, 0.00, 150.00, 0.00, 150.00),
(329, 8, 'yes', 'group1', 8, '2025-12-03 21:09:43', 8, '2025-12-03 21:09:51', '', NULL, NULL, 95.00, 'amount', 0.00, 0.00, 95.00, 0.00, 95.00),
(330, 32, 'yes', 'group1', 8, '2025-12-04 11:48:37', 8, '2025-12-04 11:51:05', '', NULL, NULL, 562.00, 'amount', 0.00, 0.00, 562.00, 0.00, 562.00),
(331, 32, 'no', 'group1', 8, '2025-12-04 11:53:27', NULL, NULL, '', NULL, NULL, 25.00, 'amount', 0.00, 0.00, 25.00, 0.00, 25.00),
(332, 22, 'no', 'group1', 8, '2025-12-04 23:20:02', NULL, NULL, '', NULL, NULL, 100.00, 'amount', 0.00, 0.00, 100.00, 0.00, 100.00),
(333, 8, 'yes', 'group1', 8, '2025-12-04 23:20:50', NULL, NULL, '', NULL, NULL, 220.00, 'amount', 0.00, 0.00, 220.00, 0.00, 220.00),
(334, 11, 'yes', 'group1', 8, '2025-12-06 11:01:24', 8, '2025-12-11 21:37:24', 'محمد حمدي', NULL, NULL, 90.00, 'amount', 0.00, 0.00, 90.00, 0.00, 90.00),
(335, 15, 'yes', 'group1', 8, '2025-12-06 11:03:08', 8, '2025-12-11 20:27:47', '', NULL, NULL, 105.00, 'amount', 0.00, 0.00, 105.00, 0.00, 105.00),
(336, 10, 'yes', 'group1', 8, '2025-12-07 11:04:16', 8, '2025-12-07 14:29:48', 'حماده الطيب', NULL, NULL, 120.00, 'amount', 0.00, 0.00, 120.00, 0.00, 120.00),
(337, 10, 'yes', 'group1', 8, '2025-12-07 11:16:52', 8, '2025-12-07 14:29:41', 'حماده الطيب', NULL, NULL, 100.00, 'amount', 0.00, 0.00, 100.00, 0.00, 100.00),
(338, 17, 'yes', 'group1', 8, '2025-12-07 11:17:16', 8, '2025-12-09 17:35:39', 'كشري', NULL, NULL, 30.00, 'amount', 0.00, 0.00, 30.00, 0.00, 30.00),
(339, 22, 'no', 'group1', 8, '2025-12-07 13:43:36', NULL, NULL, 'بتاعه اسلام وحجاج ومحسن', NULL, NULL, 75.00, 'amount', 0.00, 0.00, 75.00, 0.00, 75.00),
(340, 22, 'no', 'group1', 8, '2025-12-07 14:14:25', NULL, NULL, '', NULL, NULL, 60.00, 'amount', 0.00, 0.00, 60.00, 0.00, 60.00),
(341, 8, 'yes', 'group1', 8, '2025-12-07 14:17:32', 8, '2025-12-07 14:29:58', '', NULL, NULL, 30.00, 'amount', 0.00, 0.00, 30.00, 0.00, 30.00),
(342, 22, 'no', 'group1', 8, '2025-12-07 19:13:43', NULL, NULL, '', NULL, NULL, 340.00, 'amount', 0.00, 0.00, 340.00, 0.00, 340.00),
(343, 11, 'yes', 'group1', 8, '2025-12-07 19:14:12', 8, '2025-12-07 19:14:48', 'محمود البرمكي', NULL, NULL, 125.00, 'amount', 0.00, 0.00, 125.00, 0.00, 125.00);
INSERT INTO `invoices_out` (`id`, `customer_id`, `delivered`, `invoice_group`, `created_by`, `created_at`, `updated_by`, `updated_at`, `notes`, `cancel_reason`, `revert_reason`, `total_before_discount`, `discount_type`, `discount_value`, `discount_amount`, `total_after_discount`, `total_cost`, `profit_amount`) VALUES
(344, 8, 'no', 'group1', 8, '2025-12-07 22:23:31', NULL, NULL, 'ميلاد', NULL, NULL, 84.00, 'amount', 0.00, 0.00, 84.00, 0.00, 84.00),
(345, 22, 'no', 'group1', 8, '2025-12-07 22:27:13', NULL, NULL, '', NULL, NULL, 360.00, 'amount', 0.00, 0.00, 360.00, 0.00, 360.00),
(346, 22, 'no', 'group1', 8, '2025-12-07 22:32:32', NULL, NULL, 'اسلام مجدي', NULL, NULL, 20.00, 'amount', 0.00, 0.00, 20.00, 0.00, 20.00),
(347, 11, 'yes', 'group1', 8, '2025-12-07 22:51:17', 8, '2025-12-11 21:37:19', 'احمد محروس', NULL, NULL, 175.00, 'amount', 0.00, 0.00, 175.00, 0.00, 175.00),
(348, 8, 'yes', 'group1', 8, '2025-12-08 14:00:53', NULL, NULL, 'غلطه في العدد', NULL, NULL, 39.60, 'amount', 0.00, 0.00, 39.60, 0.00, 39.60),
(349, 8, 'yes', 'group1', 8, '2025-12-09 17:22:46', 8, '2025-12-09 17:23:27', '', NULL, NULL, 25.00, 'amount', 0.00, 0.00, 25.00, 0.00, 25.00),
(350, 8, 'yes', 'group1', 8, '2025-12-09 17:23:19', NULL, NULL, '', NULL, NULL, 120.00, 'amount', 0.00, 0.00, 120.00, 0.00, 120.00),
(351, 8, 'yes', 'group1', 8, '2025-12-09 17:26:02', NULL, NULL, 'أ/احمد سالم', NULL, NULL, 250.00, 'amount', 0.00, 0.00, 250.00, 0.00, 250.00),
(352, 25, 'no', 'group1', 8, '2025-12-09 17:26:58', NULL, NULL, '', NULL, NULL, 125.00, 'amount', 0.00, 0.00, 125.00, 0.00, 125.00),
(353, 17, 'yes', 'group1', 8, '2025-12-09 17:28:23', 8, '2025-12-09 17:35:31', 'وخد بعشرين مسامير', NULL, NULL, 44.00, 'amount', 0.00, 0.00, 44.00, 0.00, 44.00),
(354, 25, 'no', 'group1', 8, '2025-12-09 17:29:49', NULL, NULL, '', NULL, NULL, 30.00, 'amount', 0.00, 0.00, 30.00, 0.00, 30.00),
(355, 11, 'yes', 'group1', 8, '2025-12-09 17:30:27', 8, '2025-12-11 21:37:14', 'صبري تبع محمود البرمكي', NULL, NULL, 90.00, 'amount', 0.00, 0.00, 90.00, 0.00, 90.00),
(356, 25, 'no', 'group1', 8, '2025-12-09 18:12:34', NULL, NULL, '', NULL, NULL, 125.00, 'amount', 0.00, 0.00, 125.00, 0.00, 125.00),
(357, 30, 'no', 'group1', 8, '2025-12-10 11:07:07', NULL, NULL, 'طلبهم بالليل', NULL, NULL, 150.00, 'amount', 0.00, 0.00, 150.00, 0.00, 150.00),
(358, 20, 'yes', 'group1', 8, '2025-12-10 11:08:26', NULL, NULL, '', NULL, NULL, 90.00, 'amount', 0.00, 0.00, 90.00, 0.00, 90.00),
(359, 8, 'no', 'group1', 8, '2025-12-10 16:35:03', NULL, NULL, 'ميلاد للخزنه التانيه', NULL, NULL, 84.00, 'amount', 0.00, 0.00, 84.00, 0.00, 84.00),
(360, 25, 'no', 'group1', 8, '2025-12-10 16:35:49', NULL, NULL, '', NULL, NULL, 45.00, 'amount', 0.00, 0.00, 45.00, 0.00, 45.00),
(361, 11, 'yes', 'group1', 8, '2025-12-10 20:50:21', 8, '2025-12-10 20:55:08', 'علي عطيه', NULL, NULL, 180.00, 'amount', 0.00, 0.00, 180.00, 0.00, 180.00),
(362, 25, 'no', 'group1', 8, '2025-12-10 21:05:11', NULL, NULL, '', NULL, NULL, 326.00, 'amount', 0.00, 0.00, 326.00, 0.00, 326.00),
(363, 11, 'yes', 'group1', 8, '2025-12-10 21:05:43', NULL, NULL, '', NULL, NULL, 150.00, 'amount', 0.00, 0.00, 150.00, 0.00, 150.00),
(364, 25, 'no', 'group1', 8, '2025-12-10 21:07:21', NULL, NULL, '', NULL, NULL, 805.00, 'amount', 0.00, 0.00, 805.00, 0.00, 805.00),
(365, 8, 'yes', 'group1', 8, '2025-12-10 21:08:02', NULL, NULL, 'فادي', NULL, NULL, 300.00, 'amount', 0.00, 0.00, 300.00, 0.00, 300.00),
(366, 8, 'no', 'group1', 8, '2025-12-10 21:19:38', NULL, NULL, 'ميلاد للخزنه التانيه', NULL, NULL, 90.00, 'amount', 0.00, 0.00, 90.00, 0.00, 90.00),
(367, 8, 'yes', 'group1', 8, '2025-12-11 16:58:39', NULL, NULL, '', NULL, NULL, 20.00, 'amount', 0.00, 0.00, 20.00, 0.00, 20.00),
(368, 8, 'yes', 'group1', 8, '2025-12-11 16:59:51', NULL, NULL, '', NULL, NULL, 50.00, 'amount', 0.00, 0.00, 50.00, 0.00, 50.00),
(369, 32, 'no', 'group1', 8, '2025-12-11 19:09:03', NULL, NULL, '', NULL, NULL, 63.00, 'amount', 0.00, 0.00, 63.00, 0.00, 63.00),
(370, 10, 'no', 'group1', 8, '2025-12-11 20:07:49', NULL, NULL, 'محمود المنياوي', NULL, NULL, 50.00, 'amount', 0.00, 0.00, 50.00, 0.00, 50.00),
(371, 30, 'no', 'group1', 8, '2025-12-12 08:49:27', NULL, NULL, 'يوم الجمعه', NULL, NULL, 150.00, 'amount', 0.00, 0.00, 150.00, 0.00, 150.00),
(372, 32, 'yes', 'group1', 8, '2025-12-12 08:50:18', NULL, NULL, '', NULL, NULL, 125.00, 'amount', 0.00, 0.00, 125.00, 0.00, 125.00),
(373, 8, 'yes', 'group1', 8, '2025-12-12 08:50:47', NULL, NULL, '', NULL, NULL, 85.00, 'amount', 0.00, 0.00, 85.00, 0.00, 85.00),
(374, 8, 'yes', 'group1', 8, '2025-12-12 10:02:08', NULL, NULL, '', NULL, NULL, 5.00, 'amount', 0.00, 0.00, 5.00, 0.00, 5.00),
(375, 33, 'no', 'group1', 8, '2025-12-12 11:48:23', NULL, NULL, '', NULL, NULL, 5675.00, 'amount', 75.00, 75.00, 5600.00, 0.00, 5675.00),
(376, 25, 'no', 'group1', 8, '2025-12-13 21:59:19', NULL, NULL, '', NULL, NULL, 100.00, 'amount', 0.00, 0.00, 100.00, 0.00, 100.00),
(377, 8, 'yes', 'group1', 8, '2025-12-14 11:03:51', NULL, NULL, '', NULL, NULL, 125.00, 'amount', 0.00, 0.00, 125.00, 0.00, 125.00),
(378, 11, 'yes', 'group1', 8, '2025-12-14 12:27:07', 8, '2025-12-18 09:51:21', 'احمد محروس', NULL, NULL, 90.00, 'amount', 0.00, 0.00, 90.00, 0.00, 90.00),
(379, 11, 'yes', 'group1', 8, '2025-12-14 16:18:31', 8, '2025-12-18 09:51:15', '', NULL, NULL, 90.00, 'amount', 0.00, 0.00, 90.00, 0.00, 90.00),
(380, 8, 'yes', 'group1', 8, '2025-12-14 16:20:47', NULL, NULL, '', NULL, NULL, 111.00, 'amount', 11.00, 11.00, 100.00, 0.00, 111.00),
(381, 8, 'yes', 'group1', 8, '2025-12-14 16:34:09', NULL, NULL, '', NULL, NULL, 110.00, 'amount', 0.00, 0.00, 110.00, 0.00, 110.00),
(382, 8, 'yes', 'group1', 8, '2025-12-14 19:35:05', NULL, NULL, '', NULL, NULL, 20.00, 'amount', 0.00, 0.00, 20.00, 0.00, 20.00),
(383, 10, 'canceled', 'group1', 8, '2025-12-14 19:55:04', 8, '2025-12-25 14:53:40', 'د/احمد ابو هشيمه', NULL, NULL, 95.00, 'amount', 0.00, 0.00, 95.00, 0.00, 95.00),
(384, 11, 'yes', 'group1', 8, '2025-12-15 00:45:45', 8, '2025-12-18 09:51:09', '', NULL, NULL, 85.00, 'amount', 0.00, 0.00, 85.00, 0.00, 85.00),
(385, 11, 'canceled', 'group1', 8, '2025-12-15 00:46:00', 8, '2025-12-15 00:59:15', '', NULL, NULL, 125.00, 'amount', 0.00, 0.00, 125.00, 0.00, 125.00),
(386, 11, 'yes', 'group1', 8, '2025-12-15 00:59:40', 8, '2025-12-18 09:51:04', '', NULL, NULL, 65.00, 'amount', 0.00, 0.00, 65.00, 0.00, 65.00),
(387, 10, 'yes', 'group1', 8, '2025-12-15 02:48:56', 8, '2025-12-25 14:59:02', 'احمد ضبش', NULL, NULL, 120.00, 'amount', 0.00, 0.00, 120.00, 0.00, 120.00),
(388, 8, 'yes', 'group1', 8, '2025-12-15 17:10:22', NULL, NULL, '', NULL, NULL, 125.00, 'amount', 5.00, 5.00, 120.00, 0.00, 125.00),
(389, 15, 'yes', 'group1', 8, '2025-12-15 21:04:04', 8, '2025-12-15 21:06:19', '', NULL, NULL, 60.00, 'amount', 0.00, 0.00, 60.00, 0.00, 60.00),
(390, 25, 'no', 'group1', 8, '2025-12-15 22:25:15', NULL, NULL, '', NULL, NULL, 2560.00, 'amount', 0.00, 0.00, 2560.00, 0.00, 2560.00),
(391, 25, 'no', 'group1', 8, '2025-12-16 12:56:21', NULL, NULL, 'في سيليكون خدها الام بحوالي 50ج\r\nوالسيليكون العضم خدها حجاج', NULL, NULL, 560.00, 'amount', 0.00, 0.00, 560.00, 0.00, 560.00),
(392, 11, 'yes', 'group1', 8, '2025-12-16 12:57:03', NULL, NULL, 'ام  نديا', NULL, NULL, 100.00, 'amount', 0.00, 0.00, 100.00, 0.00, 100.00),
(393, 8, 'yes', 'group1', 8, '2025-12-16 14:52:34', 8, '2025-12-16 15:20:33', '', NULL, NULL, 487.50, 'amount', 7.50, 7.50, 480.00, 0.00, 487.50),
(394, 8, 'yes', 'group1', 8, '2025-12-16 18:23:37', NULL, NULL, '', NULL, NULL, 90.00, 'amount', 0.00, 0.00, 90.00, 0.00, 90.00),
(395, 8, 'yes', 'group1', 8, '2025-12-16 20:40:24', NULL, NULL, 'ابو قرني فاتح جنب بتاع الاستيراد في وش الحميات', NULL, NULL, 430.00, 'amount', 0.00, 0.00, 430.00, 0.00, 430.00),
(396, 25, 'canceled', 'group1', 8, '2025-12-16 20:43:06', 8, '2025-12-17 06:36:09', '', NULL, NULL, 50.00, 'amount', 0.00, 0.00, 50.00, 0.00, 50.00),
(397, 10, 'canceled', 'group1', 8, '2025-12-17 01:51:53', 8, '2025-12-18 09:58:19', 'ابو علي', NULL, NULL, 320.00, 'amount', 0.00, 0.00, 320.00, 0.00, 320.00),
(398, 8, 'no', 'group1', 8, '2025-12-17 01:53:31', NULL, NULL, 'محمد حجاج', NULL, NULL, 90.00, 'amount', 0.00, 0.00, 90.00, 0.00, 90.00),
(399, 8, 'yes', 'group1', 8, '2025-12-17 01:53:54', NULL, NULL, '', NULL, NULL, 60.00, 'amount', 0.00, 0.00, 60.00, 0.00, 60.00),
(400, 8, 'yes', 'group1', 8, '2025-12-17 01:56:13', NULL, NULL, '', NULL, NULL, 183.00, 'amount', 0.00, 0.00, 183.00, 0.00, 183.00),
(401, 8, 'yes', 'group1', 8, '2025-12-17 02:01:21', NULL, NULL, '', NULL, NULL, 2700.00, 'amount', 0.00, 0.00, 2700.00, 0.00, 2700.00),
(402, 25, 'no', 'group1', 8, '2025-12-17 02:03:04', NULL, NULL, '', NULL, NULL, 1445.00, 'amount', 0.00, 0.00, 1445.00, 0.00, 1445.00),
(403, 8, 'yes', 'group1', 8, '2025-12-18 02:01:31', NULL, NULL, '', NULL, NULL, 90.00, 'amount', 0.00, 0.00, 90.00, 0.00, 90.00),
(404, 16, 'yes', 'group1', 8, '2025-12-18 02:02:28', 8, '2025-12-18 07:22:04', '', NULL, NULL, 64.00, 'amount', 4.00, 4.00, 60.00, 0.00, 64.00),
(405, 25, 'no', 'group1', 8, '2025-12-18 02:09:07', NULL, NULL, '', NULL, NULL, 2380.00, 'amount', 0.00, 0.00, 2380.00, 0.00, 2380.00),
(406, 8, 'yes', 'group1', 8, '2025-12-18 07:47:26', NULL, NULL, '', NULL, NULL, 20.00, 'amount', 0.00, 0.00, 20.00, 0.00, 20.00),
(407, 11, 'yes', 'group1', 8, '2025-12-18 07:48:50', 8, '2025-12-18 09:50:59', '', NULL, NULL, 25.00, 'amount', 0.00, 0.00, 25.00, 0.00, 25.00),
(408, 8, 'yes', 'group1', 8, '2025-12-18 07:49:20', NULL, NULL, '', NULL, NULL, 60.00, 'amount', 0.00, 0.00, 60.00, 0.00, 60.00),
(409, 8, 'yes', 'group1', 8, '2025-12-18 07:57:05', NULL, NULL, '', NULL, NULL, 180.00, 'amount', 0.00, 0.00, 180.00, 0.00, 180.00),
(410, 8, 'yes', 'group1', 8, '2025-12-18 08:01:10', NULL, NULL, '', NULL, NULL, 32.00, 'amount', 2.00, 2.00, 30.00, 0.00, 32.00),
(411, 10, 'yes', 'group1', 8, '2025-12-18 09:58:45', NULL, NULL, '', NULL, NULL, 300.00, 'amount', 0.00, 0.00, 300.00, 0.00, 300.00),
(412, 25, 'no', 'group1', 8, '2025-12-19 23:03:58', NULL, NULL, '', NULL, NULL, 120.00, 'amount', 0.00, 0.00, 120.00, 0.00, 120.00),
(413, 11, 'no', 'group1', 8, '2025-12-19 23:05:13', NULL, NULL, 'زياد مكبس', NULL, NULL, 175.00, 'amount', 0.00, 0.00, 175.00, 0.00, 175.00),
(414, 8, 'yes', 'group1', 8, '2025-12-19 23:08:57', 8, '2025-12-19 23:09:58', '', NULL, NULL, 150.00, 'amount', 0.00, 0.00, 150.00, 0.00, 150.00),
(415, 8, 'yes', 'group1', 8, '2025-12-19 23:09:32', 8, '2025-12-19 23:43:01', '', NULL, NULL, 6.00, 'amount', 0.00, 0.00, 6.00, 0.00, 6.00),
(416, 8, 'yes', 'group1', 8, '2025-12-21 11:57:28', NULL, NULL, '', NULL, NULL, 20.00, 'amount', 0.00, 0.00, 20.00, 0.00, 20.00),
(417, 32, 'yes', 'group1', 8, '2025-12-22 15:35:59', 8, '2025-12-25 14:20:16', '', NULL, NULL, 20.00, 'amount', 0.00, 0.00, 20.00, 0.00, 20.00),
(418, 10, 'yes', 'group1', 8, '2025-12-22 15:36:33', 8, '2025-12-25 14:54:41', 'احمد ابو هشيمه', NULL, NULL, 110.00, 'amount', 0.00, 0.00, 110.00, 0.00, 110.00),
(419, 10, 'yes', 'group1', 8, '2025-12-22 15:42:10', 8, '2025-12-25 14:54:33', 'احمد ابو هشيمه', NULL, NULL, 300.00, 'amount', 0.00, 0.00, 300.00, 0.00, 300.00),
(420, 8, 'yes', 'group1', 8, '2025-12-21 23:22:38', NULL, NULL, '', NULL, NULL, 10.00, 'amount', 0.00, 0.00, 10.00, 0.00, 10.00),
(421, 8, 'yes', 'group1', 8, '2025-12-21 23:25:15', NULL, NULL, '', NULL, NULL, 160.00, 'amount', 0.00, 0.00, 160.00, 0.00, 160.00),
(422, 8, 'yes', 'group1', 8, '2025-12-23 12:37:27', 8, '2025-12-23 12:37:37', '', NULL, NULL, 90.00, 'amount', 0.00, 0.00, 90.00, 0.00, 90.00),
(423, 8, 'yes', 'group1', 8, '2025-12-23 18:26:35', NULL, NULL, '', NULL, NULL, 195.00, 'amount', 0.00, 0.00, 195.00, 0.00, 195.00),
(424, 8, 'yes', 'group1', 8, '2025-12-23 18:27:02', NULL, NULL, '', NULL, NULL, 25.00, 'amount', 0.00, 0.00, 25.00, 0.00, 25.00),
(425, 19, 'yes', 'group1', 8, '2025-12-24 08:56:50', NULL, NULL, '', NULL, NULL, 60.00, 'amount', 0.00, 0.00, 60.00, 0.00, 60.00),
(426, 19, 'yes', 'group1', 8, '2025-12-24 08:57:37', NULL, NULL, '', NULL, NULL, 140.00, 'amount', 0.00, 0.00, 140.00, 0.00, 140.00),
(427, 8, 'yes', 'group1', 8, '2025-12-24 08:58:14', NULL, NULL, '', NULL, NULL, 100.00, 'amount', 0.00, 0.00, 100.00, 0.00, 100.00),
(428, 19, 'no', 'group1', 8, '2025-12-24 08:58:39', NULL, NULL, '', NULL, NULL, 30.00, 'amount', 0.00, 0.00, 30.00, 0.00, 30.00),
(429, 8, 'yes', 'group1', 8, '2025-12-24 08:59:05', NULL, NULL, '', NULL, NULL, 15.00, 'amount', 0.00, 0.00, 15.00, 0.00, 15.00),
(430, 8, 'yes', 'group1', 8, '2025-12-24 08:59:32', NULL, NULL, '', NULL, NULL, 30.00, 'amount', 0.00, 0.00, 30.00, 0.00, 30.00),
(431, 33, 'no', 'group1', 8, '2025-12-25 11:50:22', NULL, NULL, '', NULL, NULL, 280.00, 'amount', 0.00, 0.00, 280.00, 0.00, 280.00),
(432, 8, 'yes', 'group1', 8, '2025-12-25 16:33:56', NULL, NULL, '', NULL, NULL, 105.00, 'amount', 0.00, 0.00, 105.00, 0.00, 105.00),
(433, 8, 'yes', 'group1', 8, '2025-12-27 10:01:53', NULL, NULL, '', NULL, NULL, 100.00, 'amount', 0.00, 0.00, 100.00, 0.00, 100.00),
(434, 8, 'yes', 'group1', 8, '2025-12-27 10:04:23', NULL, NULL, '', NULL, NULL, 20.00, 'amount', 0.00, 0.00, 20.00, 0.00, 20.00),
(435, 8, 'no', 'group1', 8, '2025-12-27 13:13:19', NULL, '2025-12-27 13:19:34', '', NULL, NULL, 105.00, 'amount', 0.00, 0.00, 105.00, 0.00, 105.00),
(436, 11, 'no', 'group1', 8, '2025-12-27 16:38:21', NULL, NULL, '', NULL, NULL, 100.00, 'amount', 0.00, 0.00, 100.00, 0.00, 100.00),
(437, 34, 'no', 'group1', 8, '2025-12-27 17:05:29', NULL, NULL, '', NULL, NULL, 2750.00, 'amount', 0.00, 0.00, 2750.00, 0.00, 2750.00),
(438, 8, 'yes', 'group1', 8, '2025-12-27 17:06:03', NULL, NULL, '', NULL, NULL, 15.00, 'amount', 0.00, 0.00, 15.00, 0.00, 15.00),
(439, 8, 'canceled', 'group1', 8, '2025-12-27 17:07:07', 8, '2025-12-27 17:07:46', '', NULL, NULL, 30.00, 'amount', 0.00, 0.00, 30.00, 0.00, 30.00),
(440, 34, 'no', 'group1', 8, '2025-12-27 17:08:12', NULL, NULL, '', NULL, NULL, 30.00, 'amount', 0.00, 0.00, 30.00, 0.00, 30.00),
(441, 26, 'no', 'group1', 8, '2025-12-27 17:10:19', NULL, NULL, '', NULL, NULL, 200.00, 'amount', 0.00, 0.00, 200.00, 0.00, 200.00),
(442, 34, 'no', 'group1', 8, '2025-12-27 21:53:58', NULL, NULL, '', NULL, NULL, 42.00, 'amount', 0.00, 0.00, 42.00, 0.00, 42.00),
(443, 34, 'no', 'group1', 8, '2025-12-28 05:15:24', NULL, NULL, '', NULL, NULL, 16.00, 'amount', 0.00, 0.00, 16.00, 0.00, 16.00),
(444, 11, 'no', 'group1', 8, '2025-12-28 05:17:53', NULL, NULL, 'محمود ابو عربيه بيضا', NULL, NULL, 392.00, 'amount', 0.00, 0.00, 392.00, 0.00, 392.00),
(445, 11, 'no', 'group1', 8, '2025-12-28 05:18:49', NULL, NULL, 'تبع عم ايمن شركه', NULL, NULL, 5.00, 'amount', 0.00, 0.00, 5.00, 0.00, 5.00);

-- --------------------------------------------------------

--
-- Table structure for table `invoice_cancellations`
--

CREATE TABLE `invoice_cancellations` (
  `id` int(11) NOT NULL,
  `invoice_out_id` int(11) NOT NULL,
  `cancelled_by` int(11) NOT NULL,
  `cancelled_at` datetime NOT NULL DEFAULT current_timestamp(),
  `reason` text DEFAULT NULL,
  `total_restored_qty` decimal(12,3) DEFAULT 0.000
) ENGINE=InnoDB DEFAULT CHARSET=utf8mb4 COLLATE=utf8mb4_general_ci;

--
-- Dumping data for table `invoice_cancellations`
--

INSERT INTO `invoice_cancellations` (`id`, `invoice_out_id`, `cancelled_by`, `cancelled_at`, `reason`, `total_restored_qty`) VALUES
(1, 13, 8, '2025-10-08 16:32:37', 'رجعهم وخد صنف تاني', 2.000),
(2, 12, 8, '2025-10-08 16:33:41', 'رجعهم', 2.000),
(3, 48, 8, '2025-10-22 19:18:58', 'رجع فرده فراشه', 10.000),
(4, 102, 8, '2025-10-28 11:43:16', 'هما 4 مش 2', 2.000),
(5, 105, 8, '2025-10-28 22:11:53', 'رجعهم', 0.213),
(6, 108, 8, '2025-10-29 18:42:06', 'رجع حاجات', 22.000),
(7, 119, 8, '2025-11-01 14:10:14', 'هغير السعر', 0.334),
(8, 123, 8, '2025-11-01 22:02:43', 'خطاء في اسعار القطاعي', 2.740),
(9, 129, 8, '2025-11-04 13:24:28', 'في غلط في عدد الكرتونه 15 مش 16', 18.000),
(10, 163, 8, '2025-11-09 22:14:51', 'فاتوره اختبار', 1.000),
(11, 175, 8, '2025-11-12 23:02:25', 'تعديل بعد خطاء اسعار المجاري', 52.000),
(12, 173, 8, '2025-11-12 23:02:31', 'تعديل بعد خطاء اسعار المجاري', 7.000),
(13, 172, 8, '2025-11-12 23:02:37', 'تعديل بعد خطاء اسعار المجاري', 30.000),
(14, 166, 8, '2025-11-12 23:02:43', 'تعديل بعد خطاء اسعار المجاري', 2.000),
(15, 228, 8, '2025-11-20 20:26:20', 'مخدهمش', 8.000),
(16, 243, 8, '2025-11-23 21:34:07', 'طلعته في فاتورة تانيه', 8.000),
(17, 261, 8, '2025-11-25 07:28:12', 'غلط', 7.000),
(18, 260, 8, '2025-11-25 15:05:54', 'بدلهم باسود في دهبي', 2.000),
(19, 304, 8, '2025-11-30 10:46:46', 'خد علبه وكيس', 1.250),
(20, 385, 8, '2025-12-15 02:59:15', 'خد ماده 802', 1.000),
(21, 396, 8, '2025-12-17 08:36:09', 'مرتجع', 1.000),
(22, 397, 8, '2025-12-18 11:58:19', 'تعديل السعر', 1.000),
(23, 383, 8, '2025-12-25 16:53:40', 'لخبطه', 1.000),
(24, 439, 8, '2025-12-27 19:07:46', 'عماد طاميه مش ناقدي', 0.250);

-- --------------------------------------------------------

--
-- Table structure for table `invoice_cancellation_allocations`
--

CREATE TABLE `invoice_cancellation_allocations` (
  `id` int(11) NOT NULL,
  `cancellation_id` int(11) NOT NULL,
  `sale_item_allocation_id` int(11) NOT NULL,
  `batch_id` int(11) NOT NULL,
  `qty_restored` decimal(12,3) NOT NULL,
  `unit_cost` decimal(12,4) DEFAULT NULL
) ENGINE=InnoDB DEFAULT CHARSET=utf8mb4 COLLATE=utf8mb4_general_ci;

--
-- Dumping data for table `invoice_cancellation_allocations`
--

INSERT INTO `invoice_cancellation_allocations` (`id`, `cancellation_id`, `sale_item_allocation_id`, `batch_id`, `qty_restored`, `unit_cost`) VALUES
(1, 1, 16, 71, 2.000, 45.0000),
(2, 2, 15, 71, 2.000, 45.0000),
(3, 3, 75, 45, 8.000, 70.0000),
(4, 3, 76, 23, 1.000, 106.0000),
(5, 3, 77, 79, 1.000, 106.0000),
(6, 4, 167, 67, 2.000, 19.0000),
(7, 5, 170, 82, 0.133, 84.0000),
(8, 5, 171, 24, 0.080, 145.0000),
(9, 6, 177, 83, 20.000, 6.0606),
(10, 6, 178, 95, 1.000, 78.0000),
(11, 6, 179, 97, 1.000, 78.0000),
(12, 7, 199, 137, 0.334, 122.0000),
(13, 8, 203, 99, 2.000, 64.0000),
(14, 8, 204, 95, 0.250, 78.0000),
(15, 8, 205, 24, 0.400, 145.0000),
(16, 8, 206, 37, 0.090, 84.0000),
(17, 9, 219, 110, 6.000, 140.0000),
(18, 9, 220, 138, 12.000, 150.0000),
(19, 10, 275, 108, 1.000, 130.0000),
(20, 11, 299, 109, 2.000, 130.0000),
(21, 11, 300, 48, 1.000, 0.8500),
(22, 11, 301, 139, 49.000, 0.9000),
(23, 12, 296, 108, 5.000, 130.0000),
(24, 12, 297, 109, 2.000, 130.0000),
(25, 13, 295, 113, 30.000, 1.5000),
(26, 14, 280, 24, 1.000, 145.0000),
(27, 14, 281, 95, 1.000, 78.0000),
(28, 15, 400, 45, 8.000, 70.0000),
(29, 16, 422, 112, 8.000, 1.2500),
(30, 17, 461, 132, 7.000, 130.0000),
(31, 18, 460, 152, 2.000, 8.0000),
(32, 19, 526, 164, 1.000, 0.0000),
(33, 19, 527, 36, 0.250, 84.0000),
(34, 20, 671, 150, 1.000, 106.0000),
(35, 21, 695, 200, 1.000, 40.0000),
(36, 22, 696, 31, 1.000, 275.0000),
(37, 23, 669, 36, 1.000, 84.0000),
(38, 24, 773, 209, 0.250, 78.0000);

-- --------------------------------------------------------

--
-- Table structure for table `invoice_out_items`
--

CREATE TABLE `invoice_out_items` (
  `id` int(11) NOT NULL COMMENT 'المعرف التلقائي لبند الفاتورة',
  `invoice_out_id` int(11) NOT NULL COMMENT 'معرف الفاتورة الصادرة (مفتاح أجنبي لجدول invoices_out)',
  `product_id` int(11) NOT NULL COMMENT 'معرف المنتج (مفتاح أجنبي لجدول products)',
  `quantity` decimal(10,2) NOT NULL COMMENT 'الكمية المباعة من المنتج',
  `total_price` decimal(10,2) NOT NULL COMMENT 'السعر الإجمالي للبند (الكمية * سعر الوحدة)',
  `cost_price_per_unit` decimal(10,2) NOT NULL DEFAULT 0.00,
  `created_at` timestamp NOT NULL DEFAULT current_timestamp() COMMENT 'تاريخ إضافة البند',
  `updated_at` timestamp NULL DEFAULT NULL ON UPDATE current_timestamp() COMMENT 'تاريخ آخر تعديل للبند',
  `selling_price` decimal(10,2) NOT NULL
) ENGINE=InnoDB DEFAULT CHARSET=utf8mb4 COLLATE=utf8mb4_unicode_ci;

--
-- Dumping data for table `invoice_out_items`
--

INSERT INTO `invoice_out_items` (`id`, `invoice_out_id`, `product_id`, `quantity`, `total_price`, `cost_price_per_unit`, `created_at`, `updated_at`, `selling_price`) VALUES
(1, 1, 6, 0.50, 60.00, 84.00, '2025-10-05 16:49:00', NULL, 120.00),
(2, 1, 8, 0.50, 60.00, 84.00, '2025-10-05 16:49:00', NULL, 120.00),
(3, 2, 13, 1.00, 150.00, 120.00, '2025-10-06 16:04:01', NULL, 150.00),
(4, 3, 84, 7.00, 1400.00, 166.43, '2025-10-06 18:45:25', NULL, 200.00),
(5, 4, 17, 1.00, 120.00, 106.00, '2025-10-06 19:54:48', NULL, 120.00),
(6, 5, 35, 0.10, 15.00, 75.00, '2025-10-06 20:30:11', NULL, 150.00),
(7, 5, 34, 1.00, 100.00, 84.00, '2025-10-06 20:30:11', NULL, 100.00),
(8, 6, 38, 1.00, 185.00, 154.00, '2025-10-07 12:18:11', NULL, 185.00),
(9, 7, 17, 1.00, 120.00, 106.00, '2025-10-07 14:40:30', NULL, 120.00),
(10, 8, 45, 1.00, 175.00, 145.00, '2025-10-07 15:32:09', NULL, 175.00),
(11, 9, 27, 2.00, 10.00, 3.00, '2025-10-07 17:42:09', NULL, 5.00),
(12, 10, 72, 10.00, 20.00, 0.85, '2025-10-08 13:59:39', NULL, 2.00),
(13, 11, 72, 2.00, 4.00, 0.85, '2025-10-08 14:17:17', NULL, 2.00),
(14, 12, 77, 2.00, 120.00, 45.00, '2025-10-08 14:21:26', NULL, 60.00),
(15, 13, 77, 2.00, 120.00, 45.00, '2025-10-08 14:21:26', NULL, 60.00),
(16, 14, 59, 2.00, 150.00, 64.00, '2025-10-08 14:31:57', NULL, 75.00),
(17, 15, 21, 1.00, 25.00, 16.00, '2025-10-08 15:10:57', NULL, 25.00),
(18, 15, 45, 0.30, 90.00, 145.00, '2025-10-08 15:10:57', NULL, 300.00),
(19, 15, 33, 0.10, 15.00, 75.00, '2025-10-08 15:10:57', NULL, 150.00),
(20, 16, 12, 1.00, 95.00, 84.00, '2025-10-08 17:05:57', NULL, 95.00),
(21, 17, 45, 0.20, 60.00, 145.00, '2025-10-09 08:32:30', NULL, 300.00),
(23, 17, 72, 4.00, 8.00, 0.85, '2025-10-09 08:32:30', NULL, 2.00),
(24, 17, 22, 2.00, 60.00, 15.50, '2025-10-09 08:32:30', NULL, 30.00),
(25, 17, 50, 4.00, 100.00, 19.00, '2025-10-09 08:32:30', NULL, 25.00),
(26, 18, 19, 1.00, 10.00, 4.50, '2025-10-09 08:33:00', NULL, 10.00),
(27, 19, 17, 1.00, 120.00, 106.00, '2025-10-09 12:39:27', NULL, 120.00),
(28, 20, 9, 1.00, 100.00, 84.00, '2025-10-09 14:33:13', NULL, 100.00),
(29, 21, 17, 1.00, 120.00, 106.00, '2025-10-09 18:02:35', NULL, 120.00),
(30, 22, 55, 3.00, 195.00, 57.00, '2025-10-09 18:17:36', NULL, 65.00),
(31, 23, 57, 14.00, 1050.00, 71.21, '2025-10-09 18:25:46', NULL, 75.00),
(32, 23, 56, 3.00, 210.00, 65.00, '2025-10-09 18:25:46', NULL, 70.00),
(33, 24, 11, 1.00, 85.00, 60.00, '2025-10-09 18:44:01', NULL, 85.00),
(34, 25, 50, 2.00, 50.00, 19.00, '2025-10-09 19:09:19', NULL, 25.00),
(35, 26, 45, 0.20, 60.00, 145.00, '2025-10-09 19:56:03', NULL, 300.00),
(36, 26, 17, 1.00, 120.00, 106.00, '2025-10-09 19:56:03', NULL, 120.00),
(37, 26, 6, 0.25, 30.00, 84.00, '2025-10-09 19:56:03', NULL, 120.00),
(38, 27, 86, 4.00, 10.00, 0.79, '2025-10-09 21:17:06', NULL, 2.50),
(39, 28, 45, 0.16, 45.00, 145.00, '2025-10-11 12:47:14', NULL, 281.25),
(40, 28, 34, 0.05, 5.00, 84.00, '2025-10-11 12:47:14', NULL, 100.00),
(41, 29, 27, 3.00, 15.00, 3.00, '2025-10-11 15:59:59', NULL, 5.00),
(42, 29, 34, 0.05, 5.00, 84.00, '2025-10-11 15:59:59', NULL, 100.00),
(43, 30, 17, 1.00, 120.00, 106.00, '2025-10-12 13:44:57', NULL, 120.00),
(44, 31, 27, 5.00, 25.00, 3.00, '2025-10-12 13:46:33', NULL, 5.00),
(45, 32, 21, 2.00, 50.00, 16.00, '2025-10-12 13:48:56', NULL, 25.00),
(46, 33, 15, 1.00, 90.00, 65.00, '2025-10-12 13:49:35', NULL, 90.00),
(47, 34, 86, 8.00, 20.00, 0.79, '2025-10-12 20:46:10', NULL, 2.50),
(48, 35, 72, 12.00, 24.00, 0.85, '2025-10-12 20:48:31', NULL, 2.00),
(49, 35, 87, 2.00, 130.00, 57.00, '2025-10-12 20:48:31', NULL, 65.00),
(50, 36, 74, 6.00, 150.00, 19.00, '2025-10-13 12:45:09', NULL, 25.00),
(51, 36, 75, 2.00, 50.00, 19.00, '2025-10-13 12:45:09', NULL, 25.00),
(52, 36, 67, 4.00, 120.00, 20.83, '2025-10-13 12:45:09', NULL, 30.00),
(53, 36, 63, 3.00, 40.05, 9.00, '2025-10-13 12:45:09', NULL, 13.35),
(54, 36, 6, 0.25, 30.00, 84.00, '2025-10-13 12:45:09', NULL, 120.00),
(55, 36, 9, 0.50, 60.00, 84.00, '2025-10-13 12:45:09', NULL, 120.00),
(56, 37, 45, 0.50, 150.00, 145.00, '2025-10-13 14:55:46', NULL, 300.00),
(57, 37, 22, 8.00, 240.00, 15.50, '2025-10-13 14:55:46', NULL, 30.00),
(58, 37, 7, 0.25, 30.00, 84.00, '2025-10-13 14:55:47', NULL, 120.00),
(59, 38, 10, 1.00, 60.00, 48.50, '2025-10-13 18:40:22', NULL, 60.00),
(60, 39, 44, 4.00, 40.00, 6.00, '2025-10-13 18:41:00', NULL, 10.00),
(61, 40, 17, 1.00, 120.00, 106.00, '2025-10-13 18:49:20', NULL, 120.00),
(62, 41, 38, 1.00, 190.00, 154.00, '2025-10-13 19:17:20', NULL, 190.00),
(63, 41, 73, 4.00, 12.00, 1.20, '2025-10-13 19:17:20', NULL, 3.00),
(64, 41, 9, 0.25, 30.00, 84.00, '2025-10-13 19:17:20', NULL, 120.00),
(65, 42, 6, 0.25, 30.00, 84.00, '2025-10-13 19:27:43', NULL, 120.00),
(66, 42, 56, 2.00, 150.00, 65.00, '2025-10-13 19:27:43', NULL, 75.00),
(67, 42, 45, 1.00, 175.00, 145.00, '2025-10-13 19:27:43', NULL, 175.00),
(68, 43, 72, 10.00, 20.00, 0.85, '2025-10-13 21:21:34', NULL, 2.00),
(69, 44, 69, 2.00, 50.00, 20.00, '2025-10-14 13:11:46', NULL, 25.00),
(70, 45, 17, 2.00, 240.00, 106.00, '2025-10-14 13:12:53', NULL, 120.00),
(71, 46, 21, 1.00, 25.00, 16.00, '2025-10-14 13:15:47', NULL, 25.00),
(72, 47, 45, 1.00, 175.00, 145.00, '2025-10-14 17:50:23', NULL, 175.00),
(73, 48, 4, 8.00, 680.00, 70.00, '2025-10-14 21:00:59', NULL, 85.00),
(74, 48, 17, 2.00, 240.00, 106.00, '2025-10-14 21:00:59', NULL, 120.00),
(75, 49, 56, 5.00, 375.00, 64.20, '2025-10-15 18:27:05', NULL, 75.00),
(76, 49, 69, 1.00, 25.00, 20.00, '2025-10-15 18:27:05', NULL, 25.00),
(77, 49, 6, 0.08, 0.00, 84.00, '2025-10-15 18:27:05', NULL, 0.00),
(78, 49, 34, 0.08, 0.00, 84.00, '2025-10-15 18:27:05', NULL, 0.00),
(79, 50, 22, 4.00, 120.00, 15.50, '2025-10-15 19:08:51', NULL, 30.00),
(80, 51, 51, 2.00, 80.00, 35.00, '2025-10-15 19:11:48', NULL, 40.00),
(81, 51, 2, 1.00, 15.00, 8.50, '2025-10-15 19:11:48', NULL, 15.00),
(82, 52, 17, 1.00, 120.00, 106.00, '2025-10-15 19:47:08', NULL, 120.00),
(83, 53, 61, 4.00, 60.00, 12.00, '2025-10-15 20:33:27', NULL, 15.00),
(84, 54, 17, 1.00, 125.00, 110.00, '2025-10-15 20:40:19', NULL, 125.00),
(85, 55, 28, 4.00, 20.00, 3.00, '2025-10-15 20:53:27', NULL, 5.00),
(86, 56, 89, 1.00, 210.00, 190.00, '2025-10-16 17:15:28', NULL, 210.00),
(87, 56, 84, 2.00, 400.00, 175.00, '2025-10-16 17:15:28', NULL, 200.00),
(88, 56, 22, 14.00, 420.00, 15.50, '2025-10-16 17:15:28', NULL, 30.00),
(89, 56, 90, 3.00, 240.00, 75.00, '2025-10-16 17:15:28', NULL, 80.00),
(90, 57, 18, 1.00, 30.00, 24.50, '2025-10-16 17:22:07', NULL, 30.00),
(91, 58, 17, 1.00, 125.00, 110.00, '2025-10-16 17:38:34', NULL, 125.00),
(92, 59, 45, 0.08, 24.00, 145.00, '2025-10-16 17:54:25', NULL, 300.00),
(93, 59, 33, 0.01, 1.20, 75.00, '2025-10-16 17:54:25', NULL, 150.00),
(94, 60, 24, 3.00, 60.00, 11.00, '2025-10-16 17:55:23', NULL, 20.00),
(95, 61, 17, 1.00, 125.00, 110.00, '2025-10-16 18:32:31', NULL, 125.00),
(96, 62, 38, 3.00, 570.00, 154.00, '2025-10-16 20:25:33', NULL, 190.00),
(97, 63, 14, 1.00, 170.00, 145.00, '2025-10-16 20:53:51', NULL, 170.00),
(98, 64, 74, 4.00, 100.00, 19.00, '2025-10-19 12:12:58', NULL, 25.00),
(99, 65, 37, 1.00, 150.00, 100.00, '2025-10-19 12:15:34', NULL, 150.00),
(100, 66, 81, 1.00, 85.00, 60.00, '2025-10-19 12:16:12', NULL, 85.00),
(101, 67, 17, 2.00, 250.00, 110.00, '2025-10-19 12:16:49', NULL, 125.00),
(102, 68, 67, 1.00, 0.00, 20.83, '2025-10-19 13:33:48', NULL, 0.00),
(103, 69, 38, 1.00, 190.00, 154.00, '2025-10-19 13:34:34', NULL, 190.00),
(104, 70, 45, 0.20, 60.00, 145.00, '2025-10-19 15:30:39', NULL, 300.00),
(105, 71, 56, 3.00, 225.00, 64.00, '2025-10-20 12:08:21', NULL, 75.00),
(106, 72, 57, 3.00, 255.00, 71.00, '2025-10-20 12:32:11', NULL, 85.00),
(107, 72, 56, 1.00, 70.00, 64.00, '2025-10-20 12:32:11', NULL, 70.00),
(108, 72, 74, 3.00, 75.00, 19.00, '2025-10-20 12:32:11', NULL, 25.00),
(109, 73, 88, 1.00, 90.00, 85.00, '2025-10-20 14:57:15', NULL, 90.00),
(110, 74, 72, 5.00, 10.00, 0.85, '2025-10-20 14:57:51', NULL, 2.00),
(111, 75, 67, 1.00, 35.00, 20.83, '2025-10-20 19:38:17', NULL, 35.00),
(112, 76, 45, 0.30, 90.00, 145.00, '2025-10-20 21:04:32', NULL, 300.00),
(113, 76, 6, 0.25, 30.00, 84.00, '2025-10-20 21:04:32', NULL, 120.00),
(114, 77, 56, 2.00, 150.00, 64.00, '2025-10-20 21:06:51', NULL, 75.00),
(115, 77, 9, 0.25, 30.00, 84.00, '2025-10-20 21:06:51', NULL, 120.00),
(116, 77, 44, 2.00, 20.00, 6.00, '2025-10-20 21:06:51', NULL, 10.00),
(117, 77, 45, 0.10, 30.00, 145.00, '2025-10-20 21:06:51', NULL, 300.00),
(118, 78, 72, 4.00, 8.00, 0.85, '2025-10-20 21:08:04', NULL, 2.00),
(119, 78, 57, 6.00, 510.00, 71.00, '2025-10-20 21:08:04', NULL, 85.00),
(120, 78, 97, 1.00, 150.00, 100.00, '2025-10-20 21:08:04', NULL, 150.00),
(121, 79, 34, 0.25, 30.00, 84.00, '2025-10-20 21:38:10', NULL, 120.00),
(122, 80, 17, 1.00, 125.00, 110.00, '2025-10-21 10:20:23', NULL, 125.00),
(123, 81, 72, 1.00, 0.00, 0.85, '2025-10-21 19:38:23', NULL, 0.00),
(124, 82, 10, 1.00, 60.00, 48.50, '2025-10-21 19:39:32', NULL, 60.00),
(125, 83, 39, 1.00, 120.00, 105.00, '2025-10-22 09:23:17', NULL, 120.00),
(126, 84, 74, 8.00, 190.00, 19.00, '2025-10-22 13:16:09', NULL, 23.75),
(127, 85, 28, 1.00, 5.00, 3.00, '2025-10-22 16:08:05', NULL, 5.00),
(128, 86, 17, 2.00, 250.00, 106.00, '2025-10-22 17:21:39', NULL, 125.00),
(129, 86, 4, 7.50, 637.50, 70.00, '2025-10-22 17:21:39', NULL, 85.00),
(130, 87, 22, 2.00, 50.00, 15.50, '2025-10-25 02:02:10', NULL, 25.00),
(131, 88, 88, 1.00, 100.00, 85.00, '2025-10-26 19:39:39', NULL, 100.00),
(132, 89, 67, 1.00, 30.00, 20.83, '2025-10-26 20:34:48', NULL, 30.00),
(133, 90, 45, 1.00, 175.00, 145.00, '2025-10-26 20:37:32', NULL, 175.00),
(134, 90, 34, 0.25, 30.00, 84.00, '2025-10-26 20:37:32', NULL, 120.00),
(135, 90, 6, 0.25, 30.00, 84.00, '2025-10-26 20:37:32', NULL, 120.00),
(136, 90, 86, 12.00, 30.00, 0.79, '2025-10-26 20:37:32', NULL, 2.50),
(137, 91, 11, 1.00, 85.00, 60.00, '2025-10-26 20:39:15', NULL, 85.00),
(138, 91, 12, 1.00, 95.00, 84.00, '2025-10-26 20:39:15', '2025-10-31 14:44:09', 95.00),
(139, 92, 61, 6.00, 120.00, 12.00, '2025-10-26 20:41:54', NULL, 20.00),
(140, 92, 29, 1.00, 100.00, 65.00, '2025-10-26 20:41:54', NULL, 100.00),
(141, 93, 99, 1.00, 90.00, 74.00, '2025-10-26 20:43:46', NULL, 90.00),
(142, 94, 33, 0.10, 15.00, 75.00, '2025-10-26 20:44:50', NULL, 150.00),
(143, 95, 34, 0.25, 30.00, 84.00, '2025-10-27 10:19:13', NULL, 120.00),
(144, 96, 84, 5.00, 1000.00, 140.00, '2025-10-27 14:54:55', NULL, 200.00),
(145, 96, 9, 0.25, 30.00, 84.00, '2025-10-27 14:54:55', NULL, 120.00),
(146, 96, 45, 0.20, 60.00, 145.00, '2025-10-27 14:54:55', NULL, 300.00),
(147, 97, 56, 1.00, 75.00, 64.00, '2025-10-27 14:57:55', NULL, 75.00),
(148, 98, 74, 20.00, 500.00, 19.00, '2025-10-27 18:40:47', NULL, 25.00),
(149, 98, 75, 6.00, 150.00, 19.00, '2025-10-27 18:40:47', NULL, 25.00),
(150, 98, 116, 1.00, 180.00, 160.00, '2025-10-27 18:40:47', NULL, 180.00),
(151, 98, 115, 12.00, 780.00, 55.00, '2025-10-27 18:40:47', NULL, 65.00),
(152, 99, 52, 24.00, 480.00, 13.50, '2025-10-27 20:05:20', NULL, 20.00),
(153, 99, 56, 6.00, 420.00, 64.00, '2025-10-27 20:05:20', NULL, 70.00),
(154, 99, 55, 6.00, 378.00, 57.00, '2025-10-27 20:05:20', NULL, 63.00),
(155, 99, 94, 1.00, 95.00, 78.00, '2025-10-27 20:05:20', NULL, 95.00),
(157, 100, 86, 8.00, 20.00, 0.79, '2025-10-28 07:34:21', NULL, 2.50),
(158, 101, 34, 0.25, 30.00, 84.00, '2025-10-28 07:43:44', NULL, 120.00),
(159, 102, 75, 2.00, 50.00, 19.00, '2025-10-28 09:40:41', NULL, 25.00),
(160, 103, 75, 4.00, 100.00, 19.00, '2025-10-28 09:44:26', NULL, 25.00),
(161, 104, 84, 4.00, 720.00, 140.00, '2025-10-28 18:13:42', NULL, 180.00),
(162, 105, 6, 0.13, 16.00, 84.00, '2025-10-28 18:26:06', NULL, 120.00),
(163, 105, 45, 0.08, 24.00, 145.00, '2025-10-28 18:26:06', NULL, 300.00),
(164, 106, 74, 8.00, 200.00, 19.00, '2025-10-29 11:44:27', NULL, 25.00),
(165, 106, 45, 0.50, 150.00, 145.00, '2025-10-29 11:44:27', NULL, 300.00),
(166, 106, 64, 2.00, 10.00, 3.50, '2025-10-29 11:44:27', NULL, 5.00),
(167, 106, 6, 0.25, 25.00, 84.00, '2025-10-29 11:44:27', NULL, 100.00),
(168, 107, 17, 1.00, 120.00, 110.00, '2025-10-29 11:45:48', NULL, 120.00),
(169, 108, 85, 20.00, 140.00, 6.06, '2025-10-29 15:42:27', NULL, 7.00),
(170, 108, 94, 1.00, 100.00, 78.00, '2025-10-29 15:42:27', NULL, 100.00),
(171, 108, 96, 1.00, 100.00, 78.00, '2025-10-29 15:42:27', NULL, 100.00),
(172, 109, 72, 26.00, 52.00, 0.85, '2025-10-29 16:44:45', NULL, 2.00),
(173, 109, 94, 1.00, 99.00, 78.00, '2025-10-29 16:44:45', NULL, 99.00),
(174, 109, 96, 1.00, 99.00, 78.00, '2025-10-29 16:44:45', NULL, 99.00),
(175, 110, 45, 0.20, 60.00, 145.00, '2025-10-29 16:48:56', NULL, 300.00),
(177, 110, 34, 0.25, 30.00, 84.00, '2025-10-29 16:48:56', NULL, 120.00),
(178, 110, 7, 0.25, 30.00, 84.00, '2025-10-29 16:48:56', NULL, 120.00),
(179, 111, 117, 8.00, 320.00, 25.00, '2025-10-29 16:51:35', NULL, 40.00),
(180, 112, 23, 6.00, 150.00, 14.00, '2025-10-29 20:49:43', NULL, 25.00),
(181, 113, 11, 1.00, 85.00, 60.00, '2025-10-30 11:14:16', NULL, 85.00),
(182, 114, 17, 1.00, 120.00, 110.00, '2025-10-30 11:15:06', NULL, 120.00),
(183, 115, 106, 18.00, 36.00, 0.65, '2025-10-30 12:39:39', NULL, 2.00),
(184, 115, 6, 0.13, 15.00, 84.00, '2025-10-30 12:39:39', NULL, 120.00),
(185, 115, 103, 4.00, 10.00, 1.50, '2025-10-30 12:39:39', NULL, 2.50),
(186, 116, 46, 2.00, 20.00, 4.50, '2025-10-30 17:35:07', NULL, 10.00),
(187, 117, 98, 1.00, 150.00, 120.00, '2025-11-01 10:18:27', NULL, 150.00),
(188, 118, 43, 50.00, 375.00, 4.08, '2025-11-01 11:46:21', NULL, 7.50),
(189, 118, 94, 1.00, 95.00, 78.00, '2025-11-01 11:46:21', NULL, 95.00),
(190, 119, 118, 0.33, 50.10, 122.00, '2025-11-01 11:55:37', NULL, 150.00),
(191, 120, 118, 0.34, 45.00, 122.00, '2025-11-01 12:12:21', NULL, 133.13),
(192, 121, 34, 1.00, 100.00, 84.00, '2025-11-01 12:34:08', NULL, 100.00),
(193, 122, 21, 1.00, 25.00, 16.00, '2025-11-01 18:18:30', NULL, 25.00),
(194, 123, 56, 2.00, 140.00, 64.00, '2025-11-01 19:09:52', NULL, 70.00),
(195, 123, 94, 0.25, 30.00, 78.00, '2025-11-01 19:09:52', NULL, 120.00),
(196, 123, 45, 0.40, 70.00, 145.00, '2025-11-01 19:09:52', NULL, 175.00),
(197, 123, 9, 0.09, 10.80, 84.00, '2025-11-01 19:09:52', NULL, 120.00),
(198, 124, 63, 2.00, 30.00, 9.00, '2025-11-01 20:02:17', NULL, 15.00),
(199, 124, 103, 8.00, 20.00, 1.50, '2025-11-01 20:02:17', NULL, 2.50),
(200, 124, 34, 0.09, 10.80, 84.00, '2025-11-01 20:02:17', NULL, 120.00),
(201, 124, 45, 0.40, 120.00, 145.00, '2025-11-01 20:02:17', NULL, 300.00),
(202, 124, 6, 0.25, 30.00, 84.00, '2025-11-01 20:02:17', NULL, 120.00),
(203, 124, 56, 2.00, 140.00, 64.00, '2025-11-01 20:02:17', NULL, 70.00),
(204, 125, 8, 1.00, 95.00, 84.00, '2025-11-02 15:08:00', NULL, 95.00),
(205, 126, 43, 5.00, 35.00, 4.00, '2025-11-02 15:37:00', NULL, 7.00),
(206, 126, 94, 0.08, 10.00, 78.00, '2025-11-02 15:37:00', NULL, 120.00),
(207, 126, 73, 7.00, 35.00, 1.20, '2025-11-02 15:37:00', NULL, 5.00),
(208, 127, 39, 1.00, 120.00, 105.00, '2025-11-02 15:54:06', NULL, 120.00),
(209, 128, 98, 1.00, 150.00, 120.00, '2025-11-02 19:19:50', NULL, 150.00),
(210, 129, 84, 18.00, 3600.00, 146.67, '2025-11-03 11:39:22', NULL, 200.00),
(211, 130, 7, 0.04, 5.00, 84.00, '2025-11-03 20:58:11', NULL, 120.00),
(212, 131, 7, 0.04, 5.00, 84.00, '2025-11-03 20:58:30', NULL, 120.00),
(213, 132, 27, 2.00, 10.00, 3.00, '2025-11-03 20:59:18', NULL, 5.00),
(214, 133, 84, 18.00, 3600.00, 153.33, '2025-11-04 11:28:43', NULL, 200.00),
(215, 134, 101, 4.00, 680.00, 130.00, '2025-11-04 11:33:42', NULL, 170.00),
(216, 135, 11, 1.00, 85.00, 60.00, '2025-11-04 11:37:22', NULL, 85.00),
(217, 136, 44, 10.00, 80.00, 6.00, '2025-11-04 20:18:32', NULL, 8.00),
(218, 136, 45, 0.10, 30.00, 145.00, '2025-11-04 20:18:32', NULL, 300.00),
(219, 137, 38, 1.00, 180.00, 154.00, '2025-11-04 20:32:07', NULL, 180.00),
(220, 138, 67, 1.00, 25.00, 20.83, '2025-11-05 11:32:33', NULL, 25.00),
(221, 138, 111, 1.00, 25.00, 13.00, '2025-11-05 11:32:33', NULL, 25.00),
(222, 139, 12, 1.00, 95.00, 84.00, '2025-11-05 11:34:40', NULL, 95.00),
(223, 140, 27, 5.00, 25.00, 3.00, '2025-11-05 11:35:31', NULL, 5.00),
(224, 141, 45, 0.04, 10.00, 145.00, '2025-11-05 11:36:18', NULL, 250.00),
(225, 142, 27, 10.00, 50.00, 3.00, '2025-11-05 11:38:34', NULL, 5.00),
(226, 143, 45, 0.50, 125.00, 145.00, '2025-11-05 11:56:27', NULL, 250.00),
(227, 143, 6, 0.25, 30.00, 84.00, '2025-11-05 11:56:27', NULL, 120.00),
(228, 143, 50, 6.00, 150.00, 19.00, '2025-11-05 11:56:27', NULL, 25.00),
(229, 143, 77, 2.00, 130.00, 45.00, '2025-11-05 11:56:27', NULL, 65.00),
(230, 143, 73, 4.00, 20.00, 1.20, '2025-11-05 11:56:27', NULL, 5.00),
(231, 143, 44, 4.00, 40.00, 6.00, '2025-11-05 11:56:27', NULL, 10.00),
(232, 143, 21, 1.00, 20.00, 16.00, '2025-11-05 11:56:27', NULL, 20.00),
(233, 143, 7, 0.25, 30.00, 84.00, '2025-11-05 11:56:27', NULL, 120.00),
(234, 144, 63, 2.00, 30.00, 9.00, '2025-11-05 13:54:09', NULL, 15.00),
(235, 145, 99, 1.00, 90.00, 74.00, '2025-11-05 13:55:40', NULL, 90.00),
(236, 146, 28, 25.00, 125.00, 3.00, '2025-11-05 14:14:42', NULL, 5.00),
(237, 146, 71, 1.00, 50.00, 25.00, '2025-11-05 14:14:42', NULL, 50.00),
(238, 147, 88, 1.00, 100.00, 85.00, '2025-11-05 14:15:47', NULL, 100.00),
(239, 147, 21, 1.00, 25.00, 16.00, '2025-11-05 14:15:47', NULL, 25.00),
(240, 148, 16, 1.00, 110.00, 97.50, '2025-11-05 14:31:31', NULL, 110.00),
(241, 149, 110, 4.00, 200.00, 45.00, '2025-11-05 14:41:34', NULL, 50.00),
(242, 150, 102, 28.00, 700.00, 17.00, '2025-11-05 19:15:15', NULL, 25.00),
(243, 150, 22, 8.00, 240.00, 15.50, '2025-11-05 19:15:15', NULL, 30.00),
(244, 151, 45, 0.10, 30.00, 145.00, '2025-11-06 21:11:27', NULL, 300.00),
(245, 152, 106, 8.00, 15.00, 0.65, '2025-11-06 21:16:07', NULL, 1.88),
(246, 152, 34, 0.08, 10.00, 84.00, '2025-11-06 21:16:08', NULL, 120.00),
(247, 152, 49, 2.00, 70.00, 20.00, '2025-11-06 21:16:08', NULL, 35.00),
(248, 152, 67, 1.00, 25.00, 20.83, '2025-11-06 21:16:08', NULL, 25.00),
(249, 152, 44, 2.00, 15.00, 6.00, '2025-11-06 21:16:08', NULL, 7.50),
(250, 153, 44, 6.00, 50.00, 6.00, '2025-11-06 21:16:58', NULL, 8.33),
(251, 154, 71, 1.00, 50.00, 25.00, '2025-11-06 21:19:13', NULL, 50.00),
(252, 155, 12, 1.00, 95.00, 84.00, '2025-11-06 21:21:25', NULL, 95.00),
(253, 155, 11, 1.00, 85.00, 60.00, '2025-11-06 21:21:25', NULL, 85.00),
(254, 155, 7, 0.08, 10.00, 84.00, '2025-11-06 21:21:25', NULL, 120.00),
(255, 156, 96, 0.08, 10.00, 78.00, '2025-11-06 22:00:59', NULL, 120.00),
(256, 157, 38, 1.00, 200.00, 154.00, '2025-11-07 21:08:34', NULL, 200.00),
(257, 158, 56, 3.00, 200.00, 64.00, '2025-11-08 12:38:21', NULL, 66.67),
(258, 159, 98, 1.00, 150.00, 120.00, '2025-11-08 15:46:55', NULL, 150.00),
(259, 159, 12, 1.00, 95.00, 84.00, '2025-11-08 15:46:55', NULL, 95.00),
(260, 160, 61, 2.00, 40.00, 12.00, '2025-11-08 20:49:22', '2025-11-09 20:43:54', 20.00),
(261, 161, 21, 1.00, 25.00, 16.00, '2025-11-09 13:23:18', NULL, 25.00),
(262, 162, 19, 1.00, 10.00, 4.50, '2025-11-09 19:59:20', NULL, 10.00),
(263, 163, 114, 1.00, 1000.00, 130.00, '2025-11-09 20:09:54', NULL, 1000.00),
(264, 164, 112, 10.00, 25.00, 1.00, '2025-11-10 12:43:52', NULL, 2.50),
(265, 164, 15, 1.00, 80.00, 65.00, '2025-11-10 12:43:52', NULL, 80.00),
(266, 165, 56, 4.00, 300.00, 64.00, '2025-11-11 12:56:41', NULL, 75.00),
(267, 165, 102, 5.00, 125.00, 17.00, '2025-11-11 12:56:41', NULL, 25.00),
(268, 166, 45, 1.00, 175.00, 145.00, '2025-11-11 15:08:30', NULL, 175.00),
(269, 166, 94, 1.00, 100.00, 78.00, '2025-11-11 15:08:30', NULL, 100.00),
(270, 167, 11, 1.00, 85.00, 60.00, '2025-11-11 15:09:33', NULL, 85.00),
(271, 168, 38, 1.00, 185.00, 154.00, '2025-11-11 16:17:10', NULL, 185.00),
(272, 169, 45, 0.30, 90.00, 145.00, '2025-11-11 19:57:24', NULL, 300.00),
(273, 169, 93, 0.25, 30.00, 78.00, '2025-11-11 19:57:24', NULL, 120.00),
(274, 169, 96, 0.25, 30.00, 78.00, '2025-11-11 19:57:24', NULL, 120.00),
(275, 169, 55, 4.00, 260.00, 57.00, '2025-11-11 19:57:24', NULL, 65.00),
(276, 170, 45, 0.16, 48.00, 145.00, '2025-11-11 20:09:24', NULL, 300.00),
(277, 170, 102, 4.00, 100.00, 17.00, '2025-11-11 20:09:24', NULL, 25.00),
(278, 170, 110, 4.00, 240.00, 45.00, '2025-11-11 20:09:24', NULL, 60.00),
(279, 170, 48, 4.00, 100.00, 18.00, '2025-11-11 20:09:24', NULL, 25.00),
(280, 171, 98, 2.00, 300.00, 120.00, '2025-11-12 12:31:08', NULL, 150.00),
(281, 171, 103, 10.00, 20.00, 1.50, '2025-11-12 12:31:08', NULL, 2.00),
(282, 171, 95, 0.25, 30.00, 78.00, '2025-11-12 12:31:08', NULL, 120.00),
(283, 172, 103, 30.00, 75.00, 1.50, '2025-11-12 12:32:05', NULL, 2.50),
(284, 173, 114, 5.00, 875.00, 130.00, '2025-11-12 15:02:39', NULL, 175.00),
(285, 173, 101, 2.00, 350.00, 130.00, '2025-11-12 15:02:39', NULL, 175.00),
(286, 174, 17, 1.00, 125.00, 110.00, '2025-11-12 15:39:23', NULL, 125.00),
(287, 175, 101, 2.00, 350.00, 130.00, '2025-11-12 16:53:18', NULL, 175.00),
(288, 175, 72, 50.00, 100.00, 0.90, '2025-11-12 16:53:18', NULL, 2.00),
(289, 176, 45, 2.00, 350.00, 145.00, '2025-11-12 21:18:45', NULL, 175.00),
(290, 176, 94, 1.00, 100.00, 78.00, '2025-11-12 21:18:45', NULL, 100.00),
(291, 176, 103, 30.00, 75.00, 1.50, '2025-11-12 21:18:45', NULL, 2.50),
(292, 176, 101, 6.00, 1140.00, 130.00, '2025-11-12 21:18:45', NULL, 190.00),
(293, 176, 114, 5.00, 950.00, 130.00, '2025-11-12 21:18:45', NULL, 190.00),
(294, 176, 119, 2.00, 360.00, 150.00, '2025-11-12 21:18:45', NULL, 180.00),
(295, 176, 84, 3.00, 600.00, 160.00, '2025-11-12 21:18:45', NULL, 200.00),
(296, 176, 72, 50.00, 100.00, 0.90, '2025-11-12 21:18:45', NULL, 2.00),
(297, 177, 47, 2.00, 120.00, 45.00, '2025-11-13 10:40:08', NULL, 60.00),
(298, 178, 47, 2.00, 120.00, 45.00, '2025-11-13 11:54:35', NULL, 60.00),
(299, 179, 39, 1.00, 120.00, 105.00, '2025-11-13 12:39:21', NULL, 120.00),
(300, 179, 21, 1.00, 25.00, 16.00, '2025-11-13 12:39:21', NULL, 25.00),
(301, 180, 111, 4.00, 100.00, 13.00, '2025-11-13 14:12:22', NULL, 25.00),
(302, 181, 45, 0.60, 150.00, 145.00, '2025-11-13 18:19:58', NULL, 250.00),
(303, 181, 96, 0.25, 30.00, 78.00, '2025-11-13 18:19:58', NULL, 120.00),
(304, 181, 95, 0.25, 30.00, 78.00, '2025-11-13 18:19:58', NULL, 120.00),
(305, 181, 34, 0.25, 30.00, 84.00, '2025-11-13 18:19:58', NULL, 120.00),
(306, 181, 99, 1.00, 90.00, 74.00, '2025-11-13 18:19:58', NULL, 90.00),
(307, 182, 18, 1.00, 30.00, 24.50, '2025-11-13 18:21:06', NULL, 30.00),
(308, 183, 34, 1.00, 95.00, 84.00, '2025-11-13 19:00:47', NULL, 95.00),
(309, 183, 45, 1.00, 175.00, 145.00, '2025-11-13 19:00:47', NULL, 175.00),
(310, 184, 34, 0.25, 30.00, 84.00, '2025-11-13 19:28:27', NULL, 120.00),
(311, 185, 21, 3.00, 75.00, 16.00, '2025-11-13 19:53:44', NULL, 25.00),
(312, 186, 44, 9.00, 90.00, 6.00, '2025-11-13 19:55:58', NULL, 10.00),
(313, 187, 28, 1.00, 0.00, 3.00, '2025-11-15 18:28:15', NULL, 0.00),
(314, 187, 27, 5.00, 0.00, 3.00, '2025-11-15 18:28:15', NULL, 0.00),
(315, 188, 96, 0.50, 60.00, 78.00, '2025-11-15 20:24:00', NULL, 120.00),
(316, 189, 44, 2.00, 20.00, 6.00, '2025-11-15 20:25:06', NULL, 10.00),
(317, 189, 62, 15.00, 7.50, 0.25, '2025-11-15 20:25:06', NULL, 0.50),
(318, 190, 4, 2.00, 180.00, 70.00, '2025-11-15 20:25:55', NULL, 90.00),
(319, 191, 94, 1.00, 100.00, 78.00, '2025-11-15 20:26:51', NULL, 100.00),
(320, 192, 17, 1.00, 125.00, 110.00, '2025-11-15 20:28:01', NULL, 125.00),
(321, 193, 51, 6.00, 240.00, 35.00, '2025-11-15 20:30:15', NULL, 40.00),
(323, 194, 22, 2.00, 60.00, 15.50, '2025-11-16 12:13:24', NULL, 30.00),
(324, 194, 102, 4.00, 100.00, 17.00, '2025-11-16 12:13:24', '2025-11-16 13:45:13', 25.00),
(325, 194, 98, 1.00, 150.00, 120.00, '2025-11-16 12:13:24', NULL, 150.00),
(326, 194, 45, 1.00, 175.00, 145.00, '2025-11-16 12:13:24', NULL, 175.00),
(327, 194, 34, 0.25, 30.00, 84.00, '2025-11-16 12:13:24', NULL, 120.00),
(328, 195, 21, 1.00, 20.00, 16.00, '2025-11-16 13:35:50', NULL, 20.00),
(329, 196, 98, 1.00, 150.00, 120.00, '2025-11-16 13:36:28', NULL, 150.00),
(330, 197, 99, 1.00, 90.00, 74.00, '2025-11-16 14:42:02', NULL, 90.00),
(331, 197, 96, 0.25, 30.00, 78.00, '2025-11-16 14:42:02', NULL, 120.00),
(332, 198, 49, 4.00, 120.00, 20.00, '2025-11-16 15:23:26', NULL, 30.00),
(333, 198, 24, 2.00, 40.00, 11.00, '2025-11-16 15:23:26', NULL, 20.00),
(334, 198, 93, 0.04, 5.00, 78.00, '2025-11-16 15:23:26', NULL, 120.00),
(335, 199, 11, 1.00, 85.00, 60.00, '2025-11-16 15:35:03', NULL, 85.00),
(336, 200, 95, 0.25, 30.00, 78.00, '2025-11-16 16:07:07', NULL, 120.00),
(337, 201, 100, 1.00, 100.00, 72.50, '2025-11-16 17:06:20', NULL, 100.00),
(338, 202, 64, 4.00, 20.00, 3.50, '2025-11-16 23:32:12', NULL, 5.00),
(339, 203, 29, 1.00, 95.00, 65.00, '2025-11-16 23:54:59', NULL, 95.00),
(340, 203, 103, 2.00, 5.00, 1.50, '2025-11-16 23:54:59', NULL, 2.50),
(341, 204, 99, 1.00, 90.00, 74.00, '2025-11-16 23:55:25', NULL, 90.00),
(342, 205, 17, 1.00, 125.00, 110.00, '2025-11-17 00:11:59', NULL, 125.00),
(343, 205, 104, 28.00, 70.00, 1.25, '2025-11-17 00:11:59', NULL, 2.50),
(344, 205, 72, 4.00, 8.00, 0.90, '2025-11-17 00:12:00', NULL, 2.00),
(345, 206, 19, 1.00, 8.00, 4.50, '2025-11-17 09:03:57', NULL, 8.00),
(346, 207, 38, 1.00, 170.00, 142.00, '2025-11-17 09:04:37', NULL, 170.00),
(347, 207, 37, 1.00, 130.00, 100.00, '2025-11-17 09:04:37', NULL, 130.00),
(348, 208, 38, 1.00, 160.00, 142.00, '2025-11-17 09:05:55', NULL, 160.00),
(349, 208, 37, 1.00, 115.00, 100.00, '2025-11-17 09:05:55', NULL, 115.00),
(350, 208, 17, 1.00, 120.00, 110.00, '2025-11-17 09:05:55', NULL, 120.00),
(351, 209, 37, 1.00, 130.00, 100.00, '2025-11-17 10:00:54', NULL, 130.00),
(352, 210, 17, 1.00, 125.00, 110.00, '2025-11-17 11:32:54', NULL, 125.00),
(353, 211, 4, 4.50, 405.00, 70.00, '2025-11-18 13:54:22', NULL, 90.00),
(354, 212, 110, 4.00, 220.00, 45.00, '2025-11-18 15:39:43', NULL, 55.00),
(355, 212, 95, 0.08, 10.00, 78.00, '2025-11-18 15:39:43', NULL, 120.00),
(356, 213, 123, 6.00, 360.00, 47.00, '2025-11-18 20:23:16', NULL, 60.00),
(357, 213, 34, 2.00, 200.00, 84.00, '2025-11-18 20:23:16', NULL, 100.00),
(358, 213, 94, 1.00, 100.00, 78.00, '2025-11-18 20:23:16', NULL, 100.00),
(359, 213, 12, 3.00, 285.00, 84.00, '2025-11-18 20:23:16', NULL, 95.00),
(360, 213, 45, 1.00, 175.00, 130.30, '2025-11-18 20:23:16', NULL, 175.00),
(361, 213, 124, 1.00, 125.00, 106.00, '2025-11-18 20:23:16', NULL, 125.00),
(362, 214, 94, 2.00, 190.00, 78.00, '2025-11-18 20:26:57', NULL, 95.00),
(363, 215, 23, 6.00, 150.00, 16.50, '2025-11-18 20:28:07', NULL, 25.00),
(364, 215, 22, 2.00, 50.00, 15.50, '2025-11-18 20:28:07', NULL, 25.00),
(365, 216, 86, 10.00, 10.00, 0.79, '2025-11-18 20:28:46', NULL, 1.00),
(366, 217, 45, 0.06, 15.00, 130.00, '2025-11-19 14:28:46', NULL, 250.00),
(367, 218, 44, 4.00, 40.00, 6.00, '2025-11-19 14:30:26', NULL, 10.00),
(368, 218, 95, 0.25, 30.00, 78.00, '2025-11-19 14:30:26', NULL, 120.00),
(369, 218, 125, 1.00, 100.00, 65.00, '2025-11-19 14:30:26', NULL, 100.00),
(370, 219, 122, 2.00, 10.00, 2.60, '2025-11-19 14:31:13', NULL, 5.00),
(371, 220, 19, 2.00, 16.00, 4.50, '2025-11-19 19:15:42', NULL, 8.00),
(372, 221, 67, 1.00, 0.00, 20.83, '2025-11-19 19:16:08', NULL, 0.00),
(373, 222, 99, 1.00, 90.00, 74.00, '2025-11-19 19:16:34', NULL, 90.00),
(374, 223, 19, 7.00, 40.50, 4.50, '2025-11-19 19:17:41', NULL, 5.79),
(375, 224, 103, 12.00, 30.00, 1.50, '2025-11-19 22:27:25', NULL, 2.50),
(376, 224, 64, 6.00, 30.00, 3.50, '2025-11-19 22:27:25', NULL, 5.00),
(377, 225, 39, 2.00, 240.00, 105.00, '2025-11-19 23:30:18', NULL, 120.00),
(378, 225, 61, 3.00, 60.00, 12.00, '2025-11-19 23:30:18', NULL, 20.00),
(379, 226, 22, 6.00, 180.00, 15.33, '2025-11-20 03:25:31', NULL, 30.00),
(380, 227, 103, 8.00, 20.00, 1.50, '2025-11-20 16:57:53', NULL, 2.50),
(381, 228, 4, 8.00, 720.00, 70.00, '2025-11-20 17:44:44', NULL, 90.00),
(382, 229, 45, 0.48, 120.00, 130.00, '2025-11-20 23:28:23', NULL, 250.00),
(383, 229, 94, 0.25, 30.00, 78.00, '2025-11-20 23:28:23', NULL, 120.00),
(384, 229, 50, 16.00, 400.00, 19.00, '2025-11-20 23:28:23', NULL, 25.00),
(385, 230, 15, 1.00, 90.00, 65.00, '2025-11-20 23:55:46', NULL, 90.00),
(386, 231, 44, 6.00, 60.00, 6.00, '2025-11-21 02:21:11', NULL, 10.00),
(387, 232, 94, 0.25, 30.00, 78.00, '2025-11-21 02:50:27', NULL, 120.00),
(388, 233, 73, 6.00, 30.00, 1.20, '2025-11-21 03:19:15', NULL, 5.00),
(389, 234, 12, 1.00, 95.00, 84.00, '2025-11-22 00:30:14', NULL, 95.00),
(390, 235, 94, 1.00, 95.00, 78.00, '2025-11-22 00:31:31', NULL, 95.00),
(391, 235, 106, 100.00, 175.00, 0.69, '2025-11-22 00:31:31', NULL, 1.75),
(392, 236, 130, 2.00, 420.00, 160.00, '2025-11-22 00:32:13', NULL, 210.00),
(393, 237, 122, 2.00, 10.00, 2.60, '2025-11-23 16:13:24', NULL, 5.00),
(394, 238, 73, 2.00, 10.00, 1.20, '2025-11-23 16:14:22', NULL, 5.00),
(395, 239, 45, 0.12, 30.00, 130.00, '2025-11-23 16:16:06', NULL, 250.00),
(396, 240, 16, 1.00, 110.00, 97.50, '2025-11-23 16:18:47', NULL, 110.00),
(397, 241, 120, 1.00, 85.00, 55.00, '2025-11-23 16:28:30', NULL, 85.00),
(398, 241, 16, 1.00, 110.00, 97.50, '2025-11-23 16:28:30', NULL, 110.00),
(399, 242, 45, 0.60, 150.00, 130.00, '2025-11-23 17:06:19', NULL, 250.00),
(400, 242, 9, 0.25, 30.00, 84.00, '2025-11-23 17:06:19', NULL, 120.00),
(401, 242, 94, 0.25, 30.00, 78.00, '2025-11-23 17:06:19', NULL, 120.00),
(402, 243, 104, 8.00, 20.00, 1.25, '2025-11-23 18:35:36', NULL, 2.50),
(403, 244, 132, 1.00, 60.00, 55.00, '2025-11-23 19:33:35', NULL, 60.00),
(404, 244, 104, 8.00, 20.00, 1.25, '2025-11-23 19:33:35', NULL, 2.50),
(405, 244, 95, 0.25, 30.00, 78.00, '2025-11-23 19:33:35', NULL, 120.00),
(406, 245, 74, 4.00, 100.00, 19.00, '2025-11-23 19:40:59', NULL, 25.00),
(407, 245, 49, 4.00, 140.00, 20.00, '2025-11-23 19:40:59', NULL, 35.00),
(408, 246, 12, 1.00, 90.00, 84.00, '2025-11-24 13:14:08', NULL, 90.00),
(409, 247, 94, 0.25, 30.00, 78.00, '2025-11-24 13:15:47', NULL, 120.00),
(410, 248, 63, 6.00, 90.00, 9.00, '2025-11-24 13:32:47', NULL, 15.00),
(411, 249, 44, 6.00, 60.00, 4.33, '2025-11-24 15:03:32', NULL, 10.00),
(412, 250, 70, 8.00, 200.00, 20.00, '2025-11-24 15:52:30', NULL, 25.00),
(413, 250, 94, 0.13, 15.00, 78.00, '2025-11-24 15:52:30', NULL, 120.00),
(414, 250, 96, 0.13, 15.00, 78.00, '2025-11-24 15:52:30', NULL, 120.00),
(415, 250, 88, 1.00, 100.00, 85.00, '2025-11-24 15:52:30', NULL, 100.00),
(416, 250, 45, 0.32, 80.00, 130.00, '2025-11-24 15:52:30', NULL, 250.00),
(417, 251, 14, 1.00, 170.00, 145.00, '2025-11-24 20:16:54', NULL, 170.00),
(418, 251, 12, 1.00, 90.00, 84.00, '2025-11-24 20:16:54', NULL, 90.00),
(419, 251, 92, 1.00, 150.00, 110.00, '2025-11-24 20:16:54', NULL, 150.00),
(420, 252, 45, 0.10, 25.00, 130.00, '2025-11-24 21:43:53', NULL, 250.00),
(421, 252, 50, 4.00, 100.00, 19.00, '2025-11-24 21:43:53', NULL, 25.00),
(422, 252, 94, 0.17, 20.00, 78.00, '2025-11-24 21:43:53', NULL, 120.00),
(423, 252, 33, 0.10, 15.00, 75.00, '2025-11-24 21:43:53', NULL, 150.00),
(424, 253, 45, 0.16, 40.00, 130.00, '2025-11-24 22:42:25', NULL, 250.00),
(425, 253, 49, 4.00, 140.00, 20.00, '2025-11-24 22:42:25', NULL, 35.00),
(426, 253, 94, 0.25, 30.00, 78.00, '2025-11-24 22:42:25', NULL, 120.00),
(427, 254, 66, 8.00, 8.00, 0.75, '2025-11-24 23:42:51', NULL, 1.00),
(428, 254, 45, 0.16, 40.00, 130.00, '2025-11-24 23:42:51', NULL, 250.00),
(429, 254, 102, 8.00, 200.00, 17.00, '2025-11-24 23:42:51', NULL, 25.00),
(430, 254, 48, 8.00, 200.00, 18.00, '2025-11-24 23:42:51', NULL, 25.00),
(431, 254, 94, 0.25, 30.00, 78.00, '2025-11-24 23:42:51', NULL, 120.00),
(432, 254, 111, 4.00, 92.00, 13.00, '2025-11-24 23:42:51', NULL, 23.00),
(433, 255, 103, 6.00, 15.00, 1.50, '2025-11-24 23:51:11', NULL, 2.50),
(434, 256, 94, 0.25, 30.00, 78.00, '2025-11-24 23:51:41', NULL, 120.00),
(435, 257, 99, 1.00, 90.00, 74.00, '2025-11-25 00:21:12', NULL, 90.00),
(436, 258, 99, 1.00, 90.00, 74.00, '2025-11-25 05:24:20', NULL, 90.00),
(437, 259, 34, 1.00, 95.00, 84.00, '2025-11-25 05:25:26', NULL, 95.00),
(438, 259, 99, 1.00, 90.00, 74.00, '2025-11-25 05:25:26', NULL, 90.00),
(439, 260, 128, 2.00, 50.00, 8.00, '2025-11-25 05:27:09', NULL, 25.00),
(440, 261, 45, 7.00, 2100.00, 130.00, '2025-11-25 05:27:40', NULL, 300.00),
(441, 262, 45, 0.07, 21.00, 130.00, '2025-11-25 05:28:36', NULL, 300.00),
(442, 263, 120, 1.00, 85.00, 55.00, '2025-11-25 05:44:47', NULL, 85.00),
(443, 264, 4, 8.00, 720.00, 70.00, '2025-11-25 08:03:08', NULL, 90.00),
(444, 265, 8, 0.04, 5.00, 84.00, '2025-11-25 08:06:21', NULL, 120.00),
(445, 265, 112, 4.00, 10.00, 1.00, '2025-11-25 08:06:21', NULL, 2.50),
(446, 265, 45, 0.02, 6.00, 130.00, '2025-11-25 08:06:21', NULL, 300.00),
(447, 265, 94, 0.04, 5.00, 78.00, '2025-11-25 08:06:21', NULL, 120.00),
(448, 266, 102, 10.00, 250.00, 17.00, '2025-11-25 08:08:02', NULL, 25.00),
(449, 266, 94, 0.25, 30.00, 78.00, '2025-11-25 08:08:02', NULL, 120.00),
(450, 266, 45, 0.36, 90.00, 130.00, '2025-11-25 08:08:03', NULL, 250.00),
(451, 266, 55, 2.00, 130.00, 57.00, '2025-11-25 08:08:03', NULL, 65.00),
(452, 267, 50, 2.00, 50.00, 19.00, '2025-11-25 08:27:44', NULL, 25.00),
(453, 268, 50, 2.00, 50.00, 19.00, '2025-11-25 08:49:25', NULL, 25.00),
(454, 269, 44, 5.00, 50.00, 4.00, '2025-11-25 09:23:13', NULL, 10.00),
(455, 270, 111, 2.00, 50.00, 13.00, '2025-11-25 13:06:40', NULL, 25.00),
(456, 271, 133, 6.00, 90.00, 12.00, '2025-11-25 22:59:49', NULL, 15.00),
(457, 271, 63, 2.00, 30.00, 9.00, '2025-11-25 22:59:49', NULL, 15.00),
(458, 272, 16, 1.00, 110.00, 97.50, '2025-11-26 05:00:57', NULL, 110.00),
(459, 273, 95, 0.08, 10.00, 78.00, '2025-11-26 05:03:17', NULL, 120.00),
(460, 273, 99, 1.00, 90.00, 74.00, '2025-11-26 05:03:17', NULL, 90.00),
(461, 274, 46, 3.00, 45.00, 4.50, '2025-11-26 05:05:10', NULL, 15.00),
(462, 274, 95, 0.04, 5.00, 78.00, '2025-11-26 05:05:10', NULL, 120.00),
(463, 275, 46, 1.00, 15.00, 4.50, '2025-11-26 05:06:54', NULL, 15.00),
(464, 276, 44, 4.00, 40.00, 4.00, '2025-11-26 05:37:57', NULL, 10.00),
(465, 276, 73, 4.00, 20.00, 1.20, '2025-11-26 05:37:57', NULL, 5.00),
(466, 276, 17, 1.00, 125.00, 110.00, '2025-11-26 05:37:57', NULL, 125.00),
(467, 277, 124, 1.00, 125.00, 106.00, '2025-11-26 06:03:32', NULL, 125.00),
(468, 278, 106, 26.00, 52.00, 0.80, '2025-11-26 06:47:57', NULL, 2.00),
(469, 279, 106, 16.00, 32.00, 0.80, '2025-11-26 09:26:55', NULL, 2.00),
(470, 280, 21, 1.00, 25.00, 16.00, '2025-11-26 22:40:17', NULL, 25.00),
(471, 281, 15, 1.00, 90.00, 65.00, '2025-11-26 22:40:36', NULL, 90.00),
(472, 282, 49, 2.00, 70.00, 20.00, '2025-11-26 23:58:42', NULL, 35.00),
(473, 283, 134, 1.00, 10.00, 0.00, '2025-11-27 00:17:50', NULL, 10.00),
(474, 283, 45, 1.00, 175.00, 130.00, '2025-11-27 00:17:50', NULL, 175.00),
(475, 284, 45, 0.20, 50.00, 130.00, '2025-11-27 03:34:50', NULL, 250.00),
(476, 284, 8, 0.17, 20.00, 84.00, '2025-11-27 03:34:50', NULL, 120.00),
(477, 284, 96, 0.17, 19.99, 78.00, '2025-11-27 03:34:50', NULL, 120.00),
(478, 284, 24, 4.00, 80.00, 11.00, '2025-11-27 03:34:50', NULL, 20.00),
(479, 285, 48, 2.00, 50.00, 18.00, '2025-11-27 03:35:15', NULL, 25.00),
(480, 286, 34, 0.08, 10.00, 84.00, '2025-11-27 05:04:36', NULL, 120.00),
(481, 287, 68, 1.00, 30.00, 23.50, '2025-11-27 05:14:23', NULL, 30.00),
(482, 287, 52, 2.00, 30.00, 13.50, '2025-11-27 05:14:23', NULL, 15.00),
(483, 288, 8, 0.50, 60.00, 84.00, '2025-11-29 19:42:12', NULL, 120.00),
(484, 288, 134, 1.00, 20.00, 0.00, '2025-11-29 19:42:12', NULL, 20.00),
(485, 289, 120, 1.00, 85.00, 55.00, '2025-11-29 19:55:47', NULL, 85.00),
(486, 289, 98, 1.00, 150.00, 120.00, '2025-11-29 19:55:47', '2025-11-29 23:37:14', 150.00),
(487, 289, 129, 1.00, 90.00, 75.60, '2025-11-29 19:55:47', NULL, 90.00),
(488, 290, 73, 6.00, 30.00, 1.20, '2025-11-29 19:58:41', NULL, 5.00),
(489, 291, 21, 1.00, 25.00, 16.00, '2025-11-29 19:59:10', NULL, 25.00),
(490, 292, 46, 1.00, 15.00, 4.50, '2025-11-29 19:59:46', NULL, 15.00),
(491, 293, 28, 4.00, 20.00, 2.60, '2025-11-29 20:00:20', NULL, 5.00),
(492, 294, 144, 1.00, 60.00, 50.00, '2025-11-29 20:01:36', NULL, 60.00),
(493, 295, 141, 1.00, 65.00, 55.00, '2025-11-29 20:21:44', NULL, 65.00),
(494, 296, 141, 1.00, 65.00, 55.00, '2025-11-29 20:24:59', NULL, 65.00),
(495, 297, 141, 1.00, 65.00, 55.00, '2025-11-29 20:43:49', NULL, 65.00),
(496, 298, 145, 1.00, 110.00, 85.00, '2025-11-29 23:38:37', NULL, 110.00),
(497, 299, 21, 1.00, 25.00, 16.00, '2025-11-29 23:39:03', NULL, 25.00),
(498, 300, 66, 300.00, 450.00, 0.75, '2025-11-29 23:40:03', NULL, 1.50),
(499, 301, 124, 1.00, 125.00, 106.00, '2025-11-30 07:08:18', NULL, 125.00),
(500, 301, 38, 1.00, 170.00, 142.00, '2025-11-30 07:08:18', NULL, 170.00),
(501, 301, 73, 4.00, 20.00, 1.20, '2025-11-30 07:08:18', NULL, 5.00),
(502, 302, 96, 0.08, 10.00, 78.00, '2025-11-30 07:09:02', NULL, 120.00),
(503, 303, 61, 12.00, 240.00, 12.00, '2025-11-30 08:16:34', NULL, 20.00),
(504, 304, 134, 1.00, 10.00, 0.00, '2025-11-30 08:18:17', NULL, 10.00),
(505, 304, 8, 0.25, 30.00, 84.00, '2025-11-30 08:18:17', NULL, 120.00),
(506, 305, 142, 3.00, 45.00, 11.50, '2025-11-30 08:46:25', NULL, 15.00),
(507, 305, 106, 10.00, 20.00, 0.80, '2025-11-30 08:46:25', NULL, 2.00),
(508, 305, 113, 4.00, 10.00, 2.00, '2025-11-30 08:46:25', NULL, 2.50),
(509, 306, 8, 1.00, 95.00, 84.00, '2025-11-30 08:49:20', NULL, 95.00),
(510, 306, 134, 1.00, 55.00, 0.00, '2025-11-30 08:49:20', NULL, 55.00),
(511, 307, 95, 0.25, 30.00, 78.00, '2025-11-30 10:20:14', NULL, 120.00),
(512, 307, 96, 0.25, 30.00, 78.00, '2025-11-30 10:20:14', NULL, 120.00),
(513, 308, 141, 1.00, 65.00, 55.00, '2025-11-30 10:20:34', NULL, 65.00),
(514, 309, 74, 4.00, 100.00, 19.00, '2025-12-01 14:20:10', NULL, 25.00),
(515, 310, 36, 0.20, 30.00, 40.00, '2025-12-01 21:38:26', NULL, 150.00),
(516, 310, 34, 0.08, 10.00, 84.00, '2025-12-01 21:38:26', NULL, 120.00),
(517, 311, 36, 0.02, 3.00, 40.00, '2025-12-01 22:00:40', NULL, 150.00),
(518, 312, 127, 1.00, 20.00, 7.00, '2025-12-02 01:18:13', NULL, 20.00),
(519, 313, 116, 3.00, 540.00, 150.00, '2025-12-02 01:23:53', NULL, 180.00),
(520, 314, 111, 1.00, 20.00, 13.00, '2025-12-02 14:58:58', '2025-12-02 17:15:05', 20.00),
(521, 314, 49, 2.00, 70.00, 20.00, '2025-12-02 14:58:58', NULL, 35.00),
(522, 314, 67, 1.00, 25.00, 20.83, '2025-12-02 14:58:58', NULL, 25.00),
(523, 314, 55, 1.00, 65.00, 57.00, '2025-12-02 14:58:58', NULL, 65.00),
(524, 315, 129, 1.00, 85.00, 75.60, '2025-12-02 16:10:27', NULL, 85.00),
(525, 316, 129, 1.00, 90.00, 75.60, '2025-12-02 16:12:08', NULL, 90.00),
(526, 317, 36, 0.08, 12.00, 40.00, '2025-12-02 17:25:05', NULL, 150.00),
(527, 318, 45, 0.24, 60.00, 130.00, '2025-12-02 19:39:00', NULL, 250.00),
(528, 318, 44, 2.00, 20.00, 4.00, '2025-12-02 19:39:00', NULL, 10.00),
(529, 318, 96, 0.25, 30.00, 78.00, '2025-12-02 19:39:01', NULL, 120.00),
(530, 318, 94, 0.25, 30.00, 78.00, '2025-12-02 19:39:01', NULL, 120.00),
(531, 319, 106, 12.00, 24.00, 0.80, '2025-12-03 09:58:34', NULL, 2.00),
(532, 319, 130, 2.00, 420.00, 160.00, '2025-12-03 09:58:34', NULL, 210.00),
(533, 320, 44, 2.00, 20.00, 4.00, '2025-12-03 10:00:50', NULL, 10.00),
(534, 321, 85, 4.00, 32.00, 6.06, '2025-12-03 11:19:31', NULL, 8.00),
(535, 321, 137, 2.00, 25.00, 6.50, '2025-12-03 11:19:31', NULL, 12.50),
(536, 322, 50, 2.00, 35.00, 19.00, '2025-12-03 16:16:52', NULL, 17.50),
(537, 323, 96, 1.00, 100.00, 78.00, '2025-12-03 16:19:10', NULL, 100.00),
(538, 324, 95, 0.08, 10.00, 78.00, '2025-12-03 16:19:46', NULL, 120.00),
(539, 325, 96, 1.00, 95.00, 78.00, '2025-12-03 16:25:56', NULL, 95.00),
(540, 326, 96, 0.08, 10.00, 78.00, '2025-12-03 20:50:31', NULL, 120.00),
(541, 326, 52, 2.00, 40.00, 13.50, '2025-12-03 20:50:31', NULL, 20.00),
(543, 326, 49, 2.00, 70.00, 20.00, '2025-12-03 20:50:31', NULL, 35.00),
(544, 327, 94, 1.00, 95.00, 78.00, '2025-12-03 20:51:16', NULL, 95.00),
(545, 328, 98, 1.00, 150.00, 120.00, '2025-12-03 20:51:35', NULL, 150.00),
(546, 329, 8, 1.00, 95.00, 84.00, '2025-12-03 21:09:43', NULL, 95.00),
(547, 330, 74, 4.00, 100.00, 19.00, '2025-12-04 11:48:37', NULL, 25.00),
(548, 330, 75, 1.00, 25.00, 19.00, '2025-12-04 11:48:37', NULL, 25.00),
(549, 330, 9, 0.25, 30.00, 84.00, '2025-12-04 11:48:37', NULL, 120.00),
(550, 330, 94, 0.25, 30.00, 78.00, '2025-12-04 11:48:37', NULL, 120.00),
(551, 330, 124, 1.00, 125.00, 106.00, '2025-12-04 11:48:37', NULL, 125.00),
(552, 330, 134, 1.00, 15.00, 0.00, '2025-12-04 11:48:37', NULL, 15.00),
(553, 330, 44, 10.00, 80.00, 4.00, '2025-12-04 11:48:37', NULL, 8.00),
(554, 330, 85, 1.00, 7.00, 6.06, '2025-12-04 11:48:37', NULL, 7.00),
(555, 330, 91, 6.00, 150.00, 15.00, '2025-12-04 11:48:37', NULL, 25.00),
(556, 331, 75, 1.00, 25.00, 19.00, '2025-12-04 11:53:27', NULL, 25.00),
(557, 332, 96, 0.25, 30.00, 78.00, '2025-12-04 23:20:02', NULL, 120.00),
(558, 332, 94, 0.25, 30.00, 78.00, '2025-12-04 23:20:02', NULL, 120.00),
(559, 332, 52, 2.00, 40.00, 13.50, '2025-12-04 23:20:02', NULL, 20.00),
(560, 333, 98, 1.00, 150.00, 120.00, '2025-12-04 23:20:50', NULL, 150.00),
(561, 333, 49, 2.00, 70.00, 20.00, '2025-12-04 23:20:50', NULL, 35.00),
(562, 334, 49, 2.00, 70.00, 20.00, '2025-12-06 11:01:24', NULL, 35.00),
(563, 334, 24, 1.00, 20.00, 11.00, '2025-12-06 11:01:24', NULL, 20.00),
(564, 335, 73, 30.00, 90.00, 1.20, '2025-12-06 11:03:08', NULL, 3.00),
(565, 335, 62, 30.00, 15.00, 0.25, '2025-12-06 11:03:08', NULL, 0.50),
(566, 336, 61, 6.00, 120.00, 12.00, '2025-12-07 11:04:16', NULL, 20.00),
(567, 337, 74, 4.00, 100.00, 19.00, '2025-12-07 11:16:52', NULL, 25.00),
(568, 338, 67, 1.00, 30.00, 20.83, '2025-12-07 11:17:16', NULL, 30.00),
(569, 339, 68, 1.00, 30.00, 23.50, '2025-12-07 13:43:36', NULL, 30.00),
(570, 339, 63, 3.00, 45.00, 9.00, '2025-12-07 13:43:36', NULL, 15.00),
(571, 340, 68, 2.00, 60.00, 23.50, '2025-12-07 14:14:25', NULL, 30.00),
(572, 341, 44, 2.00, 20.00, 4.00, '2025-12-07 14:17:32', NULL, 10.00),
(573, 341, 73, 2.00, 10.00, 1.20, '2025-12-07 14:17:32', NULL, 5.00),
(574, 342, 52, 2.00, 40.00, 13.50, '2025-12-07 19:13:43', NULL, 20.00),
(575, 342, 139, 20.00, 300.00, 9.00, '2025-12-07 19:13:43', NULL, 15.00),
(576, 343, 124, 1.00, 125.00, 106.00, '2025-12-07 19:14:12', NULL, 125.00),
(577, 344, 59, 1.00, 60.00, 64.00, '2025-12-07 22:23:31', NULL, 60.00),
(578, 344, 45, 0.08, 24.00, 130.00, '2025-12-07 22:23:31', NULL, 300.00),
(579, 345, 68, 11.00, 330.00, 23.50, '2025-12-07 22:27:13', NULL, 30.00),
(580, 345, 44, 2.00, 20.00, 4.00, '2025-12-07 22:27:13', NULL, 10.00),
(581, 345, 73, 2.00, 10.00, 1.20, '2025-12-07 22:27:13', NULL, 5.00),
(582, 346, 44, 2.00, 20.00, 4.00, '2025-12-07 22:32:32', NULL, 10.00),
(583, 347, 129, 1.00, 90.00, 75.60, '2025-12-07 22:51:17', NULL, 90.00),
(584, 347, 120, 1.00, 85.00, 55.00, '2025-12-07 22:51:17', NULL, 85.00),
(585, 348, 73, 33.00, 39.60, 1.20, '2025-12-08 14:00:53', NULL, 1.20),
(586, 349, 21, 1.00, 25.00, 16.00, '2025-12-09 17:22:46', NULL, 25.00),
(587, 350, 124, 1.00, 120.00, 106.00, '2025-12-09 17:23:19', NULL, 120.00),
(588, 351, 49, 4.00, 140.00, 20.00, '2025-12-09 17:26:03', NULL, 35.00),
(589, 351, 85, 8.00, 50.00, 6.06, '2025-12-09 17:26:03', NULL, 6.25),
(590, 351, 141, 1.00, 60.00, 55.00, '2025-12-09 17:26:03', NULL, 60.00),
(591, 352, 124, 1.00, 125.00, 106.00, '2025-12-09 17:26:58', NULL, 125.00),
(592, 353, 45, 0.08, 24.00, 130.00, '2025-12-09 17:28:23', NULL, 300.00),
(593, 353, 103, 8.00, 20.00, 1.50, '2025-12-09 17:28:23', NULL, 2.50),
(594, 354, 95, 0.25, 30.00, 78.00, '2025-12-09 17:29:49', NULL, 120.00),
(595, 355, 15, 1.00, 90.00, 65.00, '2025-12-09 17:30:27', NULL, 90.00),
(596, 356, 124, 1.00, 125.00, 106.00, '2025-12-09 18:12:34', NULL, 125.00),
(597, 357, 9, 1.00, 95.00, 84.00, '2025-12-10 11:07:07', NULL, 95.00),
(598, 357, 134, 1.00, 55.00, 0.00, '2025-12-10 11:07:07', NULL, 55.00),
(599, 358, 73, 6.00, 30.00, 1.20, '2025-12-10 11:08:26', NULL, 5.00),
(600, 358, 44, 6.00, 60.00, 4.00, '2025-12-10 11:08:26', NULL, 10.00),
(601, 359, 45, 0.08, 24.00, 130.00, '2025-12-10 16:35:03', NULL, 300.00),
(602, 359, 94, 0.08, 10.00, 78.00, '2025-12-10 16:35:03', NULL, 120.00),
(603, 359, 74, 2.00, 50.00, 19.00, '2025-12-10 16:35:03', NULL, 25.00),
(604, 360, 104, 18.00, 45.00, 1.25, '2025-12-10 16:35:49', NULL, 2.50),
(605, 361, 119, 1.00, 180.00, 150.00, '2025-12-10 20:50:21', NULL, 180.00),
(606, 362, 72, 8.00, 16.00, 0.90, '2025-12-10 21:05:11', NULL, 2.00),
(607, 362, 131, 1.00, 200.00, 150.00, '2025-12-10 21:05:11', NULL, 200.00),
(608, 362, 104, 4.00, 10.00, 1.25, '2025-12-10 21:05:11', NULL, 2.50),
(609, 362, 94, 1.00, 100.00, 78.00, '2025-12-10 21:05:11', NULL, 100.00),
(610, 363, 98, 1.00, 150.00, 120.00, '2025-12-10 21:05:43', NULL, 150.00),
(611, 364, 45, 1.00, 175.00, 130.00, '2025-12-10 21:07:21', NULL, 175.00),
(612, 364, 130, 3.00, 630.00, 160.00, '2025-12-10 21:07:21', NULL, 210.00),
(613, 365, 23, 12.00, 300.00, 19.00, '2025-12-10 21:08:02', NULL, 25.00),
(614, 366, 59, 1.00, 60.00, 64.00, '2025-12-10 21:19:38', NULL, 60.00),
(615, 366, 67, 1.00, 30.00, 20.83, '2025-12-10 21:19:38', NULL, 30.00),
(616, 367, 122, 2.00, 10.00, 2.60, '2025-12-11 16:58:39', NULL, 5.00),
(617, 367, 121, 2.00, 10.00, 2.60, '2025-12-11 16:58:39', NULL, 5.00),
(618, 368, 106, 13.00, 26.00, 0.80, '2025-12-11 16:59:51', NULL, 2.00),
(619, 368, 96, 0.20, 24.00, 78.00, '2025-12-11 16:59:51', NULL, 120.00),
(620, 369, 85, 9.00, 63.00, 6.06, '2025-12-11 19:09:03', NULL, 7.00),
(621, 370, 44, 4.00, 40.00, 4.00, '2025-12-11 20:07:49', NULL, 10.00),
(622, 370, 73, 2.00, 10.00, 1.20, '2025-12-11 20:07:49', NULL, 5.00),
(623, 371, 134, 1.00, 55.00, 0.00, '2025-12-12 08:49:27', NULL, 55.00),
(624, 371, 8, 1.00, 95.00, 84.00, '2025-12-12 08:49:27', NULL, 95.00),
(625, 372, 17, 1.00, 125.00, 110.00, '2025-12-12 08:50:18', NULL, 125.00),
(626, 373, 120, 1.00, 85.00, 55.00, '2025-12-12 08:50:47', NULL, 85.00),
(627, 374, 150, 1.00, 5.00, 3.00, '2025-12-12 10:02:08', NULL, 5.00),
(628, 375, 119, 11.00, 1980.00, 150.00, '2025-12-12 11:48:23', NULL, 180.00),
(629, 375, 57, 3.00, 255.00, 71.00, '2025-12-12 11:48:23', NULL, 85.00),
(630, 375, 131, 7.00, 1400.00, 150.00, '2025-12-12 11:48:23', NULL, 200.00),
(631, 375, 130, 3.00, 630.00, 160.00, '2025-12-12 11:48:23', NULL, 210.00),
(632, 375, 121, 10.00, 50.00, 2.60, '2025-12-12 11:48:23', NULL, 5.00),
(633, 375, 158, 10.00, 400.00, 30.00, '2025-12-12 11:48:23', NULL, 40.00),
(634, 375, 157, 24.00, 960.00, 30.00, '2025-12-12 11:48:23', NULL, 40.00),
(635, 376, 154, 10.00, 100.00, 3.80, '2025-12-13 21:59:19', NULL, 10.00),
(636, 377, 124, 1.00, 125.00, 106.00, '2025-12-14 11:03:51', NULL, 125.00),
(637, 378, 129, 1.00, 90.00, 75.60, '2025-12-14 12:27:07', NULL, 90.00),
(638, 379, 15, 1.00, 90.00, 65.00, '2025-12-14 16:18:31', NULL, 90.00),
(639, 380, 63, 3.00, 45.00, 9.00, '2025-12-14 16:20:47', NULL, 15.00),
(640, 380, 103, 4.00, 10.00, 1.50, '2025-12-14 16:20:47', NULL, 2.50),
(641, 380, 45, 0.12, 36.00, 130.00, '2025-12-14 16:20:47', NULL, 300.00),
(642, 380, 2, 1.00, 20.00, 8.50, '2025-12-14 16:20:47', NULL, 20.00),
(643, 381, 39, 1.00, 110.00, 105.00, '2025-12-14 16:34:09', NULL, 110.00),
(644, 382, 73, 8.00, 20.00, 1.20, '2025-12-14 19:35:05', NULL, 2.50),
(645, 383, 8, 1.00, 95.00, 84.00, '2025-12-14 19:55:04', NULL, 95.00),
(646, 384, 120, 1.00, 85.00, 55.00, '2025-12-15 00:45:45', NULL, 85.00),
(647, 385, 124, 1.00, 125.00, 106.00, '2025-12-15 00:46:00', NULL, 125.00),
(648, 386, 141, 1.00, 65.00, 55.00, '2025-12-15 00:59:40', NULL, 65.00),
(649, 387, 4, 1.50, 120.00, 70.00, '2025-12-15 02:48:56', NULL, 80.00),
(650, 388, 156, 25.00, 125.00, 4.00, '2025-12-15 17:10:22', NULL, 5.00),
(651, 389, 73, 20.00, 60.00, 1.20, '2025-12-15 21:04:04', NULL, 3.00),
(652, 390, 51, 32.00, 1440.00, 32.19, '2025-12-15 22:25:15', NULL, 45.00),
(653, 390, 76, 28.00, 1120.00, 35.00, '2025-12-15 22:25:15', NULL, 40.00),
(654, 391, 38, 2.00, 340.00, 142.00, '2025-12-16 12:56:21', NULL, 170.00),
(655, 391, 88, 1.00, 100.00, 85.00, '2025-12-16 12:56:21', NULL, 100.00),
(656, 391, 39, 1.00, 120.00, 105.00, '2025-12-16 12:56:21', NULL, 120.00),
(657, 392, 29, 1.00, 100.00, 65.00, '2025-12-16 12:57:03', NULL, 100.00),
(658, 393, 141, 1.00, 65.00, 55.00, '2025-12-16 14:52:34', NULL, 65.00),
(659, 393, 45, 0.45, 112.50, 130.00, '2025-12-16 14:52:34', NULL, 250.00),
(660, 393, 112, 12.00, 30.00, 1.00, '2025-12-16 14:52:34', NULL, 2.50),
(661, 393, 94, 0.25, 30.00, 78.00, '2025-12-16 14:52:34', NULL, 120.00),
(662, 393, 105, 10.00, 250.00, 14.00, '2025-12-16 14:52:34', NULL, 25.00),
(663, 394, 88, 1.00, 90.00, 85.00, '2025-12-16 18:23:37', NULL, 90.00),
(664, 395, 151, 0.13, 15.00, 85.00, '2025-12-16 20:40:24', NULL, 120.00),
(665, 395, 96, 1.25, 125.00, 78.00, '2025-12-16 20:40:24', NULL, 100.00),
(666, 395, 94, 0.25, 30.00, 78.00, '2025-12-16 20:40:24', NULL, 120.00),
(667, 395, 141, 1.00, 65.00, 55.00, '2025-12-16 20:40:24', NULL, 65.00),
(668, 395, 102, 4.00, 100.00, 17.00, '2025-12-16 20:40:24', NULL, 25.00),
(669, 395, 9, 1.00, 95.00, 84.00, '2025-12-16 20:40:24', NULL, 95.00),
(670, 396, 159, 1.00, 50.00, 40.00, '2025-12-16 20:43:06', NULL, 50.00),
(671, 397, 42, 1.00, 320.00, 275.00, '2025-12-17 01:51:53', NULL, 320.00),
(672, 398, 52, 2.00, 40.00, 13.50, '2025-12-17 01:53:31', NULL, 20.00),
(673, 398, 91, 2.00, 50.00, 15.00, '2025-12-17 01:53:31', NULL, 25.00),
(674, 399, 141, 1.00, 60.00, 55.00, '2025-12-17 01:53:54', NULL, 60.00),
(675, 400, 87, 2.00, 130.00, 57.00, '2025-12-17 01:56:13', NULL, 65.00),
(676, 400, 106, 6.00, 18.00, 0.80, '2025-12-17 01:56:13', NULL, 3.00),
(677, 400, 44, 2.00, 15.00, 4.00, '2025-12-17 01:56:13', NULL, 7.50),
(678, 400, 63, 2.00, 20.00, 9.00, '2025-12-17 01:56:13', NULL, 10.00),
(679, 401, 51, 36.00, 1620.00, 30.00, '2025-12-17 02:01:21', NULL, 45.00),
(680, 401, 45, 1.00, 175.00, 130.00, '2025-12-17 02:01:21', NULL, 175.00),
(681, 401, 93, 1.00, 110.00, 78.00, '2025-12-17 02:01:21', NULL, 110.00),
(682, 401, 110, 12.00, 720.00, 45.00, '2025-12-17 02:01:21', NULL, 60.00),
(683, 401, 35, 0.10, 15.00, 75.00, '2025-12-17 02:01:21', NULL, 150.00),
(684, 401, 44, 6.00, 60.00, 4.00, '2025-12-17 02:01:21', NULL, 10.00),
(685, 402, 51, 26.00, 1170.00, 30.00, '2025-12-17 02:03:04', NULL, 45.00),
(686, 402, 88, 1.00, 100.00, 85.00, '2025-12-17 02:03:04', NULL, 100.00),
(687, 402, 45, 1.00, 175.00, 130.00, '2025-12-17 02:03:04', NULL, 175.00),
(688, 403, 15, 1.00, 90.00, 65.00, '2025-12-18 02:01:31', NULL, 90.00),
(689, 404, 72, 32.00, 64.00, 0.90, '2025-12-18 02:02:28', NULL, 2.00),
(690, 405, 145, 10.00, 1100.00, 84.50, '2025-12-18 02:09:07', NULL, 110.00),
(691, 405, 160, 16.00, 1280.00, 60.00, '2025-12-18 02:09:07', NULL, 80.00),
(692, 406, 96, 0.17, 20.00, 78.00, '2025-12-18 07:47:26', NULL, 120.00),
(693, 407, 21, 1.00, 25.00, 16.00, '2025-12-18 07:48:50', NULL, 25.00),
(694, 408, 141, 1.00, 60.00, 55.00, '2025-12-18 07:49:20', NULL, 60.00),
(695, 409, 96, 2.00, 180.00, 78.00, '2025-12-18 07:57:05', NULL, 90.00),
(696, 410, 85, 4.00, 32.00, 6.06, '2025-12-18 08:01:10', NULL, 8.00),
(697, 411, 42, 1.00, 300.00, 275.00, '2025-12-18 09:58:45', NULL, 300.00),
(698, 412, 161, 1.00, 120.00, 100.00, '2025-12-19 23:03:58', NULL, 120.00),
(699, 413, 120, 1.00, 85.00, 55.00, '2025-12-19 23:05:14', NULL, 85.00),
(700, 413, 129, 1.00, 90.00, 75.60, '2025-12-19 23:05:14', NULL, 90.00),
(701, 414, 103, 4.00, 15.00, 1.50, '2025-12-19 23:08:57', NULL, 3.75),
(702, 414, 96, 0.13, 15.00, 78.00, '2025-12-19 23:08:57', NULL, 120.00),
(703, 414, 85, 16.00, 120.00, 6.06, '2025-12-19 23:08:57', NULL, 7.50),
(704, 415, 73, 2.00, 6.00, 1.20, '2025-12-19 23:09:32', NULL, 3.00),
(705, 416, 94, 0.17, 20.00, 78.00, '2025-12-21 11:57:28', NULL, 120.00),
(706, 417, 94, 0.17, 20.00, 78.00, '2025-12-22 15:35:59', NULL, 120.00),
(707, 418, 16, 1.00, 110.00, 97.50, '2025-12-22 15:36:33', NULL, 110.00),
(708, 419, 8, 2.00, 200.00, 84.00, '2025-12-22 15:42:10', NULL, 100.00),
(709, 419, 96, 1.00, 100.00, 78.00, '2025-12-22 15:42:10', NULL, 100.00),
(710, 420, 19, 1.00, 10.00, 4.50, '2025-12-21 23:22:38', NULL, 10.00),
(711, 421, 38, 1.00, 160.00, 142.00, '2025-12-21 23:25:15', NULL, 160.00);
INSERT INTO `invoice_out_items` (`id`, `invoice_out_id`, `product_id`, `quantity`, `total_price`, `cost_price_per_unit`, `created_at`, `updated_at`, `selling_price`) VALUES
(712, 422, 88, 1.00, 90.00, 85.00, '2025-12-23 12:37:27', NULL, 90.00),
(713, 423, 124, 1.00, 125.00, 106.00, '2025-12-23 18:26:35', NULL, 125.00),
(714, 423, 106, 15.00, 30.00, 0.80, '2025-12-23 18:26:35', NULL, 2.00),
(715, 423, 103, 10.00, 25.00, 1.50, '2025-12-23 18:26:35', NULL, 2.50),
(716, 423, 93, 0.13, 15.00, 78.00, '2025-12-23 18:26:35', NULL, 120.00),
(717, 424, 21, 1.00, 25.00, 16.00, '2025-12-23 18:27:02', NULL, 25.00),
(718, 425, 96, 0.50, 60.00, 78.00, '2025-12-24 08:56:50', NULL, 120.00),
(719, 426, 44, 20.00, 140.00, 4.00, '2025-12-24 08:57:37', NULL, 7.00),
(720, 427, 88, 1.00, 100.00, 85.00, '2025-12-24 08:58:14', NULL, 100.00),
(721, 428, 96, 0.25, 30.00, 78.00, '2025-12-24 08:58:39', NULL, 120.00),
(722, 429, 35, 0.10, 15.00, 75.00, '2025-12-24 08:59:05', NULL, 150.00),
(723, 430, 95, 0.25, 30.00, 78.00, '2025-12-24 08:59:32', NULL, 120.00),
(724, 431, 158, 2.00, 80.00, 30.00, '2025-12-25 11:50:22', NULL, 40.00),
(725, 431, 157, 5.00, 200.00, 30.00, '2025-12-25 11:50:22', NULL, 40.00),
(726, 432, 74, 4.00, 100.00, 18.75, '2025-12-25 16:33:56', NULL, 25.00),
(727, 432, 96, 0.04, 5.00, 78.00, '2025-12-25 16:33:56', NULL, 120.00),
(728, 433, 88, 1.00, 100.00, 85.00, '2025-12-27 10:01:53', NULL, 100.00),
(729, 434, 94, 0.17, 20.00, 78.00, '2025-12-27 10:04:23', NULL, 120.00),
(731, 435, 45, 0.20, 60.00, 130.00, '2025-12-27 13:13:19', NULL, 300.00),
(732, 435, 35, 0.10, 15.00, 75.00, '2025-12-27 13:13:19', NULL, 150.00),
(733, 435, 94, 0.25, 30.00, 78.00, '2025-12-27 13:13:19', NULL, 120.00),
(734, 436, 88, 1.00, 100.00, 85.00, '2025-12-27 16:38:21', NULL, 100.00),
(735, 437, 45, 1.00, 175.00, 130.00, '2025-12-27 17:05:29', NULL, 175.00),
(736, 437, 94, 1.00, 100.00, 78.00, '2025-12-27 17:05:29', NULL, 100.00),
(737, 437, 116, 1.00, 180.00, 160.00, '2025-12-27 17:05:29', NULL, 180.00),
(738, 437, 131, 2.00, 400.00, 150.00, '2025-12-27 17:05:29', NULL, 200.00),
(739, 437, 130, 3.00, 630.00, 160.00, '2025-12-27 17:05:29', NULL, 210.00),
(740, 437, 51, 9.00, 405.00, 30.00, '2025-12-27 17:05:29', NULL, 45.00),
(741, 437, 108, 4.00, 240.00, 37.00, '2025-12-27 17:05:29', NULL, 60.00),
(742, 437, 162, 2.00, 300.00, 115.00, '2025-12-27 17:05:29', NULL, 150.00),
(743, 437, 163, 2.00, 290.00, 110.00, '2025-12-27 17:05:29', NULL, 145.00),
(744, 437, 104, 10.00, 30.00, 1.25, '2025-12-27 17:05:29', NULL, 3.00),
(745, 438, 44, 2.00, 15.00, 4.00, '2025-12-27 17:06:03', NULL, 7.50),
(746, 439, 164, 0.25, 30.00, 78.00, '2025-12-27 17:07:07', NULL, 120.00),
(747, 440, 164, 0.25, 30.00, 78.00, '2025-12-27 17:08:12', NULL, 120.00),
(748, 441, 74, 2.00, 50.00, 18.00, '2025-12-27 17:10:19', NULL, 25.00),
(749, 441, 75, 4.00, 100.00, 19.00, '2025-12-27 17:10:19', NULL, 25.00),
(750, 441, 45, 0.20, 50.00, 130.00, '2025-12-27 17:10:19', NULL, 250.00),
(751, 442, 66, 28.00, 42.00, 0.75, '2025-12-27 21:53:58', NULL, 1.50),
(752, 443, 72, 8.00, 16.00, 0.90, '2025-12-28 05:15:24', NULL, 2.00),
(753, 444, 45, 0.25, 75.00, 130.00, '2025-12-28 05:17:54', NULL, 300.00),
(754, 444, 104, 4.00, 12.00, 1.25, '2025-12-28 05:17:54', NULL, 3.00),
(755, 444, 55, 1.00, 65.00, 57.00, '2025-12-28 05:17:54', NULL, 65.00),
(756, 444, 49, 4.00, 140.00, 20.00, '2025-12-28 05:17:54', NULL, 35.00),
(757, 444, 75, 4.00, 100.00, 19.00, '2025-12-28 05:17:54', NULL, 25.00),
(758, 445, 95, 0.04, 5.00, 78.00, '2025-12-28 05:18:49', NULL, 120.00);

-- --------------------------------------------------------

--
-- Table structure for table `products`
--

CREATE TABLE `products` (
  `id` int(11) NOT NULL COMMENT 'المعرف التلقائي للمنتج',
  `product_code` varchar(50) NOT NULL COMMENT 'كود المنتج الفريد',
  `name` varchar(255) NOT NULL COMMENT 'اسم المنتج',
  `description` text DEFAULT NULL COMMENT 'وصف المنتج (اختياري)',
  `unit_of_measure` varchar(50) NOT NULL COMMENT 'وحدة القياس (مثال: قطعة، كجم، لتر)',
  `current_stock` decimal(10,2) NOT NULL DEFAULT 0.00 COMMENT 'الرصيد الحالي في المخزن',
  `reorder_level` decimal(10,2) NOT NULL DEFAULT 0.00 COMMENT 'حد إعادة الطلب (التنبيه عند وصول الرصيد إليه أو أقل)',
  `created_at` timestamp NOT NULL DEFAULT current_timestamp() COMMENT 'تاريخ الإنشاء',
  `updated_at` timestamp NULL DEFAULT NULL ON UPDATE current_timestamp() COMMENT 'تاريخ آخر تعديل',
  `cost_price` decimal(10,2) NOT NULL DEFAULT 0.00,
  `selling_price` decimal(10,2) NOT NULL,
  `retail_price` decimal(10,2) DEFAULT NULL COMMENT 'سعر البيع القطاعي (للعميل الفرد)'
) ENGINE=InnoDB DEFAULT CHARSET=utf8mb4 COLLATE=utf8mb4_unicode_ci COMMENT='جدول المنتجات المخزنة';

--
-- Dumping data for table `products`
--

INSERT INTO `products` (`id`, `product_code`, `name`, `description`, `unit_of_measure`, `current_stock`, `reorder_level`, `created_at`, `updated_at`, `cost_price`, `selling_price`, `retail_price`) VALUES
(1, '128مللي', 'مقبض 128 اسود', NULL, 'قطعة', 116.00, 30.00, '2025-10-01 11:55:01', '2025-12-02 01:17:26', 9.00, 25.00, 25.00),
(2, '96مللي', 'مقبض 96 اسود', NULL, 'قطعة', 112.00, 5.00, '2025-10-01 12:07:31', '2025-12-02 01:17:58', 8.50, 20.00, 25.00),
(3, 'm05 فضي', 'مفصله فراشه بيككا فضي pukka', NULL, 'كارت 2 قطعة', 29.00, 10.00, '2025-10-01 12:09:18', '2025-12-01 17:14:24', 70.00, 90.00, 0.00),
(4, 'm05 اسود', 'مفصله فراشه بيككا اسود pukka', NULL, 'كارت 2 قطعة', 40.00, 10.00, '2025-10-01 12:10:15', '2025-12-01 17:14:11', 70.00, 90.00, 0.00),
(6, '20mm ابيض', 'مسمار سكروس 2سم ابيض ع ازرق', NULL, 'علبة', 11.25, 5.00, '2025-10-01 12:16:12', '2025-12-01 17:13:45', 84.00, 100.00, 120.00),
(7, '30mm ابيض', 'مسمار سكروس 3سم ابيض ع ازرق', NULL, 'علبة', 8.25, 5.00, '2025-10-01 12:16:51', '2025-12-01 17:13:27', 84.00, 100.00, 120.00),
(8, '40mm ابيض', 'مسمار سكروس 4سم ابيض ع ازق', NULL, 'علبة', 9.50, 5.00, '2025-10-01 12:17:32', '2025-12-22 15:38:42', 84.00, 100.00, 120.00),
(9, '50mm ابيض', 'مسمار سكروس 5سم ابيض ع ازرق', NULL, 'علبة', 5.00, 5.00, '2025-10-01 12:17:57', '2025-12-01 16:56:56', 84.00, 100.00, 120.00),
(10, 'f15 turbo', 'دبوس تيربو 1.5سم', NULL, 'علبة', 16.00, 3.00, '2025-10-01 12:21:24', '2025-12-01 16:56:30', 48.50, 60.00, 0.00),
(11, 'f20 tiger', 'دبوس تيجر 2سم', NULL, 'علبة', 7.00, 5.00, '2025-10-01 12:22:28', '2025-12-01 16:56:06', 60.00, 85.00, 0.00),
(12, 'f30 tiger', 'دبوس تيجر 3سم', NULL, 'علبة', 11.00, 5.00, '2025-10-01 12:23:50', '2025-12-01 16:55:45', 84.00, 95.00, 0.00),
(13, 'f40 turbo', 'دبوس تيربو 4سم', NULL, 'علبة', 4.00, 5.00, '2025-10-01 12:26:23', '2025-12-01 16:55:31', 120.00, 150.00, 0.00),
(14, 'f50 turbo', 'دبوس تيربو 5سم', NULL, 'علبة', 5.00, 5.00, '2025-10-01 12:27:28', '2025-12-01 16:55:17', 145.00, 175.00, 0.00),
(15, '1013j tiger', 'دبوس مشبك تيجر 1013', NULL, 'علبة', 11.00, 5.00, '2025-10-01 12:28:59', '2025-12-01 16:54:42', 65.00, 90.00, 0.00),
(16, '8010 turbo', 'دبوس مشبك تيربو 8010 turbo', NULL, 'علبة', 10.00, 5.00, '2025-10-01 12:30:50', '2025-12-01 16:54:31', 97.50, 110.00, 0.00),
(17, 'x-seal 1991', 'ماده اكس سيل x-seal 1991', NULL, 'قطعة', 27.00, 5.00, '2025-10-01 12:34:08', '2025-12-01 16:54:16', 106.00, 125.00, 0.00),
(18, '650f  falcon', 'امبوبه سيلكون حراري صغير رمادي', NULL, 'كارت', 11.00, 0.00, '2025-10-01 12:37:52', '2025-12-01 16:53:43', 24.50, 30.00, 0.00),
(19, 'super glue', 'امير الصاروخ صغير', NULL, 'قطعة', 114.00, 0.00, '2025-10-01 12:41:02', '2025-10-05 16:01:19', 4.50, 10.00, NULL),
(20, 'GP-5000', 'امير الصاروخ لزوجه ثقيله', NULL, 'امبوبة', 0.00, 5.00, '2025-10-01 12:42:30', '2025-12-01 16:53:25', 18.00, 30.00, 0.00),
(21, 'blade usa', 'مقشطه شريط', NULL, 'قطعة', 61.00, 5.00, '2025-10-01 12:44:34', '2025-12-01 16:53:08', 16.00, 25.00, 0.00),
(22, 'ATQ 80N', 'دراع باكم', NULL, 'قطعة', 96.00, 5.00, '2025-10-01 12:45:58', '2025-10-26 20:43:09', 15.50, 30.00, NULL),
(23, '10cm-reglStenls', 'رجل ستنلس كوبايه', NULL, 'قطعة', 109.00, 4.00, '2025-10-01 12:47:41', '2025-12-01 16:52:57', 14.00, 25.00, 0.00),
(24, 'sopa3-Tatch', 'صباع تاتش', NULL, 'قطعة', 26.00, 5.00, '2025-10-01 12:48:45', '2025-10-05 16:01:19', 11.00, 20.00, NULL),
(25, 'sadadda01', 'صداده باب ابيض', NULL, 'قطعة', 25.00, 5.00, '2025-10-01 12:49:52', '2025-12-01 16:52:31', 4.00, 10.00, 0.00),
(27, 'P40 sarokh', 'فرخ صنفره كليتشه 40', NULL, 'قطعة', 32.00, 5.00, '2025-10-01 12:51:27', '2025-12-01 16:52:20', 2.60, 5.00, 0.00),
(28, 'P80 sarokh', 'فرخ صنفره كليتشه 80', NULL, 'قطعة', 131.00, 5.00, '2025-10-01 12:52:09', '2025-12-01 16:51:02', 2.60, 5.00, 0.00),
(29, '14000010-ALI', 'طلمبه كمبيوتر ALI', NULL, 'قطعة', 10.00, 5.00, '2025-10-01 12:54:07', '2025-12-01 16:50:37', 65.00, 100.00, 0.00),
(30, 'صدادة كورة', 'صداده باب بني', NULL, 'قطعة', 24.00, 5.00, '2025-10-01 12:56:21', '2025-12-01 16:36:02', 4.00, 10.00, 0.00),
(33, '1000تكاية-بني قطاعي 150', 'كيس تكايه كبير بني 1000', NULL, 'كيس', 4.50, 3.00, '2025-10-01 12:58:08', '2025-12-01 16:35:51', 75.00, 100.00, 150.00),
(34, '16mm ابيض', 'مسمار سكروس 1.5سم ابيض ع ازرق', NULL, 'علبة', 19.00, 5.00, '2025-10-01 12:15:26', '2025-12-01 16:35:34', 84.00, 100.00, 120.00),
(35, '1000تكاية-ابيض قطاعي 150', 'كيس تكايه كبير ابيض 1000', NULL, 'كيس', 5.10, 3.00, '2025-10-01 12:57:16', '2025-12-01 16:34:59', 75.00, 100.00, 150.00),
(36, 'زاوية هرم', 'زاويه هرم 100 قطعه ابيض', NULL, 'كيس', 21.00, 3.00, '2025-10-04 11:20:23', '2025-12-01 16:34:46', 40.00, 80.00, 150.00),
(37, 'amro kit', 'منتاج امرو صيني', NULL, 'امبوبة', 15.00, 3.00, '2025-10-04 12:25:59', '2025-12-01 16:34:23', 100.00, 130.00, 0.00),
(38, 'bison kit', 'منتاج بيسون اصلي', NULL, 'امبوبة', 33.00, 3.00, '2025-10-04 12:27:11', '2025-12-01 16:34:10', 142.00, 170.00, 0.00),
(39, 's/f-fix', 'سيلكون عضم رمادي', NULL, 'امبوبة', 13.00, 3.00, '2025-10-04 12:27:57', '2025-10-05 16:01:19', 105.00, 120.00, NULL),
(40, 'wish_R', 'طلمبه عاديه', NULL, 'قطعة', 9.00, 3.00, '2025-10-04 12:29:26', '2025-12-01 16:33:46', 45.00, 70.00, 0.00),
(41, 'aosta_lock', 'كيلون شقه اوستا aosta', NULL, 'قطعة', 2.00, 2.00, '2025-10-04 12:33:01', '2025-12-01 16:33:32', 275.00, 320.00, 0.00),
(42, 'threex_lock', 'كيلون شقه ثريكس threex', NULL, 'قطعة', 1.00, 0.00, '2025-10-04 12:33:47', '2025-12-01 16:33:14', 275.00, 320.00, 0.00),
(43, 'amb بني', 'علاقه مطبخ بني', NULL, 'قطعة', 58.00, 5.00, '2025-10-04 12:36:05', '2025-12-01 16:32:40', 4.50, 10.00, 0.00),
(44, 'amb ابيض', 'علاقه مطبخ ابيض', NULL, 'قطعة', 350.00, 5.00, '2025-10-04 12:36:37', '2025-12-01 16:32:33', 4.50, 10.00, 0.00),
(45, 'hulk-قطاعي300', 'فراشه شفاف', NULL, 'كيس', 29.16, 3.00, '2025-10-04 22:43:26', '2025-12-01 16:32:23', 145.00, 175.00, 300.00),
(46, 'علاقة برواز', 'علاقة برواز', NULL, 'جوز', 50.00, 5.00, '2025-10-04 23:30:54', '2025-11-26 05:05:45', 4.50, 15.00, 0.00),
(47, '15_gold balck', 'رجل قرطاس 15سم اسود في دهبي', NULL, 'قطعة', 40.00, 4.00, '2025-10-04 23:32:17', '2025-12-01 16:32:11', 45.00, 60.00, 0.00),
(48, 'blundom_نص 3d اخضر', 'مفصلة بلندم نص ركبة  3d', NULL, 'قطعة', 32.00, 5.00, '2025-10-04 23:36:09', '2025-12-01 16:31:45', 19.00, 25.00, 0.00),
(49, 'pareto_ركبة كاملة', 'مفصله بريتو ركبه كامله 3d', NULL, 'قطعة', 94.00, 5.00, '2025-10-04 23:53:28', '2025-12-01 17:19:19', 20.00, 35.00, 0.00),
(50, 'pareto_2d عدله', 'مفصلة بريتو عدله 2d', NULL, 'قطعة', 142.00, 5.00, '2025-10-04 23:55:28', '2025-12-01 16:30:48', 15.00, 20.00, 0.00),
(51, 'be-bolomu 3d عدله', 'مفصلة بي بلوميم عدله 3d', NULL, 'قطعة', 122.00, 5.00, '2025-10-04 23:57:35', '2025-12-15 22:26:11', 30.00, 45.00, 40.00),
(52, 'pareto_short 2d', 'مفصلة شورت بريتو 2d', NULL, 'قطعة', 116.00, 5.00, '2025-10-04 23:59:07', '2025-12-01 16:30:04', 13.50, 20.00, 0.00),
(53, '.5*8', '.5*8 مسمار اسود', NULL, 'قطعة', 14.00, 2.00, '2025-10-05 00:00:56', '2025-10-05 16:01:19', 100.00, 120.00, NULL),
(54, 'nama25_cm', 'مجري نما 25سم عاديه', NULL, 'قطعة', 0.00, 2.00, '2025-10-05 00:03:18', '2025-12-01 16:29:44', 0.00, 0.00, 0.00),
(55, 'nama30_cm', 'مجري نما 30سم عاديه', NULL, 'قطعة', 30.00, 5.00, '2025-10-05 00:05:08', '2025-12-01 16:29:24', 58.00, 65.00, 0.00),
(56, 'nama35_cm', 'مجري نما 35سم عاديه', NULL, 'قطعة', 51.00, 5.00, '2025-10-05 00:06:18', '2025-12-01 16:29:06', 64.00, 75.00, 0.00),
(57, 'nama40_cm', 'مجري نما 40سم عاديه', NULL, 'قطعة', 33.00, 5.00, '2025-10-05 00:07:08', '2025-12-01 16:28:50', 72.00, 85.00, 0.00),
(58, 'nama45_cm', 'مجري نما 45سم عاديه', NULL, 'قطعة', 27.00, 5.00, '2025-10-05 00:08:06', '2025-12-01 16:28:25', 79.00, 95.00, 0.00),
(59, 'umx_25', 'مجري يو ماكس 25سم عاديه', NULL, 'قطعة', 7.00, 0.00, '2025-10-05 00:09:56', '2025-12-01 16:27:59', 50.00, 60.00, 0.00),
(60, 'اوكمان_12م', 'مسمار رف طاير قصير 12م', NULL, 'قطعة', 4.00, 5.00, '2025-10-05 01:13:03', '2025-10-24 20:16:06', 14.00, 20.00, NULL),
(61, 'اوكمان_8م', 'مسمار رف طاير صغير 8م', NULL, 'قطعة', 67.00, 5.00, '2025-10-05 01:14:31', '2025-10-26 20:43:04', 12.00, 20.00, NULL),
(62, 'ورده', 'ورده', NULL, 'قطعة', 250.00, 20.00, '2025-10-05 01:19:04', '2025-10-05 17:33:03', 0.25, 0.50, NULL),
(63, 'زورار درج', 'زورار اسود', NULL, 'قطعة', 439.00, 5.00, '2025-10-05 01:21:00', '2025-10-05 17:33:03', 9.00, 15.00, NULL),
(64, 'فلانسة مصورة', 'فلنشه مصوره دولاب', NULL, 'قطعة', 147.00, 10.00, '2025-10-05 01:21:49', '2025-12-01 16:17:35', 3.50, 5.00, 0.00),
(65, 'كابزلي رف زجاج', 'كابولي رف زجاج', NULL, 'قطعة', 80.00, 5.00, '2025-10-05 01:22:26', '2025-10-05 17:33:03', 4.00, 10.00, NULL),
(66, 'تكاية رف بنا', 'تكاية رف بنا', NULL, 'قطعة', 349.00, 50.00, '2025-10-05 01:23:48', '2025-11-29 23:39:38', 0.75, 1.50, 1.50),
(67, 'turbo_2sakka', 'كيلون مكتب تيربو 2 سكه زور طويل', NULL, 'قطعة', 24.00, 5.00, '2025-10-05 01:25:23', '2025-12-01 16:17:02', 21.00, 30.00, 0.00),
(68, 'comsom_1sakka', 'كيلون مكتب كونسوم 1 سكه', NULL, 'قطعة', 24.00, 5.00, '2025-10-05 01:26:14', '2025-12-01 16:16:31', 23.50, 30.00, 0.00),
(69, 'hulk_نص ركبه', 'مفصله هالك نص ركبه 2d', NULL, 'قطعة', 65.00, 5.00, '2025-10-05 01:28:16', '2025-12-01 17:28:17', 20.00, 25.00, 0.00),
(70, 'hulk_عدله', 'مفصله هالك عدله 2d', NULL, 'قطعة', 9.00, 5.00, '2025-10-05 01:29:21', '2025-12-01 16:15:29', 20.00, 25.00, 0.00),
(71, 'كلتشه', 'كلتشه صاروخ', NULL, 'قطعة', 2.00, 2.00, '2025-10-05 01:31:07', '2025-12-01 16:15:37', 25.00, 50.00, 0.00),
(72, 'زايه حديد 2*2', 'زايه حديد 2*2', NULL, 'قطعة', 475.00, 10.00, '2025-10-05 01:38:25', '2025-12-01 17:25:40', 0.85, 2.00, 0.00),
(73, 'مسمار تليفون', 'مسمار تيلفون', NULL, 'قطعة', 221.00, 10.00, '2025-10-05 01:39:14', '2025-12-08 14:03:29', 1.20, 3.00, NULL),
(74, '3d pareto عدله', 'مفصله بريتو عدله 3d', NULL, 'قطعة', 270.00, 5.00, '2025-10-05 19:51:35', '2025-12-01 17:24:31', 19.00, 25.00, 0.00),
(75, 'pareto 3d نص ركبه', 'مفصله بريتو نص 3d', NULL, 'قطعة', 132.00, 5.00, '2025-10-05 19:53:56', '2025-12-01 17:24:24', 19.00, 25.00, 0.00),
(76, 'be-bolomu 3d نص ركبه', 'مفصله بي بلومي نص 3d', NULL, 'قطعة', 86.00, 5.00, '2025-10-05 19:55:34', '2025-12-15 22:25:38', 31.00, 45.00, 40.00),
(77, 'مجري pareto 25', 'مجري بريتو 25سم عاديه', NULL, 'قطعة', 6.00, 3.00, '2025-10-05 20:12:27', '2025-12-01 16:12:32', 45.00, 60.00, 0.00),
(78, 'مجري pareto 40', 'مجري بريتو 40سم عاديه', NULL, 'قطعة', 23.00, 0.00, '2025-10-05 20:13:02', '2025-12-01 16:12:16', 54.00, 75.00, 0.00),
(79, 'مجرى yas 25', 'مجرى ياس 25سم عاديه', NULL, 'قطعة', 1.00, 0.00, '2025-10-05 20:13:45', '2025-12-01 16:11:57', 63.00, 75.00, 0.00),
(80, 'مجرى united 35', 'مجرى يونيتد 35سم عاديه', NULL, 'قطعة', 1.00, 0.00, '2025-10-05 20:14:44', '2025-12-01 16:11:15', 0.00, 0.00, 0.00),
(81, 'turbo f2', 'دبوس تيربو 2سم', NULL, 'علبة', 1.00, 0.00, '2025-10-05 20:15:50', '2025-12-01 16:10:41', 60.00, 85.00, 0.00),
(83, 'شورت point', 'مفصله شورت بوينت 2d', NULL, 'قطعة', 5.00, 0.00, '2025-10-05 20:20:17', '2025-12-01 16:10:04', 0.00, 0.00, 0.00),
(84, 'مجري 40 blony سوفت', 'مجري بلوني 40سم سوفت', NULL, 'قطعة', 39.00, 0.00, '2025-10-05 21:01:44', '2025-12-01 16:09:33', 145.00, 200.00, 0.00),
(85, 'فراشه حديد-trust', 'فراشه حديد', NULL, 'قطعة', 99.00, 10.00, '2025-10-08 15:49:48', '2025-12-19 23:08:22', 6.00, 7.50, 8.00),
(86, 'مسمار كعب- ابيض-شعبي-كبير', 'مسمار كعب شعبي ابيض كبير', NULL, 'قطعة', 189.00, 10.00, '2025-10-08 15:53:07', '2025-10-08 16:12:46', 0.80, 2.50, NULL),
(87, 'nama20_cm', 'مجري نما 20سم عاديه', NULL, 'قطعة', 10.00, 2.00, '2025-10-12 20:43:51', '2025-12-01 16:11:29', 57.00, 65.00, 0.00),
(88, 'DF706', 'ماده DF706 تركي احمر', NULL, 'علبة', 15.00, 5.00, '2025-10-14 12:54:10', '2025-12-01 17:22:24', 85.00, 100.00, 0.00),
(89, 'مجري 45 blony سوفت', 'مجري بلوني 45سم سوفت', NULL, 'قطعة', 1.00, 2.00, '2025-10-16 17:11:57', '2025-12-01 16:07:50', 190.00, 210.00, 0.00),
(90, 'زرار دلايه اسود', 'زرار دلايه اسود', NULL, 'قطعة', 3.00, 1.00, '2025-10-16 17:13:11', '2025-10-16 17:14:15', 75.00, 80.00, NULL),
(91, 'دراع باكم OK', 'دراع باكم OK', NULL, 'قطعة', 100.00, 5.00, '2025-10-20 20:41:51', '2025-11-05 10:48:20', 15.00, 25.00, NULL),
(92, 'f40 pareto', 'دبوس بريتو 4سم مشط pareto', NULL, 'علبة', 10.00, 4.00, '2025-10-20 20:44:03', '2025-12-01 16:07:22', 110.00, 150.00, 0.00),
(93, 'PARETO 1.5cm', 'مسمار بريتو 1.5سم ابيض PARETO', NULL, 'علبة', 20.00, 5.00, '2025-10-20 20:45:59', '2025-12-01 16:07:10', 78.00, 100.00, 120.00),
(94, 'PARETO 2cm', 'مسمار بريتو 2سم ابيض PARETO', NULL, 'علبة', 20.00, 5.00, '2025-10-20 20:46:34', '2025-12-01 16:06:46', 78.00, 100.00, 120.00),
(95, 'PARETO 3cm', 'مسمار بريتو 3سم ابيض PARETO', NULL, 'علبة', 20.00, 5.00, '2025-10-20 20:47:19', '2025-12-01 16:06:29', 78.00, 100.00, 120.00),
(96, 'PARETO 5cm', 'مسمار بريتو 5سم ابيض PARETO', NULL, 'علبة', 20.00, 5.00, '2025-10-20 20:47:58', '2025-12-01 16:06:19', 78.00, 100.00, 120.00),
(97, 'nama60_cm', 'مجري نما 60سم عادي', NULL, 'قطعة', 1.00, 3.00, '2025-10-20 21:02:36', '2025-12-01 16:06:02', 100.00, 150.00, 0.00),
(98, 'soma-fix-s667', 'ماده سوما فيكس جامبو - soma-fix', NULL, 'علبة', 12.00, 5.00, '2025-10-24 19:52:47', '2025-12-01 16:05:42', 120.00, 150.00, 0.00),
(99, 'FINAL-5S', 'ماده فينل تركي اخضر FINAL', NULL, 'علبة', 24.00, 5.00, '2025-10-24 19:56:13', '2025-12-01 16:03:16', 74.00, 90.00, 0.00),
(100, 'AMRO-FIX GOLD FOAM', 'فوم FIX-GOLD', NULL, 'علبة', 12.00, 5.00, '2025-10-24 20:00:27', '2025-10-26 20:43:07', 72.50, 100.00, NULL),
(101, 'مجري 35 blony سوفت', 'مجري بلوني 35سم سوفت', NULL, 'قطعة', 10.00, 5.00, '2025-10-24 20:03:46', '2025-12-01 16:02:42', 130.00, 190.00, 0.00),
(102, 'blundom_عدله 3d اخضر', 'مفصله بلندم عدله  3d اخضر', NULL, 'قطعة', 200.00, 5.00, '2025-10-24 20:08:09', '2025-12-01 17:21:46', 17.00, 25.00, 0.00),
(103, 'مسمار كعب كوين 17م', 'مسمار كعب كوين 17م', NULL, 'قطعة', 200.00, 50.00, '2025-10-24 20:11:59', '2025-12-19 23:06:51', 1.50, 3.75, 3.75),
(104, 'مسمار كعب كوين 14م', 'مسمار كعب كوين 14م', NULL, 'قطعة', 600.00, 50.00, '2025-10-24 20:12:59', '2025-12-19 23:07:04', 1.25, 3.00, 3.00),
(105, 'اوكمان_12م طويل', 'مسمار رف طاير طويل  12م', NULL, 'قطعة', 50.00, 5.00, '2025-10-24 20:19:57', '2025-10-27 14:49:18', 14.00, 25.00, NULL),
(106, 'زايه حديد 3*3-القدس', 'زايه حديد 3*3-القدس', NULL, 'قطعة', 300.00, 10.00, '2025-10-24 20:22:13', '2025-12-01 17:21:35', 65.00, 2.00, 0.00),
(107, '10_gold balck', 'رجل قرطاس 10سم اسود في دهبي', NULL, 'قطعة', 40.00, 4.00, '2025-10-24 20:25:05', '2025-12-01 16:05:05', 40.00, 55.00, 0.00),
(108, 'دراع باكم سوفت كلوس 120 N -ALMZLOUM', 'دراع باكم سوفت كلوس 120N', NULL, 'قطعة', 25.00, 5.00, '2025-10-24 20:32:15', '2025-10-26 20:43:09', 37.00, 60.00, NULL),
(109, 'رجل ستاره دهبي10سم H', 'رجل ستاره دهبي10سم H', NULL, 'قطعة', 40.00, 8.00, '2025-10-24 20:34:37', '2025-12-01 17:21:21', 43.00, 55.00, 0.00),
(110, 'رجل ستاره دهبي15سم H', 'رجل ستاره دهبي15سم H', NULL, 'قطعة', 40.00, 8.00, '2025-10-24 20:35:23', '2025-12-01 17:21:10', 45.00, 60.00, 0.00),
(111, 'مقبض اسود في دهبي ROSE 128', 'مقبض اسود في دهبي ROSE', NULL, 'قطعة', 100.00, 5.00, '2025-10-24 20:37:48', '2025-12-02 01:17:18', 13.00, 25.00, 25.00),
(112, 'مسمار كعب معدن 18م', 'مسمار كعب معدن 18م', NULL, 'قطعة', 300.00, 8.00, '2025-10-24 22:23:03', '2025-10-26 20:43:09', 1.00, 2.50, NULL),
(113, 'مسمار كعب معدن 30م', 'مسمار كعب معدن 30م', NULL, 'قطعة', 200.00, 8.00, '2025-10-24 22:24:10', '2025-12-19 23:06:37', 2.00, 3.75, 3.75),
(114, 'مجري سوفت 35 ALMOMAYZE', 'مجري المميز 35سم سوفت', NULL, 'قطعة', 5.00, 0.00, '2025-10-24 22:43:02', '2025-12-01 16:00:29', 130.00, 190.00, 0.00),
(115, 'مفصله كتف', 'مفصله كتف', NULL, 'قطعة', 12.00, 5.00, '2025-10-27 18:35:11', '2025-10-27 18:37:23', 55.00, 65.00, NULL),
(116, 'مجرى 25 سم سوفت blony', 'مجرى بلوني 25سم سوفت', NULL, 'قطعة', 5.00, 5.00, '2025-10-27 18:36:14', '2025-12-27 16:35:59', 160.00, 180.00, 0.00),
(117, 'مقبض لطش اسود', 'مقبض لطش اسود', NULL, 'قطعة', 8.00, 5.00, '2025-10-29 16:49:53', '2025-10-29 16:50:21', 25.00, 40.00, NULL),
(118, 'مسمار 7سم ابيض', 'مسمار 7سم ابيض', NULL, 'علبة', 0.82, 0.25, '2025-11-01 11:52:03', '2025-12-12 09:15:11', 120.00, 150.00, 180.00),
(119, 'مجرى 30 سم سوفت blony', 'مجرى بلوني 30سم سوفت', NULL, 'قطعة', 15.00, 5.00, '2025-11-12 20:38:48', '2025-12-01 15:56:38', 150.00, 180.00, 0.00),
(120, 'F20 pareto', 'دبوس بريتو 2سم', NULL, 'علبة', 20.00, 0.00, '2025-11-15 12:20:10', '2025-12-01 15:54:28', 55.00, 85.00, 0.00),
(121, 'P100 sarokh', 'فرخ صنفره 100 كليتشه', NULL, 'فرخ', 100.00, 5.00, '2025-11-15 18:30:31', '2025-12-01 17:20:52', 2.60, 5.00, 0.00),
(122, 'P60 sarokh', 'فرخ صنفره 60 كليتشه', NULL, 'فرخ', 100.00, 5.00, '2025-11-15 18:32:00', '2025-12-01 17:20:46', 2.60, 5.00, 0.00),
(123, 'مجري pareto 35', 'مجري بريتو 35سم عادي', NULL, 'قطعة', 40.00, 0.00, '2025-11-16 23:44:22', '2025-12-12 10:04:00', 47.00, 60.00, 65.00),
(124, 'ماده selsil اصلي mdf', 'ماده سيلسي اصلي selsil', NULL, 'قطعة', 25.00, 5.00, '2025-11-18 12:49:05', '2025-12-01 15:51:19', 106.00, 125.00, 130.00),
(125, 'غراء اصفر بنتا علبه', 'غراء بنتا اصفر علبه', NULL, 'كيلو', 1.00, 0.00, '2025-11-19 14:02:02', '2025-12-01 15:50:50', 65.00, 100.00, 0.00),
(126, 'مقبض دهبي 96', 'مقبض 96 دهبي', NULL, 'قطعة', 50.00, 5.00, '2025-11-21 04:25:43', '2025-12-02 01:17:43', 12.00, 25.00, 30.00),
(127, 'مقبض 96 فضي', 'مقبض 96 فضي', NULL, 'قطعة', 50.00, 5.00, '2025-11-21 04:26:31', '2025-12-02 01:17:38', 7.00, 20.00, 20.00),
(128, 'مقبض 128 فضي', 'مقبض 128 فضي', NULL, 'قطعة', 50.00, 5.00, '2025-11-21 04:27:15', '2025-12-02 01:17:10', 8.00, 25.00, 25.00),
(129, 'F30 pareto', 'دبوس بريتو 3سم', NULL, 'قطعة', 20.00, 5.00, '2025-11-21 04:29:17', '2025-12-01 15:50:09', 75.60, 90.00, 95.00),
(130, 'مجري 40 سوفت gold', 'مجري جولد 40سم سوفت', NULL, 'قطعة', 20.00, 5.00, '2025-11-21 23:43:52', '2025-12-01 15:30:34', 160.00, 210.00, 210.00),
(131, 'مجري 35 سوفت gold', 'مجري جولد 35سم سوفت', NULL, 'قطعة', 20.00, 5.00, '2025-11-21 23:44:56', '2025-12-02 14:40:41', 150.00, 200.00, 200.00),
(132, 'مجري 30 ريماس', 'مجري ريماس 30سم عاديه', NULL, 'قطعة', 1.00, 0.00, '2025-11-23 19:30:37', '2025-12-01 15:29:27', 55.00, 60.00, 0.00),
(133, 'زرار مربع', 'زرار مربع', NULL, 'قطعة', 8.00, 0.00, '2025-11-25 22:58:32', '2025-12-01 15:28:21', 12.00, 15.00, 15.00),
(134, 'فيشر 6 سايب', 'فيشر 6 سايب', NULL, 'شويه', 102.00, 0.00, '2025-11-27 00:15:01', '2025-12-12 09:19:24', 0.00, 0.00, 0.00),
(135, 'فيشر 8', 'فيشر 8', NULL, 'شويه', 102.00, 0.00, '2025-11-27 00:15:21', '2025-11-29 20:17:45', 0.00, 0.00, 0.00),
(136, 'فيشر 10', 'فيشر 10', NULL, 'شويه', 100.00, 0.00, '2025-11-27 00:15:40', '2025-11-27 00:16:59', 0.00, 0.00, 0.00),
(137, 'مفصله عدله خفيفه pareto', 'مفصله بريتو عدله 60 عاديه', NULL, 'قطعة', 100.00, 10.00, '2025-11-29 14:39:43', '2025-12-01 15:27:58', 6.50, 1.50, 12.50),
(138, 'مفصله نص خفيفه pareto', 'مفصله بريتو نص 60 عاديه', NULL, 'قطعة', 100.00, 10.00, '2025-11-29 14:40:29', '2025-12-01 15:27:06', 6.50, 12.50, 12.50),
(139, 'مفصله ركبه كامله خفيفه pareto', 'مفصله بريتو ركبه كامله 60 عاديه', NULL, 'قطعة', 100.00, 10.00, '2025-11-29 14:42:29', '2025-12-01 15:27:20', 9.00, 15.00, 15.00),
(141, 'امير 802 100g', 'امير 802 100g', NULL, 'علبة', 20.00, 3.00, '2025-11-29 14:47:34', '2025-12-02 01:16:05', 55.00, 65.00, 65.00),
(142, 'مفصله عدله محمله pareto', 'مفصله بريتو عدله 70 عاديه', NULL, 'قطعة', 100.00, 10.00, '2025-11-29 14:48:58', '2025-12-01 15:22:07', 11.50, 15.00, 15.00),
(143, 'مفصله نص محمله pareto', 'مفصله بريتو نص 70 عاديه', NULL, 'قطعة', 100.00, 10.00, '2025-11-29 14:49:28', '2025-12-01 15:21:37', 11.50, 15.00, 15.00),
(144, 'تيب عريض', 'تيب عريض', NULL, 'قطعة', 1.00, 0.00, '2025-11-29 20:00:53', '2025-11-29 20:01:15', 50.00, 60.00, 60.00),
(145, 'عود حرف  تي T', 'عود حرف  تي T', NULL, 'عود', 11.00, 5.00, '2025-11-29 20:23:28', '2025-12-18 02:08:02', 85.00, 110.00, 110.00),
(146, 'مجري 30سم بي بلوم سوفت', 'مجري 30سم بي بلوم سوفت', NULL, 'قطعة', 15.00, 5.00, '2025-12-12 08:52:54', '2025-12-12 09:01:58', 120.00, 160.00, 160.00),
(147, 'مجري 35سم بي بلوم سوفت', 'مجري 35سم بي بلوم سوفت', NULL, 'قطعة', 15.00, 5.00, '2025-12-12 08:53:52', '2025-12-12 09:01:58', 130.00, 170.00, 170.00),
(148, 'مجري 40سم بي بلوم سوفت', 'مجري 40سم بي بلوم سوفت', NULL, 'قطعة', 15.00, 5.00, '2025-12-12 08:54:45', '2025-12-12 09:01:58', 140.00, 185.00, 185.00),
(149, 'مجري 45سم بي بلوم سوفت', 'مجري 45سم بي بلوم سوفت', NULL, 'قطعة', 15.00, 5.00, '2025-12-12 08:55:54', '2025-12-12 09:01:58', 150.00, 200.00, 200.00),
(150, 'فرخ صنفره 40 كليتشه', 'فرخ صنفره 40 كليتشه', NULL, 'فرخ', 100.00, 10.00, '2025-12-12 09:04:02', '2025-12-12 09:06:43', 3.00, 5.00, 5.00),
(151, 'مسمار 7سم اصفر 2م', 'مسمار 7سم اصفر 2م', NULL, 'كيلو', 1.00, 0.25, '2025-12-12 09:12:19', '2025-12-12 09:22:11', 85.00, 120.00, 120.00),
(152, 'مسمار 7سم اصفر 3م', 'مسمار 7سم اصفر 3م', NULL, 'كيلو', 1.00, 0.25, '2025-12-12 09:13:56', '2025-12-12 09:22:11', 90.00, 120.00, 120.00),
(153, 'مسمار 8سم اصفر 2م', 'مسمار 8سم اصفر 2م', NULL, 'كيلو', 1.00, 0.25, '2025-12-12 09:14:53', '2025-12-12 09:22:11', 85.00, 120.00, 120.00),
(154, 'عصفروه 4م', 'مسمار فشر عصفروه 4م', NULL, 'قطعة', 100.00, 10.00, '2025-12-12 09:17:48', '2025-12-13 21:58:49', 3.80, 10.00, 8.00),
(155, 'فيسر 6م كيس', 'فيسر 6م كيس', NULL, 'كيس', 5.00, 2.00, '2025-12-12 09:20:02', '2025-12-12 09:22:11', 30.00, 55.00, 55.00),
(156, 'مسمار شويحي دولاب', 'مسمار شويحي دولاب', NULL, 'قطعة', 25.00, 0.00, '2025-12-12 09:28:19', '2025-12-12 09:33:42', 4.00, 6.00, 6.00),
(157, 'مفصله تيربو عدله 40', 'مفصله تيربو عدله 40', NULL, 'قطعة', 29.00, 0.00, '2025-12-12 11:39:25', '2025-12-25 11:49:30', 30.00, 40.00, 40.00),
(158, 'مفصله تيربو نص 40', 'مفصله تيربو نص 40', NULL, 'قطعة', 12.00, 0.00, '2025-12-12 11:39:57', '2025-12-25 11:49:30', 30.00, 40.00, 40.00),
(159, 'سيليكون شفاف', 'سيليكون شفاف', 'يخص اسلام', 'علبة', 1.00, 0.00, '2025-12-16 20:42:15', '2025-12-16 20:42:40', 40.00, 50.00, 50.00),
(160, 'مفصله عقرب عدله باكم', 'مفصله عقرب عدله باكم', NULL, 'قطعة', 16.00, 0.00, '2025-12-18 02:05:53', '2025-12-18 02:08:02', 60.00, 80.00, 80.00),
(161, 'تنر كبير', 'تنر كبير', NULL, 'علبة', 1.00, 0.00, '2025-12-19 23:03:14', '2025-12-19 23:03:42', 100.00, 120.00, 120.00),
(162, 'طقم عجل lucky', 'طقم عجل lucky', NULL, 'طقم', 2.00, 0.00, '2025-12-27 16:32:21', '2025-12-27 16:34:41', 115.00, 150.00, 150.00),
(163, 'طقم المونيا دولاب', 'طقم المونيا دولاب', NULL, 'طقم', 2.00, 0.00, '2025-12-27 16:33:43', '2025-12-27 16:34:41', 110.00, 145.00, 145.00),
(164, 'مسمار بريتو 4سم ابيض PARETO', 'مسمار بريتو 4سم ابيض PARETO', NULL, 'علبة', 20.00, 5.00, '2025-12-27 16:37:11', '2025-12-27 16:37:41', 78.00, 100.00, 120.00);

-- --------------------------------------------------------

--
-- Table structure for table `purchase_invoices`
--

CREATE TABLE `purchase_invoices` (
  `id` int(11) NOT NULL COMMENT 'المعرف التلقائي لفاتورة الشراء',
  `supplier_id` int(11) NOT NULL COMMENT 'معرف المورد (FK to suppliers.id)',
  `supplier_invoice_number` varchar(100) DEFAULT NULL COMMENT 'رقم فاتورة المورد (قد يكون فريداً لكل مورد)',
  `purchase_date` date NOT NULL COMMENT 'تاريخ الشراء/الفاتورة',
  `notes` text DEFAULT NULL COMMENT 'ملاحظات إضافية على الفاتورة',
  `total_amount` decimal(12,2) NOT NULL DEFAULT 0.00 COMMENT 'الإجمالي الكلي للفاتورة (يُحسب من البنود)',
  `status` enum('pending','partial_received','fully_received','cancelled') NOT NULL DEFAULT 'pending' COMMENT 'حالة فاتورة الشراء',
  `created_by` int(11) DEFAULT NULL COMMENT 'معرف المستخدم الذي أنشأ فاتورة الشراء (FK to users.id)',
  `created_at` timestamp NOT NULL DEFAULT current_timestamp() COMMENT 'تاريخ ووقت الإنشاء',
  `updated_by` int(11) DEFAULT NULL COMMENT 'معرف المستخدم الذي آخر من عدل بيانات رأس الفاتورة',
  `updated_at` timestamp NULL DEFAULT NULL ON UPDATE current_timestamp() COMMENT 'تاريخ آخر تعديل',
  `cancel_reason` varchar(255) DEFAULT NULL,
  `revert_reason` varchar(255) DEFAULT NULL
) ENGINE=InnoDB DEFAULT CHARSET=utf8mb4 COLLATE=utf8mb4_unicode_ci COMMENT='جدول فواتير المشتريات (الوارد)';

--
-- Dumping data for table `purchase_invoices`
--

INSERT INTO `purchase_invoices` (`id`, `supplier_id`, `supplier_invoice_number`, `purchase_date`, `notes`, `total_amount`, `status`, `created_by`, `created_at`, `updated_by`, `updated_at`, `cancel_reason`, `revert_reason`) VALUES
(1, 1, '', '2025-10-05', '', 29792.50, 'fully_received', 5, '2025-10-05 16:01:19', NULL, '2025-10-05 16:01:19', NULL, NULL),
(2, 1, '', '2025-10-05', '[2025-10-05 23:15:25] تعديل بنود: اتلغبط فيالجوز مش بالوحده (المحرر: saied_hamdy)\n', 5468.10, 'fully_received', 5, '2025-10-05 17:33:03', 5, '2025-10-05 21:15:25', NULL, NULL),
(3, 1, '', '2025-10-05', '', 850.00, 'fully_received', 5, '2025-10-05 18:56:24', NULL, '2025-10-05 18:56:24', NULL, NULL),
(4, 1, '', '2025-10-05', '', 3180.00, 'fully_received', 5, '2025-10-05 19:39:51', 5, '2025-10-05 20:09:28', NULL, NULL),
(5, 1, '', '2025-10-05', '', 2002.00, 'fully_received', 5, '2025-10-05 20:08:58', 5, '2025-10-05 20:09:25', NULL, NULL),
(6, 1, '', '2025-10-05', '', 6332.00, 'fully_received', 5, '2025-10-05 20:45:42', 5, '2025-10-05 20:46:03', NULL, NULL),
(7, 1, '', '2025-10-05', '', 555.00, 'fully_received', 5, '2025-10-05 21:00:01', 5, '2025-10-05 21:00:20', NULL, NULL),
(8, 1, '', '2025-10-05', '', 901.00, 'fully_received', 5, '2025-10-05 21:11:40', NULL, '2025-10-05 21:11:40', NULL, NULL),
(9, 1, '', '2025-10-05', '', 23.20, 'fully_received', 5, '2025-10-05 21:19:35', NULL, '2025-10-05 21:19:35', NULL, NULL),
(10, 2, '', '2025-10-06', '', 1190.00, 'fully_received', 5, '2025-10-06 18:44:41', 5, '2025-10-06 18:44:50', NULL, NULL),
(11, 1, '', '2025-10-08', '', 212.00, 'fully_received', 5, '2025-10-08 06:27:49', NULL, '2025-10-08 06:27:49', NULL, NULL),
(12, 2, '', '2025-10-08', '', 2140.00, 'fully_received', 8, '2025-10-08 16:12:46', NULL, '2025-10-08 16:12:46', NULL, NULL),
(13, 2, '', '2025-10-09', '', 2880.00, 'fully_received', 8, '2025-10-09 17:29:23', 8, '2025-10-09 17:29:40', NULL, NULL),
(14, 2, '', '2025-10-12', '', 570.00, 'fully_received', 8, '2025-10-12 20:44:17', NULL, '2025-10-12 20:44:17', NULL, NULL),
(15, 2, '', '2025-10-14', '[2025-10-14 15:05:19] تعديل بنود: عدلت سعر البيع (المحرر: saied)\n', 2925.00, 'fully_received', 8, '2025-10-14 12:55:11', 8, '2025-10-14 13:05:19', NULL, NULL),
(16, 2, '', '2025-10-16', '', 595.00, 'fully_received', 8, '2025-10-16 17:14:15', NULL, '2025-10-16 17:14:15', NULL, NULL),
(17, 3, '', '2025-10-20', 'اليوم اللي دخل سعيد فيه الشراكه', 12890.00, 'fully_received', 8, '2025-10-20 20:56:51', NULL, '2025-10-20 20:56:52', NULL, NULL),
(18, 2, '', '2025-10-20', 'ساعة محمد رجب', 100.00, 'fully_received', 8, '2025-10-20 21:03:04', NULL, '2025-10-20 21:03:04', NULL, NULL),
(19, 4, '', '2025-10-24', '', 10745.00, 'fully_received', 8, '2025-10-24 22:34:53', 8, '2025-10-26 20:43:09', NULL, NULL),
(20, 5, '', '2025-10-24', '', 870.00, 'fully_received', 8, '2025-10-24 22:37:44', 8, '2025-10-26 20:43:07', NULL, NULL),
(21, 6, '', '2025-10-24', '', 15175.00, 'fully_received', 8, '2025-10-24 22:54:48', 8, '2025-10-26 20:43:04', NULL, NULL),
(22, 7, '', '2025-10-24', '', 4016.00, 'fully_received', 8, '2025-10-24 22:57:58', 8, '2025-10-26 20:43:01', NULL, NULL),
(23, 1, '', '2025-10-25', '[2025-10-26 20:47:04] إلغاء الفاتورة: 0000 (المحرر: saied)\n', 13.50, 'cancelled', 8, '2025-10-25 05:49:14', 8, '2025-10-26 19:47:04', '0000', NULL),
(24, 8, '', '2025-10-27', '', 200.00, 'fully_received', 8, '2025-10-27 14:49:18', NULL, '2025-10-27 14:49:18', NULL, NULL),
(25, 2, '', '2025-10-27', '', 820.00, 'fully_received', 8, '2025-10-27 18:37:23', NULL, '2025-10-27 18:37:23', NULL, NULL),
(26, 2, '', '2025-10-29', '', 200.00, 'fully_received', 8, '2025-10-29 16:50:21', NULL, '2025-10-29 16:50:21', NULL, NULL),
(27, 8, '', '2025-11-01', '', 100.04, 'fully_received', 8, '2025-11-01 11:53:33', NULL, '2025-11-01 11:53:33', NULL, NULL),
(28, 2, '', '2025-11-03', '[2025-11-04 12:24:59] تعديل بنود: الكرتونه 15 مش 16 (المحرر: saied)\n[2025-11-04 12:25:38] تعديل بنود: نفس الغلطه 15 مش 16 (المحرر: saied)\n', 2580.00, 'fully_received', 8, '2025-11-03 11:34:39', 8, '2025-11-04 11:25:38', NULL, NULL),
(29, 2, '', '2025-11-12', 'دفعتله 1100', 2250.00, 'fully_received', 8, '2025-11-12 20:39:43', NULL, '2025-11-12 20:39:43', NULL, NULL),
(30, 2, '', '2025-11-15', 'يوم المجره السوفت وتاتش', 4628.00, 'fully_received', 8, '2025-11-15 18:45:43', NULL, '2025-11-15 18:45:43', NULL, NULL),
(31, 1, '', '2025-11-16', 'سامح نادي', 2020.00, 'fully_received', 8, '2025-11-16 23:48:55', NULL, '2025-11-16 23:48:55', NULL, NULL),
(32, 2, '', '2025-11-18', '[2025-11-18 13:55:21] إرجاع إلى قيد الانتظار: مضيفتش الكمية (المحرر: saied)\n[2025-11-18 13:55:55] إلغاء الفاتورة: مضيفتش الكمية كاله (المحرر: saied)\n', 106.00, 'cancelled', 8, '2025-11-18 12:54:22', 8, '2025-11-18 12:55:55', 'مضيفتش الكمية كاله', 'مضيفتش الكمية'),
(33, 2, '', '2025-11-18', '', 2650.00, 'fully_received', 8, '2025-11-18 12:56:21', NULL, '2025-11-18 12:56:21', NULL, NULL),
(34, 1, '', '2025-11-19', '', 65.00, 'fully_received', 8, '2025-11-19 14:02:54', NULL, '2025-11-19 14:02:54', NULL, NULL),
(35, 3, '', '2025-11-21', '', 6462.00, 'fully_received', 8, '2025-11-21 04:31:51', NULL, '2025-11-21 04:31:51', NULL, NULL),
(36, 2, '', '2025-11-21', '', 6360.00, 'fully_received', 8, '2025-11-21 23:47:39', NULL, '2025-11-21 23:47:39', NULL, NULL),
(37, 3, '', '2025-11-23', '', 1100.00, 'fully_received', 8, '2025-11-23 16:27:25', NULL, '2025-11-23 16:27:25', NULL, NULL),
(38, 1, '', '2025-11-23', '', 55.00, 'fully_received', 8, '2025-11-23 19:32:11', NULL, '2025-11-23 19:32:11', NULL, NULL),
(39, 8, '', '2025-11-25', '', 96.00, 'fully_received', 8, '2025-11-25 22:58:58', NULL, '2025-11-25 22:58:58', NULL, NULL),
(40, 8, '', '2025-11-27', 'بالبركه', 0.00, 'fully_received', 8, '2025-11-27 00:16:59', NULL, NULL, NULL, NULL),
(41, 8, '', '2025-11-29', '', 50.00, 'fully_received', 8, '2025-11-29 20:01:15', NULL, '2025-11-29 20:01:15', NULL, NULL),
(42, 2, '', '2025-11-29', 'في 15 فكرتونة المجري[2025-11-29 21:19:27] تعديل بنود: المجري نما مش بريتو (المحرر: saied)\n', 8730.00, 'fully_received', 8, '2025-11-29 20:17:45', 8, '2025-11-29 20:19:28', NULL, NULL),
(43, 2, '', '2025-11-29', 'مع الفاتورة السابقة ليها وفيها 15ج فرق', 960.00, 'fully_received', 8, '2025-11-29 20:20:30', NULL, '2025-11-29 20:20:30', NULL, NULL),
(44, 2, '', '2025-11-29', '', 850.00, 'fully_received', 8, '2025-11-29 20:23:51', NULL, '2025-11-29 20:23:51', NULL, NULL),
(45, 2, '', '2025-12-02', '', 1000.00, 'fully_received', 8, '2025-12-02 01:16:05', NULL, '2025-12-02 01:16:05', NULL, NULL),
(46, 2, '', '2025-12-06', '', 108.00, 'fully_received', 8, '2025-12-06 11:02:25', NULL, '2025-12-06 11:02:25', NULL, NULL),
(47, 2, '', '2025-12-08', '', 95.00, 'fully_received', 8, '2025-12-08 14:03:29', NULL, '2025-12-08 14:03:29', NULL, NULL),
(48, 9, '', '2025-12-12', '', 12650.00, 'fully_received', 8, '2025-12-12 09:01:58', NULL, '2025-12-12 09:01:58', NULL, NULL),
(49, 10, '', '2025-12-12', '', 300.00, 'fully_received', 8, '2025-12-12 09:06:43', NULL, '2025-12-12 09:06:43', NULL, NULL),
(50, 11, '', '2025-12-12', '', 790.00, 'fully_received', 8, '2025-12-12 09:22:11', NULL, '2025-12-12 09:22:11', NULL, NULL),
(51, 8, '', '2025-12-12', '', 100.00, 'fully_received', 8, '2025-12-12 09:33:41', NULL, '2025-12-12 09:33:42', NULL, NULL),
(52, 12, '', '2025-12-12', '', 940.00, 'fully_received', 8, '2025-12-12 10:04:00', NULL, '2025-12-12 10:04:00', NULL, NULL),
(53, 2, '', '2025-12-12', '', 1020.00, 'fully_received', 8, '2025-12-12 11:40:59', NULL, '2025-12-12 11:40:59', NULL, NULL),
(54, 8, '', '2025-12-16', '', 40.00, 'fully_received', 8, '2025-12-16 20:42:40', NULL, '2025-12-16 20:42:40', NULL, NULL),
(55, 2, '', '2025-12-18', '', 1040.00, 'fully_received', 8, '2025-12-18 02:08:02', NULL, '2025-12-18 02:08:02', NULL, NULL),
(56, 8, '', '2025-12-19', '', 100.00, 'fully_received', 8, '2025-12-19 23:03:42', NULL, '2025-12-19 23:03:42', NULL, NULL),
(57, 2, '', '2025-12-25', '', 210.00, 'fully_received', 8, '2025-12-25 11:49:30', NULL, '2025-12-25 11:49:30', NULL, NULL),
(58, 2, '', '2025-12-27', '', 450.00, 'fully_received', 8, '2025-12-27 16:34:40', NULL, '2025-12-27 16:34:41', NULL, NULL),
(59, 2, '', '2025-12-27', '', 160.00, 'fully_received', 8, '2025-12-27 16:35:59', NULL, '2025-12-27 16:35:59', NULL, NULL),
(60, 3, '', '2025-12-27', '', 1560.00, 'fully_received', 8, '2025-12-27 16:37:41', NULL, '2025-12-27 16:37:41', NULL, NULL);

-- --------------------------------------------------------

--
-- Table structure for table `purchase_invoice_items`
--

CREATE TABLE `purchase_invoice_items` (
  `id` int(11) NOT NULL COMMENT 'المعرف التلقائي لبند فاتورة الشراء',
  `batch_id` bigint(20) UNSIGNED DEFAULT NULL,
  `purchase_invoice_id` int(11) NOT NULL COMMENT 'معرف فاتورة الشراء (FK to purchase_invoices.id)',
  `product_id` int(11) NOT NULL COMMENT 'معرف المنتج (FK to products.id)',
  `quantity` decimal(13,4) NOT NULL DEFAULT 0.0000,
  `cost_price_per_unit` decimal(10,2) NOT NULL COMMENT 'سعر التكلفة للوحدة من المورد',
  `total_cost` decimal(12,2) NOT NULL COMMENT 'التكلفة الإجمالية للبند (الكمية المطلوبة * سعر التكلفة)',
  `sale_price` decimal(13,4) DEFAULT NULL,
  `created_at` timestamp NOT NULL DEFAULT current_timestamp(),
  `updated_at` timestamp NULL DEFAULT NULL ON UPDATE current_timestamp(),
  `qty_received` decimal(13,4) NOT NULL DEFAULT 0.0000,
  `qty_adjusted` decimal(13,4) DEFAULT NULL,
  `adjustment_reason` varchar(255) DEFAULT NULL,
  `adjusted_by` int(11) DEFAULT NULL,
  `adjusted_at` datetime DEFAULT NULL
) ENGINE=InnoDB DEFAULT CHARSET=utf8mb4 COLLATE=utf8mb4_unicode_ci;

--
-- Dumping data for table `purchase_invoice_items`
--

INSERT INTO `purchase_invoice_items` (`id`, `batch_id`, `purchase_invoice_id`, `product_id`, `quantity`, `cost_price_per_unit`, `total_cost`, `sale_price`, `created_at`, `updated_at`, `qty_received`, `qty_adjusted`, `adjustment_reason`, `adjusted_by`, `adjusted_at`) VALUES
(1, 3, 1, 53, 14.0000, 100.00, 1400.00, 120.0000, '2025-10-05 16:01:19', '2025-10-05 16:01:19', 14.0000, NULL, NULL, NULL, NULL),
(2, 4, 1, 18, 11.0000, 24.50, 269.50, 30.0000, '2025-10-05 16:01:19', '2025-10-05 16:01:19', 11.0000, NULL, NULL, NULL, NULL),
(3, 5, 1, 19, 114.0000, 4.50, 513.00, 10.0000, '2025-10-05 16:01:19', '2025-10-05 16:01:19', 114.0000, NULL, NULL, NULL, NULL),
(4, 6, 1, 10, 16.0000, 48.50, 776.00, 60.0000, '2025-10-05 16:01:19', '2025-10-05 16:01:19', 16.0000, NULL, NULL, NULL, NULL),
(5, 7, 1, 11, 7.0000, 60.00, 420.00, 85.0000, '2025-10-05 16:01:19', '2025-10-05 16:01:19', 7.0000, NULL, NULL, NULL, NULL),
(6, 8, 1, 12, 11.0000, 84.00, 924.00, 95.0000, '2025-10-05 16:01:19', '2025-10-05 16:01:19', 11.0000, NULL, NULL, NULL, NULL),
(7, 9, 1, 13, 4.0000, 120.00, 480.00, 150.0000, '2025-10-05 16:01:19', '2025-10-05 16:01:19', 4.0000, NULL, NULL, NULL, NULL),
(8, 10, 1, 14, 5.0000, 145.00, 725.00, 175.0000, '2025-10-05 16:01:19', '2025-10-05 16:01:19', 5.0000, NULL, NULL, NULL, NULL),
(9, 11, 1, 15, 11.0000, 65.00, 715.00, 90.0000, '2025-10-05 16:01:19', '2025-10-05 16:01:19', 11.0000, NULL, NULL, NULL, NULL),
(10, 12, 1, 16, 10.0000, 97.50, 975.00, 110.0000, '2025-10-05 16:01:19', '2025-10-05 16:01:19', 10.0000, NULL, NULL, NULL, NULL),
(11, 13, 1, 22, 46.0000, 15.50, 713.00, 30.0000, '2025-10-05 16:01:19', '2025-10-05 16:01:19', 46.0000, NULL, NULL, NULL, NULL),
(12, 14, 1, 23, 9.0000, 14.00, 126.00, 25.0000, '2025-10-05 16:01:19', '2025-10-05 16:01:19', 9.0000, NULL, NULL, NULL, NULL),
(13, 15, 1, 36, 21.0000, 40.00, 840.00, 80.0000, '2025-10-05 16:01:19', '2025-10-05 16:01:19', 21.0000, NULL, NULL, NULL, NULL),
(14, 16, 1, 39, 13.0000, 105.00, 1365.00, 120.0000, '2025-10-05 16:01:19', '2025-10-05 16:01:19', 13.0000, NULL, NULL, NULL, NULL),
(15, 17, 1, 24, 26.0000, 11.00, 286.00, 20.0000, '2025-10-05 16:01:19', '2025-10-05 16:01:19', 26.0000, NULL, NULL, NULL, NULL),
(16, 18, 1, 25, 25.0000, 4.00, 100.00, 10.0000, '2025-10-05 16:01:19', '2025-10-05 16:01:19', 25.0000, NULL, NULL, NULL, NULL),
(17, 19, 1, 30, 24.0000, 4.00, 96.00, 10.0000, '2025-10-05 16:01:19', '2025-10-05 16:01:19', 24.0000, NULL, NULL, NULL, NULL),
(18, 20, 1, 40, 9.0000, 45.00, 405.00, 70.0000, '2025-10-05 16:01:19', '2025-10-05 16:01:19', 9.0000, NULL, NULL, NULL, NULL),
(19, 21, 1, 29, 10.0000, 65.00, 650.00, 100.0000, '2025-10-05 16:01:19', '2025-10-05 16:01:19', 10.0000, NULL, NULL, NULL, NULL),
(20, 22, 1, 43, 8.0000, 4.50, 36.00, 7.5000, '2025-10-05 16:01:19', '2025-10-05 16:01:19', 8.0000, NULL, NULL, NULL, NULL),
(21, 23, 1, 17, 10.0000, 106.00, 1060.00, 120.0000, '2025-10-05 16:01:19', '2025-10-05 16:01:19', 10.0000, NULL, NULL, NULL, NULL),
(22, 24, 1, 45, 13.0000, 145.00, 1885.00, 175.0000, '2025-10-05 16:01:19', '2025-10-05 16:01:19', 13.0000, NULL, NULL, NULL, NULL),
(23, 25, 1, 28, 31.0000, 3.00, 93.00, 5.0000, '2025-10-05 16:01:19', '2025-10-05 16:01:19', 31.0000, NULL, NULL, NULL, NULL),
(24, 26, 1, 27, 32.0000, 3.00, 96.00, 5.0000, '2025-10-05 16:01:19', '2025-10-05 16:01:19', 32.0000, NULL, NULL, NULL, NULL),
(25, 27, 1, 71, 2.0000, 25.00, 50.00, 50.0000, '2025-10-05 16:01:19', '2025-10-05 16:01:19', 2.0000, NULL, NULL, NULL, NULL),
(26, 28, 1, 35, 3.1000, 75.00, 232.50, 100.0000, '2025-10-05 16:01:19', '2025-10-05 16:01:19', 3.1000, NULL, NULL, NULL, NULL),
(27, 29, 1, 33, 3.5000, 75.00, 262.50, 100.0000, '2025-10-05 16:01:19', '2025-10-05 16:01:19', 3.5000, NULL, NULL, NULL, NULL),
(28, 30, 1, 41, 2.0000, 275.00, 550.00, 320.0000, '2025-10-05 16:01:19', '2025-10-05 16:01:19', 2.0000, NULL, NULL, NULL, NULL),
(29, 31, 1, 42, 1.0000, 275.00, 275.00, 320.0000, '2025-10-05 16:01:19', '2025-10-05 16:01:19', 1.0000, NULL, NULL, NULL, NULL),
(30, 32, 1, 68, 24.0000, 23.50, 564.00, 30.0000, '2025-10-05 16:01:19', '2025-10-05 16:01:19', 24.0000, NULL, NULL, NULL, NULL),
(31, 33, 1, 34, 19.0000, 84.00, 1596.00, 100.0000, '2025-10-05 16:01:19', '2025-10-05 16:01:19', 19.0000, NULL, NULL, NULL, NULL),
(32, 34, 1, 6, 1.2500, 84.00, 105.00, 100.0000, '2025-10-05 16:01:19', '2025-10-05 16:01:19', 1.2500, NULL, NULL, NULL, NULL),
(33, 35, 1, 7, 8.2500, 84.00, 693.00, 100.0000, '2025-10-05 16:01:19', '2025-10-05 16:01:19', 8.2500, NULL, NULL, NULL, NULL),
(34, 36, 1, 8, 9.5000, 84.00, 798.00, 100.0000, '2025-10-05 16:01:19', '2025-10-05 16:01:19', 9.5000, NULL, NULL, NULL, NULL),
(35, 37, 1, 9, 5.0000, 84.00, 420.00, 100.0000, '2025-10-05 16:01:19', '2025-10-05 16:01:19', 5.0000, NULL, NULL, NULL, NULL),
(36, 38, 1, 60, 4.0000, 14.00, 56.00, 20.0000, '2025-10-05 16:01:19', '2025-10-05 16:01:19', 4.0000, NULL, NULL, NULL, NULL),
(37, 39, 1, 61, 17.0000, 12.00, 204.00, 15.0000, '2025-10-05 16:01:19', '2025-10-05 16:01:19', 17.0000, NULL, NULL, NULL, NULL),
(38, 40, 1, 2, 12.0000, 8.50, 102.00, 15.0000, '2025-10-05 16:01:19', '2025-10-05 16:01:19', 12.0000, NULL, NULL, NULL, NULL),
(39, 41, 1, 21, 11.0000, 16.00, 176.00, 25.0000, '2025-10-05 16:01:19', '2025-10-05 16:01:19', 11.0000, NULL, NULL, NULL, NULL),
(40, 42, 1, 38, 9.0000, 154.00, 1386.00, 190.0000, '2025-10-05 16:01:19', '2025-10-05 16:01:19', 9.0000, NULL, NULL, NULL, NULL),
(41, 43, 1, 37, 15.0000, 100.00, 1500.00, 130.0000, '2025-10-05 16:01:19', '2025-10-05 16:01:19', 15.0000, NULL, NULL, NULL, NULL),
(42, 44, 1, 3, 29.0000, 70.00, 2030.00, 85.0000, '2025-10-05 16:01:19', '2025-10-05 16:01:19', 29.0000, NULL, NULL, NULL, NULL),
(43, 45, 1, 4, 40.0000, 70.00, 2800.00, 85.0000, '2025-10-05 16:01:19', '2025-10-05 16:01:19', 40.0000, NULL, NULL, NULL, NULL),
(44, 46, 1, 1, 116.0000, 9.00, 1044.00, 20.0000, '2025-10-05 16:01:19', '2025-10-05 16:01:19', 116.0000, NULL, NULL, NULL, NULL),
(45, 47, 2, 66, 349.0000, 0.75, 261.75, 1.0000, '2025-10-05 17:33:03', '2025-10-05 21:15:25', 349.0000, 0.0000, 'اتلغبط فيالجوز مش بالوحده', 5, '2025-10-05 23:15:25'),
(46, 48, 2, 72, 75.0000, 0.85, 63.75, 2.0000, '2025-10-05 17:33:03', '2025-10-05 21:15:25', 75.0000, 0.0000, 'اتلغبط فيالجوز مش بالوحده', 5, '2025-10-05 23:15:25'),
(47, 49, 2, 46, 50.0000, 4.50, 225.00, 10.0000, '2025-10-05 17:33:03', '2025-10-05 21:15:25', 50.0000, -50.0000, 'اتلغبط فيالجوز مش بالوحده', 5, '2025-10-05 23:15:25'),
(48, 50, 2, 63, 439.0000, 9.00, 3951.00, 15.0000, '2025-10-05 17:33:03', '2025-10-05 21:15:25', 439.0000, 0.0000, 'اتلغبط فيالجوز مش بالوحده', 5, '2025-10-05 23:15:25'),
(49, 51, 2, 64, 147.0000, 3.50, 514.50, 5.0000, '2025-10-05 17:33:03', '2025-10-05 21:15:25', 147.0000, 0.0000, 'اتلغبط فيالجوز مش بالوحده', 5, '2025-10-05 23:15:25'),
(50, 52, 2, 62, 250.0000, 0.25, 62.50, 0.5000, '2025-10-05 17:33:03', '2025-10-05 21:15:25', 250.0000, 0.0000, 'اتلغبط فيالجوز مش بالوحده', 5, '2025-10-05 23:15:25'),
(51, 53, 2, 65, 80.0000, 4.00, 320.00, 10.0000, '2025-10-05 17:33:03', '2025-10-05 21:15:25', 80.0000, 0.0000, 'اتلغبط فيالجوز مش بالوحده', 5, '2025-10-05 23:15:25'),
(52, 54, 2, 73, 58.0000, 1.20, 69.60, 3.0000, '2025-10-05 17:33:03', '2025-10-05 21:15:25', 58.0000, 0.0000, 'اتلغبط فيالجوز مش بالوحده', 5, '2025-10-05 23:15:25'),
(53, 55, 3, 2, 100.0000, 8.50, 850.00, 15.0000, '2025-10-05 18:56:24', '2025-10-05 18:56:24', 100.0000, NULL, NULL, NULL, NULL),
(54, 60, 4, 69, 65.0000, 20.00, 1300.00, 25.0000, '2025-10-05 19:39:51', '2025-10-05 20:09:28', 65.0000, NULL, NULL, NULL, NULL),
(55, 61, 4, 49, 94.0000, 20.00, 1880.00, 35.0000, '2025-10-05 19:39:51', '2025-10-05 20:09:28', 94.0000, NULL, NULL, NULL, NULL),
(56, 56, 5, 59, 7.0000, 64.00, 448.00, 75.0000, '2025-10-05 20:08:58', '2025-10-05 20:09:25', 7.0000, NULL, NULL, NULL, NULL),
(57, 57, 5, 58, 12.0000, 79.00, 948.00, 95.0000, '2025-10-05 20:08:58', '2025-10-05 20:09:25', 12.0000, NULL, NULL, NULL, NULL),
(58, 58, 5, 56, 6.0000, 65.00, 390.00, 75.0000, '2025-10-05 20:08:58', '2025-10-05 20:09:25', 6.0000, NULL, NULL, NULL, NULL),
(59, 59, 5, 57, 3.0000, 72.00, 216.00, 85.0000, '2025-10-05 20:08:58', '2025-10-05 20:09:25', 3.0000, NULL, NULL, NULL, NULL),
(60, 62, 6, 52, 116.0000, 13.50, 1566.00, 20.0000, '2025-10-05 20:45:42', '2025-10-05 20:46:03', 116.0000, NULL, NULL, NULL, NULL),
(61, 63, 6, 74, 70.0000, 19.00, 1330.00, 25.0000, '2025-10-05 20:45:42', '2025-10-05 20:46:03', 70.0000, NULL, NULL, NULL, NULL),
(62, 64, 6, 50, 42.0000, 19.00, 798.00, 25.0000, '2025-10-05 20:45:42', '2025-10-05 20:46:03', 42.0000, NULL, NULL, NULL, NULL),
(63, 65, 6, 76, 36.0000, 35.00, 1260.00, 40.0000, '2025-10-05 20:45:42', '2025-10-05 20:46:03', 36.0000, NULL, NULL, NULL, NULL),
(64, 66, 6, 51, 22.0000, 35.00, 770.00, 40.0000, '2025-10-05 20:45:42', '2025-10-05 20:46:03', 22.0000, NULL, NULL, NULL, NULL),
(65, 67, 6, 75, 32.0000, 19.00, 608.00, 25.0000, '2025-10-05 20:45:42', '2025-10-05 20:46:03', 32.0000, NULL, NULL, NULL, NULL),
(66, 68, 7, 81, 1.0000, 60.00, 60.00, 85.0000, '2025-10-05 21:00:01', '2025-10-05 21:00:20', 1.0000, NULL, NULL, NULL, NULL),
(67, 69, 7, 79, 1.0000, 63.00, 63.00, 70.0000, '2025-10-05 21:00:01', '2025-10-05 21:00:20', 1.0000, NULL, NULL, NULL, NULL),
(68, 70, 7, 78, 3.0000, 54.00, 162.00, 65.0000, '2025-10-05 21:00:01', '2025-10-05 21:00:20', 3.0000, NULL, NULL, NULL, NULL),
(69, 71, 7, 77, 6.0000, 45.00, 270.00, 60.0000, '2025-10-05 21:00:01', '2025-10-05 21:00:20', 6.0000, NULL, NULL, NULL, NULL),
(70, 72, 7, 80, 1.0000, 0.00, 0.00, 70.0000, '2025-10-05 21:00:01', '2025-10-05 21:00:20', 1.0000, NULL, NULL, NULL, NULL),
(71, 73, 8, 84, 1.0000, 145.00, 145.00, 180.0000, '2025-10-05 21:11:40', '2025-10-05 21:11:40', 1.0000, NULL, NULL, NULL, NULL),
(72, 74, 8, 83, 5.0000, 0.00, 0.00, 0.0000, '2025-10-05 21:11:40', '2025-10-05 21:11:40', 5.0000, NULL, NULL, NULL, NULL),
(73, 75, 8, 48, 32.0000, 18.00, 576.00, 25.0000, '2025-10-05 21:11:40', '2025-10-05 21:11:40', 32.0000, NULL, NULL, NULL, NULL),
(74, 76, 8, 70, 9.0000, 20.00, 180.00, 25.0000, '2025-10-05 21:11:40', '2025-10-05 21:11:40', 9.0000, NULL, NULL, NULL, NULL),
(75, 77, 9, 45, 0.1600, 145.00, 23.20, 175.0000, '2025-10-05 21:19:35', '2025-10-05 21:19:35', 0.1600, NULL, NULL, NULL, NULL),
(76, 78, 10, 84, 7.0000, 170.00, 1190.00, 200.0000, '2025-10-06 18:44:41', '2025-10-06 18:44:50', 7.0000, NULL, NULL, NULL, NULL),
(77, 79, 11, 17, 2.0000, 106.00, 212.00, 120.0000, '2025-10-08 06:27:49', '2025-10-08 06:27:49', 2.0000, NULL, NULL, NULL, NULL),
(78, 80, 12, 86, 189.0000, 0.79, 150.00, 2.5000, '2025-10-08 16:12:46', '2025-10-08 16:12:46', 189.0000, NULL, NULL, NULL, NULL),
(79, 81, 12, 67, 12.0000, 20.83, 250.00, 30.0000, '2025-10-08 16:12:46', '2025-10-08 16:12:46', 12.0000, NULL, NULL, NULL, NULL),
(80, 82, 12, 6, 10.0000, 84.00, 840.00, 100.0000, '2025-10-08 16:12:46', '2025-10-08 16:12:46', 10.0000, NULL, NULL, NULL, NULL),
(81, 83, 12, 85, 99.0000, 6.06, 600.00, 10.0000, '2025-10-08 16:12:46', '2025-10-08 16:12:46', 99.0000, NULL, NULL, NULL, NULL),
(82, 84, 12, 44, 50.0000, 6.00, 300.00, 10.0000, '2025-10-08 16:12:46', '2025-10-08 16:12:46', 50.0000, NULL, NULL, NULL, NULL),
(83, 85, 13, 55, 15.0000, 57.00, 855.00, 65.0000, '2025-10-09 17:29:23', '2025-10-09 17:29:40', 15.0000, NULL, NULL, NULL, NULL),
(84, 86, 13, 56, 15.0000, 64.00, 960.00, 75.0000, '2025-10-09 17:29:23', '2025-10-09 17:29:40', 15.0000, NULL, NULL, NULL, NULL),
(85, 87, 13, 57, 15.0000, 71.00, 1065.00, 85.0000, '2025-10-09 17:29:23', '2025-10-09 17:29:40', 15.0000, NULL, NULL, NULL, NULL),
(86, 88, 14, 87, 10.0000, 57.00, 570.00, 65.0000, '2025-10-12 20:44:17', '2025-10-12 20:44:17', 10.0000, NULL, NULL, NULL, NULL),
(87, 89, 15, 17, 15.0000, 110.00, 1650.00, 125.0000, '2025-10-14 12:55:11', '2025-10-14 13:05:19', 15.0000, 0.0000, 'عدلت سعر البيع', 8, '2025-10-14 15:05:19'),
(88, 90, 15, 88, 15.0000, 85.00, 1275.00, 100.0000, '2025-10-14 12:55:11', '2025-10-25 05:34:41', 15.0000, 0.0000, 'عدلت سعر البيع', 8, '2025-10-14 15:05:19'),
(89, 91, 16, 89, 1.0000, 190.00, 190.00, 210.0000, '2025-10-16 17:14:15', '2025-10-16 17:14:15', 1.0000, NULL, NULL, NULL, NULL),
(90, 92, 16, 84, 1.0000, 180.00, 180.00, 200.0000, '2025-10-16 17:14:15', '2025-10-16 17:14:15', 1.0000, NULL, NULL, NULL, NULL),
(91, 93, 16, 90, 3.0000, 75.00, 225.00, 80.0000, '2025-10-16 17:14:15', '2025-10-16 17:14:15', 3.0000, NULL, NULL, NULL, NULL),
(92, 94, 17, 93, 20.0000, 78.00, 1560.00, 100.0000, '2025-10-20 20:56:51', '2025-10-20 20:56:51', 20.0000, NULL, NULL, NULL, NULL),
(93, 95, 17, 94, 20.0000, 78.00, 1560.00, 100.0000, '2025-10-20 20:56:51', '2025-10-20 20:56:51', 20.0000, NULL, NULL, NULL, NULL),
(94, 96, 17, 95, 20.0000, 78.00, 1560.00, 100.0000, '2025-10-20 20:56:51', '2025-10-20 20:56:51', 20.0000, NULL, NULL, NULL, NULL),
(95, 97, 17, 96, 20.0000, 78.00, 1560.00, 100.0000, '2025-10-20 20:56:51', '2025-10-20 20:56:51', 20.0000, NULL, NULL, NULL, NULL),
(96, 98, 17, 55, 15.0000, 57.00, 855.00, 65.0000, '2025-10-20 20:56:51', '2025-10-20 20:56:51', 15.0000, NULL, NULL, NULL, NULL),
(97, 99, 17, 56, 15.0000, 64.00, 960.00, 75.0000, '2025-10-20 20:56:51', '2025-10-20 20:56:52', 15.0000, NULL, NULL, NULL, NULL),
(98, 100, 17, 57, 15.0000, 71.00, 1065.00, 85.0000, '2025-10-20 20:56:52', '2025-10-20 20:56:52', 15.0000, NULL, NULL, NULL, NULL),
(99, 101, 17, 58, 15.0000, 78.00, 1170.00, 95.0000, '2025-10-20 20:56:52', '2025-10-20 20:56:52', 15.0000, NULL, NULL, NULL, NULL),
(100, 102, 17, 91, 100.0000, 15.00, 1500.00, 30.0000, '2025-10-20 20:56:52', '2025-10-20 20:56:52', 100.0000, NULL, NULL, NULL, NULL),
(101, 103, 17, 92, 10.0000, 110.00, 1100.00, 150.0000, '2025-10-20 20:56:52', '2025-10-20 20:56:52', 10.0000, NULL, NULL, NULL, NULL),
(102, 104, 18, 97, 1.0000, 100.00, 100.00, 150.0000, '2025-10-20 21:03:04', '2025-10-20 21:03:04', 1.0000, NULL, NULL, NULL, NULL),
(103, 122, 19, 44, 300.0000, 4.00, 1200.00, 10.0000, '2025-10-24 22:34:53', '2025-10-26 20:43:09', 300.0000, NULL, NULL, NULL, NULL),
(104, 123, 19, 43, 50.0000, 4.00, 200.00, 10.0000, '2025-10-24 22:34:53', '2025-10-26 20:43:09', 50.0000, NULL, NULL, NULL, NULL),
(105, 124, 19, 33, 1.0000, 70.00, 70.00, 100.0000, '2025-10-24 22:34:53', '2025-10-26 20:43:09', 1.0000, NULL, NULL, NULL, NULL),
(106, 125, 19, 22, 50.0000, 15.00, 750.00, 30.0000, '2025-10-24 22:34:53', '2025-10-26 20:43:09', 50.0000, NULL, NULL, NULL, NULL),
(107, 126, 19, 109, 40.0000, 43.00, 1720.00, 55.0000, '2025-10-24 22:34:53', '2025-10-26 20:43:09', 40.0000, NULL, NULL, NULL, NULL),
(108, 127, 19, 110, 40.0000, 45.00, 1800.00, 60.0000, '2025-10-24 22:34:53', '2025-10-26 20:43:09', 40.0000, NULL, NULL, NULL, NULL),
(109, 128, 19, 111, 100.0000, 13.00, 1300.00, 25.0000, '2025-10-24 22:34:53', '2025-10-26 20:43:09', 100.0000, NULL, NULL, NULL, NULL),
(110, 129, 19, 112, 300.0000, 1.00, 300.00, 2.5000, '2025-10-24 22:34:53', '2025-10-26 20:43:09', 300.0000, NULL, NULL, NULL, NULL),
(111, 130, 19, 113, 200.0000, 2.00, 400.00, 2.5000, '2025-10-24 22:34:53', '2025-10-26 20:43:09', 200.0000, NULL, NULL, NULL, NULL),
(112, 131, 19, 108, 25.0000, 37.00, 925.00, 60.0000, '2025-10-24 22:34:53', '2025-10-26 20:43:09', 25.0000, NULL, NULL, NULL, NULL),
(113, 132, 19, 45, 16.0000, 130.00, 2080.00, 175.0000, '2025-10-24 22:34:53', '2025-10-26 20:43:09', 16.0000, NULL, NULL, NULL, NULL),
(114, 121, 20, 100, 12.0000, 72.50, 870.00, 100.0000, '2025-10-24 22:37:44', '2025-10-26 20:43:07', 12.0000, NULL, NULL, NULL, NULL),
(115, 108, 21, 114, 5.0000, 130.00, 650.00, 175.0000, '2025-10-24 22:54:48', '2025-10-26 20:43:04', 5.0000, NULL, NULL, NULL, NULL),
(116, 109, 21, 101, 10.0000, 130.00, 1300.00, 175.0000, '2025-10-24 22:54:48', '2025-10-26 20:43:04', 10.0000, NULL, NULL, NULL, NULL),
(117, 110, 21, 84, 15.0000, 140.00, 2100.00, 200.0000, '2025-10-24 22:54:48', '2025-10-26 20:43:04', 15.0000, NULL, NULL, NULL, NULL),
(118, 111, 21, 102, 200.0000, 17.00, 3400.00, 25.0000, '2025-10-24 22:54:48', '2025-10-26 20:43:04', 200.0000, NULL, NULL, NULL, NULL),
(119, 112, 21, 104, 600.0000, 1.25, 750.00, 2.5000, '2025-10-24 22:54:48', '2025-10-26 20:43:04', 600.0000, NULL, NULL, NULL, NULL),
(120, 113, 21, 103, 200.0000, 1.50, 300.00, 2.5000, '2025-10-24 22:54:48', '2025-10-26 20:43:04', 200.0000, NULL, NULL, NULL, NULL),
(121, 114, 21, 61, 50.0000, 12.00, 600.00, 15.0000, '2025-10-24 22:54:48', '2025-10-26 20:43:04', 50.0000, NULL, NULL, NULL, NULL),
(122, 115, 21, 105, 40.0000, 14.00, 560.00, 25.0000, '2025-10-24 22:54:48', '2025-10-26 20:43:04', 40.0000, NULL, NULL, NULL, NULL),
(123, 116, 21, 106, 100.0000, 0.65, 65.00, 2.0000, '2025-10-24 22:54:48', '2025-10-26 20:43:04', 100.0000, NULL, NULL, NULL, NULL),
(124, 117, 21, 35, 2.0000, 75.00, 150.00, 100.0000, '2025-10-24 22:54:48', '2025-10-26 20:43:04', 2.0000, NULL, NULL, NULL, NULL),
(125, 118, 21, 107, 40.0000, 40.00, 1600.00, 55.0000, '2025-10-24 22:54:48', '2025-10-26 20:43:04', 40.0000, NULL, NULL, NULL, NULL),
(126, 119, 21, 47, 40.0000, 45.00, 1800.00, 60.0000, '2025-10-24 22:54:48', '2025-10-26 20:43:04', 40.0000, NULL, NULL, NULL, NULL),
(127, 120, 21, 23, 100.0000, 19.00, 1900.00, 25.0000, '2025-10-24 22:54:48', '2025-10-26 20:43:04', 100.0000, NULL, NULL, NULL, NULL),
(128, 105, 22, 98, 12.0000, 120.00, 1440.00, 150.0000, '2025-10-24 22:57:58', '2025-10-26 20:43:01', 12.0000, NULL, NULL, NULL, NULL),
(129, 106, 22, 99, 24.0000, 74.00, 1776.00, 90.0000, '2025-10-24 22:57:58', '2025-10-26 20:43:01', 24.0000, NULL, NULL, NULL, NULL),
(130, 107, 22, 21, 50.0000, 16.00, 800.00, 25.0000, '2025-10-24 22:57:58', '2025-10-26 20:43:01', 50.0000, NULL, NULL, NULL, NULL),
(131, NULL, 23, 19, 3.0000, 4.50, 13.50, 10.0000, '2025-10-25 05:49:14', NULL, 0.0000, NULL, NULL, NULL, NULL),
(132, 133, 24, 105, 10.0000, 20.00, 200.00, 25.0000, '2025-10-27 14:49:18', '2025-10-27 14:49:18', 10.0000, NULL, NULL, NULL, NULL),
(133, 134, 25, 116, 1.0000, 160.00, 160.00, 180.0000, '2025-10-27 18:37:23', '2025-10-27 18:37:23', 1.0000, NULL, NULL, NULL, NULL),
(134, 135, 25, 115, 12.0000, 55.00, 660.00, 65.0000, '2025-10-27 18:37:23', '2025-10-27 18:37:23', 12.0000, NULL, NULL, NULL, NULL),
(135, 136, 26, 117, 8.0000, 25.00, 200.00, 40.0000, '2025-10-29 16:50:21', '2025-10-29 16:50:21', 8.0000, NULL, NULL, NULL, NULL),
(136, 137, 27, 118, 0.8200, 122.00, 100.04, 180.0000, '2025-11-01 11:53:33', '2025-11-01 11:53:33', 0.8200, NULL, NULL, NULL, NULL),
(137, 138, 28, 84, 15.0000, 160.00, 2400.00, 200.0000, '2025-11-03 11:34:39', '2025-11-04 11:25:38', 15.0000, 0.0000, 'نفس الغلطه 15 مش 16', 8, '2025-11-04 13:25:38'),
(138, 139, 28, 72, 200.0000, 0.90, 180.00, 2.0000, '2025-11-03 11:34:39', '2025-11-04 11:25:38', 200.0000, 0.0000, 'نفس الغلطه 15 مش 16', 8, '2025-11-04 13:25:38'),
(139, 140, 29, 119, 15.0000, 150.00, 2250.00, 0.0000, '2025-11-12 20:39:43', '2025-11-12 20:39:43', 15.0000, NULL, NULL, NULL, NULL),
(140, 141, 30, 38, 24.0000, 142.00, 3408.00, 190.0000, '2025-11-15 18:45:43', '2025-11-15 18:45:43', 24.0000, NULL, NULL, NULL, NULL),
(141, 142, 30, 122, 100.0000, 2.60, 260.00, 5.0000, '2025-11-15 18:45:43', '2025-11-15 18:45:43', 100.0000, NULL, NULL, NULL, NULL),
(142, 143, 30, 28, 100.0000, 2.60, 260.00, 5.0000, '2025-11-15 18:45:43', '2025-11-15 18:45:43', 100.0000, NULL, NULL, NULL, NULL),
(143, 144, 30, 121, 100.0000, 2.60, 260.00, 5.0000, '2025-11-15 18:45:43', '2025-11-15 18:45:43', 100.0000, NULL, NULL, NULL, NULL),
(144, 145, 30, 72, 200.0000, 0.95, 190.00, 2.0000, '2025-11-15 18:45:43', '2025-11-15 18:45:43', 200.0000, NULL, NULL, NULL, NULL),
(145, 146, 30, 67, 12.0000, 20.83, 250.00, 30.0000, '2025-11-15 18:45:43', '2025-11-15 18:45:43', 12.0000, NULL, NULL, NULL, NULL),
(146, 147, 31, 123, 20.0000, 47.00, 940.00, 65.0000, '2025-11-16 23:48:55', '2025-11-16 23:48:55', 20.0000, NULL, NULL, NULL, NULL),
(147, 148, 31, 78, 20.0000, 54.00, 1080.00, 75.0000, '2025-11-16 23:48:55', '2025-11-16 23:48:55', 20.0000, NULL, NULL, NULL, NULL),
(148, NULL, 32, 124, 1.0000, 106.00, 106.00, 125.0000, '2025-11-18 12:54:22', '2025-11-18 12:55:21', 0.0000, NULL, NULL, NULL, NULL),
(149, 150, 33, 124, 25.0000, 106.00, 2650.00, 125.0000, '2025-11-18 12:56:21', '2025-11-18 12:56:21', 25.0000, NULL, NULL, NULL, NULL),
(150, 151, 34, 125, 1.0000, 65.00, 65.00, 100.0000, '2025-11-19 14:02:54', '2025-11-19 14:02:54', 1.0000, NULL, NULL, NULL, NULL),
(151, 152, 35, 128, 50.0000, 8.00, 400.00, 20.0000, '2025-11-21 04:31:51', '2025-11-21 04:31:51', 50.0000, NULL, NULL, NULL, NULL),
(152, 153, 35, 127, 50.0000, 7.00, 350.00, 25.0000, '2025-11-21 04:31:51', '2025-11-21 04:31:51', 50.0000, NULL, NULL, NULL, NULL),
(153, 154, 35, 126, 50.0000, 12.00, 600.00, 25.0000, '2025-11-21 04:31:51', '2025-11-21 04:31:51', 50.0000, NULL, NULL, NULL, NULL),
(154, 155, 35, 74, 200.0000, 18.00, 3600.00, 25.0000, '2025-11-21 04:31:51', '2025-11-21 04:31:51', 200.0000, NULL, NULL, NULL, NULL),
(155, 156, 35, 129, 20.0000, 75.60, 1512.00, 90.0000, '2025-11-21 04:31:51', '2025-11-21 04:31:51', 20.0000, NULL, NULL, NULL, NULL),
(156, 157, 36, 131, 20.0000, 150.00, 3000.00, 200.0000, '2025-11-21 23:47:39', '2025-11-21 23:47:39', 20.0000, NULL, NULL, NULL, NULL),
(157, 158, 36, 130, 20.0000, 160.00, 3200.00, 210.0000, '2025-11-21 23:47:39', '2025-11-21 23:47:39', 20.0000, NULL, NULL, NULL, NULL),
(158, 159, 36, 106, 200.0000, 0.80, 160.00, 2.0000, '2025-11-21 23:47:39', '2025-11-21 23:47:39', 200.0000, NULL, NULL, NULL, NULL),
(159, 160, 37, 120, 20.0000, 55.00, 1100.00, 85.0000, '2025-11-23 16:27:25', '2025-11-23 16:27:25', 20.0000, NULL, NULL, NULL, NULL),
(160, 161, 38, 132, 1.0000, 55.00, 55.00, 60.0000, '2025-11-23 19:32:11', '2025-11-23 19:32:11', 1.0000, NULL, NULL, NULL, NULL),
(161, 162, 39, 133, 8.0000, 12.00, 96.00, 15.0000, '2025-11-25 22:58:58', '2025-11-25 22:58:58', 8.0000, NULL, NULL, NULL, NULL),
(162, 163, 40, 136, 100.0000, 0.00, 0.00, 0.0000, '2025-11-27 00:16:59', '2025-11-27 00:16:59', 100.0000, NULL, NULL, NULL, NULL),
(163, 164, 40, 134, 100.0000, 0.00, 0.00, 0.0000, '2025-11-27 00:16:59', '2025-11-27 00:16:59', 100.0000, NULL, NULL, NULL, NULL),
(164, 165, 40, 135, 100.0000, 0.00, 0.00, 0.0000, '2025-11-27 00:16:59', '2025-11-27 00:16:59', 100.0000, NULL, NULL, NULL, NULL),
(165, 166, 41, 144, 1.0000, 50.00, 50.00, 60.0000, '2025-11-29 20:01:15', '2025-11-29 20:01:15', 1.0000, NULL, NULL, NULL, NULL),
(166, 167, 42, 75, 100.0000, 20.00, 2000.00, 25.0000, '2025-11-29 20:17:45', '2025-11-29 20:19:27', 100.0000, 0.0000, 'المجري نما مش بريتو', 8, '2025-11-29 22:19:27'),
(167, 168, 42, 50, 100.0000, 15.00, 1500.00, 25.0000, '2025-11-29 20:17:45', '2025-11-29 20:19:27', 100.0000, 0.0000, 'المجري نما مش بريتو', 8, '2025-11-29 22:19:27'),
(168, 169, 42, 139, 100.0000, 9.00, 900.00, 12.0000, '2025-11-29 20:17:45', '2025-11-29 20:19:27', 100.0000, 0.0000, 'المجري نما مش بريتو', 8, '2025-11-29 22:19:27'),
(169, 170, 42, 138, 100.0000, 6.50, 650.00, 10.0000, '2025-11-29 20:17:45', '2025-11-29 20:19:27', 100.0000, 0.0000, 'المجري نما مش بريتو', 8, '2025-11-29 22:19:27'),
(170, 171, 42, 137, 100.0000, 6.50, 650.00, 10.0000, '2025-11-29 20:17:45', '2025-11-29 20:19:27', 100.0000, 0.0000, 'المجري نما مش بريتو', 8, '2025-11-29 22:19:27'),
(171, 172, 42, 123, 0.0000, 0.00, 0.00, 0.0000, '2025-11-29 20:17:45', '2025-11-29 20:19:27', 0.0000, -15.0000, 'المجري نما مش بريتو', 8, '2025-11-29 22:19:27'),
(172, 173, 42, 141, 10.0000, 55.00, 550.00, 65.0000, '2025-11-29 20:17:45', '2025-11-29 20:19:27', 10.0000, 0.0000, 'المجري نما مش بريتو', 8, '2025-11-29 22:19:27'),
(173, 174, 42, 142, 100.0000, 11.50, 1150.00, 15.0000, '2025-11-29 20:17:45', '2025-11-29 20:19:27', 100.0000, 0.0000, 'المجري نما مش بريتو', 8, '2025-11-29 22:19:27'),
(174, 175, 42, 143, 100.0000, 11.50, 1150.00, 15.0000, '2025-11-29 20:17:45', '2025-11-29 20:19:27', 100.0000, 0.0000, 'المجري نما مش بريتو', 8, '2025-11-29 22:19:27'),
(175, 176, 42, 135, 2.0000, 45.00, 90.00, 0.0000, '2025-11-29 20:17:45', '2025-11-29 20:19:27', 2.0000, 0.0000, 'المجري نما مش بريتو', 8, '2025-11-29 22:19:27'),
(176, 177, 42, 134, 2.0000, 45.00, 90.00, 0.0000, '2025-11-29 20:17:45', '2025-11-29 20:19:27', 2.0000, 0.0000, 'المجري نما مش بريتو', 8, '2025-11-29 22:19:27'),
(177, 178, 43, 56, 15.0000, 64.00, 960.00, 75.0000, '2025-11-29 20:20:30', '2025-11-29 20:20:30', 15.0000, NULL, NULL, NULL, NULL),
(178, 179, 44, 145, 10.0000, 85.00, 850.00, 110.0000, '2025-11-29 20:23:51', '2025-11-29 20:23:51', 10.0000, NULL, NULL, NULL, NULL),
(179, 180, 45, 116, 3.0000, 150.00, 450.00, 180.0000, '2025-12-02 01:16:05', '2025-12-02 01:16:05', 3.0000, NULL, NULL, NULL, NULL),
(180, 181, 45, 141, 10.0000, 55.00, 550.00, 65.0000, '2025-12-02 01:16:05', '2025-12-02 01:16:05', 10.0000, NULL, NULL, NULL, NULL),
(181, 182, 46, 73, 90.0000, 1.20, 108.00, 3.0000, '2025-12-06 11:02:25', '2025-12-06 11:02:25', 90.0000, NULL, NULL, NULL, NULL),
(182, 183, 47, 73, 73.0000, 1.30, 95.00, 3.0000, '2025-12-08 14:03:29', '2025-12-08 14:03:29', 73.0000, NULL, NULL, NULL, NULL),
(183, 184, 48, 146, 15.0000, 120.00, 1800.00, 160.0000, '2025-12-12 09:01:58', '2025-12-12 09:01:58', 15.0000, NULL, NULL, NULL, NULL),
(184, 185, 48, 147, 15.0000, 130.00, 1950.00, 170.0000, '2025-12-12 09:01:58', '2025-12-12 09:01:58', 15.0000, NULL, NULL, NULL, NULL),
(185, 186, 48, 148, 15.0000, 140.00, 2100.00, 185.0000, '2025-12-12 09:01:58', '2025-12-12 09:01:58', 15.0000, NULL, NULL, NULL, NULL),
(186, 187, 48, 149, 15.0000, 150.00, 2250.00, 200.0000, '2025-12-12 09:01:58', '2025-12-12 09:01:58', 15.0000, NULL, NULL, NULL, NULL),
(187, 188, 48, 51, 100.0000, 30.00, 3000.00, 40.0000, '2025-12-12 09:01:58', '2025-12-12 09:01:58', 100.0000, NULL, NULL, NULL, NULL),
(188, 189, 48, 76, 50.0000, 31.00, 1550.00, 40.0000, '2025-12-12 09:01:58', '2025-12-12 09:01:58', 50.0000, NULL, NULL, NULL, NULL),
(189, 190, 49, 150, 100.0000, 3.00, 300.00, 5.0000, '2025-12-12 09:06:43', '2025-12-12 09:06:43', 100.0000, NULL, NULL, NULL, NULL),
(190, 191, 50, 151, 1.0000, 85.00, 85.00, 120.0000, '2025-12-12 09:22:11', '2025-12-12 09:22:11', 1.0000, NULL, NULL, NULL, NULL),
(191, 192, 50, 152, 1.0000, 90.00, 90.00, 120.0000, '2025-12-12 09:22:11', '2025-12-12 09:22:11', 1.0000, NULL, NULL, NULL, NULL),
(192, 193, 50, 153, 1.0000, 85.00, 85.00, 120.0000, '2025-12-12 09:22:11', '2025-12-12 09:22:11', 1.0000, NULL, NULL, NULL, NULL),
(193, 194, 50, 155, 5.0000, 30.00, 150.00, 55.0000, '2025-12-12 09:22:11', '2025-12-12 09:22:11', 5.0000, NULL, NULL, NULL, NULL),
(194, 195, 50, 154, 100.0000, 3.80, 380.00, 5.0000, '2025-12-12 09:22:11', '2025-12-12 09:22:11', 100.0000, NULL, NULL, NULL, NULL),
(195, 196, 51, 156, 25.0000, 4.00, 100.00, 6.0000, '2025-12-12 09:33:41', '2025-12-12 09:33:42', 25.0000, NULL, NULL, NULL, NULL),
(196, 197, 52, 123, 20.0000, 47.00, 940.00, 65.0000, '2025-12-12 10:04:00', '2025-12-12 10:04:00', 20.0000, NULL, NULL, NULL, NULL),
(197, 198, 53, 157, 24.0000, 30.00, 720.00, 40.0000, '2025-12-12 11:40:59', '2025-12-12 11:40:59', 24.0000, NULL, NULL, NULL, NULL),
(198, 199, 53, 158, 10.0000, 30.00, 300.00, 40.0000, '2025-12-12 11:40:59', '2025-12-12 11:40:59', 10.0000, NULL, NULL, NULL, NULL),
(199, 200, 54, 159, 1.0000, 40.00, 40.00, 50.0000, '2025-12-16 20:42:40', '2025-12-16 20:42:40', 1.0000, NULL, NULL, NULL, NULL),
(200, 201, 55, 145, 1.0000, 80.00, 80.00, 110.0000, '2025-12-18 02:08:02', '2025-12-18 02:08:02', 1.0000, NULL, NULL, NULL, NULL),
(201, 202, 55, 160, 16.0000, 60.00, 960.00, 80.0000, '2025-12-18 02:08:02', '2025-12-18 02:08:02', 16.0000, NULL, NULL, NULL, NULL),
(202, 203, 56, 161, 1.0000, 100.00, 100.00, 120.0000, '2025-12-19 23:03:42', '2025-12-19 23:03:42', 1.0000, NULL, NULL, NULL, NULL),
(203, 204, 57, 158, 2.0000, 30.00, 60.00, 40.0000, '2025-12-25 11:49:30', '2025-12-25 11:49:30', 2.0000, NULL, NULL, NULL, NULL),
(204, 205, 57, 157, 5.0000, 30.00, 150.00, 40.0000, '2025-12-25 11:49:30', '2025-12-25 11:49:30', 5.0000, NULL, NULL, NULL, NULL),
(205, 206, 58, 163, 2.0000, 110.00, 220.00, 145.0000, '2025-12-27 16:34:41', '2025-12-27 16:34:41', 2.0000, NULL, NULL, NULL, NULL),
(206, 207, 58, 162, 2.0000, 115.00, 230.00, 150.0000, '2025-12-27 16:34:41', '2025-12-27 16:34:41', 2.0000, NULL, NULL, NULL, NULL),
(207, 208, 59, 116, 1.0000, 160.00, 160.00, 180.0000, '2025-12-27 16:35:59', '2025-12-27 16:35:59', 1.0000, NULL, NULL, NULL, NULL),
(208, 209, 60, 164, 20.0000, 78.00, 1560.00, 100.0000, '2025-12-27 16:37:41', '2025-12-27 16:37:41', 20.0000, NULL, NULL, NULL, NULL);

-- --------------------------------------------------------

--
-- Table structure for table `sale_item_allocations`
--

CREATE TABLE `sale_item_allocations` (
  `id` bigint(20) UNSIGNED NOT NULL,
  `sale_item_id` int(11) NOT NULL,
  `batch_id` bigint(20) UNSIGNED NOT NULL,
  `qty` decimal(13,4) NOT NULL DEFAULT 0.0000,
  `unit_cost` decimal(13,4) NOT NULL DEFAULT 0.0000,
  `line_cost` decimal(18,4) NOT NULL DEFAULT 0.0000,
  `created_by` int(11) DEFAULT NULL,
  `created_at` datetime NOT NULL DEFAULT current_timestamp(),
  `updated_at` datetime NOT NULL DEFAULT current_timestamp() ON UPDATE current_timestamp()
) ENGINE=InnoDB DEFAULT CHARSET=utf8mb4 COLLATE=utf8mb4_unicode_ci;

--
-- Dumping data for table `sale_item_allocations`
--

INSERT INTO `sale_item_allocations` (`id`, `sale_item_id`, `batch_id`, `qty`, `unit_cost`, `line_cost`, `created_by`, `created_at`, `updated_at`) VALUES
(1, 1, 34, 0.5000, 84.0000, 42.0000, 5, '2025-10-05 18:49:00', '2025-10-05 18:49:00'),
(2, 2, 36, 0.5000, 84.0000, 42.0000, 5, '2025-10-05 18:49:00', '2025-10-05 18:49:00'),
(3, 3, 9, 1.0000, 120.0000, 120.0000, 5, '2025-10-06 18:04:01', '2025-10-06 18:04:01'),
(4, 4, 73, 1.0000, 145.0000, 145.0000, 5, '2025-10-06 20:45:25', '2025-10-06 20:45:25'),
(5, 4, 78, 6.0000, 170.0000, 1020.0000, 5, '2025-10-06 20:45:25', '2025-10-06 20:45:25'),
(6, 5, 23, 1.0000, 106.0000, 106.0000, 5, '2025-10-06 21:54:48', '2025-10-06 21:54:48'),
(7, 6, 28, 0.1000, 75.0000, 7.5000, 5, '2025-10-06 22:30:11', '2025-10-06 22:30:11'),
(8, 7, 33, 1.0000, 84.0000, 84.0000, 5, '2025-10-06 22:30:11', '2025-10-06 22:30:11'),
(9, 8, 42, 1.0000, 154.0000, 154.0000, 5, '2025-10-07 14:18:11', '2025-10-07 14:18:11'),
(10, 9, 23, 1.0000, 106.0000, 106.0000, 5, '2025-10-07 16:40:30', '2025-10-07 16:40:30'),
(11, 10, 24, 1.0000, 145.0000, 145.0000, 5, '2025-10-07 17:32:09', '2025-10-07 17:32:09'),
(12, 11, 26, 2.0000, 3.0000, 6.0000, 5, '2025-10-07 19:42:09', '2025-10-07 19:42:09'),
(13, 12, 48, 10.0000, 0.8500, 8.5000, 8, '2025-10-08 15:59:39', '2025-10-08 15:59:39'),
(14, 13, 48, 2.0000, 0.8500, 1.7000, 8, '2025-10-08 16:17:17', '2025-10-08 16:17:17'),
(15, 14, 71, 2.0000, 45.0000, 90.0000, 8, '2025-10-08 16:21:26', '2025-10-08 16:21:26'),
(16, 15, 71, 2.0000, 45.0000, 90.0000, 8, '2025-10-08 16:21:26', '2025-10-08 16:21:26'),
(17, 16, 56, 2.0000, 64.0000, 128.0000, 8, '2025-10-08 16:31:57', '2025-10-08 16:31:57'),
(18, 17, 41, 1.0000, 16.0000, 16.0000, 8, '2025-10-08 17:10:57', '2025-10-08 17:10:57'),
(19, 18, 24, 0.3000, 145.0000, 43.5000, 8, '2025-10-08 17:10:57', '2025-10-08 17:10:57'),
(20, 19, 29, 0.1000, 75.0000, 7.5000, 8, '2025-10-08 17:10:57', '2025-10-08 17:10:57'),
(21, 20, 8, 1.0000, 84.0000, 84.0000, 8, '2025-10-08 19:05:57', '2025-10-08 19:05:57'),
(22, 21, 24, 0.2000, 145.0000, 29.0000, 8, '2025-10-09 10:32:30', '2025-10-09 10:32:30'),
(24, 23, 48, 4.0000, 0.8500, 3.4000, 8, '2025-10-09 10:32:30', '2025-10-09 10:32:30'),
(25, 24, 13, 2.0000, 15.5000, 31.0000, 8, '2025-10-09 10:32:30', '2025-10-09 10:32:30'),
(26, 25, 64, 4.0000, 19.0000, 76.0000, 8, '2025-10-09 10:32:30', '2025-10-09 10:32:30'),
(27, 26, 5, 1.0000, 4.5000, 4.5000, 8, '2025-10-09 10:33:00', '2025-10-09 10:33:00'),
(28, 27, 23, 1.0000, 106.0000, 106.0000, 8, '2025-10-09 14:39:27', '2025-10-09 14:39:27'),
(29, 28, 37, 1.0000, 84.0000, 84.0000, 8, '2025-10-09 16:33:13', '2025-10-09 16:33:13'),
(30, 29, 23, 1.0000, 106.0000, 106.0000, 8, '2025-10-09 20:02:35', '2025-10-09 20:02:35'),
(31, 30, 85, 3.0000, 57.0000, 171.0000, 8, '2025-10-09 20:17:36', '2025-10-09 20:17:36'),
(32, 31, 59, 3.0000, 72.0000, 216.0000, 8, '2025-10-09 20:25:46', '2025-10-09 20:25:46'),
(33, 31, 87, 11.0000, 71.0000, 781.0000, 8, '2025-10-09 20:25:46', '2025-10-09 20:25:46'),
(34, 32, 58, 3.0000, 65.0000, 195.0000, 8, '2025-10-09 20:25:46', '2025-10-09 20:25:46'),
(35, 33, 7, 1.0000, 60.0000, 60.0000, 8, '2025-10-09 20:44:01', '2025-10-09 20:44:01'),
(36, 34, 64, 2.0000, 19.0000, 38.0000, 8, '2025-10-09 21:09:19', '2025-10-09 21:09:19'),
(37, 35, 24, 0.2000, 145.0000, 29.0000, 8, '2025-10-09 21:56:03', '2025-10-09 21:56:03'),
(38, 36, 23, 1.0000, 106.0000, 106.0000, 8, '2025-10-09 21:56:03', '2025-10-09 21:56:03'),
(39, 37, 34, 0.2500, 84.0000, 21.0000, 8, '2025-10-09 21:56:03', '2025-10-09 21:56:03'),
(40, 38, 80, 4.0000, 0.7937, 3.1748, 8, '2025-10-09 23:17:06', '2025-10-09 23:17:06'),
(41, 39, 24, 0.1600, 145.0000, 23.2000, 9, '2025-10-11 14:47:14', '2025-10-11 14:47:14'),
(42, 40, 33, 0.0500, 84.0000, 4.2000, 9, '2025-10-11 14:47:14', '2025-10-11 14:47:14'),
(43, 41, 26, 3.0000, 3.0000, 9.0000, 9, '2025-10-11 17:59:59', '2025-10-11 17:59:59'),
(44, 42, 33, 0.0500, 84.0000, 4.2000, 9, '2025-10-11 17:59:59', '2025-10-11 17:59:59'),
(45, 43, 23, 1.0000, 106.0000, 106.0000, 8, '2025-10-12 15:44:57', '2025-10-12 15:44:57'),
(46, 44, 26, 5.0000, 3.0000, 15.0000, 8, '2025-10-12 15:46:33', '2025-10-12 15:46:33'),
(47, 45, 41, 2.0000, 16.0000, 32.0000, 8, '2025-10-12 15:48:56', '2025-10-12 15:48:56'),
(48, 46, 11, 1.0000, 65.0000, 65.0000, 8, '2025-10-12 15:49:35', '2025-10-12 15:49:35'),
(49, 47, 80, 8.0000, 0.7937, 6.3496, 8, '2025-10-12 22:46:10', '2025-10-12 22:46:10'),
(50, 48, 48, 12.0000, 0.8500, 10.2000, 8, '2025-10-12 22:48:31', '2025-10-12 22:48:31'),
(51, 49, 88, 2.0000, 57.0000, 114.0000, 8, '2025-10-12 22:48:31', '2025-10-12 22:48:31'),
(52, 50, 63, 6.0000, 19.0000, 114.0000, 8, '2025-10-13 14:45:09', '2025-10-13 14:45:09'),
(53, 51, 67, 2.0000, 19.0000, 38.0000, 8, '2025-10-13 14:45:09', '2025-10-13 14:45:09'),
(54, 52, 81, 4.0000, 20.8330, 83.3320, 8, '2025-10-13 14:45:09', '2025-10-13 14:45:09'),
(55, 53, 50, 3.0000, 9.0000, 27.0000, 8, '2025-10-13 14:45:09', '2025-10-13 14:45:09'),
(56, 54, 34, 0.2500, 84.0000, 21.0000, 8, '2025-10-13 14:45:09', '2025-10-13 14:45:09'),
(57, 55, 37, 0.5000, 84.0000, 42.0000, 8, '2025-10-13 14:45:09', '2025-10-13 14:45:09'),
(58, 56, 24, 0.5000, 145.0000, 72.5000, 8, '2025-10-13 16:55:46', '2025-10-13 16:55:46'),
(59, 57, 13, 8.0000, 15.5000, 124.0000, 8, '2025-10-13 16:55:46', '2025-10-13 16:55:46'),
(60, 58, 35, 0.2500, 84.0000, 21.0000, 8, '2025-10-13 16:55:47', '2025-10-13 16:55:47'),
(61, 59, 6, 1.0000, 48.5000, 48.5000, 8, '2025-10-13 20:40:22', '2025-10-13 20:40:22'),
(62, 60, 84, 4.0000, 6.0000, 24.0000, 8, '2025-10-13 20:41:00', '2025-10-13 20:41:00'),
(63, 61, 23, 1.0000, 106.0000, 106.0000, 8, '2025-10-13 20:49:20', '2025-10-13 20:49:20'),
(64, 62, 42, 1.0000, 154.0000, 154.0000, 8, '2025-10-13 21:17:20', '2025-10-13 21:17:20'),
(65, 63, 54, 4.0000, 1.2000, 4.8000, 8, '2025-10-13 21:17:20', '2025-10-13 21:17:20'),
(66, 64, 37, 0.2500, 84.0000, 21.0000, 8, '2025-10-13 21:17:20', '2025-10-13 21:17:20'),
(67, 65, 34, 0.2500, 84.0000, 21.0000, 8, '2025-10-13 21:27:43', '2025-10-13 21:27:43'),
(68, 66, 58, 2.0000, 65.0000, 130.0000, 8, '2025-10-13 21:27:43', '2025-10-13 21:27:43'),
(69, 67, 24, 1.0000, 145.0000, 145.0000, 8, '2025-10-13 21:27:43', '2025-10-13 21:27:43'),
(70, 68, 48, 10.0000, 0.8500, 8.5000, 8, '2025-10-13 23:21:34', '2025-10-13 23:21:34'),
(71, 69, 60, 2.0000, 20.0000, 40.0000, 8, '2025-10-14 15:11:46', '2025-10-14 15:11:46'),
(72, 70, 23, 2.0000, 106.0000, 212.0000, 8, '2025-10-14 15:12:53', '2025-10-14 15:12:53'),
(73, 71, 41, 1.0000, 16.0000, 16.0000, 8, '2025-10-14 15:15:47', '2025-10-14 15:15:47'),
(74, 72, 24, 1.0000, 145.0000, 145.0000, 8, '2025-10-14 19:50:23', '2025-10-14 19:50:23'),
(75, 73, 45, 8.0000, 70.0000, 560.0000, 8, '2025-10-14 23:00:59', '2025-10-14 23:00:59'),
(76, 74, 23, 1.0000, 106.0000, 106.0000, 8, '2025-10-14 23:00:59', '2025-10-14 23:00:59'),
(77, 74, 79, 1.0000, 106.0000, 106.0000, 8, '2025-10-14 23:00:59', '2025-10-14 23:00:59'),
(78, 75, 58, 1.0000, 65.0000, 65.0000, 8, '2025-10-15 20:27:05', '2025-10-15 20:27:05'),
(79, 75, 86, 4.0000, 64.0000, 256.0000, 8, '2025-10-15 20:27:05', '2025-10-15 20:27:05'),
(80, 76, 60, 1.0000, 20.0000, 20.0000, 8, '2025-10-15 20:27:05', '2025-10-15 20:27:05'),
(81, 77, 82, 0.0750, 84.0000, 6.3000, 8, '2025-10-15 20:27:05', '2025-10-15 20:27:05'),
(82, 78, 33, 0.0750, 84.0000, 6.3000, 8, '2025-10-15 20:27:05', '2025-10-15 20:27:05'),
(83, 79, 13, 4.0000, 15.5000, 62.0000, 8, '2025-10-15 21:08:51', '2025-10-15 21:08:51'),
(84, 80, 66, 2.0000, 35.0000, 70.0000, 8, '2025-10-15 21:11:48', '2025-10-15 21:11:48'),
(85, 81, 40, 1.0000, 8.5000, 8.5000, 8, '2025-10-15 21:11:48', '2025-10-15 21:11:48'),
(86, 82, 79, 1.0000, 106.0000, 106.0000, 8, '2025-10-15 21:47:08', '2025-10-15 21:47:08'),
(87, 83, 39, 4.0000, 12.0000, 48.0000, 8, '2025-10-15 22:33:27', '2025-10-15 22:33:27'),
(88, 84, 89, 1.0000, 110.0000, 110.0000, 8, '2025-10-15 22:40:19', '2025-10-15 22:40:19'),
(89, 85, 25, 4.0000, 3.0000, 12.0000, 8, '2025-10-15 22:53:27', '2025-10-15 22:53:27'),
(90, 86, 91, 1.0000, 190.0000, 190.0000, 8, '2025-10-16 19:15:28', '2025-10-16 19:15:28'),
(91, 87, 78, 1.0000, 170.0000, 170.0000, 8, '2025-10-16 19:15:28', '2025-10-16 19:15:28'),
(92, 87, 92, 1.0000, 180.0000, 180.0000, 8, '2025-10-16 19:15:28', '2025-10-16 19:15:28'),
(93, 88, 13, 14.0000, 15.5000, 217.0000, 8, '2025-10-16 19:15:28', '2025-10-16 19:15:28'),
(94, 89, 93, 3.0000, 75.0000, 225.0000, 8, '2025-10-16 19:15:28', '2025-10-16 19:15:28'),
(95, 90, 4, 1.0000, 24.5000, 24.5000, 8, '2025-10-16 19:22:07', '2025-10-16 19:22:07'),
(96, 91, 89, 1.0000, 110.0000, 110.0000, 8, '2025-10-16 19:38:34', '2025-10-16 19:38:34'),
(97, 92, 24, 0.0800, 145.0000, 11.6000, 8, '2025-10-16 19:54:25', '2025-10-16 19:54:25'),
(98, 93, 29, 0.0080, 75.0000, 0.6000, 8, '2025-10-16 19:54:25', '2025-10-16 19:54:25'),
(99, 94, 17, 3.0000, 11.0000, 33.0000, 8, '2025-10-16 19:55:23', '2025-10-16 19:55:23'),
(100, 95, 89, 1.0000, 110.0000, 110.0000, 8, '2025-10-16 20:32:31', '2025-10-16 20:32:31'),
(101, 96, 42, 3.0000, 154.0000, 462.0000, 8, '2025-10-16 22:25:33', '2025-10-16 22:25:33'),
(102, 97, 10, 1.0000, 145.0000, 145.0000, 8, '2025-10-16 22:53:51', '2025-10-16 22:53:51'),
(103, 98, 63, 4.0000, 19.0000, 76.0000, 9, '2025-10-19 14:12:58', '2025-10-19 14:12:58'),
(104, 99, 43, 1.0000, 100.0000, 100.0000, 9, '2025-10-19 14:15:34', '2025-10-19 14:15:34'),
(105, 100, 68, 1.0000, 60.0000, 60.0000, 9, '2025-10-19 14:16:12', '2025-10-19 14:16:12'),
(106, 101, 89, 2.0000, 110.0000, 220.0000, 9, '2025-10-19 14:16:49', '2025-10-19 14:16:49'),
(107, 102, 81, 1.0000, 20.8330, 20.8330, 9, '2025-10-19 15:33:48', '2025-10-19 15:33:48'),
(108, 103, 42, 1.0000, 154.0000, 154.0000, 9, '2025-10-19 15:34:34', '2025-10-19 15:34:34'),
(109, 104, 24, 0.2000, 145.0000, 29.0000, 9, '2025-10-19 17:30:39', '2025-10-19 17:30:39'),
(110, 105, 86, 3.0000, 64.0000, 192.0000, 8, '2025-10-20 14:08:21', '2025-10-20 14:08:21'),
(111, 106, 87, 3.0000, 71.0000, 213.0000, 8, '2025-10-20 14:32:11', '2025-10-20 14:32:11'),
(112, 107, 86, 1.0000, 64.0000, 64.0000, 8, '2025-10-20 14:32:11', '2025-10-20 14:32:11'),
(113, 108, 63, 3.0000, 19.0000, 57.0000, 8, '2025-10-20 14:32:11', '2025-10-20 14:32:11'),
(114, 109, 90, 1.0000, 85.0000, 85.0000, 8, '2025-10-20 16:57:15', '2025-10-20 16:57:15'),
(115, 110, 48, 5.0000, 0.8500, 4.2500, 8, '2025-10-20 16:57:51', '2025-10-20 16:57:51'),
(116, 111, 81, 1.0000, 20.8330, 20.8330, 8, '2025-10-20 21:38:17', '2025-10-20 21:38:17'),
(117, 112, 24, 0.3000, 145.0000, 43.5000, 8, '2025-10-20 23:04:32', '2025-10-20 23:04:32'),
(118, 113, 82, 0.2500, 84.0000, 21.0000, 8, '2025-10-20 23:04:32', '2025-10-20 23:04:32'),
(119, 114, 86, 2.0000, 64.0000, 128.0000, 8, '2025-10-20 23:06:51', '2025-10-20 23:06:51'),
(120, 115, 37, 0.2500, 84.0000, 21.0000, 8, '2025-10-20 23:06:51', '2025-10-20 23:06:51'),
(121, 116, 84, 2.0000, 6.0000, 12.0000, 8, '2025-10-20 23:06:51', '2025-10-20 23:06:51'),
(122, 117, 24, 0.1000, 145.0000, 14.5000, 8, '2025-10-20 23:06:51', '2025-10-20 23:06:51'),
(123, 118, 48, 4.0000, 0.8500, 3.4000, 8, '2025-10-20 23:08:04', '2025-10-20 23:08:04'),
(124, 119, 87, 1.0000, 71.0000, 71.0000, 8, '2025-10-20 23:08:04', '2025-10-20 23:08:04'),
(125, 119, 100, 5.0000, 71.0000, 355.0000, 8, '2025-10-20 23:08:04', '2025-10-20 23:08:04'),
(126, 120, 104, 1.0000, 100.0000, 100.0000, 8, '2025-10-20 23:08:04', '2025-10-20 23:08:04'),
(127, 121, 33, 0.2500, 84.0000, 21.0000, 8, '2025-10-20 23:38:10', '2025-10-20 23:38:10'),
(128, 122, 89, 1.0000, 110.0000, 110.0000, 8, '2025-10-21 12:20:23', '2025-10-21 12:20:23'),
(129, 123, 48, 1.0000, 0.8500, 0.8500, 8, '2025-10-21 21:38:23', '2025-10-21 21:38:23'),
(130, 124, 6, 1.0000, 48.5000, 48.5000, 8, '2025-10-21 21:39:32', '2025-10-21 21:39:32'),
(131, 125, 16, 1.0000, 105.0000, 105.0000, 8, '2025-10-22 11:23:17', '2025-10-22 11:23:17'),
(132, 126, 63, 8.0000, 19.0000, 152.0000, 8, '2025-10-22 15:16:09', '2025-10-22 15:16:09'),
(133, 127, 25, 1.0000, 3.0000, 3.0000, 8, '2025-10-22 18:08:05', '2025-10-22 18:08:05'),
(134, 128, 23, 1.0000, 106.0000, 106.0000, 8, '2025-10-22 19:21:39', '2025-10-22 19:21:39'),
(135, 128, 79, 1.0000, 106.0000, 106.0000, 8, '2025-10-22 19:21:39', '2025-10-22 19:21:39'),
(136, 129, 45, 7.5000, 70.0000, 525.0000, 8, '2025-10-22 19:21:39', '2025-10-22 19:21:39'),
(137, 130, 13, 2.0000, 15.5000, 31.0000, 8, '2025-10-25 04:02:10', '2025-10-25 04:02:10'),
(138, 131, 90, 1.0000, 85.0000, 85.0000, 8, '2025-10-26 12:39:39', '2025-10-26 12:39:39'),
(139, 132, 81, 1.0000, 20.8330, 20.8330, 8, '2025-10-26 13:34:48', '2025-10-26 13:34:48'),
(140, 133, 24, 1.0000, 145.0000, 145.0000, 8, '2025-10-26 13:37:32', '2025-10-26 13:37:32'),
(141, 134, 33, 0.2500, 84.0000, 21.0000, 8, '2025-10-26 13:37:32', '2025-10-26 13:37:32'),
(142, 135, 82, 0.2500, 84.0000, 21.0000, 8, '2025-10-26 13:37:32', '2025-10-26 13:37:32'),
(143, 136, 80, 12.0000, 0.7937, 9.5244, 8, '2025-10-26 13:37:32', '2025-10-26 13:37:32'),
(144, 137, 7, 1.0000, 60.0000, 60.0000, 8, '2025-10-26 13:39:15', '2025-10-26 13:39:15'),
(145, 138, 8, 1.0000, 84.0000, 84.0000, 8, '2025-10-26 13:39:15', '2025-10-31 16:44:09'),
(146, 139, 39, 6.0000, 12.0000, 72.0000, 8, '2025-10-26 13:41:54', '2025-10-26 13:41:54'),
(147, 140, 21, 1.0000, 65.0000, 65.0000, 8, '2025-10-26 13:41:54', '2025-10-26 13:41:54'),
(148, 141, 106, 1.0000, 74.0000, 74.0000, 8, '2025-10-26 13:43:46', '2025-10-26 13:43:46'),
(149, 142, 29, 0.1000, 75.0000, 7.5000, 8, '2025-10-26 13:44:50', '2025-10-26 13:44:50'),
(150, 143, 33, 0.2500, 84.0000, 21.0000, 8, '2025-10-27 12:19:13', '2025-10-27 12:19:13'),
(151, 144, 110, 5.0000, 140.0000, 700.0000, 8, '2025-10-27 16:54:55', '2025-10-27 16:54:55'),
(152, 145, 37, 0.2500, 84.0000, 21.0000, 8, '2025-10-27 16:54:55', '2025-10-27 16:54:55'),
(153, 146, 24, 0.2000, 145.0000, 29.0000, 8, '2025-10-27 16:54:55', '2025-10-27 16:54:55'),
(154, 147, 86, 1.0000, 64.0000, 64.0000, 8, '2025-10-27 16:57:55', '2025-10-27 16:57:55'),
(155, 148, 63, 20.0000, 19.0000, 380.0000, 8, '2025-10-27 20:40:47', '2025-10-27 20:40:47'),
(156, 149, 67, 6.0000, 19.0000, 114.0000, 8, '2025-10-27 20:40:47', '2025-10-27 20:40:47'),
(157, 150, 134, 1.0000, 160.0000, 160.0000, 8, '2025-10-27 20:40:47', '2025-10-27 20:40:47'),
(158, 151, 135, 12.0000, 55.0000, 660.0000, 8, '2025-10-27 20:40:47', '2025-10-27 20:40:47'),
(159, 152, 62, 24.0000, 13.5000, 324.0000, 8, '2025-10-27 22:05:20', '2025-10-27 22:05:20'),
(160, 153, 86, 4.0000, 64.0000, 256.0000, 8, '2025-10-27 22:05:20', '2025-10-27 22:05:20'),
(161, 153, 99, 2.0000, 64.0000, 128.0000, 8, '2025-10-27 22:05:20', '2025-10-27 22:05:20'),
(162, 154, 85, 6.0000, 57.0000, 342.0000, 8, '2025-10-27 22:05:20', '2025-10-27 22:05:20'),
(163, 155, 95, 1.0000, 78.0000, 78.0000, 8, '2025-10-27 22:05:20', '2025-10-27 22:05:20'),
(165, 157, 80, 8.0000, 0.7937, 6.3496, 8, '2025-10-28 09:34:21', '2025-10-28 09:34:21'),
(166, 158, 33, 0.2500, 84.0000, 21.0000, 8, '2025-10-28 09:43:44', '2025-10-28 09:43:44'),
(167, 159, 67, 2.0000, 19.0000, 38.0000, 8, '2025-10-28 11:40:41', '2025-10-28 11:40:41'),
(168, 160, 67, 4.0000, 19.0000, 76.0000, 8, '2025-10-28 11:44:26', '2025-10-28 11:44:26'),
(169, 161, 110, 4.0000, 140.0000, 560.0000, 8, '2025-10-28 20:13:42', '2025-10-28 20:13:42'),
(170, 162, 82, 0.1333, 84.0000, 11.1972, 8, '2025-10-28 20:26:06', '2025-10-28 20:26:06'),
(171, 163, 24, 0.0800, 145.0000, 11.6000, 8, '2025-10-28 20:26:06', '2025-10-28 20:26:06'),
(172, 164, 63, 8.0000, 19.0000, 152.0000, 8, '2025-10-29 13:44:27', '2025-10-29 13:44:27'),
(173, 165, 24, 0.5000, 145.0000, 72.5000, 8, '2025-10-29 13:44:27', '2025-10-29 13:44:27'),
(174, 166, 51, 2.0000, 3.5000, 7.0000, 8, '2025-10-29 13:44:27', '2025-10-29 13:44:27'),
(175, 167, 82, 0.2500, 84.0000, 21.0000, 8, '2025-10-29 13:44:27', '2025-10-29 13:44:27'),
(176, 168, 89, 1.0000, 110.0000, 110.0000, 8, '2025-10-29 13:45:48', '2025-10-29 13:45:48'),
(177, 169, 83, 20.0000, 6.0606, 121.2120, 8, '2025-10-29 17:42:27', '2025-10-29 17:42:27'),
(178, 170, 95, 1.0000, 78.0000, 78.0000, 8, '2025-10-29 17:42:27', '2025-10-29 17:42:27'),
(179, 171, 97, 1.0000, 78.0000, 78.0000, 8, '2025-10-29 17:42:27', '2025-10-29 17:42:27'),
(180, 172, 48, 26.0000, 0.8500, 22.1000, 8, '2025-10-29 18:44:45', '2025-10-29 18:44:45'),
(181, 173, 95, 1.0000, 78.0000, 78.0000, 8, '2025-10-29 18:44:45', '2025-10-29 18:44:45'),
(182, 174, 97, 1.0000, 78.0000, 78.0000, 8, '2025-10-29 18:44:45', '2025-10-29 18:44:45'),
(183, 175, 24, 0.2000, 145.0000, 29.0000, 8, '2025-10-29 18:48:56', '2025-10-29 18:48:56'),
(185, 177, 33, 0.2500, 84.0000, 21.0000, 8, '2025-10-29 18:48:56', '2025-10-29 18:48:56'),
(186, 178, 35, 0.2500, 84.0000, 21.0000, 8, '2025-10-29 18:48:56', '2025-10-29 18:48:56'),
(187, 179, 136, 8.0000, 25.0000, 200.0000, 8, '2025-10-29 18:51:35', '2025-10-29 18:51:35'),
(188, 180, 14, 6.0000, 14.0000, 84.0000, 8, '2025-10-29 22:49:43', '2025-10-29 22:49:43'),
(189, 181, 7, 1.0000, 60.0000, 60.0000, 8, '2025-10-30 13:14:16', '2025-10-30 13:14:16'),
(190, 182, 89, 1.0000, 110.0000, 110.0000, 8, '2025-10-30 13:15:06', '2025-10-30 13:15:06'),
(191, 183, 116, 18.0000, 0.6500, 11.7000, 8, '2025-10-30 14:39:39', '2025-10-30 14:39:39'),
(192, 184, 82, 0.1250, 84.0000, 10.5000, 8, '2025-10-30 14:39:39', '2025-10-30 14:39:39'),
(193, 185, 113, 4.0000, 1.5000, 6.0000, 8, '2025-10-30 14:39:39', '2025-10-30 14:39:39'),
(194, 186, 49, 2.0000, 4.5000, 9.0000, 8, '2025-10-30 19:35:07', '2025-10-30 19:35:07'),
(195, 187, 105, 1.0000, 120.0000, 120.0000, 8, '2025-11-01 12:18:27', '2025-11-01 12:18:27'),
(196, 188, 22, 8.0000, 4.5000, 36.0000, 8, '2025-11-01 13:46:21', '2025-11-01 13:46:21'),
(197, 188, 123, 42.0000, 4.0000, 168.0000, 8, '2025-11-01 13:46:21', '2025-11-01 13:46:21'),
(198, 189, 95, 1.0000, 78.0000, 78.0000, 8, '2025-11-01 13:46:21', '2025-11-01 13:46:21'),
(199, 190, 137, 0.3340, 122.0000, 40.7480, 8, '2025-11-01 13:55:37', '2025-11-01 13:55:37'),
(200, 191, 137, 0.3380, 122.0000, 41.2360, 8, '2025-11-01 14:12:21', '2025-11-01 14:12:21'),
(201, 192, 33, 1.0000, 84.0000, 84.0000, 8, '2025-11-01 14:34:08', '2025-11-01 14:34:08'),
(202, 193, 41, 1.0000, 16.0000, 16.0000, 8, '2025-11-01 20:18:30', '2025-11-01 20:18:30'),
(203, 194, 99, 2.0000, 64.0000, 128.0000, 8, '2025-11-01 21:09:52', '2025-11-01 21:09:52'),
(204, 195, 95, 0.2500, 78.0000, 19.5000, 8, '2025-11-01 21:09:52', '2025-11-01 21:09:52'),
(205, 196, 24, 0.4000, 145.0000, 58.0000, 8, '2025-11-01 21:09:52', '2025-11-01 21:09:52'),
(206, 197, 37, 0.0900, 84.0000, 7.5600, 8, '2025-11-01 21:09:52', '2025-11-01 21:09:52'),
(207, 198, 50, 2.0000, 9.0000, 18.0000, 8, '2025-11-01 22:02:17', '2025-11-01 22:02:17'),
(208, 199, 113, 8.0000, 1.5000, 12.0000, 8, '2025-11-01 22:02:17', '2025-11-01 22:02:17'),
(209, 200, 33, 0.0900, 84.0000, 7.5600, 8, '2025-11-01 22:02:17', '2025-11-01 22:02:17'),
(210, 201, 24, 0.4000, 145.0000, 58.0000, 8, '2025-11-01 22:02:17', '2025-11-01 22:02:17'),
(211, 202, 82, 0.2500, 84.0000, 21.0000, 8, '2025-11-01 22:02:17', '2025-11-01 22:02:17'),
(212, 203, 99, 2.0000, 64.0000, 128.0000, 8, '2025-11-01 22:02:17', '2025-11-01 22:02:17'),
(213, 204, 36, 1.0000, 84.0000, 84.0000, 8, '2025-11-02 17:08:00', '2025-11-02 17:08:00'),
(214, 205, 123, 5.0000, 4.0000, 20.0000, 8, '2025-11-02 17:37:00', '2025-11-02 17:37:00'),
(215, 206, 95, 0.0833, 78.0000, 6.4974, 8, '2025-11-02 17:37:00', '2025-11-02 17:37:00'),
(216, 207, 54, 7.0000, 1.2000, 8.4000, 8, '2025-11-02 17:37:00', '2025-11-02 17:37:00'),
(217, 208, 16, 1.0000, 105.0000, 105.0000, 8, '2025-11-02 17:54:06', '2025-11-02 17:54:06'),
(218, 209, 105, 1.0000, 120.0000, 120.0000, 8, '2025-11-02 21:19:50', '2025-11-02 21:19:50'),
(219, 210, 110, 6.0000, 140.0000, 840.0000, 8, '2025-11-03 13:39:22', '2025-11-03 13:39:22'),
(220, 210, 138, 12.0000, 150.0000, 1800.0000, 8, '2025-11-03 13:39:22', '2025-11-03 13:39:22'),
(221, 211, 35, 0.0417, 84.0000, 3.5028, 8, '2025-11-03 22:58:11', '2025-11-03 22:58:11'),
(222, 212, 35, 0.0417, 84.0000, 3.5028, 8, '2025-11-03 22:58:30', '2025-11-03 22:58:30'),
(223, 213, 26, 2.0000, 3.0000, 6.0000, 8, '2025-11-03 22:59:18', '2025-11-03 22:59:18'),
(224, 214, 110, 6.0000, 140.0000, 840.0000, 8, '2025-11-04 13:28:43', '2025-11-04 13:28:43'),
(225, 214, 138, 12.0000, 160.0000, 1920.0000, 8, '2025-11-04 13:28:43', '2025-11-04 13:28:43'),
(226, 215, 109, 4.0000, 130.0000, 520.0000, 8, '2025-11-04 13:33:42', '2025-11-04 13:33:42'),
(227, 216, 7, 1.0000, 60.0000, 60.0000, 8, '2025-11-04 13:37:22', '2025-11-04 13:37:22'),
(228, 217, 84, 10.0000, 6.0000, 60.0000, 8, '2025-11-04 22:18:32', '2025-11-04 22:18:32'),
(229, 218, 24, 0.1000, 145.0000, 14.5000, 8, '2025-11-04 22:18:32', '2025-11-04 22:18:32'),
(230, 219, 42, 1.0000, 154.0000, 154.0000, 8, '2025-11-04 22:32:07', '2025-11-04 22:32:07'),
(231, 220, 81, 1.0000, 20.8330, 20.8330, 8, '2025-11-05 13:32:33', '2025-11-05 13:32:33'),
(232, 221, 128, 1.0000, 13.0000, 13.0000, 8, '2025-11-05 13:32:33', '2025-11-05 13:32:33'),
(233, 222, 8, 1.0000, 84.0000, 84.0000, 8, '2025-11-05 13:34:40', '2025-11-05 13:34:40'),
(234, 223, 26, 5.0000, 3.0000, 15.0000, 8, '2025-11-05 13:35:31', '2025-11-05 13:35:31'),
(235, 224, 24, 0.0400, 145.0000, 5.8000, 8, '2025-11-05 13:36:18', '2025-11-05 13:36:18'),
(236, 225, 26, 10.0000, 3.0000, 30.0000, 8, '2025-11-05 13:38:34', '2025-11-05 13:38:34'),
(237, 226, 24, 0.5000, 145.0000, 72.5000, 8, '2025-11-05 13:56:27', '2025-11-05 13:56:27'),
(238, 227, 82, 0.2500, 84.0000, 21.0000, 8, '2025-11-05 13:56:27', '2025-11-05 13:56:27'),
(239, 228, 64, 6.0000, 19.0000, 114.0000, 8, '2025-11-05 13:56:27', '2025-11-05 13:56:27'),
(240, 229, 71, 2.0000, 45.0000, 90.0000, 8, '2025-11-05 13:56:27', '2025-11-05 13:56:27'),
(241, 230, 54, 4.0000, 1.2000, 4.8000, 8, '2025-11-05 13:56:27', '2025-11-05 13:56:27'),
(242, 231, 84, 4.0000, 6.0000, 24.0000, 8, '2025-11-05 13:56:27', '2025-11-05 13:56:27'),
(243, 232, 41, 1.0000, 16.0000, 16.0000, 8, '2025-11-05 13:56:27', '2025-11-05 13:56:27'),
(244, 233, 35, 0.2500, 84.0000, 21.0000, 8, '2025-11-05 13:56:27', '2025-11-05 13:56:27'),
(245, 234, 50, 2.0000, 9.0000, 18.0000, 8, '2025-11-05 15:54:09', '2025-11-05 15:54:09'),
(246, 235, 106, 1.0000, 74.0000, 74.0000, 8, '2025-11-05 15:55:40', '2025-11-05 15:55:40'),
(247, 236, 25, 25.0000, 3.0000, 75.0000, 8, '2025-11-05 16:14:42', '2025-11-05 16:14:42'),
(248, 237, 27, 1.0000, 25.0000, 25.0000, 8, '2025-11-05 16:14:42', '2025-11-05 16:14:42'),
(249, 238, 90, 1.0000, 85.0000, 85.0000, 8, '2025-11-05 16:15:47', '2025-11-05 16:15:47'),
(250, 239, 41, 1.0000, 16.0000, 16.0000, 8, '2025-11-05 16:15:47', '2025-11-05 16:15:47'),
(251, 240, 12, 1.0000, 97.5000, 97.5000, 8, '2025-11-05 16:31:31', '2025-11-05 16:31:31'),
(252, 241, 127, 4.0000, 45.0000, 180.0000, 8, '2025-11-05 16:41:34', '2025-11-05 16:41:34'),
(253, 242, 111, 28.0000, 17.0000, 476.0000, 8, '2025-11-05 21:15:15', '2025-11-05 21:15:15'),
(254, 243, 13, 8.0000, 15.5000, 124.0000, 8, '2025-11-05 21:15:15', '2025-11-05 21:15:15'),
(255, 244, 24, 0.1000, 145.0000, 14.5000, 8, '2025-11-06 23:11:27', '2025-11-06 23:11:27'),
(256, 245, 116, 8.0000, 0.6500, 5.2000, 8, '2025-11-06 23:16:08', '2025-11-06 23:16:08'),
(257, 246, 33, 0.0833, 84.0000, 6.9972, 8, '2025-11-06 23:16:08', '2025-11-06 23:16:08'),
(258, 247, 61, 2.0000, 20.0000, 40.0000, 8, '2025-11-06 23:16:08', '2025-11-06 23:16:08'),
(259, 248, 81, 1.0000, 20.8330, 20.8330, 8, '2025-11-06 23:16:08', '2025-11-06 23:16:08'),
(260, 249, 84, 2.0000, 6.0000, 12.0000, 8, '2025-11-06 23:16:08', '2025-11-06 23:16:08'),
(261, 250, 84, 6.0000, 6.0000, 36.0000, 8, '2025-11-06 23:16:58', '2025-11-06 23:16:58'),
(262, 251, 27, 1.0000, 25.0000, 25.0000, 8, '2025-11-06 23:19:13', '2025-11-06 23:19:13'),
(263, 252, 8, 1.0000, 84.0000, 84.0000, 8, '2025-11-06 23:21:25', '2025-11-06 23:21:25'),
(264, 253, 7, 1.0000, 60.0000, 60.0000, 8, '2025-11-06 23:21:25', '2025-11-06 23:21:25'),
(265, 254, 35, 0.0833, 84.0000, 6.9972, 8, '2025-11-06 23:21:25', '2025-11-06 23:21:25'),
(266, 255, 97, 0.0833, 78.0000, 6.4974, 8, '2025-11-07 00:00:59', '2025-11-07 00:00:59'),
(267, 256, 42, 1.0000, 154.0000, 154.0000, 8, '2025-11-07 23:08:34', '2025-11-07 23:08:34'),
(268, 257, 99, 3.0000, 64.0000, 192.0000, 8, '2025-11-08 14:38:21', '2025-11-08 14:38:21'),
(269, 258, 105, 1.0000, 120.0000, 120.0000, 8, '2025-11-08 17:46:55', '2025-11-08 17:46:55'),
(270, 259, 8, 1.0000, 84.0000, 84.0000, 8, '2025-11-08 17:46:55', '2025-11-08 17:46:55'),
(271, 260, 39, 2.0000, 12.0000, 24.0000, 8, '2025-11-08 22:49:22', '2025-11-09 22:43:54'),
(273, 261, 41, 1.0000, 16.0000, 16.0000, 8, '2025-11-09 15:23:18', '2025-11-09 15:23:18'),
(274, 262, 5, 1.0000, 4.5000, 4.5000, 8, '2025-11-09 21:59:20', '2025-11-09 21:59:20'),
(275, 263, 108, 1.0000, 130.0000, 130.0000, 8, '2025-11-09 22:09:54', '2025-11-09 22:09:54'),
(276, 264, 129, 10.0000, 1.0000, 10.0000, 8, '2025-11-10 14:43:52', '2025-11-10 14:43:52'),
(277, 265, 11, 1.0000, 65.0000, 65.0000, 8, '2025-11-10 14:43:52', '2025-11-10 14:43:52'),
(278, 266, 99, 4.0000, 64.0000, 256.0000, 8, '2025-11-11 14:56:41', '2025-11-11 14:56:41'),
(279, 267, 111, 5.0000, 17.0000, 85.0000, 8, '2025-11-11 14:56:41', '2025-11-11 14:56:41'),
(280, 268, 24, 1.0000, 145.0000, 145.0000, 8, '2025-11-11 17:08:30', '2025-11-11 17:08:30'),
(281, 269, 95, 1.0000, 78.0000, 78.0000, 8, '2025-11-11 17:08:30', '2025-11-11 17:08:30'),
(282, 270, 7, 1.0000, 60.0000, 60.0000, 8, '2025-11-11 17:09:33', '2025-11-11 17:09:33'),
(283, 271, 42, 1.0000, 154.0000, 154.0000, 8, '2025-11-11 18:17:10', '2025-11-11 18:17:10'),
(284, 272, 24, 0.3000, 145.0000, 43.5000, 8, '2025-11-11 21:57:24', '2025-11-11 21:57:24'),
(285, 273, 94, 0.2500, 78.0000, 19.5000, 8, '2025-11-11 21:57:24', '2025-11-11 21:57:24'),
(286, 274, 97, 0.2500, 78.0000, 19.5000, 8, '2025-11-11 21:57:24', '2025-11-11 21:57:24'),
(287, 275, 85, 4.0000, 57.0000, 228.0000, 8, '2025-11-11 21:57:24', '2025-11-11 21:57:24'),
(288, 276, 24, 0.1600, 145.0000, 23.2000, 8, '2025-11-11 22:09:24', '2025-11-11 22:09:24'),
(289, 277, 111, 4.0000, 17.0000, 68.0000, 8, '2025-11-11 22:09:24', '2025-11-11 22:09:24'),
(290, 278, 127, 4.0000, 45.0000, 180.0000, 8, '2025-11-11 22:09:24', '2025-11-11 22:09:24'),
(291, 279, 75, 4.0000, 18.0000, 72.0000, 8, '2025-11-11 22:09:24', '2025-11-11 22:09:24'),
(292, 280, 105, 2.0000, 120.0000, 240.0000, 8, '2025-11-12 14:31:08', '2025-11-12 14:31:08'),
(293, 281, 113, 10.0000, 1.5000, 15.0000, 8, '2025-11-12 14:31:08', '2025-11-12 14:31:08'),
(294, 282, 96, 0.2500, 78.0000, 19.5000, 8, '2025-11-12 14:31:08', '2025-11-12 14:31:08'),
(295, 283, 113, 30.0000, 1.5000, 45.0000, 8, '2025-11-12 14:32:05', '2025-11-12 14:32:05'),
(296, 284, 108, 5.0000, 130.0000, 650.0000, 8, '2025-11-12 17:02:39', '2025-11-12 17:02:39'),
(297, 285, 109, 2.0000, 130.0000, 260.0000, 8, '2025-11-12 17:02:39', '2025-11-12 17:02:39'),
(298, 286, 89, 1.0000, 110.0000, 110.0000, 8, '2025-11-12 17:39:23', '2025-11-12 17:39:23'),
(299, 287, 109, 2.0000, 130.0000, 260.0000, 8, '2025-11-12 18:53:18', '2025-11-12 18:53:18'),
(300, 288, 48, 1.0000, 0.8500, 0.8500, 8, '2025-11-12 18:53:18', '2025-11-12 18:53:18'),
(301, 288, 139, 49.0000, 0.9000, 44.1000, 8, '2025-11-12 18:53:18', '2025-11-12 18:53:18'),
(302, 289, 24, 2.0000, 145.0000, 290.0000, 8, '2025-11-12 23:18:45', '2025-11-12 23:18:45'),
(303, 290, 95, 1.0000, 78.0000, 78.0000, 8, '2025-11-12 23:18:45', '2025-11-12 23:18:45'),
(304, 291, 113, 30.0000, 1.5000, 45.0000, 8, '2025-11-12 23:18:45', '2025-11-12 23:18:45'),
(305, 292, 109, 6.0000, 130.0000, 780.0000, 8, '2025-11-12 23:18:45', '2025-11-12 23:18:45'),
(306, 293, 108, 5.0000, 130.0000, 650.0000, 8, '2025-11-12 23:18:45', '2025-11-12 23:18:45'),
(307, 294, 140, 2.0000, 150.0000, 300.0000, 8, '2025-11-12 23:18:45', '2025-11-12 23:18:45'),
(308, 295, 138, 3.0000, 160.0000, 480.0000, 8, '2025-11-12 23:18:45', '2025-11-12 23:18:45'),
(309, 296, 48, 1.0000, 0.8500, 0.8500, 8, '2025-11-12 23:18:45', '2025-11-12 23:18:45'),
(310, 296, 139, 49.0000, 0.9000, 44.1000, 8, '2025-11-12 23:18:45', '2025-11-12 23:18:45'),
(311, 297, 119, 2.0000, 45.0000, 90.0000, 8, '2025-11-13 12:40:08', '2025-11-13 12:40:08'),
(312, 298, 119, 2.0000, 45.0000, 90.0000, 8, '2025-11-13 13:54:35', '2025-11-13 13:54:35'),
(313, 299, 16, 1.0000, 105.0000, 105.0000, 8, '2025-11-13 14:39:21', '2025-11-13 14:39:21'),
(314, 300, 41, 1.0000, 16.0000, 16.0000, 8, '2025-11-13 14:39:21', '2025-11-13 14:39:21'),
(315, 301, 128, 4.0000, 13.0000, 52.0000, 8, '2025-11-13 16:12:22', '2025-11-13 16:12:22'),
(316, 302, 24, 0.6000, 145.0000, 87.0000, 8, '2025-11-13 20:19:58', '2025-11-13 20:19:58'),
(317, 303, 97, 0.2500, 78.0000, 19.5000, 8, '2025-11-13 20:19:58', '2025-11-13 20:19:58'),
(318, 304, 96, 0.2500, 78.0000, 19.5000, 8, '2025-11-13 20:19:58', '2025-11-13 20:19:58'),
(319, 305, 33, 0.2500, 84.0000, 21.0000, 8, '2025-11-13 20:19:58', '2025-11-13 20:19:58'),
(320, 306, 106, 1.0000, 74.0000, 74.0000, 8, '2025-11-13 20:19:58', '2025-11-13 20:19:58'),
(321, 307, 4, 1.0000, 24.5000, 24.5000, 8, '2025-11-13 20:21:06', '2025-11-13 20:21:06'),
(322, 308, 33, 1.0000, 84.0000, 84.0000, 8, '2025-11-13 21:00:47', '2025-11-13 21:00:47'),
(323, 309, 24, 1.0000, 145.0000, 145.0000, 8, '2025-11-13 21:00:47', '2025-11-13 21:00:47'),
(324, 310, 33, 0.2500, 84.0000, 21.0000, 8, '2025-11-13 21:28:27', '2025-11-13 21:28:27'),
(325, 311, 41, 2.0000, 16.0000, 32.0000, 8, '2025-11-13 21:53:44', '2025-11-13 21:53:44'),
(326, 311, 107, 1.0000, 16.0000, 16.0000, 8, '2025-11-13 21:53:44', '2025-11-13 21:53:44'),
(327, 312, 84, 9.0000, 6.0000, 54.0000, 8, '2025-11-13 21:55:58', '2025-11-13 21:55:58'),
(328, 313, 25, 1.0000, 3.0000, 3.0000, 8, '2025-11-15 20:28:15', '2025-11-15 20:28:15'),
(329, 314, 26, 5.0000, 3.0000, 15.0000, 8, '2025-11-15 20:28:15', '2025-11-15 20:28:15'),
(330, 315, 97, 0.5000, 78.0000, 39.0000, 8, '2025-11-15 22:24:00', '2025-11-15 22:24:00'),
(331, 316, 84, 2.0000, 6.0000, 12.0000, 8, '2025-11-15 22:25:06', '2025-11-15 22:25:06'),
(332, 317, 52, 15.0000, 0.2500, 3.7500, 8, '2025-11-15 22:25:06', '2025-11-15 22:25:06'),
(333, 318, 45, 2.0000, 70.0000, 140.0000, 8, '2025-11-15 22:25:55', '2025-11-15 22:25:55'),
(334, 319, 95, 1.0000, 78.0000, 78.0000, 8, '2025-11-15 22:26:51', '2025-11-15 22:26:51'),
(335, 320, 89, 1.0000, 110.0000, 110.0000, 8, '2025-11-15 22:28:01', '2025-11-15 22:28:01'),
(336, 321, 66, 6.0000, 35.0000, 210.0000, 8, '2025-11-15 22:30:15', '2025-11-15 22:30:15'),
(338, 323, 13, 2.0000, 15.5000, 31.0000, 8, '2025-11-16 14:13:24', '2025-11-16 14:13:24'),
(339, 324, 111, 4.0000, 17.0000, 68.0000, 8, '2025-11-16 14:13:24', '2025-11-16 15:45:13'),
(340, 325, 105, 1.0000, 120.0000, 120.0000, 8, '2025-11-16 14:13:24', '2025-11-16 14:13:24'),
(341, 326, 24, 0.8600, 145.0000, 124.7000, 8, '2025-11-16 14:13:24', '2025-11-16 14:13:24'),
(342, 326, 77, 0.1400, 145.0000, 20.3000, 8, '2025-11-16 14:13:24', '2025-11-16 14:13:24'),
(343, 327, 33, 0.2500, 84.0000, 21.0000, 8, '2025-11-16 14:13:24', '2025-11-16 14:13:24'),
(344, 328, 107, 1.0000, 16.0000, 16.0000, 8, '2025-11-16 15:35:50', '2025-11-16 15:35:50'),
(345, 329, 105, 1.0000, 120.0000, 120.0000, 8, '2025-11-16 15:36:28', '2025-11-16 15:36:28'),
(346, 330, 106, 1.0000, 74.0000, 74.0000, 8, '2025-11-16 16:42:02', '2025-11-16 16:42:02'),
(347, 331, 97, 0.2500, 78.0000, 19.5000, 8, '2025-11-16 16:42:02', '2025-11-16 16:42:02'),
(348, 332, 61, 4.0000, 20.0000, 80.0000, 8, '2025-11-16 17:23:26', '2025-11-16 17:23:26'),
(349, 333, 17, 2.0000, 11.0000, 22.0000, 8, '2025-11-16 17:23:26', '2025-11-16 17:23:26'),
(350, 334, 94, 0.0417, 78.0000, 3.2526, 8, '2025-11-16 17:23:26', '2025-11-16 17:23:26'),
(351, 335, 7, 1.0000, 60.0000, 60.0000, 8, '2025-11-16 17:35:03', '2025-11-16 17:35:03'),
(352, 336, 96, 0.2500, 78.0000, 19.5000, 8, '2025-11-16 18:07:07', '2025-11-16 18:07:07'),
(353, 337, 121, 1.0000, 72.5000, 72.5000, 8, '2025-11-16 19:06:20', '2025-11-16 19:06:20'),
(354, 338, 51, 4.0000, 3.5000, 14.0000, 8, '2025-11-17 01:32:12', '2025-11-17 01:32:12'),
(355, 339, 21, 1.0000, 65.0000, 65.0000, 8, '2025-11-17 01:54:59', '2025-11-17 01:54:59'),
(356, 340, 113, 2.0000, 1.5000, 3.0000, 8, '2025-11-17 01:54:59', '2025-11-17 01:54:59'),
(357, 341, 106, 1.0000, 74.0000, 74.0000, 8, '2025-11-17 01:55:25', '2025-11-17 01:55:25'),
(358, 342, 89, 1.0000, 110.0000, 110.0000, 8, '2025-11-17 02:11:59', '2025-11-17 02:11:59'),
(359, 343, 112, 28.0000, 1.2500, 35.0000, 8, '2025-11-17 02:11:59', '2025-11-17 02:11:59'),
(360, 344, 139, 4.0000, 0.9000, 3.6000, 8, '2025-11-17 02:12:00', '2025-11-17 02:12:00'),
(361, 345, 5, 1.0000, 4.5000, 4.5000, 8, '2025-11-17 11:03:57', '2025-11-17 11:03:57'),
(362, 346, 141, 1.0000, 142.0000, 142.0000, 8, '2025-11-17 11:04:37', '2025-11-17 11:04:37'),
(363, 347, 43, 1.0000, 100.0000, 100.0000, 8, '2025-11-17 11:04:37', '2025-11-17 11:04:37'),
(364, 348, 141, 1.0000, 142.0000, 142.0000, 8, '2025-11-17 11:05:55', '2025-11-17 11:05:55'),
(365, 349, 43, 1.0000, 100.0000, 100.0000, 8, '2025-11-17 11:05:55', '2025-11-17 11:05:55'),
(366, 350, 89, 1.0000, 110.0000, 110.0000, 8, '2025-11-17 11:05:55', '2025-11-17 11:05:55'),
(367, 351, 43, 1.0000, 100.0000, 100.0000, 8, '2025-11-17 12:00:54', '2025-11-17 12:00:54'),
(368, 352, 89, 1.0000, 110.0000, 110.0000, 8, '2025-11-17 13:32:54', '2025-11-17 13:32:54'),
(369, 353, 45, 4.5000, 70.0000, 315.0000, 8, '2025-11-18 15:54:22', '2025-11-18 15:54:22'),
(370, 354, 127, 4.0000, 45.0000, 180.0000, 8, '2025-11-18 17:39:43', '2025-11-18 17:39:43'),
(371, 355, 96, 0.0833, 78.0000, 6.4974, 8, '2025-11-18 17:39:43', '2025-11-18 17:39:43'),
(372, 356, 147, 6.0000, 47.0000, 282.0000, 8, '2025-11-18 22:23:16', '2025-11-18 22:23:16'),
(373, 357, 33, 2.0000, 84.0000, 168.0000, 8, '2025-11-18 22:23:16', '2025-11-18 22:23:16'),
(374, 358, 95, 1.0000, 78.0000, 78.0000, 8, '2025-11-18 22:23:16', '2025-11-18 22:23:16'),
(375, 359, 8, 3.0000, 84.0000, 252.0000, 8, '2025-11-18 22:23:16', '2025-11-18 22:23:16'),
(376, 360, 77, 0.0200, 145.0000, 2.9000, 8, '2025-11-18 22:23:16', '2025-11-18 22:23:16'),
(377, 360, 132, 0.9800, 130.0000, 127.4000, 8, '2025-11-18 22:23:16', '2025-11-18 22:23:16'),
(378, 361, 150, 1.0000, 106.0000, 106.0000, 8, '2025-11-18 22:23:16', '2025-11-18 22:23:16'),
(379, 362, 95, 2.0000, 78.0000, 156.0000, 8, '2025-11-18 22:26:57', '2025-11-18 22:26:57'),
(380, 363, 14, 3.0000, 14.0000, 42.0000, 8, '2025-11-18 22:28:07', '2025-11-18 22:28:07'),
(381, 363, 120, 3.0000, 19.0000, 57.0000, 8, '2025-11-18 22:28:07', '2025-11-18 22:28:07'),
(382, 364, 13, 2.0000, 15.5000, 31.0000, 8, '2025-11-18 22:28:07', '2025-11-18 22:28:07'),
(383, 365, 80, 10.0000, 0.7937, 7.9370, 8, '2025-11-18 22:28:46', '2025-11-18 22:28:46'),
(384, 366, 132, 0.0600, 130.0000, 7.8000, 8, '2025-11-19 16:28:46', '2025-11-19 16:28:46'),
(385, 367, 84, 4.0000, 6.0000, 24.0000, 8, '2025-11-19 16:30:26', '2025-11-19 16:30:26'),
(386, 368, 96, 0.2500, 78.0000, 19.5000, 8, '2025-11-19 16:30:26', '2025-11-19 16:30:26'),
(387, 369, 151, 1.0000, 65.0000, 65.0000, 8, '2025-11-19 16:30:26', '2025-11-19 16:30:26'),
(388, 370, 142, 2.0000, 2.6000, 5.2000, 8, '2025-11-19 16:31:13', '2025-11-19 16:31:13'),
(389, 371, 5, 2.0000, 4.5000, 9.0000, 8, '2025-11-19 21:15:42', '2025-11-19 21:15:42'),
(390, 372, 81, 1.0000, 20.8330, 20.8330, 8, '2025-11-19 21:16:08', '2025-11-19 21:16:08'),
(391, 373, 106, 1.0000, 74.0000, 74.0000, 8, '2025-11-19 21:16:34', '2025-11-19 21:16:34'),
(392, 374, 5, 7.0000, 4.5000, 31.5000, 8, '2025-11-19 21:17:41', '2025-11-19 21:17:41'),
(393, 375, 113, 12.0000, 1.5000, 18.0000, 8, '2025-11-20 00:27:25', '2025-11-20 00:27:25'),
(394, 376, 51, 6.0000, 3.5000, 21.0000, 8, '2025-11-20 00:27:25', '2025-11-20 00:27:25'),
(395, 377, 16, 2.0000, 105.0000, 210.0000, 8, '2025-11-20 01:30:18', '2025-11-20 01:30:18'),
(396, 378, 39, 3.0000, 12.0000, 36.0000, 8, '2025-11-20 01:30:18', '2025-11-20 01:30:18'),
(397, 379, 13, 4.0000, 15.5000, 62.0000, 8, '2025-11-20 05:25:31', '2025-11-20 05:25:31'),
(398, 379, 125, 2.0000, 15.0000, 30.0000, 8, '2025-11-20 05:25:31', '2025-11-20 05:25:31'),
(399, 380, 113, 8.0000, 1.5000, 12.0000, 8, '2025-11-20 18:57:53', '2025-11-20 18:57:53'),
(400, 381, 45, 8.0000, 70.0000, 560.0000, 8, '2025-11-20 19:44:44', '2025-11-20 19:44:44'),
(401, 382, 132, 0.4800, 130.0000, 62.4000, 8, '2025-11-21 01:28:23', '2025-11-21 01:28:23'),
(402, 383, 95, 0.2500, 78.0000, 19.5000, 8, '2025-11-21 01:28:23', '2025-11-21 01:28:23'),
(403, 384, 64, 16.0000, 19.0000, 304.0000, 8, '2025-11-21 01:28:23', '2025-11-21 01:28:23'),
(404, 385, 11, 1.0000, 65.0000, 65.0000, 8, '2025-11-21 01:55:46', '2025-11-21 01:55:46'),
(405, 386, 84, 6.0000, 6.0000, 36.0000, 8, '2025-11-21 04:21:11', '2025-11-21 04:21:11'),
(406, 387, 95, 0.2500, 78.0000, 19.5000, 8, '2025-11-21 04:50:27', '2025-11-21 04:50:27'),
(407, 388, 54, 6.0000, 1.2000, 7.2000, 8, '2025-11-21 05:19:15', '2025-11-21 05:19:15'),
(408, 389, 8, 1.0000, 84.0000, 84.0000, 8, '2025-11-22 02:30:14', '2025-11-22 02:30:14'),
(409, 390, 95, 1.0000, 78.0000, 78.0000, 8, '2025-11-22 02:31:31', '2025-11-22 02:31:31'),
(410, 391, 116, 74.0000, 0.6500, 48.1000, 8, '2025-11-22 02:31:31', '2025-11-22 02:31:31'),
(411, 391, 159, 26.0000, 0.8000, 20.8000, 8, '2025-11-22 02:31:31', '2025-11-22 02:31:31'),
(412, 392, 158, 2.0000, 160.0000, 320.0000, 8, '2025-11-22 02:32:13', '2025-11-22 02:32:13'),
(413, 393, 142, 2.0000, 2.6000, 5.2000, 8, '2025-11-23 18:13:24', '2025-11-23 18:13:24'),
(414, 394, 54, 2.0000, 1.2000, 2.4000, 8, '2025-11-23 18:14:22', '2025-11-23 18:14:22'),
(415, 395, 132, 0.1200, 130.0000, 15.6000, 8, '2025-11-23 18:16:06', '2025-11-23 18:16:06'),
(416, 396, 12, 1.0000, 97.5000, 97.5000, 8, '2025-11-23 18:18:47', '2025-11-23 18:18:47'),
(417, 397, 160, 1.0000, 55.0000, 55.0000, 8, '2025-11-23 18:28:30', '2025-11-23 18:28:30'),
(418, 398, 12, 1.0000, 97.5000, 97.5000, 8, '2025-11-23 18:28:30', '2025-11-23 18:28:30'),
(419, 399, 132, 0.6000, 130.0000, 78.0000, 8, '2025-11-23 19:06:19', '2025-11-23 19:06:19'),
(420, 400, 37, 0.2500, 84.0000, 21.0000, 8, '2025-11-23 19:06:19', '2025-11-23 19:06:19'),
(421, 401, 95, 0.2500, 78.0000, 19.5000, 8, '2025-11-23 19:06:19', '2025-11-23 19:06:19'),
(422, 402, 112, 8.0000, 1.2500, 10.0000, 8, '2025-11-23 20:35:36', '2025-11-23 20:35:36'),
(423, 403, 161, 1.0000, 55.0000, 55.0000, 8, '2025-11-23 21:33:35', '2025-11-23 21:33:35'),
(424, 404, 112, 8.0000, 1.2500, 10.0000, 8, '2025-11-23 21:33:35', '2025-11-23 21:33:35'),
(425, 405, 96, 0.2500, 78.0000, 19.5000, 8, '2025-11-23 21:33:35', '2025-11-23 21:33:35'),
(426, 406, 63, 4.0000, 19.0000, 76.0000, 8, '2025-11-23 21:40:59', '2025-11-23 21:40:59'),
(427, 407, 61, 4.0000, 20.0000, 80.0000, 8, '2025-11-23 21:40:59', '2025-11-23 21:40:59'),
(428, 408, 8, 1.0000, 84.0000, 84.0000, 8, '2025-11-24 15:14:08', '2025-11-24 15:14:08'),
(429, 409, 95, 0.2500, 78.0000, 19.5000, 8, '2025-11-24 15:15:47', '2025-11-24 15:15:47'),
(430, 410, 50, 6.0000, 9.0000, 54.0000, 8, '2025-11-24 15:32:47', '2025-11-24 15:32:47'),
(431, 411, 84, 1.0000, 6.0000, 6.0000, 8, '2025-11-24 17:03:32', '2025-11-24 17:03:32'),
(432, 411, 122, 5.0000, 4.0000, 20.0000, 8, '2025-11-24 17:03:32', '2025-11-24 17:03:32'),
(433, 412, 76, 8.0000, 20.0000, 160.0000, 8, '2025-11-24 17:52:30', '2025-11-24 17:52:30'),
(434, 413, 95, 0.1250, 78.0000, 9.7500, 8, '2025-11-24 17:52:30', '2025-11-24 17:52:30'),
(435, 414, 97, 0.1250, 78.0000, 9.7500, 8, '2025-11-24 17:52:30', '2025-11-24 17:52:30'),
(436, 415, 90, 1.0000, 85.0000, 85.0000, 8, '2025-11-24 17:52:30', '2025-11-24 17:52:30'),
(437, 416, 132, 0.3200, 130.0000, 41.6000, 8, '2025-11-24 17:52:30', '2025-11-24 17:52:30'),
(438, 417, 10, 1.0000, 145.0000, 145.0000, 8, '2025-11-24 22:16:54', '2025-11-24 22:16:54'),
(439, 418, 8, 1.0000, 84.0000, 84.0000, 8, '2025-11-24 22:16:54', '2025-11-24 22:16:54'),
(440, 419, 103, 1.0000, 110.0000, 110.0000, 8, '2025-11-24 22:16:54', '2025-11-24 22:16:54'),
(441, 420, 132, 0.1000, 130.0000, 13.0000, 8, '2025-11-24 23:43:53', '2025-11-24 23:43:53'),
(442, 421, 64, 4.0000, 19.0000, 76.0000, 8, '2025-11-24 23:43:53', '2025-11-24 23:43:53'),
(443, 422, 95, 0.1667, 78.0000, 13.0026, 8, '2025-11-24 23:43:53', '2025-11-24 23:43:53'),
(444, 423, 29, 0.1000, 75.0000, 7.5000, 8, '2025-11-24 23:43:53', '2025-11-24 23:43:53'),
(445, 424, 132, 0.1600, 130.0000, 20.8000, 8, '2025-11-25 00:42:25', '2025-11-25 00:42:25'),
(446, 425, 61, 4.0000, 20.0000, 80.0000, 8, '2025-11-25 00:42:25', '2025-11-25 00:42:25'),
(447, 426, 95, 0.2500, 78.0000, 19.5000, 8, '2025-11-25 00:42:25', '2025-11-25 00:42:25'),
(448, 427, 47, 8.0000, 0.7500, 6.0000, 8, '2025-11-25 01:42:51', '2025-11-25 01:42:51'),
(449, 428, 132, 0.1600, 130.0000, 20.8000, 8, '2025-11-25 01:42:51', '2025-11-25 01:42:51'),
(450, 429, 111, 8.0000, 17.0000, 136.0000, 8, '2025-11-25 01:42:51', '2025-11-25 01:42:51'),
(451, 430, 75, 8.0000, 18.0000, 144.0000, 8, '2025-11-25 01:42:51', '2025-11-25 01:42:51'),
(452, 431, 95, 0.2500, 78.0000, 19.5000, 8, '2025-11-25 01:42:51', '2025-11-25 01:42:51'),
(453, 432, 128, 4.0000, 13.0000, 52.0000, 8, '2025-11-25 01:42:51', '2025-11-25 01:42:51'),
(454, 433, 113, 6.0000, 1.5000, 9.0000, 8, '2025-11-25 01:51:11', '2025-11-25 01:51:11'),
(455, 434, 95, 0.2500, 78.0000, 19.5000, 8, '2025-11-25 01:51:42', '2025-11-25 01:51:42'),
(456, 435, 106, 1.0000, 74.0000, 74.0000, 8, '2025-11-25 02:21:12', '2025-11-25 02:21:12'),
(457, 436, 106, 1.0000, 74.0000, 74.0000, 8, '2025-11-25 07:24:20', '2025-11-25 07:24:20'),
(458, 437, 33, 1.0000, 84.0000, 84.0000, 8, '2025-11-25 07:25:26', '2025-11-25 07:25:26'),
(459, 438, 106, 1.0000, 74.0000, 74.0000, 8, '2025-11-25 07:25:26', '2025-11-25 07:25:26'),
(460, 439, 152, 2.0000, 8.0000, 16.0000, 8, '2025-11-25 07:27:09', '2025-11-25 07:27:09'),
(461, 440, 132, 7.0000, 130.0000, 910.0000, 8, '2025-11-25 07:27:40', '2025-11-25 07:27:40'),
(462, 441, 132, 0.0700, 130.0000, 9.1000, 8, '2025-11-25 07:28:36', '2025-11-25 07:28:36'),
(463, 442, 160, 1.0000, 55.0000, 55.0000, 8, '2025-11-25 07:44:47', '2025-11-25 07:44:47'),
(464, 443, 45, 8.0000, 70.0000, 560.0000, 8, '2025-11-25 10:03:08', '2025-11-25 10:03:08'),
(465, 444, 36, 0.0417, 84.0000, 3.5028, 8, '2025-11-25 10:06:21', '2025-11-25 10:06:21'),
(466, 445, 129, 4.0000, 1.0000, 4.0000, 8, '2025-11-25 10:06:21', '2025-11-25 10:06:21'),
(467, 446, 132, 0.0200, 130.0000, 2.6000, 8, '2025-11-25 10:06:21', '2025-11-25 10:06:21'),
(468, 447, 95, 0.0417, 78.0000, 3.2526, 8, '2025-11-25 10:06:21', '2025-11-25 10:06:21'),
(469, 448, 111, 10.0000, 17.0000, 170.0000, 8, '2025-11-25 10:08:02', '2025-11-25 10:08:02'),
(470, 449, 95, 0.2500, 78.0000, 19.5000, 8, '2025-11-25 10:08:02', '2025-11-25 10:08:02'),
(471, 450, 132, 0.3600, 130.0000, 46.8000, 8, '2025-11-25 10:08:03', '2025-11-25 10:08:03'),
(472, 451, 85, 2.0000, 57.0000, 114.0000, 8, '2025-11-25 10:08:03', '2025-11-25 10:08:03'),
(473, 452, 64, 2.0000, 19.0000, 38.0000, 8, '2025-11-25 10:27:44', '2025-11-25 10:27:44'),
(474, 453, 64, 2.0000, 19.0000, 38.0000, 8, '2025-11-25 10:49:25', '2025-11-25 10:49:25'),
(475, 454, 122, 5.0000, 4.0000, 20.0000, 8, '2025-11-25 11:23:13', '2025-11-25 11:23:13'),
(476, 455, 128, 2.0000, 13.0000, 26.0000, 8, '2025-11-25 15:06:40', '2025-11-25 15:06:40'),
(477, 456, 162, 6.0000, 12.0000, 72.0000, 8, '2025-11-26 00:59:49', '2025-11-26 00:59:49'),
(478, 457, 50, 2.0000, 9.0000, 18.0000, 8, '2025-11-26 00:59:49', '2025-11-26 00:59:49'),
(479, 458, 12, 1.0000, 97.5000, 97.5000, 8, '2025-11-26 07:00:57', '2025-11-26 07:00:57'),
(480, 459, 96, 0.0833, 78.0000, 6.4974, 8, '2025-11-26 07:03:17', '2025-11-26 07:03:17'),
(481, 460, 106, 1.0000, 74.0000, 74.0000, 8, '2025-11-26 07:03:17', '2025-11-26 07:03:17'),
(482, 461, 49, 3.0000, 4.5000, 13.5000, 8, '2025-11-26 07:05:10', '2025-11-26 07:05:10'),
(483, 462, 96, 0.0417, 78.0000, 3.2526, 8, '2025-11-26 07:05:10', '2025-11-26 07:05:10'),
(484, 463, 49, 1.0000, 4.5000, 4.5000, 8, '2025-11-26 07:06:54', '2025-11-26 07:06:54'),
(485, 464, 122, 4.0000, 4.0000, 16.0000, 8, '2025-11-26 07:37:57', '2025-11-26 07:37:57'),
(486, 465, 54, 4.0000, 1.2000, 4.8000, 8, '2025-11-26 07:37:57', '2025-11-26 07:37:57'),
(487, 466, 89, 1.0000, 110.0000, 110.0000, 8, '2025-11-26 07:37:57', '2025-11-26 07:37:57'),
(488, 467, 150, 1.0000, 106.0000, 106.0000, 8, '2025-11-26 08:03:32', '2025-11-26 08:03:32'),
(489, 468, 159, 26.0000, 0.8000, 20.8000, 8, '2025-11-26 08:47:57', '2025-11-26 08:47:57'),
(490, 469, 159, 16.0000, 0.8000, 12.8000, 8, '2025-11-26 11:26:55', '2025-11-26 11:26:55'),
(491, 470, 107, 1.0000, 16.0000, 16.0000, 8, '2025-11-27 00:40:17', '2025-11-27 00:40:17'),
(492, 471, 11, 1.0000, 65.0000, 65.0000, 8, '2025-11-27 00:40:36', '2025-11-27 00:40:36'),
(493, 472, 61, 2.0000, 20.0000, 40.0000, 8, '2025-11-27 01:58:42', '2025-11-27 01:58:42'),
(494, 473, 164, 1.0000, 0.0000, 0.0000, 8, '2025-11-27 02:17:50', '2025-11-27 02:17:50'),
(495, 474, 132, 1.0000, 130.0000, 130.0000, 8, '2025-11-27 02:17:50', '2025-11-27 02:17:50'),
(496, 475, 132, 0.2000, 130.0000, 26.0000, 8, '2025-11-27 05:34:50', '2025-11-27 05:34:50'),
(497, 476, 36, 0.1667, 84.0000, 14.0028, 8, '2025-11-27 05:34:50', '2025-11-27 05:34:50'),
(498, 477, 97, 0.1666, 78.0000, 12.9948, 8, '2025-11-27 05:34:50', '2025-11-27 05:34:50'),
(499, 478, 17, 4.0000, 11.0000, 44.0000, 8, '2025-11-27 05:34:50', '2025-11-27 05:34:50'),
(500, 479, 75, 2.0000, 18.0000, 36.0000, 8, '2025-11-27 05:35:15', '2025-11-27 05:35:15'),
(501, 480, 33, 0.0833, 84.0000, 6.9972, 8, '2025-11-27 07:04:36', '2025-11-27 07:04:36'),
(502, 481, 32, 1.0000, 23.5000, 23.5000, 8, '2025-11-27 07:14:23', '2025-11-27 07:14:23'),
(503, 482, 62, 2.0000, 13.5000, 27.0000, 8, '2025-11-27 07:14:23', '2025-11-27 07:14:23'),
(504, 483, 36, 0.5000, 84.0000, 42.0000, 8, '2025-11-29 21:42:12', '2025-11-29 21:42:12'),
(505, 484, 164, 1.0000, 0.0000, 0.0000, 8, '2025-11-29 21:42:12', '2025-11-29 21:42:12'),
(506, 485, 160, 1.0000, 55.0000, 55.0000, 8, '2025-11-29 21:55:47', '2025-11-29 21:55:47'),
(507, 486, 105, 1.0000, 120.0000, 120.0000, 8, '2025-11-29 21:55:47', '2025-11-30 01:37:14'),
(508, 487, 156, 1.0000, 75.6000, 75.6000, 8, '2025-11-29 21:55:47', '2025-11-29 21:55:47'),
(509, 488, 54, 6.0000, 1.2000, 7.2000, 8, '2025-11-29 21:58:41', '2025-11-29 21:58:41'),
(510, 489, 107, 1.0000, 16.0000, 16.0000, 8, '2025-11-29 21:59:10', '2025-11-29 21:59:10'),
(511, 490, 49, 1.0000, 4.5000, 4.5000, 8, '2025-11-29 21:59:46', '2025-11-29 21:59:46'),
(512, 491, 143, 4.0000, 2.6000, 10.4000, 8, '2025-11-29 22:00:20', '2025-11-29 22:00:20'),
(513, 492, 166, 1.0000, 50.0000, 50.0000, 8, '2025-11-29 22:01:36', '2025-11-29 22:01:36'),
(514, 493, 173, 1.0000, 55.0000, 55.0000, 8, '2025-11-29 22:21:44', '2025-11-29 22:21:44'),
(515, 494, 173, 1.0000, 55.0000, 55.0000, 8, '2025-11-29 22:24:59', '2025-11-29 22:24:59'),
(516, 495, 173, 1.0000, 55.0000, 55.0000, 8, '2025-11-29 22:43:49', '2025-11-29 22:43:49'),
(517, 496, 179, 1.0000, 85.0000, 85.0000, 8, '2025-11-30 01:38:37', '2025-11-30 01:38:37'),
(518, 497, 107, 1.0000, 16.0000, 16.0000, 8, '2025-11-30 01:39:03', '2025-11-30 01:39:03'),
(519, 498, 47, 300.0000, 0.7500, 225.0000, 8, '2025-11-30 01:40:03', '2025-11-30 01:40:03'),
(520, 499, 150, 1.0000, 106.0000, 106.0000, 8, '2025-11-30 09:08:18', '2025-11-30 09:08:18'),
(521, 500, 141, 1.0000, 142.0000, 142.0000, 8, '2025-11-30 09:08:18', '2025-11-30 09:08:18'),
(522, 501, 54, 4.0000, 1.2000, 4.8000, 8, '2025-11-30 09:08:18', '2025-11-30 09:08:18'),
(523, 502, 97, 0.0833, 78.0000, 6.4974, 8, '2025-11-30 09:09:02', '2025-11-30 09:09:02'),
(524, 503, 39, 2.0000, 12.0000, 24.0000, 8, '2025-11-30 10:16:34', '2025-11-30 10:16:34'),
(525, 503, 114, 10.0000, 12.0000, 120.0000, 8, '2025-11-30 10:16:34', '2025-11-30 10:16:34'),
(526, 504, 164, 1.0000, 0.0000, 0.0000, 8, '2025-11-30 10:18:17', '2025-11-30 10:18:17'),
(527, 505, 36, 0.2500, 84.0000, 21.0000, 8, '2025-11-30 10:18:17', '2025-11-30 10:18:17'),
(528, 506, 174, 3.0000, 11.5000, 34.5000, 8, '2025-11-30 10:46:25', '2025-11-30 10:46:25'),
(529, 507, 159, 10.0000, 0.8000, 8.0000, 8, '2025-11-30 10:46:25', '2025-11-30 10:46:25'),
(530, 508, 130, 4.0000, 2.0000, 8.0000, 8, '2025-11-30 10:46:25', '2025-11-30 10:46:25'),
(531, 509, 36, 1.0000, 84.0000, 84.0000, 8, '2025-11-30 10:49:20', '2025-11-30 10:49:20'),
(532, 510, 164, 1.0000, 0.0000, 0.0000, 8, '2025-11-30 10:49:20', '2025-11-30 10:49:20'),
(533, 511, 96, 0.2500, 78.0000, 19.5000, 8, '2025-11-30 12:20:14', '2025-11-30 12:20:14'),
(534, 512, 97, 0.2500, 78.0000, 19.5000, 8, '2025-11-30 12:20:14', '2025-11-30 12:20:14'),
(535, 513, 173, 1.0000, 55.0000, 55.0000, 8, '2025-11-30 12:20:34', '2025-11-30 12:20:34'),
(536, 514, 63, 4.0000, 19.0000, 76.0000, 8, '2025-12-01 16:20:10', '2025-12-01 16:20:10'),
(537, 515, 15, 0.2000, 40.0000, 8.0000, 8, '2025-12-01 23:38:26', '2025-12-01 23:38:26'),
(538, 516, 33, 0.0833, 84.0000, 6.9972, 8, '2025-12-01 23:38:26', '2025-12-01 23:38:26'),
(539, 517, 15, 0.0200, 40.0000, 0.8000, 8, '2025-12-02 00:00:40', '2025-12-02 00:00:40'),
(540, 518, 153, 1.0000, 7.0000, 7.0000, 8, '2025-12-02 03:18:13', '2025-12-02 03:18:13'),
(541, 519, 180, 3.0000, 150.0000, 450.0000, 8, '2025-12-02 03:23:53', '2025-12-02 03:23:53'),
(542, 520, 128, 1.0000, 13.0000, 13.0000, 8, '2025-12-02 16:58:58', '2025-12-02 19:15:05'),
(543, 521, 61, 2.0000, 20.0000, 40.0000, 8, '2025-12-02 16:58:58', '2025-12-02 16:58:58'),
(544, 522, 81, 1.0000, 20.8330, 20.8330, 8, '2025-12-02 16:58:58', '2025-12-02 16:58:58'),
(545, 523, 98, 1.0000, 57.0000, 57.0000, 8, '2025-12-02 16:58:58', '2025-12-02 16:58:58'),
(546, 524, 156, 1.0000, 75.6000, 75.6000, 8, '2025-12-02 18:10:27', '2025-12-02 18:10:27'),
(547, 525, 156, 1.0000, 75.6000, 75.6000, 8, '2025-12-02 18:12:08', '2025-12-02 18:12:08'),
(548, 526, 15, 0.0800, 40.0000, 3.2000, 8, '2025-12-02 19:25:05', '2025-12-02 19:25:05'),
(549, 527, 132, 0.2400, 130.0000, 31.2000, 8, '2025-12-02 21:39:00', '2025-12-02 21:39:00'),
(550, 528, 122, 2.0000, 4.0000, 8.0000, 8, '2025-12-02 21:39:01', '2025-12-02 21:39:01'),
(551, 529, 97, 0.2500, 78.0000, 19.5000, 8, '2025-12-02 21:39:01', '2025-12-02 21:39:01'),
(552, 530, 95, 0.2500, 78.0000, 19.5000, 8, '2025-12-02 21:39:01', '2025-12-02 21:39:01'),
(553, 531, 159, 12.0000, 0.8000, 9.6000, 8, '2025-12-03 11:58:34', '2025-12-03 11:58:34'),
(554, 532, 158, 2.0000, 160.0000, 320.0000, 8, '2025-12-03 11:58:34', '2025-12-03 11:58:34'),
(555, 533, 122, 2.0000, 4.0000, 8.0000, 8, '2025-12-03 12:00:50', '2025-12-03 12:00:50'),
(556, 534, 83, 4.0000, 6.0606, 24.2424, 8, '2025-12-03 13:19:31', '2025-12-03 13:19:31'),
(557, 535, 171, 2.0000, 6.5000, 13.0000, 8, '2025-12-03 13:19:31', '2025-12-03 13:19:31'),
(558, 536, 64, 2.0000, 19.0000, 38.0000, 8, '2025-12-03 18:16:52', '2025-12-03 18:16:52'),
(559, 537, 97, 1.0000, 78.0000, 78.0000, 8, '2025-12-03 18:19:10', '2025-12-03 18:19:10'),
(560, 538, 96, 0.0833, 78.0000, 6.4974, 8, '2025-12-03 18:19:46', '2025-12-03 18:19:46'),
(561, 539, 97, 1.0000, 78.0000, 78.0000, 8, '2025-12-03 18:25:56', '2025-12-03 18:25:56'),
(562, 540, 97, 0.0833, 78.0000, 6.4974, 8, '2025-12-03 22:50:31', '2025-12-03 22:50:31'),
(563, 541, 62, 2.0000, 13.5000, 27.0000, 8, '2025-12-03 22:50:31', '2025-12-03 22:50:31'),
(566, 543, 61, 2.0000, 20.0000, 40.0000, 8, '2025-12-03 22:50:31', '2025-12-03 22:50:31');
INSERT INTO `sale_item_allocations` (`id`, `sale_item_id`, `batch_id`, `qty`, `unit_cost`, `line_cost`, `created_by`, `created_at`, `updated_at`) VALUES
(567, 544, 95, 1.0000, 78.0000, 78.0000, 8, '2025-12-03 22:51:16', '2025-12-03 22:51:16'),
(568, 545, 105, 1.0000, 120.0000, 120.0000, 8, '2025-12-03 22:51:35', '2025-12-03 22:51:35'),
(569, 546, 36, 1.0000, 84.0000, 84.0000, 8, '2025-12-03 23:09:43', '2025-12-03 23:09:43'),
(570, 547, 63, 4.0000, 19.0000, 76.0000, 8, '2025-12-04 13:48:37', '2025-12-04 13:48:37'),
(571, 548, 67, 1.0000, 19.0000, 19.0000, 8, '2025-12-04 13:48:37', '2025-12-04 13:48:37'),
(572, 549, 37, 0.2500, 84.0000, 21.0000, 8, '2025-12-04 13:48:37', '2025-12-04 13:48:37'),
(573, 550, 95, 0.2500, 78.0000, 19.5000, 8, '2025-12-04 13:48:37', '2025-12-04 13:48:37'),
(574, 551, 150, 1.0000, 106.0000, 106.0000, 8, '2025-12-04 13:48:37', '2025-12-04 13:48:37'),
(575, 552, 164, 1.0000, 0.0000, 0.0000, 8, '2025-12-04 13:48:37', '2025-12-04 13:48:37'),
(576, 553, 122, 10.0000, 4.0000, 40.0000, 8, '2025-12-04 13:48:37', '2025-12-04 13:48:37'),
(577, 554, 83, 1.0000, 6.0606, 6.0606, 8, '2025-12-04 13:48:37', '2025-12-04 13:48:37'),
(578, 555, 102, 6.0000, 15.0000, 90.0000, 8, '2025-12-04 13:48:37', '2025-12-04 13:48:37'),
(579, 556, 67, 1.0000, 19.0000, 19.0000, 8, '2025-12-04 13:53:27', '2025-12-04 13:53:27'),
(580, 557, 97, 0.2500, 78.0000, 19.5000, 8, '2025-12-05 01:20:02', '2025-12-05 01:20:02'),
(581, 558, 95, 0.2500, 78.0000, 19.5000, 8, '2025-12-05 01:20:02', '2025-12-05 01:20:02'),
(582, 559, 62, 2.0000, 13.5000, 27.0000, 8, '2025-12-05 01:20:02', '2025-12-05 01:20:02'),
(583, 560, 105, 1.0000, 120.0000, 120.0000, 8, '2025-12-05 01:20:50', '2025-12-05 01:20:50'),
(584, 561, 61, 2.0000, 20.0000, 40.0000, 8, '2025-12-05 01:20:50', '2025-12-05 01:20:50'),
(585, 562, 61, 2.0000, 20.0000, 40.0000, 8, '2025-12-06 13:01:24', '2025-12-06 13:01:24'),
(586, 563, 17, 1.0000, 11.0000, 11.0000, 8, '2025-12-06 13:01:24', '2025-12-06 13:01:24'),
(587, 564, 54, 21.0000, 1.2000, 25.2000, 8, '2025-12-06 13:03:08', '2025-12-06 13:03:08'),
(588, 564, 182, 9.0000, 1.2000, 10.8000, 8, '2025-12-06 13:03:08', '2025-12-06 13:03:08'),
(589, 565, 52, 30.0000, 0.2500, 7.5000, 8, '2025-12-06 13:03:08', '2025-12-06 13:03:08'),
(590, 566, 114, 6.0000, 12.0000, 72.0000, 8, '2025-12-07 13:04:16', '2025-12-07 13:04:16'),
(591, 567, 63, 4.0000, 19.0000, 76.0000, 8, '2025-12-07 13:16:52', '2025-12-07 13:16:52'),
(592, 568, 146, 1.0000, 20.8330, 20.8330, 8, '2025-12-07 13:17:16', '2025-12-07 13:17:16'),
(593, 569, 32, 1.0000, 23.5000, 23.5000, 8, '2025-12-07 15:43:36', '2025-12-07 15:43:36'),
(594, 570, 50, 3.0000, 9.0000, 27.0000, 8, '2025-12-07 15:43:36', '2025-12-07 15:43:36'),
(595, 571, 32, 2.0000, 23.5000, 47.0000, 8, '2025-12-07 16:14:25', '2025-12-07 16:14:25'),
(596, 572, 122, 2.0000, 4.0000, 8.0000, 8, '2025-12-07 16:17:32', '2025-12-07 16:17:32'),
(597, 573, 182, 2.0000, 1.2000, 2.4000, 8, '2025-12-07 16:17:32', '2025-12-07 16:17:32'),
(598, 574, 62, 2.0000, 13.5000, 27.0000, 8, '2025-12-07 21:13:43', '2025-12-07 21:13:43'),
(599, 575, 169, 20.0000, 9.0000, 180.0000, 8, '2025-12-07 21:13:43', '2025-12-07 21:13:43'),
(600, 576, 150, 1.0000, 106.0000, 106.0000, 8, '2025-12-07 21:14:12', '2025-12-07 21:14:12'),
(601, 577, 56, 1.0000, 64.0000, 64.0000, 8, '2025-12-08 00:23:31', '2025-12-08 00:23:31'),
(602, 578, 132, 0.0800, 130.0000, 10.4000, 8, '2025-12-08 00:23:31', '2025-12-08 00:23:31'),
(603, 579, 32, 11.0000, 23.5000, 258.5000, 8, '2025-12-08 00:27:13', '2025-12-08 00:27:13'),
(604, 580, 122, 2.0000, 4.0000, 8.0000, 8, '2025-12-08 00:27:13', '2025-12-08 00:27:13'),
(605, 581, 182, 2.0000, 1.2000, 2.4000, 8, '2025-12-08 00:27:13', '2025-12-08 00:27:13'),
(606, 582, 122, 2.0000, 4.0000, 8.0000, 8, '2025-12-08 00:32:32', '2025-12-08 00:32:32'),
(607, 583, 156, 1.0000, 75.6000, 75.6000, 8, '2025-12-08 00:51:17', '2025-12-08 00:51:17'),
(608, 584, 160, 1.0000, 55.0000, 55.0000, 8, '2025-12-08 00:51:17', '2025-12-08 00:51:17'),
(609, 585, 182, 33.0000, 1.2000, 39.6000, 8, '2025-12-08 16:00:53', '2025-12-08 16:00:53'),
(610, 586, 107, 1.0000, 16.0000, 16.0000, 8, '2025-12-09 19:22:46', '2025-12-09 19:22:46'),
(611, 587, 150, 1.0000, 106.0000, 106.0000, 8, '2025-12-09 19:23:19', '2025-12-09 19:23:19'),
(612, 588, 61, 4.0000, 20.0000, 80.0000, 8, '2025-12-09 19:26:03', '2025-12-09 19:26:03'),
(613, 589, 83, 8.0000, 6.0606, 48.4848, 8, '2025-12-09 19:26:03', '2025-12-09 19:26:03'),
(614, 590, 173, 1.0000, 55.0000, 55.0000, 8, '2025-12-09 19:26:03', '2025-12-09 19:26:03'),
(615, 591, 150, 1.0000, 106.0000, 106.0000, 8, '2025-12-09 19:26:58', '2025-12-09 19:26:58'),
(616, 592, 132, 0.0800, 130.0000, 10.4000, 8, '2025-12-09 19:28:23', '2025-12-09 19:28:23'),
(617, 593, 113, 8.0000, 1.5000, 12.0000, 8, '2025-12-09 19:28:23', '2025-12-09 19:28:23'),
(618, 594, 96, 0.2500, 78.0000, 19.5000, 8, '2025-12-09 19:29:49', '2025-12-09 19:29:49'),
(619, 595, 11, 1.0000, 65.0000, 65.0000, 8, '2025-12-09 19:30:27', '2025-12-09 19:30:27'),
(620, 596, 150, 1.0000, 106.0000, 106.0000, 8, '2025-12-09 20:12:34', '2025-12-09 20:12:34'),
(621, 597, 37, 1.0000, 84.0000, 84.0000, 8, '2025-12-10 13:07:07', '2025-12-10 13:07:07'),
(622, 598, 164, 1.0000, 0.0000, 0.0000, 8, '2025-12-10 13:07:07', '2025-12-10 13:07:07'),
(623, 599, 182, 6.0000, 1.2000, 7.2000, 8, '2025-12-10 13:08:26', '2025-12-10 13:08:26'),
(624, 600, 122, 6.0000, 4.0000, 24.0000, 8, '2025-12-10 13:08:26', '2025-12-10 13:08:26'),
(625, 601, 132, 0.0800, 130.0000, 10.4000, 8, '2025-12-10 18:35:03', '2025-12-10 18:35:03'),
(626, 602, 95, 0.0833, 78.0000, 6.4974, 8, '2025-12-10 18:35:03', '2025-12-10 18:35:03'),
(627, 603, 63, 2.0000, 19.0000, 38.0000, 8, '2025-12-10 18:35:03', '2025-12-10 18:35:03'),
(628, 604, 112, 18.0000, 1.2500, 22.5000, 8, '2025-12-10 18:35:49', '2025-12-10 18:35:49'),
(629, 605, 140, 1.0000, 150.0000, 150.0000, 8, '2025-12-10 22:50:21', '2025-12-10 22:50:21'),
(630, 606, 139, 8.0000, 0.9000, 7.2000, 8, '2025-12-10 23:05:11', '2025-12-10 23:05:11'),
(631, 607, 157, 1.0000, 150.0000, 150.0000, 8, '2025-12-10 23:05:11', '2025-12-10 23:05:11'),
(632, 608, 112, 4.0000, 1.2500, 5.0000, 8, '2025-12-10 23:05:11', '2025-12-10 23:05:11'),
(633, 609, 95, 1.0000, 78.0000, 78.0000, 8, '2025-12-10 23:05:11', '2025-12-10 23:05:11'),
(634, 610, 105, 1.0000, 120.0000, 120.0000, 8, '2025-12-10 23:05:43', '2025-12-10 23:05:43'),
(635, 611, 132, 1.0000, 130.0000, 130.0000, 8, '2025-12-10 23:07:21', '2025-12-10 23:07:21'),
(636, 612, 158, 3.0000, 160.0000, 480.0000, 8, '2025-12-10 23:07:21', '2025-12-10 23:07:21'),
(637, 613, 120, 12.0000, 19.0000, 228.0000, 8, '2025-12-10 23:08:02', '2025-12-10 23:08:02'),
(638, 614, 56, 1.0000, 64.0000, 64.0000, 8, '2025-12-10 23:19:38', '2025-12-10 23:19:38'),
(639, 615, 81, 1.0000, 20.8330, 20.8330, 8, '2025-12-10 23:19:38', '2025-12-10 23:19:38'),
(640, 616, 142, 2.0000, 2.6000, 5.2000, 8, '2025-12-11 18:58:39', '2025-12-11 18:58:39'),
(641, 617, 144, 2.0000, 2.6000, 5.2000, 8, '2025-12-11 18:58:39', '2025-12-11 18:58:39'),
(642, 618, 159, 13.0000, 0.8000, 10.4000, 8, '2025-12-11 18:59:51', '2025-12-11 18:59:51'),
(643, 619, 97, 0.2000, 78.0000, 15.6000, 8, '2025-12-11 18:59:51', '2025-12-11 18:59:51'),
(644, 620, 83, 9.0000, 6.0606, 54.5454, 8, '2025-12-11 21:09:03', '2025-12-11 21:09:03'),
(645, 621, 122, 4.0000, 4.0000, 16.0000, 8, '2025-12-11 22:07:49', '2025-12-11 22:07:49'),
(646, 622, 182, 2.0000, 1.2000, 2.4000, 8, '2025-12-11 22:07:49', '2025-12-11 22:07:49'),
(647, 623, 164, 1.0000, 0.0000, 0.0000, 8, '2025-12-12 10:49:27', '2025-12-12 10:49:27'),
(648, 624, 36, 1.0000, 84.0000, 84.0000, 8, '2025-12-12 10:49:27', '2025-12-12 10:49:27'),
(649, 625, 89, 1.0000, 110.0000, 110.0000, 8, '2025-12-12 10:50:18', '2025-12-12 10:50:18'),
(650, 626, 160, 1.0000, 55.0000, 55.0000, 8, '2025-12-12 10:50:47', '2025-12-12 10:50:47'),
(651, 627, 190, 1.0000, 3.0000, 3.0000, 8, '2025-12-12 12:02:08', '2025-12-12 12:02:08'),
(652, 628, 140, 11.0000, 150.0000, 1650.0000, 8, '2025-12-12 13:48:23', '2025-12-12 13:48:23'),
(653, 629, 100, 3.0000, 71.0000, 213.0000, 8, '2025-12-12 13:48:23', '2025-12-12 13:48:23'),
(654, 630, 157, 7.0000, 150.0000, 1050.0000, 8, '2025-12-12 13:48:23', '2025-12-12 13:48:23'),
(655, 631, 158, 3.0000, 160.0000, 480.0000, 8, '2025-12-12 13:48:23', '2025-12-12 13:48:23'),
(656, 632, 144, 10.0000, 2.6000, 26.0000, 8, '2025-12-12 13:48:23', '2025-12-12 13:48:23'),
(657, 633, 199, 10.0000, 30.0000, 300.0000, 8, '2025-12-12 13:48:23', '2025-12-12 13:48:23'),
(658, 634, 198, 24.0000, 30.0000, 720.0000, 8, '2025-12-12 13:48:23', '2025-12-12 13:48:23'),
(659, 635, 195, 10.0000, 3.8000, 38.0000, 8, '2025-12-13 23:59:19', '2025-12-13 23:59:19'),
(660, 636, 150, 1.0000, 106.0000, 106.0000, 8, '2025-12-14 13:03:51', '2025-12-14 13:03:51'),
(661, 637, 156, 1.0000, 75.6000, 75.6000, 8, '2025-12-14 14:27:07', '2025-12-14 14:27:07'),
(662, 638, 11, 1.0000, 65.0000, 65.0000, 8, '2025-12-14 18:18:31', '2025-12-14 18:18:31'),
(663, 639, 50, 3.0000, 9.0000, 27.0000, 8, '2025-12-14 18:20:47', '2025-12-14 18:20:47'),
(664, 640, 113, 4.0000, 1.5000, 6.0000, 8, '2025-12-14 18:20:47', '2025-12-14 18:20:47'),
(665, 641, 132, 0.1200, 130.0000, 15.6000, 8, '2025-12-14 18:20:47', '2025-12-14 18:20:47'),
(666, 642, 40, 1.0000, 8.5000, 8.5000, 8, '2025-12-14 18:20:47', '2025-12-14 18:20:47'),
(667, 643, 16, 1.0000, 105.0000, 105.0000, 8, '2025-12-14 18:34:09', '2025-12-14 18:34:09'),
(668, 644, 182, 8.0000, 1.2000, 9.6000, 8, '2025-12-14 21:35:05', '2025-12-14 21:35:05'),
(669, 645, 36, 1.0000, 84.0000, 84.0000, 8, '2025-12-14 21:55:04', '2025-12-14 21:55:04'),
(670, 646, 160, 1.0000, 55.0000, 55.0000, 8, '2025-12-15 02:45:45', '2025-12-15 02:45:45'),
(671, 647, 150, 1.0000, 106.0000, 106.0000, 8, '2025-12-15 02:46:00', '2025-12-15 02:46:00'),
(672, 648, 173, 1.0000, 55.0000, 55.0000, 8, '2025-12-15 02:59:40', '2025-12-15 02:59:40'),
(673, 649, 45, 1.5000, 70.0000, 105.0000, 8, '2025-12-15 04:48:56', '2025-12-15 04:48:56'),
(674, 650, 196, 25.0000, 4.0000, 100.0000, 8, '2025-12-15 19:10:22', '2025-12-15 19:10:22'),
(675, 651, 182, 20.0000, 1.2000, 24.0000, 8, '2025-12-15 23:04:04', '2025-12-15 23:04:04'),
(676, 652, 66, 14.0000, 35.0000, 490.0000, 8, '2025-12-16 00:25:15', '2025-12-16 00:25:15'),
(677, 652, 188, 18.0000, 30.0000, 540.0000, 8, '2025-12-16 00:25:15', '2025-12-16 00:25:15'),
(678, 653, 65, 28.0000, 35.0000, 980.0000, 8, '2025-12-16 00:25:15', '2025-12-16 00:25:15'),
(679, 654, 141, 2.0000, 142.0000, 284.0000, 8, '2025-12-16 14:56:21', '2025-12-16 14:56:21'),
(680, 655, 90, 1.0000, 85.0000, 85.0000, 8, '2025-12-16 14:56:21', '2025-12-16 14:56:21'),
(681, 656, 16, 1.0000, 105.0000, 105.0000, 8, '2025-12-16 14:56:21', '2025-12-16 14:56:21'),
(682, 657, 21, 1.0000, 65.0000, 65.0000, 8, '2025-12-16 14:57:03', '2025-12-16 14:57:03'),
(683, 658, 173, 1.0000, 55.0000, 55.0000, 8, '2025-12-16 16:52:34', '2025-12-16 16:52:34'),
(684, 659, 132, 0.4500, 130.0000, 58.5000, 8, '2025-12-16 16:52:34', '2025-12-16 16:52:34'),
(685, 660, 129, 12.0000, 1.0000, 12.0000, 8, '2025-12-16 16:52:34', '2025-12-16 16:52:34'),
(686, 661, 95, 0.2500, 78.0000, 19.5000, 8, '2025-12-16 16:52:34', '2025-12-16 16:52:34'),
(687, 662, 115, 10.0000, 14.0000, 140.0000, 8, '2025-12-16 16:52:34', '2025-12-16 16:52:34'),
(688, 663, 90, 1.0000, 85.0000, 85.0000, 8, '2025-12-16 20:23:37', '2025-12-16 20:23:37'),
(689, 664, 191, 0.1250, 85.0000, 10.6250, 8, '2025-12-16 22:40:24', '2025-12-16 22:40:24'),
(690, 665, 97, 1.2500, 78.0000, 97.5000, 8, '2025-12-16 22:40:24', '2025-12-16 22:40:24'),
(691, 666, 95, 0.2500, 78.0000, 19.5000, 8, '2025-12-16 22:40:24', '2025-12-16 22:40:24'),
(692, 667, 173, 1.0000, 55.0000, 55.0000, 8, '2025-12-16 22:40:24', '2025-12-16 22:40:24'),
(693, 668, 111, 4.0000, 17.0000, 68.0000, 8, '2025-12-16 22:40:24', '2025-12-16 22:40:24'),
(694, 669, 37, 1.0000, 84.0000, 84.0000, 8, '2025-12-16 22:40:24', '2025-12-16 22:40:24'),
(695, 670, 200, 1.0000, 40.0000, 40.0000, 8, '2025-12-16 22:43:06', '2025-12-16 22:43:06'),
(696, 671, 31, 1.0000, 275.0000, 275.0000, 8, '2025-12-17 03:51:53', '2025-12-17 03:51:53'),
(697, 672, 62, 2.0000, 13.5000, 27.0000, 8, '2025-12-17 03:53:31', '2025-12-17 03:53:31'),
(698, 673, 102, 2.0000, 15.0000, 30.0000, 8, '2025-12-17 03:53:31', '2025-12-17 03:53:31'),
(699, 674, 173, 1.0000, 55.0000, 55.0000, 8, '2025-12-17 03:53:54', '2025-12-17 03:53:54'),
(700, 675, 88, 2.0000, 57.0000, 114.0000, 8, '2025-12-17 03:56:13', '2025-12-17 03:56:13'),
(701, 676, 159, 6.0000, 0.8000, 4.8000, 8, '2025-12-17 03:56:13', '2025-12-17 03:56:13'),
(702, 677, 122, 2.0000, 4.0000, 8.0000, 8, '2025-12-17 03:56:13', '2025-12-17 03:56:13'),
(703, 678, 50, 2.0000, 9.0000, 18.0000, 8, '2025-12-17 03:56:13', '2025-12-17 03:56:13'),
(704, 679, 188, 36.0000, 30.0000, 1080.0000, 8, '2025-12-17 04:01:21', '2025-12-17 04:01:21'),
(705, 680, 132, 1.0000, 130.0000, 130.0000, 8, '2025-12-17 04:01:21', '2025-12-17 04:01:21'),
(706, 681, 94, 1.0000, 78.0000, 78.0000, 8, '2025-12-17 04:01:21', '2025-12-17 04:01:21'),
(707, 682, 127, 12.0000, 45.0000, 540.0000, 8, '2025-12-17 04:01:21', '2025-12-17 04:01:21'),
(708, 683, 28, 0.1000, 75.0000, 7.5000, 8, '2025-12-17 04:01:21', '2025-12-17 04:01:21'),
(709, 684, 122, 6.0000, 4.0000, 24.0000, 8, '2025-12-17 04:01:21', '2025-12-17 04:01:21'),
(710, 685, 188, 26.0000, 30.0000, 780.0000, 8, '2025-12-17 04:03:04', '2025-12-17 04:03:04'),
(711, 686, 90, 1.0000, 85.0000, 85.0000, 8, '2025-12-17 04:03:04', '2025-12-17 04:03:04'),
(712, 687, 132, 1.0000, 130.0000, 130.0000, 8, '2025-12-17 04:03:04', '2025-12-17 04:03:04'),
(713, 688, 11, 1.0000, 65.0000, 65.0000, 8, '2025-12-18 04:01:31', '2025-12-18 04:01:31'),
(714, 689, 139, 32.0000, 0.9000, 28.8000, 8, '2025-12-18 04:02:28', '2025-12-18 04:02:28'),
(715, 690, 179, 9.0000, 85.0000, 765.0000, 8, '2025-12-18 04:09:07', '2025-12-18 04:09:07'),
(716, 690, 201, 1.0000, 80.0000, 80.0000, 8, '2025-12-18 04:09:07', '2025-12-18 04:09:07'),
(717, 691, 202, 16.0000, 60.0000, 960.0000, 8, '2025-12-18 04:09:07', '2025-12-18 04:09:07'),
(718, 692, 97, 0.1667, 78.0000, 13.0026, 8, '2025-12-18 09:47:26', '2025-12-18 09:47:26'),
(719, 693, 107, 1.0000, 16.0000, 16.0000, 8, '2025-12-18 09:48:50', '2025-12-18 09:48:50'),
(720, 694, 173, 1.0000, 55.0000, 55.0000, 8, '2025-12-18 09:49:20', '2025-12-18 09:49:20'),
(721, 695, 97, 2.0000, 78.0000, 156.0000, 8, '2025-12-18 09:57:05', '2025-12-18 09:57:05'),
(722, 696, 83, 4.0000, 6.0606, 24.2424, 8, '2025-12-18 10:01:10', '2025-12-18 10:01:10'),
(723, 697, 31, 1.0000, 275.0000, 275.0000, 8, '2025-12-18 11:58:45', '2025-12-18 11:58:45'),
(724, 698, 203, 1.0000, 100.0000, 100.0000, 8, '2025-12-20 01:03:58', '2025-12-20 01:03:58'),
(725, 699, 160, 1.0000, 55.0000, 55.0000, 8, '2025-12-20 01:05:14', '2025-12-20 01:05:14'),
(726, 700, 156, 1.0000, 75.6000, 75.6000, 8, '2025-12-20 01:05:14', '2025-12-20 01:05:14'),
(727, 701, 113, 4.0000, 1.5000, 6.0000, 8, '2025-12-20 01:08:57', '2025-12-20 01:08:57'),
(728, 702, 97, 0.1250, 78.0000, 9.7500, 8, '2025-12-20 01:08:57', '2025-12-20 01:08:57'),
(729, 703, 83, 16.0000, 6.0606, 96.9696, 8, '2025-12-20 01:08:57', '2025-12-20 01:08:57'),
(730, 704, 182, 2.0000, 1.2000, 2.4000, 8, '2025-12-20 01:09:32', '2025-12-20 01:09:32'),
(731, 705, 95, 0.1667, 78.0000, 13.0026, 8, '2025-12-21 13:57:29', '2025-12-21 13:57:29'),
(732, 706, 95, 0.1667, 78.0000, 13.0026, 8, '2025-12-22 17:35:59', '2025-12-22 17:35:59'),
(733, 707, 12, 1.0000, 97.5000, 97.5000, 8, '2025-12-22 17:36:33', '2025-12-22 17:36:33'),
(734, 708, 36, 2.0000, 84.0000, 168.0000, 8, '2025-12-22 17:42:10', '2025-12-22 17:42:10'),
(735, 709, 97, 1.0000, 78.0000, 78.0000, 8, '2025-12-22 17:42:10', '2025-12-22 17:42:10'),
(736, 710, 5, 1.0000, 4.5000, 4.5000, 8, '2025-12-22 01:22:38', '2025-12-22 01:22:38'),
(737, 711, 141, 1.0000, 142.0000, 142.0000, 8, '2025-12-22 01:25:15', '2025-12-22 01:25:15'),
(738, 712, 90, 1.0000, 85.0000, 85.0000, 8, '2025-12-23 14:37:27', '2025-12-23 14:37:27'),
(739, 713, 150, 1.0000, 106.0000, 106.0000, 8, '2025-12-23 20:26:35', '2025-12-23 20:26:35'),
(740, 714, 159, 15.0000, 0.8000, 12.0000, 8, '2025-12-23 20:26:35', '2025-12-23 20:26:35'),
(741, 715, 113, 10.0000, 1.5000, 15.0000, 8, '2025-12-23 20:26:35', '2025-12-23 20:26:35'),
(742, 716, 94, 0.1250, 78.0000, 9.7500, 8, '2025-12-23 20:26:35', '2025-12-23 20:26:35'),
(743, 717, 107, 1.0000, 16.0000, 16.0000, 8, '2025-12-23 20:27:02', '2025-12-23 20:27:02'),
(744, 718, 97, 0.5000, 78.0000, 39.0000, 8, '2025-12-24 10:56:50', '2025-12-24 10:56:50'),
(745, 719, 122, 20.0000, 4.0000, 80.0000, 8, '2025-12-24 10:57:37', '2025-12-24 10:57:37'),
(746, 720, 90, 1.0000, 85.0000, 85.0000, 8, '2025-12-24 10:58:14', '2025-12-24 10:58:14'),
(747, 721, 97, 0.2500, 78.0000, 19.5000, 8, '2025-12-24 10:58:39', '2025-12-24 10:58:39'),
(748, 722, 28, 0.1000, 75.0000, 7.5000, 8, '2025-12-24 10:59:05', '2025-12-24 10:59:05'),
(749, 723, 96, 0.2500, 78.0000, 19.5000, 8, '2025-12-24 10:59:32', '2025-12-24 10:59:32'),
(750, 724, 204, 2.0000, 30.0000, 60.0000, 8, '2025-12-25 13:50:22', '2025-12-25 13:50:22'),
(751, 725, 205, 5.0000, 30.0000, 150.0000, 8, '2025-12-25 13:50:22', '2025-12-25 13:50:22'),
(752, 726, 63, 3.0000, 19.0000, 57.0000, 8, '2025-12-25 18:33:56', '2025-12-25 18:33:56'),
(753, 726, 155, 1.0000, 18.0000, 18.0000, 8, '2025-12-25 18:33:56', '2025-12-25 18:33:56'),
(754, 727, 97, 0.0417, 78.0000, 3.2526, 8, '2025-12-25 18:33:56', '2025-12-25 18:33:56'),
(755, 728, 90, 1.0000, 85.0000, 85.0000, 8, '2025-12-27 12:01:53', '2025-12-27 12:01:53'),
(756, 729, 95, 0.1667, 78.0000, 13.0018, 8, '2025-12-27 12:04:23', '2025-12-27 12:04:23'),
(758, 731, 132, 0.2000, 130.0000, 26.0000, 8, '2025-12-27 15:13:19', '2025-12-27 15:13:19'),
(759, 732, 28, 0.1000, 75.0000, 7.5000, 8, '2025-12-27 15:13:19', '2025-12-27 15:13:19'),
(760, 733, 95, 0.2500, 78.0000, 19.5000, 8, '2025-12-27 15:13:19', '2025-12-27 15:13:19'),
(761, 734, 90, 1.0000, 85.0000, 85.0000, 8, '2025-12-27 18:38:21', '2025-12-27 18:38:21'),
(762, 735, 132, 1.0000, 130.0000, 130.0000, 8, '2025-12-27 19:05:29', '2025-12-27 19:05:29'),
(763, 736, 95, 1.0000, 78.0000, 78.0000, 8, '2025-12-27 19:05:29', '2025-12-27 19:05:29'),
(764, 737, 208, 1.0000, 160.0000, 160.0000, 8, '2025-12-27 19:05:29', '2025-12-27 19:05:29'),
(765, 738, 157, 2.0000, 150.0000, 300.0000, 8, '2025-12-27 19:05:29', '2025-12-27 19:05:29'),
(766, 739, 158, 3.0000, 160.0000, 480.0000, 8, '2025-12-27 19:05:29', '2025-12-27 19:05:29'),
(767, 740, 188, 9.0000, 30.0000, 270.0000, 8, '2025-12-27 19:05:29', '2025-12-27 19:05:29'),
(768, 741, 131, 4.0000, 37.0000, 148.0000, 8, '2025-12-27 19:05:29', '2025-12-27 19:05:29'),
(769, 742, 207, 2.0000, 115.0000, 230.0000, 8, '2025-12-27 19:05:29', '2025-12-27 19:05:29'),
(770, 743, 206, 2.0000, 110.0000, 220.0000, 8, '2025-12-27 19:05:29', '2025-12-27 19:05:29'),
(771, 744, 112, 10.0000, 1.2500, 12.5000, 8, '2025-12-27 19:05:29', '2025-12-27 19:05:29'),
(772, 745, 122, 2.0000, 4.0000, 8.0000, 8, '2025-12-27 19:06:03', '2025-12-27 19:06:03'),
(773, 746, 209, 0.2500, 78.0000, 19.5000, 8, '2025-12-27 19:07:07', '2025-12-27 19:07:07'),
(774, 747, 209, 0.2500, 78.0000, 19.5000, 8, '2025-12-27 19:08:12', '2025-12-27 19:08:12'),
(775, 748, 155, 2.0000, 18.0000, 36.0000, 8, '2025-12-27 19:10:19', '2025-12-27 19:10:19'),
(776, 749, 67, 4.0000, 19.0000, 76.0000, 8, '2025-12-27 19:10:19', '2025-12-27 19:10:19'),
(777, 750, 132, 0.2000, 130.0000, 26.0000, 8, '2025-12-27 19:10:19', '2025-12-27 19:10:19'),
(778, 751, 47, 28.0000, 0.7500, 21.0000, 8, '2025-12-27 23:53:58', '2025-12-27 23:53:58'),
(779, 752, 139, 8.0000, 0.9000, 7.2000, 8, '2025-12-28 07:15:24', '2025-12-28 07:15:24'),
(780, 753, 132, 0.2500, 130.0000, 32.5000, 8, '2025-12-28 07:17:54', '2025-12-28 07:17:54'),
(781, 754, 112, 4.0000, 1.2500, 5.0000, 8, '2025-12-28 07:17:54', '2025-12-28 07:17:54'),
(782, 755, 98, 1.0000, 57.0000, 57.0000, 8, '2025-12-28 07:17:54', '2025-12-28 07:17:54'),
(783, 756, 61, 4.0000, 20.0000, 80.0000, 8, '2025-12-28 07:17:54', '2025-12-28 07:17:54'),
(784, 757, 67, 4.0000, 19.0000, 76.0000, 8, '2025-12-28 07:17:54', '2025-12-28 07:17:54'),
(785, 758, 96, 0.0417, 78.0000, 3.2526, 8, '2025-12-28 07:18:50', '2025-12-28 07:18:50');

-- --------------------------------------------------------

--
-- Table structure for table `settings`
--

CREATE TABLE `settings` (
  `setting_name` varchar(100) NOT NULL COMMENT 'اسم الإعداد',
  `setting_value` text DEFAULT NULL COMMENT 'قيمة الإعداد',
  `updated_at` timestamp NOT NULL DEFAULT current_timestamp() ON UPDATE current_timestamp() COMMENT 'آخر تحديث'
) ENGINE=InnoDB DEFAULT CHARSET=utf8mb4 COLLATE=utf8mb4_unicode_ci COMMENT='جدول إعدادات النظام العامة';

-- --------------------------------------------------------

--
-- Table structure for table `suppliers`
--

CREATE TABLE `suppliers` (
  `id` int(11) NOT NULL COMMENT 'المعرف التلقائي للمورد',
  `name` varchar(200) NOT NULL COMMENT 'اسم المورد',
  `mobile` varchar(11) NOT NULL COMMENT 'رقم موبايل المورد (11 رقم)',
  `city` varchar(100) NOT NULL COMMENT 'مدينة المورد',
  `address` text DEFAULT NULL COMMENT 'عنوان المورد التفصيلي (اختياري)',
  `commercial_register` varchar(100) DEFAULT NULL COMMENT 'رقم السجل التجاري (اختياري ولكنه فريد إذا أدخل)',
  `created_by` int(11) DEFAULT NULL COMMENT 'معرف المستخدم الذي أضاف المورد (FK to users.id)',
  `created_at` timestamp NOT NULL DEFAULT current_timestamp() COMMENT 'تاريخ إضافة المورد',
  `updated_at` timestamp NULL DEFAULT NULL ON UPDATE current_timestamp() COMMENT 'تاريخ آخر تعديل لبيانات المورد'
) ENGINE=InnoDB DEFAULT CHARSET=utf8mb4 COLLATE=utf8mb4_unicode_ci COMMENT='جدول بيانات الموردين';

--
-- Dumping data for table `suppliers`
--

INSERT INTO `suppliers` (`id`, `name`, `mobile`, `city`, `address`, `commercial_register`, `created_by`, `created_at`, `updated_at`) VALUES
(1, 'البضاعة المستلمة (سعيد)', '01096590768', 'الفيوم', '', NULL, 5, '2025-10-04 22:23:44', NULL),
(2, 'محمد زكريا', '01069600057', 'الفيوم', 'ضرب الطباخين', NULL, 5, '2025-10-06 18:43:50', NULL),
(3, 'حسين فساد خميس', '01115558681', 'الفيوم', 'السلخانه', NULL, 8, '2025-10-20 20:51:39', NULL),
(4, 'اسلام درويش', '01068715244', 'الرويعي', '', NULL, 8, '2025-10-24 22:26:03', NULL),
(5, 'AMRO عمر طاهر', '01064444124', 'الرويعي', '', NULL, 8, '2025-10-24 22:37:12', NULL),
(6, 'فرج سمعان (كاراس)', '01142304477', 'الرويعي', '', NULL, 8, '2025-10-24 22:39:39', NULL),
(7, 'الاسيوطي', '00000000000', 'الرويعي', 'اسيوط', NULL, 8, '2025-10-24 22:56:00', NULL),
(8, 'اسلام حمدي', '01002821969', 'elfayyoum', 'elmadabkh', NULL, 8, '2025-10-27 14:48:42', NULL),
(9, 'هرم السعد احمد حافظ', '01032621676', 'الرويعي', '', NULL, 8, '2025-12-12 09:00:26', NULL),
(10, 'مورد عام', '01011111111', 'الرويعي', '', NULL, 8, '2025-12-12 09:06:22', NULL),
(11, 'مصطفي السماك', '01116387539', 'الرويعي', '', NULL, 8, '2025-12-12 09:07:50', NULL),
(12, 'سامح نادي', '01065704639', 'الفيوم', '', NULL, 8, '2025-12-12 09:35:21', NULL);

-- --------------------------------------------------------

--
-- Table structure for table `users`
--

CREATE TABLE `users` (
  `id` int(11) NOT NULL,
  `username` varchar(50) NOT NULL,
  `email` varchar(100) NOT NULL,
  `password` varchar(255) NOT NULL,
  `role` enum('user','admin') NOT NULL DEFAULT 'user',
  `created_at` timestamp NOT NULL DEFAULT current_timestamp()
) ENGINE=InnoDB DEFAULT CHARSET=utf8mb4 COLLATE=utf8mb4_unicode_ci;

--
-- Dumping data for table `users`
--

INSERT INTO `users` (`id`, `username`, `email`, `password`, `role`, `created_at`) VALUES
(5, 'saied_hamdy', 'saied@gmail.com', '$2y$10$9DkMvN8bVe3xV3Mf5qd91O/0YyliyVLUVWVcy8NQkjmNo4.hDuvIq', 'admin', '2025-06-04 10:52:41'),
(7, 'mina', 'mina@gmail.com', '$2y$10$OK1Awos0dKJknOmvRnTYQ.B18k37wheiXI6NbVBsQbYspnFnMutKq', 'admin', '2025-10-06 21:45:27'),
(8, 'saied', 'saiedelrayyan123@gmail.com', '$2y$10$4XxHvyr131akxEnU8oo43OjdPxhA47DKbmeDax9RtlShLQ8UT.i7a', 'admin', '2025-10-08 07:31:53'),
(9, 'ahmed', 'ahmed.elrayyan0@gmail.com', '$2y$10$4XAhfSAecIqOv5pujhxiLeDkX10eNXBgWAvcxC.KlBeppCfi1adse', 'admin', '2025-10-11 12:42:31');

--
-- Indexes for dumped tables
--

--
-- Indexes for table `batches`
--
ALTER TABLE `batches`
  ADD PRIMARY KEY (`id`),
  ADD KEY `fk_batches_invoice` (`source_invoice_id`),
  ADD KEY `fk_batches_invoice_item` (`source_item_id`),
  ADD KEY `idx_product_date` (`product_id`,`received_at`,`status`),
  ADD KEY `idx_remaining` (`product_id`,`remaining`);

--
-- Indexes for table `customers`
--
ALTER TABLE `customers`
  ADD PRIMARY KEY (`id`),
  ADD UNIQUE KEY `mobile` (`mobile`),
  ADD KEY `fk_customer_user` (`created_by`);

--
-- Indexes for table `expenses`
--
ALTER TABLE `expenses`
  ADD PRIMARY KEY (`id`),
  ADD KEY `fk_expense_category` (`category_id`),
  ADD KEY `fk_expense_user_creator` (`created_by`);

--
-- Indexes for table `expense_categories`
--
ALTER TABLE `expense_categories`
  ADD PRIMARY KEY (`id`),
  ADD UNIQUE KEY `name` (`name`);

--
-- Indexes for table `invoices_out`
--
ALTER TABLE `invoices_out`
  ADD PRIMARY KEY (`id`),
  ADD KEY `fk_invoice_customer` (`customer_id`),
  ADD KEY `fk_invoice_creator` (`created_by`),
  ADD KEY `fk_invoice_updater` (`updated_by`);

--
-- Indexes for table `invoice_cancellations`
--
ALTER TABLE `invoice_cancellations`
  ADD PRIMARY KEY (`id`),
  ADD KEY `invoice_out_id` (`invoice_out_id`);

--
-- Indexes for table `invoice_cancellation_allocations`
--
ALTER TABLE `invoice_cancellation_allocations`
  ADD PRIMARY KEY (`id`),
  ADD KEY `cancellation_id` (`cancellation_id`);

--
-- Indexes for table `invoice_out_items`
--
ALTER TABLE `invoice_out_items`
  ADD PRIMARY KEY (`id`),
  ADD KEY `fk_invoice_item_to_invoice` (`invoice_out_id`),
  ADD KEY `fk_invoice_item_to_product` (`product_id`);

--
-- Indexes for table `products`
--
ALTER TABLE `products`
  ADD PRIMARY KEY (`id`),
  ADD UNIQUE KEY `product_code` (`product_code`);

--
-- Indexes for table `purchase_invoices`
--
ALTER TABLE `purchase_invoices`
  ADD PRIMARY KEY (`id`),
  ADD KEY `fk_purchase_invoice_supplier` (`supplier_id`),
  ADD KEY `fk_purchase_invoice_creator` (`created_by`),
  ADD KEY `fk_purchase_invoice_updater` (`updated_by`);

--
-- Indexes for table `purchase_invoice_items`
--
ALTER TABLE `purchase_invoice_items`
  ADD PRIMARY KEY (`id`),
  ADD KEY `fk_purchase_item_to_purchase_invoice` (`purchase_invoice_id`),
  ADD KEY `fk_purchase_item_to_product` (`product_id`),
  ADD KEY `fk_pitem_batch` (`batch_id`);

--
-- Indexes for table `sale_item_allocations`
--
ALTER TABLE `sale_item_allocations`
  ADD PRIMARY KEY (`id`),
  ADD KEY `idx_sale_item` (`sale_item_id`),
  ADD KEY `idx_batch` (`batch_id`),
  ADD KEY `idx_saleitem_batch` (`sale_item_id`,`batch_id`);

--
-- Indexes for table `settings`
--
ALTER TABLE `settings`
  ADD PRIMARY KEY (`setting_name`);

--
-- Indexes for table `suppliers`
--
ALTER TABLE `suppliers`
  ADD PRIMARY KEY (`id`),
  ADD UNIQUE KEY `mobile` (`mobile`),
  ADD UNIQUE KEY `commercial_register` (`commercial_register`),
  ADD KEY `fk_supplier_user_creator` (`created_by`);

--
-- Indexes for table `users`
--
ALTER TABLE `users`
  ADD PRIMARY KEY (`id`),
  ADD UNIQUE KEY `username` (`username`),
  ADD UNIQUE KEY `email` (`email`);

--
-- AUTO_INCREMENT for dumped tables
--

--
-- AUTO_INCREMENT for table `batches`
--
ALTER TABLE `batches`
  MODIFY `id` bigint(20) UNSIGNED NOT NULL AUTO_INCREMENT, AUTO_INCREMENT=210;

--
-- AUTO_INCREMENT for table `customers`
--
ALTER TABLE `customers`
  MODIFY `id` int(11) NOT NULL AUTO_INCREMENT, AUTO_INCREMENT=35;

--
-- AUTO_INCREMENT for table `expenses`
--
ALTER TABLE `expenses`
  MODIFY `id` int(11) NOT NULL AUTO_INCREMENT, AUTO_INCREMENT=42;

--
-- AUTO_INCREMENT for table `expense_categories`
--
ALTER TABLE `expense_categories`
  MODIFY `id` int(11) NOT NULL AUTO_INCREMENT, AUTO_INCREMENT=4;

--
-- AUTO_INCREMENT for table `invoices_out`
--
ALTER TABLE `invoices_out`
  MODIFY `id` int(11) NOT NULL AUTO_INCREMENT COMMENT 'المعرف التلقائي للفاتورة', AUTO_INCREMENT=446;

--
-- AUTO_INCREMENT for table `invoice_cancellations`
--
ALTER TABLE `invoice_cancellations`
  MODIFY `id` int(11) NOT NULL AUTO_INCREMENT, AUTO_INCREMENT=25;

--
-- AUTO_INCREMENT for table `invoice_cancellation_allocations`
--
ALTER TABLE `invoice_cancellation_allocations`
  MODIFY `id` int(11) NOT NULL AUTO_INCREMENT, AUTO_INCREMENT=39;

--
-- AUTO_INCREMENT for table `invoice_out_items`
--
ALTER TABLE `invoice_out_items`
  MODIFY `id` int(11) NOT NULL AUTO_INCREMENT COMMENT 'المعرف التلقائي لبند الفاتورة', AUTO_INCREMENT=759;

--
-- AUTO_INCREMENT for table `products`
--
ALTER TABLE `products`
  MODIFY `id` int(11) NOT NULL AUTO_INCREMENT COMMENT 'المعرف التلقائي للمنتج', AUTO_INCREMENT=165;

--
-- AUTO_INCREMENT for table `purchase_invoices`
--
ALTER TABLE `purchase_invoices`
  MODIFY `id` int(11) NOT NULL AUTO_INCREMENT COMMENT 'المعرف التلقائي لفاتورة الشراء', AUTO_INCREMENT=61;

--
-- AUTO_INCREMENT for table `purchase_invoice_items`
--
ALTER TABLE `purchase_invoice_items`
  MODIFY `id` int(11) NOT NULL AUTO_INCREMENT COMMENT 'المعرف التلقائي لبند فاتورة الشراء', AUTO_INCREMENT=209;

--
-- AUTO_INCREMENT for table `sale_item_allocations`
--
ALTER TABLE `sale_item_allocations`
  MODIFY `id` bigint(20) UNSIGNED NOT NULL AUTO_INCREMENT, AUTO_INCREMENT=786;

--
-- AUTO_INCREMENT for table `suppliers`
--
ALTER TABLE `suppliers`
  MODIFY `id` int(11) NOT NULL AUTO_INCREMENT COMMENT 'المعرف التلقائي للمورد', AUTO_INCREMENT=13;

--
-- AUTO_INCREMENT for table `users`
--
ALTER TABLE `users`
  MODIFY `id` int(11) NOT NULL AUTO_INCREMENT, AUTO_INCREMENT=10;

--
-- Constraints for dumped tables
--

--
-- Constraints for table `batches`
--
ALTER TABLE `batches`
  ADD CONSTRAINT `fk_batches_invoice` FOREIGN KEY (`source_invoice_id`) REFERENCES `purchase_invoices` (`id`) ON DELETE SET NULL,
  ADD CONSTRAINT `fk_batches_invoice_item` FOREIGN KEY (`source_item_id`) REFERENCES `purchase_invoice_items` (`id`) ON DELETE SET NULL,
  ADD CONSTRAINT `fk_batches_product` FOREIGN KEY (`product_id`) REFERENCES `products` (`id`) ON DELETE CASCADE;

--
-- Constraints for table `customers`
--
ALTER TABLE `customers`
  ADD CONSTRAINT `fk_customer_user` FOREIGN KEY (`created_by`) REFERENCES `users` (`id`) ON DELETE SET NULL;

--
-- Constraints for table `expenses`
--
ALTER TABLE `expenses`
  ADD CONSTRAINT `fk_expense_category` FOREIGN KEY (`category_id`) REFERENCES `expense_categories` (`id`) ON DELETE SET NULL ON UPDATE CASCADE,
  ADD CONSTRAINT `fk_expense_user_creator` FOREIGN KEY (`created_by`) REFERENCES `users` (`id`) ON DELETE SET NULL ON UPDATE CASCADE;

--
-- Constraints for table `invoices_out`
--
ALTER TABLE `invoices_out`
  ADD CONSTRAINT `fk_invoice_creator` FOREIGN KEY (`created_by`) REFERENCES `users` (`id`) ON DELETE SET NULL,
  ADD CONSTRAINT `fk_invoice_customer` FOREIGN KEY (`customer_id`) REFERENCES `customers` (`id`),
  ADD CONSTRAINT `fk_invoice_updater` FOREIGN KEY (`updated_by`) REFERENCES `users` (`id`) ON DELETE SET NULL;

--
-- Constraints for table `invoice_cancellations`
--
ALTER TABLE `invoice_cancellations`
  ADD CONSTRAINT `fk_ic_invoice` FOREIGN KEY (`invoice_out_id`) REFERENCES `invoices_out` (`id`);

--
-- Constraints for table `invoice_cancellation_allocations`
--
ALTER TABLE `invoice_cancellation_allocations`
  ADD CONSTRAINT `fk_ica_cancel` FOREIGN KEY (`cancellation_id`) REFERENCES `invoice_cancellations` (`id`);

--
-- Constraints for table `invoice_out_items`
--
ALTER TABLE `invoice_out_items`
  ADD CONSTRAINT `fk_invoice_item_to_invoice` FOREIGN KEY (`invoice_out_id`) REFERENCES `invoices_out` (`id`) ON DELETE CASCADE,
  ADD CONSTRAINT `fk_invoice_item_to_product` FOREIGN KEY (`product_id`) REFERENCES `products` (`id`);

--
-- Constraints for table `purchase_invoices`
--
ALTER TABLE `purchase_invoices`
  ADD CONSTRAINT `fk_purchase_invoice_creator` FOREIGN KEY (`created_by`) REFERENCES `users` (`id`) ON DELETE SET NULL ON UPDATE CASCADE,
  ADD CONSTRAINT `fk_purchase_invoice_supplier` FOREIGN KEY (`supplier_id`) REFERENCES `suppliers` (`id`) ON UPDATE CASCADE,
  ADD CONSTRAINT `fk_purchase_invoice_updater` FOREIGN KEY (`updated_by`) REFERENCES `users` (`id`) ON DELETE SET NULL ON UPDATE CASCADE;

--
-- Constraints for table `purchase_invoice_items`
--
ALTER TABLE `purchase_invoice_items`
  ADD CONSTRAINT `fk_pitem_batch` FOREIGN KEY (`batch_id`) REFERENCES `batches` (`id`) ON DELETE SET NULL,
  ADD CONSTRAINT `fk_purchase_item_to_product` FOREIGN KEY (`product_id`) REFERENCES `products` (`id`) ON UPDATE CASCADE,
  ADD CONSTRAINT `fk_purchase_item_to_purchase_invoice` FOREIGN KEY (`purchase_invoice_id`) REFERENCES `purchase_invoices` (`id`) ON DELETE CASCADE ON UPDATE CASCADE;

--
-- Constraints for table `sale_item_allocations`
--
ALTER TABLE `sale_item_allocations`
  ADD CONSTRAINT `fk_alloc_batch` FOREIGN KEY (`batch_id`) REFERENCES `batches` (`id`),
  ADD CONSTRAINT `fk_alloc_sale_item` FOREIGN KEY (`sale_item_id`) REFERENCES `invoice_out_items` (`id`) ON DELETE CASCADE;

--
-- Constraints for table `suppliers`
--
ALTER TABLE `suppliers`
  ADD CONSTRAINT `fk_supplier_user_creator` FOREIGN KEY (`created_by`) REFERENCES `users` (`id`) ON DELETE SET NULL;
COMMIT;

/*!40101 SET CHARACTER_SET_CLIENT=@OLD_CHARACTER_SET_CLIENT */;
/*!40101 SET CHARACTER_SET_RESULTS=@OLD_CHARACTER_SET_RESULTS */;
/*!40101 SET COLLATION_CONNECTION=@OLD_COLLATION_CONNECTION */;
